{"type":"FeatureCollection","licence":"Data © OpenStreetMap contributors, ODbL 1.0. http://osm.org/copyright","features":[{"type":"Feature","properties":{"place_id":331152581,"osm_type":"relation","osm_id":162018,"place_rank":8,"category":"boundary","type":"administrative","importance":0.7756457273945392,"addresstype":"state","name":"Arizona","display_name":"Arizona, United States"},"bbox":[-114.8183584,31.3322135,-109.0448744,37.0038722],"geometry":{"type":"Polygon","coordinates":[[[-114.8183584,32.4990817],[-114.818337,32.4986202],[-114.8181546,32.4979868],[-114.8160345,32.4969735],[-114.8147496,32.4958328],[-114.8135922,32.4940383],[-114.7970064,32.4892815],[-114.7798946,32.4843866],[-114.7610348,32.4787054],[-114.7524378,32.4761159],[-114.7378823,32.4717367],[-114.6910844,32.4576304],[-114.643633,32.4433054],[-114.6310805,32.4395081],[-114.5794214,32.4238834],[-114.503765,32.4009398],[-114.4277503,32.377819],[-114.3498706,32.354111],[-114.277445,32.3319872],[-114.2181083,32.3138226],[-114.1868862,32.3042507],[-114.1296974,32.2866901],[-114.0759822,32.2701718],[-114.0446308,32.2605164],[-114.0121746,32.2505071],[-113.9850661,32.2421401],[-113.976789,32.2395852],[-113.9143166,32.2202728],[-113.8362377,32.1960804],[-113.7963346,32.1836926],[-113.7513582,32.1697125],[-113.7067464,32.1558235],[-113.6648431,32.1427608],[-113.5865475,32.1183039],[-113.586165,32.1181844],[-113.5765778,32.1151826],[-113.5135729,32.0954552],[-113.4369501,32.0714085],[-113.3803079,32.0535913],[-113.3336945,32.0389057],[-113.2574101,32.0148254],[-113.1978025,31.9959687],[-113.1553371,31.9825122],[-113.1061792,31.9676735],[-113.0843807,31.9610852],[-113.0735801,31.9578209],[-113.0160472,31.9404045],[-112.9714853,31.926892],[-112.9379108,31.9166996],[-112.8934942,31.9031975],[-112.84326,31.8879033],[-112.818618,31.8803811],[-112.771318,31.8659232],[-112.7420596,31.8569688],[-112.6816241,31.8384467],[-112.6299605,31.822584],[-112.6103584,31.8165591],[-112.6079323,31.815812],[-112.5578168,31.8003809],[-112.5380236,31.7942791],[-112.4976609,31.7818297],[-112.4595579,31.7700633],[-112.4203155,31.757929],[-112.3904956,31.7486964],[-112.3740129,31.7435932],[-112.3457283,31.7348213],[-112.3206238,31.7270357],[-112.2681359,31.7107298],[-112.2086814,31.6922315],[-112.1635446,31.6781592],[-112.1196984,31.6644679],[-112.1116792,31.6619638],[-112.0759538,31.650793],[-112.0357316,31.6381671],[-111.9896264,31.6236738],[-111.951222,31.6115864],[-111.8793439,31.5889221],[-111.8163829,31.56907],[-111.7617982,31.5518234],[-111.7154303,31.5371495],[-111.6613175,31.5200034],[-111.6567416,31.5185507],[-111.6231604,31.5078893],[-111.5721712,31.4916871],[-111.5385298,31.4809957],[-111.5062742,31.4707279],[-111.4612431,31.456373],[-111.4552212,31.4544502],[-111.4509184,31.4530763],[-111.419474,31.4430357],[-111.3945342,31.435065],[-111.3664342,31.4263195],[-111.3337571,31.4156169],[-111.3037244,31.4059931],[-111.2788615,31.3980191],[-111.2262961,31.3811405],[-111.211914,31.3765145],[-111.2075519,31.3751114],[-111.1608568,31.3600873],[-111.1342966,31.3515317],[-111.0788724,31.3336029],[-111.0749881,31.3323564],[-111.0443525,31.3322135],[-111.0113613,31.3325371],[-110.9983553,31.3325733],[-110.9939134,31.3325934],[-110.9769377,31.3326455],[-110.9768235,31.3326454],[-110.9707272,31.3326393],[-110.9654546,31.3326693],[-110.9653241,31.33267],[-110.9650551,31.3326745],[-110.9649996,31.3326779],[-110.9649688,31.3326758],[-110.9649262,31.3326767],[-110.9648753,31.3326776],[-110.9648246,31.3326785],[-110.964777,31.3326793],[-110.9553236,31.3327124],[-110.9537605,31.332719],[-110.9517854,31.3327217],[-110.9452502,31.3327509],[-110.943286,31.3327483],[-110.9428989,31.3327466],[-110.9425611,31.332745],[-110.9424844,31.3327447],[-110.9423754,31.3327443],[-110.9422608,31.3327439],[-110.941732,31.3327419],[-110.9415185,31.3327433],[-110.9413834,31.3327444],[-110.941316,31.3327445],[-110.9406859,31.3327485],[-110.9403914,31.3327504],[-110.9380669,31.3327651],[-110.9316336,31.3328318],[-110.9142512,31.333011],[-110.8920203,31.3330912],[-110.850358,31.3332413],[-110.8164975,31.3334811],[-110.795467,31.33363],[-110.7778023,31.3335877],[-110.7745949,31.33358],[-110.7609979,31.3335474],[-110.7228634,31.3334561],[-110.700734,31.3332313],[-110.6220093,31.3330211],[-110.5988522,31.332943],[-110.5615016,31.3328793],[-110.4597402,31.3328916],[-110.4408855,31.3329543],[-110.3392959,31.3333528],[-110.2828025,31.3336021],[-110.277452,31.3336192],[-110.2754015,31.3336258],[-110.2722158,31.333636],[-110.2280859,31.3337775],[-110.224021,31.3337906],[-110.2048631,31.3337405],[-110.1564893,31.3341324],[-110.151929,31.3341306],[-110.1342561,31.3341283],[-110.1223232,31.3341198],[-110.0760447,31.3341171],[-110.0050925,31.3341033],[-109.9999956,31.3341086],[-109.9599686,31.3341046],[-109.9573023,31.3341129],[-109.940148,31.3340815],[-109.9376701,31.3340852],[-109.934789,31.3340925],[-109.9263743,31.3340981],[-109.9172008,31.3340836],[-109.9047409,31.3340703],[-109.8730687,31.334041],[-109.8666049,31.3340323],[-109.8539453,31.3340299],[-109.8294534,31.3340472],[-109.8146677,31.3340526],[-109.8047569,31.3340527],[-109.7923965,31.3340519],[-109.7896619,31.3340462],[-109.7795872,31.3340474],[-109.7719858,31.3340454],[-109.7541297,31.3340418],[-109.7464869,31.3340397],[-109.6962949,31.3340328],[-109.6894075,31.3340308],[-109.6753742,31.3340257],[-109.6729028,31.3340179],[-109.6177137,31.3340309],[-109.6121826,31.3340126],[-109.601105,31.3340153],[-109.5976058,31.3340118],[-109.5883284,31.3340113],[-109.5811431,31.3339991],[-109.5785427,31.3340026],[-109.5762498,31.3340025],[-109.5740202,31.3340047],[-109.5684952,31.3340041],[-109.5663563,31.3340039],[-109.5625916,31.3340035],[-109.5613886,31.3340034],[-109.5606492,31.3340033],[-109.5603689,31.3340032],[-109.5573431,31.3340029],[-109.5513816,31.3339968],[-109.5374163,31.3339945],[-109.536948,31.3339944],[-109.5310601,31.3339938],[-109.5155185,31.3339922],[-109.4944843,31.3339838],[-109.4519224,31.3339668],[-109.432289,31.3339581],[-109.413394,31.3339555],[-109.3994913,31.3339508],[-109.3504289,31.3339342],[-109.3058048,31.3339235],[-109.2874635,31.3339229],[-109.2668104,31.333913],[-109.2462981,31.3337026],[-109.2302294,31.3335818],[-109.1878443,31.3332247],[-109.1867695,31.3332151],[-109.1530568,31.3329145],[-109.1282812,31.3326935],[-109.0884661,31.3323808],[-109.0733516,31.3324161],[-109.0618891,31.3323914],[-109.050048,31.332366],[-109.0500457,31.3366858],[-109.0500461,31.3421053],[-109.0500491,31.3421749],[-109.0500556,31.3423702],[-109.0500569,31.3494054],[-109.050054,31.3496889],[-109.0500447,31.3529209],[-109.0500458,31.3735852],[-109.0499845,31.3782297],[-109.0499784,31.3829882],[-109.0500523,31.3946732],[-109.0500488,31.4121988],[-109.0498873,31.4218485],[-109.0498466,31.4364676],[-109.0498632,31.4508924],[-109.0500393,31.4711667],[-109.0500539,31.4778438],[-109.0502229,31.4849447],[-109.0501379,31.4946542],[-109.0499877,31.5000222],[-109.0499466,31.5238174],[-109.0499323,31.5382807],[-109.049906,31.5508636],[-109.0499634,31.5653057],[-109.0499593,31.5851942],[-109.0499678,31.593205],[-109.0497454,31.6143785],[-109.0498028,31.6389032],[-109.0496821,31.6578657],[-109.0493311,31.7646132],[-109.049195,31.796551],[-109.049168,31.8108484],[-109.049106,31.843715],[-109.0490661,31.8480794],[-109.0490061,31.8624879],[-109.049038,31.8706524],[-109.0490932,31.8817222],[-109.0490758,31.8998689],[-109.0490379,31.9205049],[-109.0487698,31.9937718],[-109.0488067,32.0137206],[-109.048731,32.028174],[-109.0486878,32.0427486],[-109.0486653,32.0622073],[-109.0486435,32.0752187],[-109.0486556,32.0802688],[-109.048624,32.1016662],[-109.0486267,32.1189308],[-109.0485537,32.1434168],[-109.048507,32.1659708],[-109.0484235,32.1930083],[-109.0483486,32.2104227],[-109.048393,32.227259],[-109.0483909,32.2275193],[-109.0483854,32.2282676],[-109.0483341,32.2542429],[-109.0482344,32.2812465],[-109.0481251,32.2958059],[-109.0482505,32.2978933],[-109.0479236,32.3336535],[-109.0479477,32.342219],[-109.0479048,32.3558321],[-109.0478634,32.3646758],[-109.0476935,32.3850463],[-109.0478184,32.3886254],[-109.0478815,32.3959152],[-109.047902,32.4066432],[-109.0479079,32.4137431],[-109.0478787,32.4262338],[-109.0478615,32.4427142],[-109.0480226,32.4517656],[-109.0481365,32.4714485],[-109.0478992,32.5158189],[-109.0478956,32.5739543],[-109.047975,32.6175027],[-109.0478229,32.646532],[-109.0478197,32.6471876],[-109.0477513,32.6612173],[-109.0478499,32.6718686],[-109.0477952,32.681135],[-109.0478206,32.6903077],[-109.0478725,32.7008453],[-109.0478175,32.7192967],[-109.0477569,32.7339309],[-109.0477028,32.748601],[-109.0475431,32.7588199],[-109.0477206,32.7632309],[-109.0475781,32.7778802],[-109.0477021,32.7880915],[-109.0477837,32.8026366],[-109.0472688,32.899232],[-109.0471377,32.941702],[-109.047114,32.9493832],[-109.047114,32.9493833],[-109.0471113,32.976527],[-109.04748,33.06842],[-109.047453,33.069427],[-109.0474844,33.0925692],[-109.0474561,33.0983507],[-109.0474423,33.1070564],[-109.0474489,33.113054],[-109.0474606,33.1215337],[-109.0476143,33.1328708],[-109.0476613,33.1363346],[-109.0476473,33.1400891],[-109.0475974,33.1534926],[-109.0476928,33.1648811],[-109.0476885,33.165389],[-109.0475969,33.1762633],[-109.0475704,33.1794025],[-109.0476175,33.1895665],[-109.0475801,33.1985539],[-109.0474406,33.2095485],[-109.0471564,33.2310299],[-109.0471221,33.2404088],[-109.0471227,33.2408014],[-109.0471591,33.2423196],[-109.04747,33.250063],[-109.0472969,33.2622343],[-109.0471182,33.2661657],[-109.047086,33.2778373],[-109.046827,33.365272],[-109.046909,33.36557],[-109.0470482,33.3692659],[-109.04687,33.372654],[-109.046564,33.37506],[-109.0467625,33.3849338],[-109.0467625,33.3876412],[-109.0468573,33.3889025],[-109.0469803,33.394807],[-109.047298,33.409783],[-109.0470964,33.4111485],[-109.0473102,33.4392569],[-109.046931,33.442854],[-109.0469942,33.4449636],[-109.047285,33.4554759],[-109.0473102,33.4621413],[-109.0470606,33.4648727],[-109.0468235,33.4694064],[-109.0468972,33.4929054],[-109.046922,33.5000572],[-109.0469165,33.5003206],[-109.0467515,33.5083223],[-109.0467723,33.5346231],[-109.0468108,33.5711958],[-109.0468529,33.6163614],[-109.0468533,33.6166389],[-109.046854,33.6171989],[-109.046662,33.625055],[-109.0468881,33.6788624],[-109.047145,33.74001],[-109.0469856,33.7500637],[-109.0469439,33.7782336],[-109.0468677,33.8441585],[-109.046426,33.875052],[-109.0465961,33.9117207],[-109.0466035,33.9133182],[-109.0466408,33.9213566],[-109.0466458,33.922438],[-109.0467131,33.9369503],[-109.0467297,33.9405229],[-109.0468001,33.9556858],[-109.047006,34.00005],[-109.0468838,34.0215522],[-109.046871,34.0280445],[-109.0468567,34.0352955],[-109.0468368,34.0453546],[-109.0468416,34.0516369],[-109.0468629,34.0669664],[-109.0468679,34.0705922],[-109.046903,34.0958914],[-109.0468523,34.1659413],[-109.0468488,34.166944],[-109.0465863,34.24219],[-109.0465269,34.3320308],[-109.046389,34.3465126],[-109.0464878,34.3754045],[-109.0465693,34.3799168],[-109.0464015,34.3899303],[-109.046182,34.522393],[-109.0462894,34.5358833],[-109.0461093,34.5793464],[-109.0459469,34.6100269],[-109.0460911,34.6679259],[-109.0459533,34.6824392],[-109.0460671,34.7254773],[-109.0460393,34.7710416],[-109.0453163,34.7852653],[-109.0460884,34.7999938],[-109.045624,34.814226],[-109.046072,34.828566],[-109.0459771,34.8574653],[-109.0459277,34.8727206],[-109.04594,34.9050281],[-109.045962,34.9597929],[-109.0458995,35.0200916],[-109.0460171,35.1666334],[-109.046052,35.1753158],[-109.0460242,35.1754992],[-109.0460357,35.190078],[-109.046084,35.250025],[-109.0463493,35.292339],[-109.0467825,35.3614653],[-109.0467837,35.3616489],[-109.0467842,35.3617237],[-109.0467847,35.3618068],[-109.0467855,35.3619279],[-109.0467885,35.3624209],[-109.0467921,35.3629824],[-109.0467963,35.3633106],[-109.046796,35.363606],[-109.0467957,35.3637766],[-109.0466457,35.450767],[-109.046481,35.546326],[-109.046509,35.54644],[-109.0464027,35.5802864],[-109.0463563,35.5950662],[-109.0463092,35.6100654],[-109.046296,35.614251],[-109.046295,35.616517],[-109.0462885,35.6247293],[-109.0462766,35.6396861],[-109.0462078,35.6539846],[-109.0462607,35.6605096],[-109.046258,35.6623092],[-109.0462211,35.6951801],[-109.0461531,35.7557643],[-109.0461295,35.7772627],[-109.046024,35.8798],[-109.0460474,35.8865371],[-109.046055,35.888721],[-109.0460549,35.8929684],[-109.046054,35.92586],[-109.046011,35.925896],[-109.0459875,35.9731617],[-109.0459997,36.0025638],[-109.0460124,36.067524],[-109.04595,36.0894515],[-109.0458714,36.1170281],[-109.0458682,36.1399581],[-109.0458664,36.1575859],[-109.0458552,36.2479864],[-109.0457214,36.3149563],[-109.0457109,36.3379026],[-109.0456698,36.4280337],[-109.0455117,36.4999679],[-109.0455438,36.5181822],[-109.04556,36.527365],[-109.045581,36.6083099],[-109.0455853,36.6249751],[-109.0455182,36.6537515],[-109.0454472,36.6894134],[-109.0454291,36.6984389],[-109.0453257,36.7500109],[-109.0452997,36.7631442],[-109.0453758,36.7690991],[-109.0453208,36.7886163],[-109.0453028,36.7950076],[-109.0452998,36.8209204],[-109.045296,36.8672008],[-109.0452934,36.8719367],[-109.0451379,36.8719739],[-109.0448744,36.8720368],[-109.0453188,36.8728744],[-109.0452954,36.8787506],[-109.0452928,36.9087716],[-109.045131,36.9663239],[-109.0452131,36.9837265],[-109.0452019,36.9904743],[-109.0451955,36.9943322],[-109.0451884,36.9986087],[-109.0451871,36.998793],[-109.0451881,36.9988181],[-109.045182,36.9989819],[-109.0453879,36.9989827],[-109.0454077,36.9989819],[-109.0454748,36.9989819],[-109.181196,36.999271],[-109.246917,36.999346],[-109.26339,36.999263],[-109.268213,36.999242],[-109.270097,36.999266],[-109.3196101,36.9992059],[-109.3407623,36.9991802],[-109.378039,36.999135],[-109.381226,36.999148],[-109.3825545,36.9991475],[-109.4715629,36.999114],[-109.495338,36.999105],[-109.625668,36.998308],[-109.6992722,36.9983657],[-109.7789112,36.9984281],[-109.875673,36.998504],[-109.8910214,36.9984382],[-109.9338529,36.9982545],[-110.000677,36.997968],[-110.0010695,36.998502],[-110.021778,36.998602],[-110.1467008,36.9984333],[-110.175347,36.9983947],[-110.1756903,36.9983942],[-110.1766451,36.9983929],[-110.2759111,36.9982591],[-110.4689455,36.9978085],[-110.4773355,37.0000165],[-110.4905754,37.0038402],[-110.50069,37.003823],[-110.5567449,37.0038722],[-110.5980582,37.0037564],[-110.6256846,37.0036632],[-110.7020616,37.0034009],[-110.7506454,37.0030293],[-110.8087915,37.0025802],[-110.8294795,37.0023132],[-110.8994791,37.0023702],[-110.9109779,37.0024066],[-110.9220197,37.0024416],[-110.9332164,37.0024734],[-110.9444757,37.0024379],[-111.0006482,37.0023474],[-111.011866,37.0024214],[-111.0231673,37.002482],[-111.0602262,37.002405],[-111.066496,37.002389],[-111.0906004,37.0020194],[-111.133022,37.0009192],[-111.1356165,37.0008661],[-111.1566211,37.0008127],[-111.1804877,37.0009241],[-111.2254633,37.0011437],[-111.260046,37.0012886],[-111.278677,37.0006475],[-111.3542157,37.001269],[-111.4058722,37.0016629],[-111.4129216,37.0016531],[-111.4904246,37.0014783],[-111.5092912,37.0014606],[-111.572843,37.001401],[-111.6942448,37.0013403],[-111.7499959,37.0012368],[-111.8354589,37.0011188],[-111.8390365,37.0011115],[-111.8525554,37.0010878],[-111.8829929,37.0011626],[-111.8928232,37.0011462],[-111.9042616,37.0011264],[-111.9595591,37.0010302],[-111.987157,37.0009791],[-112.0016333,37.0009702],[-112.0291632,37.0010977],[-112.0321639,37.001096],[-112.0324977,37.001096],[-112.1959852,37.0011261],[-112.35769,37.001025],[-112.368946,37.001125],[-112.3752224,37.0011083],[-112.461278,37.0008794],[-112.4842636,37.0008488],[-112.4933538,37.0008388],[-112.5025868,37.0008287],[-112.5042465,37.0008269],[-112.5295238,37.0007366],[-112.5297831,37.0007357],[-112.5299556,37.0007351],[-112.5345269,37.0007719],[-112.5370112,37.000762],[-112.5384433,37.0007614],[-112.5393266,37.0007576],[-112.5405362,37.000757],[-112.5450941,37.00079],[-112.547947,37.0008206],[-112.5482501,37.0008114],[-112.558974,37.000692],[-112.5659826,37.0006843],[-112.6287721,37.0006151],[-112.7244271,37.0005896],[-112.8294957,37.0005155],[-112.8632955,37.0005292],[-112.8730902,37.0005344],[-112.8992013,37.0003051],[-112.9086717,37.0003243],[-112.910029,37.0003194],[-112.9101648,37.000319],[-112.9531727,37.0002505],[-112.9533878,37.000228],[-112.9559888,37.000224],[-112.9596003,37.0002067],[-113.0100788,37.0001108],[-113.0162533,37.0001304],[-113.0523419,37.000165],[-113.0798937,37.0001914],[-113.1212086,37.0001814],[-113.246517,37.0001555],[-113.3718254,37.0001295],[-113.4836612,36.9999881],[-113.483817,36.9999879],[-113.4844512,36.9999871],[-113.4846422,36.9999869],[-113.4948531,36.999974],[-113.5602496,36.9998465],[-113.6223661,36.9999753],[-113.6224854,36.9999763],[-113.6243348,36.9999916],[-113.7611609,37.0001159],[-113.8980139,37.0001545],[-113.9161127,37.0001099],[-114.0501375,36.9997794],[-114.0503545,36.8431421],[-114.0501125,36.8283791],[-114.0501251,36.8178925],[-114.0501739,36.8175666],[-114.0501638,36.8171533],[-114.0501738,36.8168748],[-114.0501634,36.8168456],[-114.0501505,36.8168131],[-114.0501532,36.813896],[-114.0500421,36.8041735],[-114.0500073,36.8009072],[-114.0505461,36.680496],[-114.0501464,36.6442026],[-114.0501022,36.6391477],[-114.0499568,36.6225261],[-114.049796,36.5935447],[-114.0496416,36.5794954],[-114.0490791,36.5282949],[-114.0490784,36.5281858],[-114.0490631,36.5252844],[-114.049057,36.5240844],[-114.0490501,36.5228098],[-114.0490492,36.5226353],[-114.0490424,36.5213188],[-114.0490419,36.5210383],[-114.0490139,36.5196634],[-114.0489835,36.5181249],[-114.0489811,36.517999],[-114.0489781,36.5178499],[-114.0489697,36.5174256],[-114.0486027,36.4987774],[-114.0480419,36.4703405],[-114.0477554,36.4558069],[-114.0474715,36.441403],[-114.0463258,36.383255],[-114.0462876,36.3813462],[-114.0462856,36.381214],[-114.0477292,36.2963312],[-114.0471921,36.2527185],[-114.0467658,36.2311907],[-114.0466131,36.1961527],[-114.046606,36.195271],[-114.0467739,36.1951165],[-114.0478976,36.1939642],[-114.0495163,36.1928052],[-114.053249,36.1911499],[-114.0555225,36.1901434],[-114.0577841,36.189044],[-114.0603982,36.187662],[-114.0660608,36.1836053],[-114.0677938,36.1822985],[-114.0681935,36.1813415],[-114.0689366,36.1809028],[-114.0707449,36.1783697],[-114.0730605,36.1735623],[-114.0743611,36.1696052],[-114.0747583,36.1658987],[-114.0751698,36.1634338],[-114.0765848,36.1613053],[-114.0789638,36.1587379],[-114.0818129,36.1560633],[-114.0831791,36.1551848],[-114.0843742,36.1543645],[-114.0851386,36.1536051],[-114.0859771,36.1529455],[-114.0881856,36.1526114],[-114.0887339,36.1523824],[-114.0895422,36.1519842],[-114.0901432,36.1513695],[-114.0906036,36.15076],[-114.0900752,36.1504349],[-114.0896517,36.1499539],[-114.0904331,36.1494942],[-114.0912496,36.1491932],[-114.0910521,36.1482544],[-114.0904264,36.1476783],[-114.0893884,36.1472767],[-114.0892604,36.145672],[-114.0893471,36.1441713],[-114.0894828,36.1433901],[-114.089198,36.1415904],[-114.0896441,36.1405227],[-114.0921056,36.1378822],[-114.0934746,36.1360891],[-114.0944255,36.1342466],[-114.0984263,36.1327882],[-114.0994645,36.1309146],[-114.0998413,36.1298511],[-114.1000707,36.1288689],[-114.1010217,36.1278656],[-114.1042504,36.1246634],[-114.106984,36.1227358],[-114.108554,36.1210688],[-114.1092458,36.1195574],[-114.1096448,36.1182466],[-114.11043,36.1174211],[-114.1138021,36.115956],[-114.1181422,36.113433],[-114.1203026,36.1119455],[-114.1214438,36.1099547],[-114.120232,36.1030115],[-114.1193053,36.1004551],[-114.1176206,36.0936005],[-114.1187246,36.0876122],[-114.1343073,36.0648135],[-114.1360551,36.059436],[-114.1364941,36.053011],[-114.1369222,36.0467459],[-114.136637,36.0420618],[-114.13735,36.0404854],[-114.1469038,36.0327763],[-114.1483907,36.0284272],[-114.1502187,36.025754],[-114.1515771,36.0247922],[-114.1537922,36.0244774],[-114.1558279,36.0248399],[-114.1591715,36.0260427],[-114.1598607,36.0262906],[-114.166733,36.0277633],[-114.1680283,36.0280409],[-114.1693092,36.0283154],[-114.1769373,36.0275135],[-114.192076,36.0214326],[-114.1983396,36.0194858],[-114.2019711,36.0184227],[-114.2076439,36.0169951],[-114.2114485,36.0163695],[-114.2140886,36.0159354],[-114.2214142,36.015391],[-114.2317037,36.0146265],[-114.2330959,36.014523],[-114.2357365,36.0143268],[-114.2416687,36.013886],[-114.2455211,36.0157912],[-114.2509158,36.018459],[-114.2562968,36.0213563],[-114.263146,36.025937],[-114.266721,36.029238],[-114.268272,36.0318001],[-114.270645,36.03572],[-114.2752027,36.0407953],[-114.280202,36.046362],[-114.2875256,36.0497047],[-114.2880369,36.0499382],[-114.2930399,36.0522216],[-114.3126762,36.0611833],[-114.3139346,36.063745],[-114.314206,36.066619],[-114.3096822,36.0767749],[-114.3091542,36.0809374],[-114.3129692,36.0881815],[-114.3186451,36.0953563],[-114.3231666,36.1010714],[-114.3248148,36.1031546],[-114.325909,36.1042586],[-114.3326021,36.11032],[-114.3403361,36.1153564],[-114.3433266,36.1175312],[-114.3457017,36.1191852],[-114.3498649,36.1211518],[-114.3594208,36.1270731],[-114.363109,36.130246],[-114.3641955,36.1318001],[-114.3710143,36.1392726],[-114.3733094,36.1417876],[-114.3753572,36.1427132],[-114.3778714,36.1438495],[-114.3845264,36.1446985],[-114.3877282,36.145107],[-114.405475,36.147371],[-114.412373,36.147254],[-114.41695,36.145761],[-114.427169,36.136305],[-114.446605,36.12597],[-114.4477202,36.1262095],[-114.448654,36.12641],[-114.453325,36.130726],[-114.458369,36.138586],[-114.4622226,36.1393973],[-114.463637,36.139695],[-114.470152,36.138801],[-114.4719412,36.1378043],[-114.4775807,36.1346626],[-114.4786903,36.1340444],[-114.4801346,36.1332398],[-114.487034,36.129396],[-114.4928801,36.1284013],[-114.4946979,36.128092],[-114.4961198,36.1278501],[-114.5021721,36.1287957],[-114.5044418,36.1297414],[-114.5057657,36.1314437],[-114.506144,36.134659],[-114.5053875,36.137496],[-114.5048201,36.1424136],[-114.5046309,36.1456289],[-114.5067114,36.1482768],[-114.511721,36.150956],[-114.5159805,36.1502764],[-114.5181197,36.1501046],[-114.5325982,36.1489415],[-114.5354832,36.1491624],[-114.5382956,36.1506355],[-114.540416,36.1511935],[-114.5477067,36.1511046],[-114.5570433,36.1528911],[-114.5618645,36.1513457],[-114.572031,36.15161],[-114.5778907,36.1493977],[-114.597212,36.142103],[-114.6028641,36.1376952],[-114.608264,36.133949],[-114.6107239,36.1328262],[-114.616694,36.130101],[-114.621883,36.13213],[-114.6264225,36.1394402],[-114.6277412,36.1415636],[-114.629572,36.1424543],[-114.6299888,36.1426571],[-114.631716,36.142306],[-114.6338206,36.1409253],[-114.6356973,36.1396941],[-114.6410883,36.1361571],[-114.6521828,36.1288776],[-114.6580786,36.1262214],[-114.6589686,36.1254504],[-114.6600437,36.1230594],[-114.6622443,36.1189779],[-114.6653376,36.1169749],[-114.6745683,36.1153543],[-114.682186,36.1145889],[-114.6899562,36.1129266],[-114.6938837,36.1120864],[-114.6976494,36.1112807],[-114.7024824,36.1102467],[-114.7145417,36.1076667],[-114.7155897,36.1074425],[-114.7203471,36.1064246],[-114.738948,36.1034971],[-114.7439695,36.0985604],[-114.7463302,36.0965018],[-114.7503215,36.0927195],[-114.7528392,36.0903336],[-114.7542437,36.0890025],[-114.7554101,36.0848474],[-114.7565764,36.0806923],[-114.7538743,36.0788108],[-114.7474145,36.0743127],[-114.7426533,36.0709972],[-114.7423661,36.07],[-114.7422342,36.0695418],[-114.7401259,36.0622205],[-114.7361348,36.0589247],[-114.735019,36.0546903],[-114.7359095,36.0531897],[-114.7403469,36.0499109],[-114.7420368,36.0471707],[-114.7434754,36.044838],[-114.7444539,36.0412812],[-114.7425764,36.0389978],[-114.7351241,36.0384443],[-114.7253244,36.0359835],[-114.7250966,36.0355036],[-114.722125,36.0292445],[-114.7223776,36.0282355],[-114.7232344,36.0269102],[-114.7253437,36.0261498],[-114.7269874,36.0245759],[-114.7293634,36.0218004],[-114.7303219,36.0210449],[-114.7315293,36.0200933],[-114.7330894,36.0188637],[-114.7346792,36.0176106],[-114.735806,36.0170285],[-114.7364216,36.0167104],[-114.7372349,36.0162902],[-114.7372398,36.016287],[-114.7372907,36.0162499],[-114.737338,36.0162067],[-114.7373518,36.016195],[-114.7380286,36.0156181],[-114.7382549,36.0154513],[-114.7383565,36.0153741],[-114.7384917,36.0152714],[-114.7400563,36.0141219],[-114.7401895,36.0139963],[-114.7406262,36.0134261],[-114.7412685,36.012611],[-114.7412738,36.0126038],[-114.7413199,36.0125413],[-114.7413808,36.0124587],[-114.7414205,36.0124048],[-114.7420057,36.0115692],[-114.7422983,36.0110123],[-114.7425518,36.01053],[-114.7426951,36.0101868],[-114.7427394,36.0100636],[-114.7428203,36.0098383],[-114.742943,36.0094461],[-114.743174,36.0083325],[-114.7432415,36.0072046],[-114.7431446,36.0060781],[-114.7428847,36.0049686],[-114.7415424,35.9999757],[-114.7412226,35.9988148],[-114.7404005,35.9958302],[-114.7396231,35.9930077],[-114.7395295,35.9926176],[-114.7394911,35.9922214],[-114.7395084,35.9918242],[-114.7395812,35.9914312],[-114.7397084,35.9910474],[-114.7398886,35.9906777],[-114.7401193,35.9903269],[-114.7403976,35.9899994],[-114.74072,35.9896996],[-114.7410822,35.9894312],[-114.7425843,35.9881117],[-114.743024,35.9873341],[-114.7433444,35.9865193],[-114.7435407,35.985679],[-114.7436102,35.9848257],[-114.7435517,35.9839719],[-114.7433662,35.9831301],[-114.7430563,35.9823125],[-114.7418476,35.9787065],[-114.7401527,35.9752308],[-114.7379923,35.9719284],[-114.7367628,35.9702062],[-114.7353276,35.9685916],[-114.7337008,35.9671006],[-114.7324575,35.965847],[-114.7313791,35.964497],[-114.7304771,35.9630648],[-114.7297607,35.9615654],[-114.7292376,35.9600146],[-114.7284651,35.9568882],[-114.7282521,35.9562586],[-114.7281204,35.9556145],[-114.7280715,35.9549629],[-114.7281059,35.9543107],[-114.7282232,35.9536648],[-114.7284222,35.9530322],[-114.730568,35.9463966],[-114.7307498,35.9457683],[-114.7308367,35.9451268],[-114.7308271,35.9444816],[-114.7307214,35.9438419],[-114.730521,35.9432173],[-114.7302289,35.9426169],[-114.7298493,35.9420494],[-114.7293879,35.9415232],[-114.7288514,35.941046],[-114.7223711,35.9378494],[-114.7203317,35.9368952],[-114.7182942,35.9359383],[-114.7157316,35.9344941],[-114.7134018,35.932811],[-114.7091532,35.9296835],[-114.7087214,35.929379],[-114.7083346,35.9290371],[-114.7079979,35.9286621],[-114.7077154,35.9282588],[-114.7074907,35.9278323],[-114.7073268,35.927388],[-114.7072257,35.9269317],[-114.7071886,35.926469],[-114.7072161,35.9260058],[-114.7073079,35.9255481],[-114.7082949,35.9143398],[-114.7083472,35.9134736],[-114.708275,35.9126083],[-114.7080792,35.9117557],[-114.7077626,35.9109272],[-114.7073293,35.9101341],[-114.7049772,35.9078734],[-114.702673,35.9055806],[-114.7013926,35.9041233],[-114.7002948,35.9025715],[-114.69939,35.9009399],[-114.6983864,35.8995379],[-114.6971814,35.8982443],[-114.6957925,35.8970778],[-114.6942401,35.8960555],[-114.6810436,35.8871378],[-114.6795147,35.8860921],[-114.6781233,35.884927],[-114.6768835,35.8836545],[-114.675808,35.8822874],[-114.6726108,35.8784104],[-114.671844,35.8776264],[-114.6709685,35.8769212],[-114.6699965,35.8763045],[-114.6689415,35.875785],[-114.6668855,35.8750411],[-114.6647358,35.8744983],[-114.6643319,35.8743857],[-114.6639475,35.8742348],[-114.663588,35.8740479],[-114.6632586,35.8738275],[-114.662964,35.8735769],[-114.6627083,35.8732997],[-114.6624953,35.8729997],[-114.6623278,35.8726813],[-114.6622085,35.8723489],[-114.6621389,35.8720075],[-114.66212,35.8716617],[-114.6621521,35.8713165],[-114.6622348,35.8709769],[-114.6623668,35.8706478],[-114.6625463,35.8703337],[-114.6627708,35.8700392],[-114.663037,35.8697685],[-114.6633411,35.8695254],[-114.6658516,35.86803],[-114.6703577,35.865613],[-114.6720203,35.8648935],[-114.6737626,35.864311],[-114.6755675,35.8638712],[-114.6774173,35.8635784],[-114.6800879,35.8632513],[-114.6826955,35.8626808],[-114.6852064,35.8618742],[-114.6894121,35.8601178],[-114.6900973,35.8596872],[-114.6907148,35.859194],[-114.691256,35.858645],[-114.6917134,35.858048],[-114.6920803,35.8574114],[-114.6923518,35.856744],[-114.6924708,35.8562959],[-114.6926552,35.8558626],[-114.6929022,35.8554502],[-114.6932083,35.8550648],[-114.6935692,35.8547119],[-114.6939797,35.8543965],[-114.6944337,35.8541233],[-114.6949249,35.853896],[-114.6954461,35.8537181],[-114.6959899,35.853592],[-114.6965483,35.8535196],[-114.6971134,35.8535019],[-114.6976771,35.8535392],[-114.6982312,35.8536309],[-114.6988946,35.8536494],[-114.6995559,35.8536028],[-114.7002053,35.8534918],[-114.7030163,35.8526396],[-114.7036449,35.8522878],[-114.7042176,35.8518781],[-114.7047264,35.8514163],[-114.705164,35.8509088],[-114.7055244,35.8503629],[-114.7058024,35.8497862],[-114.7059941,35.8491869],[-114.7060968,35.8485733],[-114.7061091,35.8479542],[-114.7060307,35.8473383],[-114.7058629,35.8467343],[-114.7056079,35.8461506],[-114.7052694,35.8455955],[-114.6967292,35.8344977],[-114.6963244,35.8340011],[-114.6959963,35.8334687],[-114.6957496,35.8329081],[-114.6955878,35.8323275],[-114.6955135,35.8317353],[-114.6955918,35.8304907],[-114.6958558,35.8292629],[-114.6963015,35.8280702],[-114.6969224,35.8269301],[-114.6995831,35.8234505],[-114.7005708,35.8221995],[-114.7013785,35.8208664],[-114.701996,35.8194679],[-114.7024156,35.818022],[-114.7028447,35.815934],[-114.7029929,35.8153982],[-114.7032119,35.8148785],[-114.7034992,35.8143812],[-114.7038514,35.8139121],[-114.7042643,35.8134768],[-114.704733,35.8130804],[-114.7065354,35.8121059],[-114.7073971,35.8116549],[-114.7081914,35.8111289],[-114.7089086,35.8105343],[-114.7095395,35.8098786],[-114.7110629,35.8081036],[-114.7113419,35.8073728],[-114.7114417,35.806757],[-114.7114489,35.8061359],[-114.7113635,35.8055187],[-114.7111867,35.8049144],[-114.7109211,35.8043318],[-114.7105706,35.8037796],[-114.7101403,35.8032658],[-114.7065354,35.7999244],[-114.7048122,35.7981925],[-114.7033597,35.7963044],[-114.7000123,35.7918487],[-114.6993583,35.7905861],[-114.698897,35.7892686],[-114.6986349,35.7879156],[-114.698576,35.7865469],[-114.6987211,35.7851823],[-114.6990682,35.7838419],[-114.7002698,35.7784107],[-114.7008235,35.7761104],[-114.7010702,35.7737751],[-114.7010069,35.7714318],[-114.7006344,35.7691074],[-114.6999569,35.7668288],[-114.6989823,35.7646221],[-114.6961242,35.759892],[-114.6957434,35.7593697],[-114.695442,35.7588143],[-114.6952244,35.7582336],[-114.6950937,35.7576361],[-114.6950518,35.7570302],[-114.6950992,35.7564245],[-114.6952352,35.7558277],[-114.695458,35.7552484],[-114.6957644,35.7546947],[-114.6961285,35.7537742],[-114.6966561,35.7520745],[-114.6968975,35.7499434],[-114.6968717,35.7478034],[-114.6965791,35.7456764],[-114.6967646,35.7378009],[-114.698124,35.7303493],[-114.7,35.7256676],[-114.7016001,35.7216743],[-114.7026338,35.7189061],[-114.7032798,35.7160614],[-114.7035302,35.7131758],[-114.7033817,35.7102855],[-114.7033272,35.71],[-114.7028362,35.7074266],[-114.7019006,35.7046351],[-114.7,35.7024976],[-114.6983763,35.7006714],[-114.6942845,35.6970852],[-114.6896858,35.6939298],[-114.6848256,35.6910951],[-114.6836133,35.69],[-114.6835736,35.6899641],[-114.6826816,35.6885872],[-114.6819835,35.6871382],[-114.6814881,35.6856351],[-114.6812014,35.6840966],[-114.6811271,35.6825418],[-114.681266,35.6809898],[-114.6816165,35.6794599],[-114.6821741,35.6779712],[-114.682932,35.676542],[-114.6855498,35.6707363],[-114.6857976,35.67],[-114.6875573,35.664772],[-114.6889401,35.6586911],[-114.6894551,35.6546462],[-114.689576,35.6537644],[-114.689573,35.6528772],[-114.6894462,35.651996],[-114.6891972,35.6511321],[-114.6888293,35.6502968],[-114.6886495,35.65],[-114.6883471,35.6495007],[-114.687757,35.6487542],[-114.6870665,35.6480669],[-114.6862845,35.6474477],[-114.6854211,35.6469045],[-114.6820214,35.6447657],[-114.68,35.643147],[-114.678959,35.6423133],[-114.6766876,35.64],[-114.6762774,35.6395822],[-114.6740147,35.636611],[-114.6722031,35.633442],[-114.6704818,35.630378],[-114.67,35.6297135],[-114.6683776,35.627476],[-114.6659133,35.6247676],[-114.6631157,35.6222823],[-114.6600152,35.620047],[-114.6580646,35.6181214],[-114.6564098,35.6160206],[-114.6550744,35.6137747],[-114.6540774,35.6114154],[-114.6537033,35.61],[-114.6534328,35.6089763],[-114.6531499,35.6064921],[-114.6532327,35.6039981],[-114.6536801,35.6015298],[-114.6544856,35.5991223],[-114.6556378,35.5968097],[-114.6569751,35.5942497],[-114.658662,35.59183],[-114.6603018,35.59],[-114.6606764,35.589582],[-114.6629923,35.5875349],[-114.6655795,35.5857153],[-114.6684046,35.584147],[-114.6714307,35.5828501],[-114.6720596,35.5826293],[-114.6726517,35.582349],[-114.6731985,35.5820134],[-114.6736922,35.5816271],[-114.6741258,35.5811958],[-114.6744931,35.5807255],[-114.6747888,35.5802229],[-114.6750088,35.5796952],[-114.6751499,35.57915],[-114.6752101,35.578595],[-114.6751886,35.5780381],[-114.6750855,35.5774872],[-114.6749025,35.5769503],[-114.6746422,35.5764349],[-114.6743081,35.5759485],[-114.6739052,35.5754979],[-114.673439,35.5750895],[-114.6693707,35.5723091],[-114.6679256,35.5712895],[-114.6666278,35.5701462],[-114.6654932,35.5688934],[-114.6645357,35.5675462],[-114.663767,35.5661212],[-114.6631966,35.5646358],[-114.6628314,35.5631082],[-114.6626759,35.5615571],[-114.6635343,35.5346011],[-114.6644928,35.5314271],[-114.6658277,35.5283442],[-114.6675262,35.5253822],[-114.6695721,35.5225691],[-114.6719457,35.5199321],[-114.6741609,35.5171432],[-114.6759924,35.5141754],[-114.6774187,35.5110637],[-114.6784231,35.5078445],[-114.6789937,35.5045556],[-114.6791239,35.5012357],[-114.6788121,35.4979236],[-114.6740056,35.4845758],[-114.6662808,35.4643053],[-114.6098901,35.3646259],[-114.6000195,35.3419448],[-114.5977574,35.3351816],[-114.596427,35.3282551],[-114.5960446,35.3212504],[-114.5966151,35.3142537],[-114.596758,35.3053896],[-114.5967509,35.298748],[-114.5959556,35.2921377],[-114.5943795,35.2856208],[-114.5920374,35.2792587],[-114.5874217,35.2644248],[-114.5848276,35.2492642],[-114.5808794,35.2202403],[-114.5804501,35.212106],[-114.5802305,35.2111808],[-114.579891,35.21028],[-114.5794355,35.209414],[-114.5788692,35.2085929],[-114.5781986,35.2078259],[-114.5774314,35.207122],[-114.5762117,35.2060421],[-114.5750214,35.2048389],[-114.5731168,35.2021427],[-114.5718268,35.1995218],[-114.5716657,35.1942714],[-114.5716545,35.1935107],[-114.5715881,35.1910129],[-114.5715719,35.1907519],[-114.5715232,35.1904936],[-114.5714424,35.1902407],[-114.5713306,35.1899958],[-114.5706332,35.1886631],[-114.5702067,35.1876421],[-114.5699063,35.1865915],[-114.5697351,35.1855217],[-114.5696947,35.1844433],[-114.5697856,35.1833669],[-114.5698929,35.1787018],[-114.5697641,35.1755798],[-114.5695019,35.1734395],[-114.5694039,35.1726457],[-114.5693798,35.1722842],[-114.5693769,35.1722126],[-114.5693735,35.1721303],[-114.5693466,35.1711471],[-114.5701933,35.1595649],[-114.570369,35.1575347],[-114.5708434,35.1555367],[-114.5716095,35.1536001],[-114.5732403,35.1497754],[-114.5736736,35.1484484],[-114.5739159,35.1470892],[-114.5739637,35.1457162],[-114.5738166,35.144348],[-114.5734763,35.1430028],[-114.5732176,35.1420407],[-114.5730859,35.1410614],[-114.5730827,35.1400762],[-114.5732082,35.1390964],[-114.5734608,35.1381331],[-114.5738377,35.1371974],[-114.5743346,35.1362999],[-114.5750231,35.1353398],[-114.5750582,35.1352781],[-114.575597,35.1343307],[-114.5760513,35.1332816],[-114.5768881,35.1315618],[-114.577985,35.129998],[-114.5793016,35.1285521],[-114.5808192,35.1272445],[-114.5825163,35.1260939],[-114.5843687,35.1251165],[-114.5863501,35.1243264],[-114.5884323,35.1237347],[-114.5924421,35.1230493],[-114.5965004,35.1225939],[-114.6012211,35.1220498],[-114.6064353,35.1215935],[-114.6130366,35.1213301],[-114.6161127,35.1212074],[-114.6189259,35.1211165],[-114.6217093,35.1207704],[-114.6244285,35.1201734],[-114.6270496,35.1193328],[-114.6295402,35.118259],[-114.6299244,35.1180456],[-114.6318694,35.1169654],[-114.6340084,35.115468],[-114.6356863,35.113676],[-114.6401239,35.1089383],[-114.6408878,35.1080388],[-114.6414359,35.1075076],[-114.6420432,35.1070213],[-114.6427041,35.1065843],[-114.6434128,35.1062006],[-114.6439951,35.105846],[-114.6445241,35.1054392],[-114.6449926,35.1049856],[-114.6453947,35.1044911],[-114.6457249,35.1039622],[-114.6459789,35.1034059],[-114.6461535,35.1028294],[-114.6462773,35.1022574],[-114.646318,35.1016775],[-114.646275,35.1010977],[-114.646149,35.100526],[-114.6459417,35.0999704],[-114.6456559,35.0994387],[-114.6452957,35.0989381],[-114.644866,35.0984756],[-114.6402916,35.095753],[-114.6353817,35.0934545],[-114.6222496,35.0882574],[-114.6178868,35.0860549],[-114.613876,35.0835057],[-114.6138382,35.0834815],[-114.6066499,35.0777219],[-114.6053795,35.0761415],[-114.6043479,35.0744487],[-114.6035695,35.0726674],[-114.6030555,35.070823],[-114.6028132,35.0689416],[-114.602846,35.0670499],[-114.6031535,35.0651748],[-114.6037312,35.0633428],[-114.604571,35.0615801],[-114.6056609,35.0599116],[-114.6069855,35.058361],[-114.6085261,35.0569504],[-114.6099062,35.0559545],[-114.6099543,35.0559184],[-114.6100438,35.0558512],[-114.6101323,35.0557847],[-114.6102606,35.0556997],[-114.6121645,35.0546267],[-114.6159964,35.0526175],[-114.6179018,35.0514173],[-114.6196031,35.0503458],[-114.6200279,35.0500271],[-114.6229577,35.0478287],[-114.626772,35.0446796],[-114.6301041,35.0411828],[-114.632907,35.0373875],[-114.6351412,35.0333469],[-114.6367755,35.0291179],[-114.6377868,35.02476],[-114.6381608,35.0203344],[-114.6378923,35.0159035],[-114.6372614,35.0123208],[-114.6362503,35.0087968],[-114.6348667,35.0053586],[-114.6329611,35.0018894],[-114.6314265,34.9990691],[-114.6306469,34.9974026],[-114.630071,34.9957362],[-114.6296612,34.9940135],[-114.6292684,34.9922699],[-114.6289833,34.9904144],[-114.6288594,34.9887743],[-114.6288542,34.987085],[-114.6290527,34.9853956],[-114.6295164,34.9819533],[-114.6298993,34.9804285],[-114.6304647,34.9784963],[-114.6318856,34.9752671],[-114.6334165,34.9725142],[-114.6339908,34.971037],[-114.6344293,34.9696015],[-114.6349621,34.9667116],[-114.6351376,34.965102],[-114.6351772,34.9635897],[-114.6349276,34.960552],[-114.6346865,34.9590663],[-114.6342671,34.9573512],[-114.6339008,34.9560183],[-114.6333647,34.9546715],[-114.6325878,34.9530464],[-114.6325379,34.952942],[-114.6313048,34.9503626],[-114.6306713,34.948773],[-114.6302075,34.9472946],[-114.6298244,34.9457218],[-114.629594,34.944163],[-114.6294526,34.9426292],[-114.629413,34.9409424],[-114.6295692,34.9393724],[-114.6298272,34.9378441],[-114.6302276,34.9361768],[-114.6307469,34.9346904],[-114.6317173,34.9319931],[-114.6323991,34.9295185],[-114.6328656,34.9273204],[-114.6331851,34.9252701],[-114.6332248,34.9242047],[-114.6332068,34.9237906],[-114.6331764,34.9231188],[-114.6330964,34.9220763],[-114.6328991,34.9209794],[-114.6326471,34.9199389],[-114.6322587,34.9188665],[-114.6312561,34.9161057],[-114.6308812,34.9148928],[-114.630633,34.9136798],[-114.6304549,34.9124463],[-114.6303451,34.9112208],[-114.6303313,34.9099263],[-114.6304736,34.9087596],[-114.6308716,34.9063035],[-114.6316023,34.9038993],[-114.6322898,34.9022195],[-114.6326566,34.9015773],[-114.6345067,34.8974086],[-114.635572,34.8940894],[-114.63578,34.8930967],[-114.6363543,34.8905602],[-114.6366264,34.8885833],[-114.6367061,34.8842428],[-114.6363288,34.8808798],[-114.6358003,34.8775104],[-114.6353022,34.8758518],[-114.6347262,34.8741371],[-114.633582,34.8716181],[-114.6330458,34.8703613],[-114.6323926,34.8690725],[-114.6316634,34.8678631],[-114.630866,34.8666937],[-114.6299666,34.8656003],[-114.6289015,34.864419],[-114.6268893,34.8624862],[-114.6254804,34.8610759],[-114.6227178,34.8588169],[-114.6211901,34.8577098],[-114.6195683,34.8566734],[-114.6178293,34.8557739],[-114.6173747,34.8555698],[-114.608978,34.8517996],[-114.6046243,34.8498235],[-114.5989105,34.8463161],[-114.5951993,34.8434554],[-114.5936404,34.8422958],[-114.5916305,34.8405903],[-114.5885961,34.8376421],[-114.5875753,34.8366267],[-114.5868778,34.835694],[-114.5865899,34.8352077],[-114.5862651,34.8346592],[-114.5843072,34.8315817],[-114.5837584,34.830336],[-114.5831176,34.8293824],[-114.582155,34.8281487],[-114.5808723,34.8257234],[-114.5801242,34.8238896],[-114.5791226,34.8219117],[-114.5778735,34.8187117],[-114.5773602,34.8176085],[-114.5770108,34.8166588],[-114.5763987,34.814936],[-114.5748551,34.8080006],[-114.5746816,34.8071349],[-114.574586,34.8062691],[-114.5745901,34.8051128],[-114.5745807,34.8042782],[-114.5740645,34.8029793],[-114.5737266,34.8020141],[-114.5731116,34.8006424],[-114.5719321,34.7965253],[-114.5713148,34.7948709],[-114.5708024,34.7939223],[-114.57029,34.7929737],[-114.5691048,34.79118],[-114.5673706,34.7890782],[-114.566016,34.7872701],[-114.5654062,34.7862972],[-114.5651298,34.7857989],[-114.5650252,34.7853242],[-114.5648019,34.7842665],[-114.5643926,34.7833027],[-114.5635312,34.7816681],[-114.5625258,34.7800716],[-114.5618815,34.778955],[-114.5599507,34.7758796],[-114.5570541,34.7717526],[-114.5529557,34.7670111],[-114.5481706,34.7629862],[-114.5455432,34.7607333],[-114.542692,34.7586173],[-114.5366121,34.7546771],[-114.5346907,34.7536847],[-114.5331194,34.7526001],[-114.5323634,34.7521737],[-114.530273,34.7510431],[-114.5291873,34.7502341],[-114.5286469,34.7498285],[-114.5281064,34.7493144],[-114.5271389,34.7484811],[-114.5253971,34.7468807],[-114.5238274,34.7450035],[-114.5223482,34.7431744],[-114.5207978,34.7413833],[-114.5194645,34.7396783],[-114.5179027,34.7381098],[-114.5170744,34.7374118],[-114.5161329,34.7366983],[-114.5152405,34.7360338],[-114.5141405,34.7353149],[-114.5121778,34.7342708],[-114.5043612,34.7315791],[-114.5015733,34.7307173],[-114.5001188,34.7299267],[-114.4963929,34.7281315],[-114.4943242,34.7269939],[-114.4928356,34.7263053],[-114.4917974,34.7256146],[-114.4914878,34.7253324],[-114.4910108,34.7247876],[-114.4907515,34.7244006],[-114.4904032,34.7239727],[-114.4887627,34.7208248],[-114.487534,34.7184336],[-114.4871026,34.7173197],[-114.4869503,34.7173283],[-114.4869464,34.7172768],[-114.4869399,34.7171907],[-114.4869361,34.7171402],[-114.487031,34.7171349],[-114.4868565,34.716733],[-114.4864765,34.7159243],[-114.4857449,34.7152128],[-114.4830307,34.7146414],[-114.4815383,34.7146186],[-114.4778271,34.7144768],[-114.4771065,34.7144448],[-114.4763481,34.71437],[-114.4756746,34.7142758],[-114.4741417,34.7140175],[-114.4731083,34.7137745],[-114.4727689,34.7136549],[-114.4720859,34.7132778],[-114.4714974,34.7128774],[-114.4712572,34.7126676],[-114.471036,34.7124035],[-114.4701368,34.7109598],[-114.4700075,34.7107339],[-114.4696422,34.7100499],[-114.4693566,34.7095508],[-114.4690398,34.7088173],[-114.4688229,34.7082269],[-114.4686242,34.7076187],[-114.4684683,34.7069674],[-114.4683962,34.7063544],[-114.4683178,34.7057933],[-114.4682603,34.7051772],[-114.4681766,34.7035554],[-114.4681413,34.7022216],[-114.4680497,34.7013083],[-114.4679971,34.7009176],[-114.4679446,34.7005626],[-114.4668555,34.6969386],[-114.4663215,34.6947541],[-114.4662052,34.6939972],[-114.4660179,34.6932287],[-114.4658745,34.6928077],[-114.4657336,34.6924643],[-114.4656791,34.6921525],[-114.4656158,34.6918402],[-114.4655401,34.6914907],[-114.4654492,34.6912256],[-114.4652582,34.6908861],[-114.4650676,34.6905909],[-114.4648793,34.6902632],[-114.4646897,34.6899384],[-114.4644917,34.6896138],[-114.4643534,34.6893394],[-114.4637325,34.6881281],[-114.4626961,34.68651],[-114.4608993,34.684255],[-114.4590818,34.6822352],[-114.4573325,34.6798137],[-114.4561029,34.6777585],[-114.4559611,34.6775632],[-114.4558284,34.6773637],[-114.4557051,34.6771601],[-114.4555914,34.6769527],[-114.4554873,34.676742],[-114.4553931,34.6765282],[-114.4553089,34.6763115],[-114.455232,34.6760833],[-114.4551662,34.6758527],[-114.4551115,34.6756202],[-114.4550681,34.6753861],[-114.4550361,34.6751507],[-114.4550155,34.6749145],[-114.4550063,34.6746778],[-114.4549442,34.6732763],[-114.4549234,34.6730605],[-114.4548927,34.6728455],[-114.4548523,34.6726316],[-114.4548021,34.6724191],[-114.4547422,34.6722083],[-114.4546727,34.6719995],[-114.4545937,34.671793],[-114.4545054,34.6715891],[-114.4544077,34.671388],[-114.4543004,34.6711891],[-114.4541839,34.6709937],[-114.4540586,34.6708021],[-114.4539245,34.6706144],[-114.453782,34.6704311],[-114.453631,34.6702523],[-114.453472,34.6700784],[-114.4533051,34.6699095],[-114.4531305,34.669746],[-114.4529486,34.669588],[-114.4519571,34.6687658],[-114.4517954,34.6686266],[-114.4516425,34.6684809],[-114.4514987,34.6683291],[-114.4513643,34.6681715],[-114.4512398,34.6680085],[-114.4511254,34.6678406],[-114.4510213,34.6676682],[-114.450928,34.6674917],[-114.4508456,34.6673115],[-114.4507743,34.6671282],[-114.4507143,34.6669421],[-114.4506658,34.6667538],[-114.4506288,34.6665638],[-114.4506036,34.6663724],[-114.45059,34.6661802],[-114.4505882,34.6659878],[-114.4505975,34.6658051],[-114.4506173,34.6656229],[-114.4506726,34.6654418],[-114.4507382,34.6652796],[-114.4508979,34.6649896],[-114.4511288,34.66465],[-114.4512628,34.6644512],[-114.4514697,34.6641978],[-114.451615,34.6640251],[-114.451754,34.6638845],[-114.451873,34.6637404],[-114.4521278,34.6634857],[-114.4541096,34.6619405],[-114.4569851,34.6599915],[-114.4574399,34.6595769],[-114.4577341,34.6591676],[-114.4579016,34.65884],[-114.4580472,34.6584927],[-114.4580803,34.6583837],[-114.4582203,34.6579228],[-114.4582117,34.6576668],[-114.4581412,34.6574209],[-114.458046,34.6571954],[-114.457889,34.6569698],[-114.457445,34.6565214],[-114.456902,34.6560729],[-114.4531632,34.6538623],[-114.452767,34.6536193],[-114.4523777,34.6533688],[-114.4519955,34.6531109],[-114.4516207,34.6528459],[-114.4512534,34.6525738],[-114.4509254,34.6523197],[-114.4506039,34.6520601],[-114.4502892,34.6517949],[-114.4499813,34.6515243],[-114.4496804,34.6512485],[-114.4493866,34.6509675],[-114.4475947,34.6492656],[-114.4469162,34.6483618],[-114.444666,34.6464838],[-114.4443883,34.646212],[-114.4441189,34.6459346],[-114.443858,34.6456518],[-114.4436057,34.6453637],[-114.4433622,34.6450705],[-114.4431277,34.6447725],[-114.4429022,34.6444697],[-114.442686,34.6441624],[-114.4424791,34.6438508],[-114.4422817,34.643535],[-114.442094,34.6432153],[-114.4419159,34.6428918],[-114.4417477,34.6425648],[-114.4415885,34.6422325],[-114.4414394,34.6418969],[-114.4413007,34.6415584],[-114.4411722,34.6412171],[-114.4410542,34.6408733],[-114.4409466,34.6405271],[-114.4408497,34.6401789],[-114.4407633,34.6398288],[-114.4406877,34.6394769],[-114.4406228,34.6391237],[-114.4405686,34.6387692],[-114.4405252,34.6384137],[-114.4404927,34.6380574],[-114.440471,34.6377006],[-114.4404602,34.6373434],[-114.4404602,34.6369861],[-114.4407804,34.6339812],[-114.4409777,34.6333223],[-114.4414722,34.6317542],[-114.4415775,34.6310171],[-114.4415213,34.6304396],[-114.4413357,34.6298887],[-114.4410748,34.6292407],[-114.4408222,34.6286555],[-114.4405611,34.6281869],[-114.4401866,34.627397],[-114.4399584,34.6266516],[-114.4393634,34.6247107],[-114.4385682,34.622007],[-114.4382829,34.621116],[-114.4376449,34.6197595],[-114.4369884,34.6190666],[-114.4361523,34.6184139],[-114.4346353,34.6173854],[-114.4313586,34.6159866],[-114.4303285,34.6155536],[-114.4299989,34.6153966],[-114.4296748,34.6152322],[-114.4293565,34.6150603],[-114.429044,34.6148812],[-114.4287378,34.614695],[-114.428438,34.6145019],[-114.4281449,34.6143019],[-114.4278586,34.6140953],[-114.4275795,34.6138821],[-114.4273077,34.6136627],[-114.4270435,34.613437],[-114.4267871,34.6132054],[-114.4265385,34.612968],[-114.4262982,34.612725],[-114.426061,34.6124708],[-114.4258327,34.6122112],[-114.4256135,34.6119463],[-114.4254036,34.6116763],[-114.4252031,34.6114015],[-114.4250123,34.6111222],[-114.4248312,34.6108384],[-114.42466,34.6105505],[-114.4244989,34.6102587],[-114.424348,34.6099633],[-114.4242074,34.6096644],[-114.4240772,34.6093623],[-114.4239576,34.6090573],[-114.4238486,34.6087496],[-114.4237503,34.6084395],[-114.4236628,34.6081271],[-114.4235862,34.6078129],[-114.4235205,34.607497],[-114.4234658,34.6071796],[-114.4234015,34.6068791],[-114.4233456,34.6065775],[-114.4232982,34.6062749],[-114.4232594,34.6059715],[-114.423229,34.6056674],[-114.4232072,34.6053629],[-114.4231937,34.6050513],[-114.4231892,34.6047395],[-114.4231936,34.6044278],[-114.4232069,34.6041162],[-114.4232292,34.6038049],[-114.4232603,34.6034942],[-114.4233945,34.6029643],[-114.4234985,34.6027474],[-114.4236125,34.6025339],[-114.4237361,34.6023242],[-114.4238693,34.6021184],[-114.4240118,34.6019169],[-114.4241635,34.60172],[-114.4243241,34.6015279],[-114.4245012,34.6013326],[-114.4246876,34.6011432],[-114.4248829,34.6009599],[-114.4250868,34.6007832],[-114.4252991,34.6006132],[-114.4255193,34.6004503],[-114.4257472,34.6002946],[-114.4259823,34.6001465],[-114.4262244,34.6000061],[-114.426473,34.5998736],[-114.4267277,34.5997494],[-114.4269882,34.5996335],[-114.4348021,34.5963926],[-114.4349671,34.5963238],[-114.4351267,34.5962466],[-114.4352801,34.5961615],[-114.4354268,34.5960687],[-114.4355662,34.5959686],[-114.4356978,34.5958615],[-114.4358211,34.595748],[-114.4359356,34.5956283],[-114.4360409,34.5955031],[-114.4361365,34.5953727],[-114.4362222,34.5952377],[-114.4362975,34.5950986],[-114.4363598,34.5949615],[-114.4364121,34.5948216],[-114.4364542,34.5946793],[-114.436486,34.5945353],[-114.4365072,34.59439],[-114.4365179,34.5942438],[-114.436518,34.5940974],[-114.4365074,34.5939513],[-114.4364864,34.5938059],[-114.4364548,34.5936619],[-114.4364128,34.5935196],[-114.4363607,34.5933797],[-114.4362984,34.5932425],[-114.4362264,34.5931087],[-114.4361448,34.5929786],[-114.436054,34.5928528],[-114.4355737,34.5922224],[-114.435186,34.5917168],[-114.4347912,34.5912151],[-114.4343891,34.5907172],[-114.43398,34.5902233],[-114.4335257,34.589689],[-114.4330631,34.5891596],[-114.4325923,34.5886351],[-114.4321133,34.5881156],[-114.4316263,34.5876013],[-114.4311313,34.5870921],[-114.4306284,34.5865882],[-114.4301177,34.5860896],[-114.4292593,34.5853477],[-114.4237233,34.5798711],[-114.4234532,34.5795826],[-114.4231771,34.5792979],[-114.4228952,34.5790172],[-114.4226075,34.5787404],[-114.422244,34.5784042],[-114.4218721,34.5780744],[-114.4214917,34.5777511],[-114.4036338,34.5638906],[-114.4033787,34.5636987],[-114.4031315,34.5635],[-114.4028924,34.5632947],[-114.4026616,34.563083],[-114.4024394,34.5628651],[-114.4022261,34.5626414],[-114.4020219,34.5624119],[-114.4018269,34.5621771],[-114.4016415,34.561937],[-114.4014658,34.5616921],[-114.4013,34.5614425],[-114.4011431,34.5611866],[-114.4009966,34.5609266],[-114.4008608,34.5606627],[-114.4007356,34.5603952],[-114.4006213,34.5601244],[-114.400518,34.5598506],[-114.4004258,34.5595742],[-114.4003448,34.5592954],[-114.4002751,34.5590145],[-114.4002168,34.5587319],[-114.4001699,34.5584479],[-114.4001345,34.5581627],[-114.4001107,34.5578767],[-114.4001229,34.5573752],[-114.4001373,34.5571596],[-114.4001416,34.5569437],[-114.4001357,34.5567278],[-114.4001198,34.5565122],[-114.4000941,34.5562997],[-114.4000586,34.5560881],[-114.4000133,34.5558778],[-114.3999583,34.555669],[-114.3998936,34.5554622],[-114.3998194,34.5552575],[-114.398253,34.5511575],[-114.3981468,34.5509814],[-114.3980335,34.5508083],[-114.3979132,34.5506384],[-114.397786,34.550472],[-114.3976522,34.5503092],[-114.3974994,34.5501367],[-114.3973392,34.549969],[-114.3971716,34.5498062],[-114.3969969,34.5496485],[-114.3968153,34.5494962],[-114.3959999,34.5488246],[-114.3957765,34.5485825],[-114.3955618,34.548335],[-114.3953562,34.5480823],[-114.3951879,34.5478627],[-114.3950264,34.5476396],[-114.3948718,34.5474133],[-114.3947242,34.5471837],[-114.3945837,34.5469512],[-114.3868804,34.5327402],[-114.3866919,34.5324822],[-114.3864967,34.5322275],[-114.3862949,34.5319764],[-114.3860866,34.5317289],[-114.3858719,34.5314852],[-114.3856385,34.5312321],[-114.3853981,34.5309834],[-114.3851509,34.5307393],[-114.384897,34.5304999],[-114.3839163,34.5297238],[-114.3836997,34.5295584],[-114.3834902,34.5293868],[-114.383288,34.5292093],[-114.3830935,34.5290262],[-114.3829068,34.5288375],[-114.3827282,34.5286437],[-114.382558,34.5284448],[-114.3823962,34.5282411],[-114.3822431,34.528033],[-114.3820989,34.5278206],[-114.3819638,34.5276041],[-114.3818379,34.527384],[-114.3817212,34.5271601],[-114.3816141,34.526933],[-114.3815167,34.5267029],[-114.3814291,34.5264702],[-114.3813513,34.5262352],[-114.3812835,34.525998],[-114.3812259,34.5257591],[-114.3811783,34.5255186],[-114.381141,34.5252769],[-114.3811138,34.5250343],[-114.381097,34.524791],[-114.3810905,34.5245474],[-114.3810943,34.5243038],[-114.3811083,34.5240604],[-114.381588,34.5133006],[-114.3841232,34.4564119],[-114.3841065,34.4558193],[-114.384014,34.4552638],[-114.3839263,34.4549492],[-114.3838272,34.4546368],[-114.3837169,34.454327],[-114.3835954,34.4540201],[-114.383463,34.4537163],[-114.3833196,34.4534159],[-114.3831655,34.4531191],[-114.3830008,34.4528262],[-114.3828255,34.4525375],[-114.38264,34.4522532],[-114.3824442,34.4519736],[-114.3822385,34.4516989],[-114.3820229,34.4514294],[-114.3817977,34.4511652],[-114.3815631,34.4509068],[-114.3813192,34.4506541],[-114.3810664,34.4504076],[-114.3808048,34.4501674],[-114.3805346,34.4499337],[-114.3802562,34.4497068],[-114.3799696,34.4494867],[-114.3796753,34.4492738],[-114.3793734,34.4490682],[-114.3790642,34.4488701],[-114.378748,34.4486797],[-114.3784247,34.4484969],[-114.3780949,34.448322],[-114.377759,34.4481554],[-114.3774171,34.4479971],[-114.3770698,34.4478473],[-114.3767171,34.447706],[-114.3763595,34.4475735],[-114.3759973,34.4474498],[-114.3756308,34.4473351],[-114.3752603,34.4472294],[-114.3748862,34.4471329],[-114.3745087,34.4470456],[-114.3741282,34.4469676],[-114.3737451,34.4468989],[-114.3733597,34.4468398],[-114.3729723,34.4467901],[-114.3725833,34.4467499],[-114.3721931,34.4467193],[-114.3718018,34.4466983],[-114.3714101,34.446687],[-114.371018,34.4466852],[-114.3706261,34.4466931],[-114.3702346,34.4467106],[-114.369844,34.4467377],[-114.3694545,34.4467744],[-114.3690665,34.4468206],[-114.3686803,34.4468764],[-114.3511964,34.4497414],[-114.3506297,34.4498306],[-114.350061,34.4499104],[-114.3494905,34.4499807],[-114.3489183,34.4500415],[-114.3483448,34.4500926],[-114.3477701,34.4501342],[-114.3471946,34.4501662],[-114.3466183,34.4501886],[-114.3460416,34.4502014],[-114.3454648,34.4502045],[-114.3448879,34.450198],[-114.3443114,34.4501819],[-114.3437354,34.4501561],[-114.3431601,34.4501207],[-114.3425858,34.4500758],[-114.3420127,34.4500212],[-114.3414411,34.4499572],[-114.3408711,34.4498835],[-114.3403031,34.4498004],[-114.3397373,34.4497078],[-114.3391738,34.4496058],[-114.338613,34.4494944],[-114.338055,34.4493737],[-114.3375001,34.4492436],[-114.3369485,34.4491043],[-114.3364078,34.448958],[-114.3358708,34.4488027],[-114.3353376,34.4486386],[-114.3348085,34.4484658],[-114.3342837,34.4482843],[-114.3337635,34.4480942],[-114.3332479,34.4478956],[-114.3327372,34.4476885],[-114.3322317,34.4474731],[-114.3317314,34.4472493],[-114.3312367,34.4470174],[-114.3307477,34.4467773],[-114.3302646,34.4465293],[-114.3297876,34.4462734],[-114.3293169,34.4460096],[-114.3288527,34.4457382],[-114.3283952,34.4454591],[-114.3279445,34.4451726],[-114.3275008,34.4448787],[-114.3270643,34.4445776],[-114.3266353,34.4442693],[-114.3262137,34.443954],[-114.3257999,34.4436319],[-114.325394,34.4433029],[-114.3249961,34.4429674],[-114.3246064,34.4426254],[-114.3242251,34.442277],[-114.3238523,34.4419224],[-114.3234882,34.4415618],[-114.3231328,34.4411952],[-114.3227864,34.4408229],[-114.3220768,34.4402062],[-114.3213592,34.4395959],[-114.3206335,34.4389921],[-114.3199,34.4383948],[-114.3191586,34.4378041],[-114.3184094,34.4372201],[-114.3176527,34.4366429],[-114.3168883,34.4360724],[-114.3161166,34.4355088],[-114.3153374,34.4349522],[-114.3145509,34.4344026],[-114.3137573,34.43386],[-114.3129565,34.4333246],[-114.3121488,34.4327964],[-114.3113341,34.4322754],[-114.3105126,34.4317618],[-114.3097072,34.4312693],[-114.3088954,34.4307839],[-114.3080775,34.4303055],[-114.3072535,34.4298343],[-114.3064235,34.4293703],[-114.3055877,34.4289136],[-114.304746,34.4284641],[-114.3038986,34.428022],[-114.3030456,34.4275874],[-114.3021871,34.4271601],[-114.3017776,34.4269852],[-114.3013737,34.4268017],[-114.3009756,34.4266098],[-114.3005835,34.4264097],[-114.3001976,34.4262015],[-114.2998183,34.4259852],[-114.2994457,34.4257611],[-114.2990802,34.4255293],[-114.2987219,34.4252899],[-114.2983711,34.425043],[-114.2980279,34.424789],[-114.2976927,34.4245278],[-114.2973656,34.4242597],[-114.2970468,34.4239849],[-114.2967366,34.4237035],[-114.2964352,34.4234157],[-114.2961427,34.4231216],[-114.2958593,34.4228216],[-114.2955852,34.4225157],[-114.2953206,34.4222042],[-114.2950735,34.4218973],[-114.2948356,34.4215854],[-114.2946071,34.4212689],[-114.294388,34.4209478],[-114.2941786,34.4206223],[-114.2939789,34.4202927],[-114.2937891,34.4199592],[-114.2936093,34.4196219],[-114.2934396,34.4192811],[-114.29328,34.418937],[-114.2931308,34.4185897],[-114.2929919,34.4182395],[-114.2928635,34.4178866],[-114.2927457,34.4175312],[-114.2920906,34.4145816],[-114.2913431,34.4112122],[-114.2912826,34.4109019],[-114.2912111,34.4105933],[-114.2911287,34.4102865],[-114.2910355,34.4099818],[-114.2909315,34.4096795],[-114.2908168,34.4093798],[-114.2906915,34.409083],[-114.2905558,34.4087894],[-114.2904097,34.4084992],[-114.2902534,34.4082126],[-114.290087,34.40793],[-114.2899106,34.4076514],[-114.2897244,34.4073773],[-114.2895286,34.4071077],[-114.2893233,34.406843],[-114.2891087,34.4065834],[-114.288885,34.406329],[-114.2886524,34.4060802],[-114.288411,34.4058371],[-114.2881612,34.4055999],[-114.287903,34.4053689],[-114.2876367,34.4051441],[-114.2873626,34.4049259],[-114.2870809,34.4047145],[-114.2867871,34.4045067],[-114.286486,34.4043062],[-114.2861779,34.4041132],[-114.2858629,34.4039279],[-114.2855413,34.4037503],[-114.2852136,34.4035808],[-114.2848798,34.4034193],[-114.2845404,34.4032661],[-114.2841956,34.4031212],[-114.2838458,34.4029849],[-114.2834912,34.4028573],[-114.2831321,34.4027384],[-114.282769,34.4026283],[-114.282402,34.4025272],[-114.2820315,34.4024351],[-114.2816579,34.4023522],[-114.2812815,34.4022785],[-114.2809026,34.402214],[-114.2805215,34.4021588],[-114.2801386,34.4021131],[-114.2797543,34.4020767],[-114.2793687,34.4020498],[-114.2789824,34.4020323],[-114.2785957,34.4020243],[-114.2782088,34.4020258],[-114.2778221,34.4020368],[-114.277436,34.4020573],[-114.2770508,34.4020872],[-114.2766669,34.4021266],[-114.2762845,34.4021753],[-114.2759041,34.4022334],[-114.275526,34.4023008],[-114.2751504,34.4023775],[-114.2747727,34.4024685],[-114.2743918,34.40255],[-114.2740082,34.4026221],[-114.2736221,34.4026846],[-114.2732339,34.4027375],[-114.2728439,34.4027807],[-114.2724526,34.4028143],[-114.2720601,34.4028381],[-114.271667,34.4028521],[-114.2712736,34.4028564],[-114.2708802,34.4028509],[-114.2704872,34.4028357],[-114.2700949,34.4028107],[-114.2697037,34.402776],[-114.2693139,34.4027316],[-114.2689307,34.4026782],[-114.2685496,34.4026155],[-114.2681709,34.4025435],[-114.267795,34.4024622],[-114.2674222,34.4023718],[-114.2670527,34.4022722],[-114.2666871,34.4021636],[-114.2663255,34.4020461],[-114.2659683,34.4019198],[-114.2656158,34.4017848],[-114.2652684,34.4016412],[-114.2649262,34.4014892],[-114.2645897,34.4013288],[-114.2642591,34.4011602],[-114.2639347,34.4009837],[-114.2636168,34.4007992],[-114.2633057,34.400607],[-114.2363978,34.3777646],[-114.2356638,34.3770237],[-114.2350681,34.3763483],[-114.2346536,34.375827],[-114.2342488,34.3753005],[-114.2338537,34.3747689],[-114.2334686,34.3742325],[-114.2330933,34.3736913],[-114.2327615,34.373196],[-114.2325656,34.3728941],[-114.232438,34.372697],[-114.2321229,34.3721943],[-114.2318162,34.3716881],[-114.2315181,34.3711784],[-114.2312285,34.3706654],[-114.230709,34.3695871],[-114.2305733,34.3693112],[-114.2304268,34.3690391],[-114.2302697,34.3687711],[-114.2301021,34.3685074],[-114.2299243,34.3682483],[-114.2297363,34.3679942],[-114.2295384,34.3677452],[-114.2293309,34.3675016],[-114.2291139,34.3672638],[-114.2288876,34.3670318],[-114.2286571,34.3668105],[-114.2284182,34.3665953],[-114.2281711,34.3663865],[-114.227916,34.3661843],[-114.2276533,34.3659889],[-114.2273832,34.3658004],[-114.227106,34.3656192],[-114.2268219,34.3654454],[-114.2265312,34.3652791],[-114.2262343,34.3651205],[-114.2259315,34.3649698],[-114.2256229,34.3648271],[-114.2253091,34.3646927],[-114.2249902,34.3645665],[-114.2246666,34.3644487],[-114.2243386,34.3643396],[-114.2112065,34.360797],[-114.2104497,34.3605477],[-114.2096886,34.3603075],[-114.2089234,34.3600764],[-114.2081542,34.3598544],[-114.2073812,34.3596417],[-114.2066045,34.3594383],[-114.2058243,34.3592441],[-114.2050409,34.3590593],[-114.2042542,34.3588839],[-114.2034918,34.3587235],[-114.2027268,34.3585719],[-114.2019593,34.3584291],[-114.2011894,34.3582952],[-114.2004174,34.3581702],[-114.1973688,34.3578946],[-114.194305,34.357754],[-114.1938597,34.3577413],[-114.193415,34.3577192],[-114.1929711,34.357688],[-114.1925282,34.3576476],[-114.1920868,34.357598],[-114.1916469,34.3575392],[-114.191209,34.3574714],[-114.1907734,34.3573944],[-114.1903401,34.3573085],[-114.1899097,34.3572136],[-114.1894823,34.3571098],[-114.1890581,34.3569972],[-114.1886375,34.3568758],[-114.1882208,34.3567457],[-114.1878081,34.356607],[-114.1873998,34.3564598],[-114.1869961,34.3563042],[-114.1865973,34.3561402],[-114.1862036,34.3559681],[-114.1858153,34.3557878],[-114.1854325,34.3555995],[-114.1850556,34.3554033],[-114.1846848,34.3551994],[-114.1843212,34.3549883],[-114.183964,34.3547698],[-114.1836136,34.3545439],[-114.1832702,34.3543109],[-114.182934,34.3540708],[-114.1826051,34.3538238],[-114.1822839,34.3535701],[-114.1819705,34.3533098],[-114.181665,34.3530431],[-114.1813678,34.3527702],[-114.181079,34.3524912],[-114.1807987,34.3522064],[-114.1805271,34.3519158],[-114.1802645,34.3516196],[-114.1800109,34.3513182],[-114.1797666,34.3510116],[-114.1795317,34.3507],[-114.1793063,34.3503836],[-114.1790906,34.3500627],[-114.1788847,34.3497374],[-114.1786887,34.349408],[-114.1785028,34.3490746],[-114.1783271,34.3487374],[-114.1781617,34.3483967],[-114.1777487,34.3475493],[-114.1773251,34.3467054],[-114.1768909,34.3458653],[-114.1764461,34.3450288],[-114.1759908,34.3441963],[-114.1755251,34.3433677],[-114.1750489,34.3425431],[-114.1745624,34.3417226],[-114.1740656,34.3409064],[-114.1735585,34.3400944],[-114.1730412,34.3392869],[-114.1725137,34.3384838],[-114.1719762,34.3376853],[-114.1714287,34.3368915],[-114.1708712,34.3361024],[-114.1703037,34.3353181],[-114.1697265,34.3345387],[-114.1691394,34.3337643],[-114.1685426,34.332995],[-114.1679362,34.3322308],[-114.1673201,34.3314719],[-114.1666946,34.3307183],[-114.1660596,34.3299702],[-114.16543,34.3292444],[-114.1647915,34.3285239],[-114.1641442,34.3278088],[-114.1634881,34.3270991],[-114.1628233,34.326395],[-114.1621499,34.3256966],[-114.1614679,34.3250038],[-114.1607774,34.3243167],[-114.1600785,34.3236355],[-114.1593713,34.3229601],[-114.1586558,34.3222908],[-114.1579321,34.3216275],[-114.1572002,34.3209702],[-114.1564603,34.3203192],[-114.1475201,34.3120357],[-114.147093,34.3116351],[-114.1466589,34.3112396],[-114.1462179,34.3108493],[-114.1461341,34.3107773],[-114.1457702,34.3104642],[-114.1453158,34.3100846],[-114.1448548,34.3097104],[-114.1443873,34.3093417],[-114.1438756,34.3089501],[-114.1433565,34.3085651],[-114.1428303,34.3081868],[-114.142297,34.3078154],[-114.1417568,34.3074508],[-114.1412097,34.3070933],[-114.140656,34.3067428],[-114.1400958,34.3063995],[-114.1398889,34.3062839],[-114.1396887,34.3061607],[-114.1394956,34.3060299],[-114.13931,34.305892],[-114.1391322,34.3057471],[-114.1389628,34.3055956],[-114.1388019,34.3054378],[-114.1386501,34.3052741],[-114.1385075,34.3051048],[-114.1383745,34.3049302],[-114.1382514,34.3047508],[-114.1381384,34.3045668],[-114.1380358,34.3043788],[-114.1379438,34.304187],[-114.1378626,34.303992],[-114.1377923,34.303794],[-114.1377332,34.3035936],[-114.1376853,34.3033911],[-114.1376487,34.303187],[-114.1376235,34.3029818],[-114.1376099,34.3027758],[-114.1376077,34.3025695],[-114.137617,34.3023634],[-114.1376378,34.3021578],[-114.1376701,34.3019532],[-114.1377137,34.3017501],[-114.1377686,34.3015489],[-114.1379751,34.3009304],[-114.1381278,34.3004729],[-114.1392634,34.2970716],[-114.1393693,34.2967236],[-114.1394375,34.2964803],[-114.139465,34.2962775],[-114.1394724,34.2962225],[-114.139438,34.2959259],[-114.1393687,34.2954697],[-114.1393317,34.295266],[-114.1393144,34.2951703],[-114.1392466,34.2946795],[-114.1392116,34.2942189],[-114.1388514,34.2930478],[-114.1386733,34.2919059],[-114.1385951,34.2914399],[-114.13836,34.2904417],[-114.138291,34.289981],[-114.1382645,34.2895795],[-114.1381009,34.2887909],[-114.137848,34.2880228],[-114.1377872,34.2876884],[-114.1376663,34.2871855],[-114.1375704,34.2869023],[-114.1374494,34.2864356],[-114.1372934,34.2860472],[-114.1371712,34.2855511],[-114.1370146,34.2851246],[-114.1369015,34.2846986],[-114.1367895,34.2844033],[-114.1362775,34.2826145],[-114.1361031,34.2821261],[-114.1359562,34.2816326],[-114.1356957,34.2805946],[-114.1356262,34.2801943],[-114.1356511,34.2797876],[-114.1361726,34.2787706],[-114.1363982,34.278428],[-114.1365544,34.2781025],[-114.136616,34.2777233],[-114.1367465,34.2771603],[-114.136772,34.2767087],[-114.1367553,34.2755289],[-114.1361561,34.2726299],[-114.1353314,34.2704305],[-114.1325359,34.2653034],[-114.1317625,34.2641405],[-114.1314655,34.2637575],[-114.1313381,34.2635932],[-114.1309473,34.2626893],[-114.1307816,34.2619386],[-114.1307989,34.2616616],[-114.1308514,34.261342],[-114.1310776,34.2609724],[-114.1312423,34.2607509],[-114.1313727,34.2604531],[-114.1315554,34.2598287],[-114.1317892,34.2593655],[-114.1319708,34.2590286],[-114.1321798,34.2587431],[-114.132761,34.2583454],[-114.133109,34.2582112],[-114.1337078,34.2581249],[-114.1341413,34.2579835],[-114.1345578,34.2579062],[-114.1348879,34.2578024],[-114.135183,34.2577385],[-114.1354872,34.257709],[-114.135817,34.2576455],[-114.1361557,34.2576906],[-114.1367897,34.2578332],[-114.1370669,34.2579186],[-114.1374402,34.2580738],[-114.1378573,34.2581804],[-114.1383953,34.2583701],[-114.1388464,34.2585039],[-114.1392886,34.2585743],[-114.1401666,34.2586741],[-114.1405389,34.2587979],[-114.1417636,34.2591811],[-114.1421627,34.2592552],[-114.142501,34.2593784],[-114.1429002,34.2594793],[-114.1443583,34.2596329],[-114.1448012,34.2596404],[-114.1452785,34.2596234],[-114.1460081,34.2595508],[-114.1464157,34.2594839],[-114.1469374,34.2594458],[-114.147787,34.2593325],[-114.1483171,34.2591824],[-114.1488207,34.2590866],[-114.1496632,34.2588494],[-114.1501319,34.2587377],[-114.1505485,34.2585951],[-114.1510605,34.2585223],[-114.151494,34.2583721],[-114.1522413,34.2581728],[-114.1525542,34.258061],[-114.152823,34.258013],[-114.1532654,34.2578522],[-114.1536294,34.2577868],[-114.1539337,34.2577998],[-114.1544372,34.257906],[-114.1555918,34.2582369],[-114.1561128,34.2582995],[-114.1566946,34.2584585],[-114.1572843,34.2585576],[-114.1578484,34.2587086],[-114.1583693,34.2588183],[-114.1589074,34.2589068],[-114.1594462,34.2590695],[-114.1599498,34.2591644],[-114.1603404,34.2593075],[-114.1611133,34.2594757],[-114.1614599,34.2595346],[-114.1618678,34.2595262],[-114.1624504,34.2594651],[-114.1635787,34.2595832],[-114.1638734,34.2595709],[-114.1645851,34.2596022],[-114.1648112,34.2595605],[-114.1649588,34.2595598],[-114.1651327,34.2595255],[-114.1652623,34.2594204],[-114.1653405,34.2591453],[-114.1653486,34.258935],[-114.1651579,34.2582612],[-114.1648198,34.2576037],[-114.1644641,34.2569918],[-114.1642903,34.2565751],[-114.164004,34.2561366],[-114.1636905,34.2554673],[-114.1635005,34.2546836],[-114.1634822,34.2542534],[-114.1634394,34.2538867],[-114.1634649,34.2534509],[-114.1635605,34.2528787],[-114.1636734,34.2525391],[-114.1638818,34.252177],[-114.1641857,34.251721],[-114.1646807,34.2512539],[-114.1650887,34.2508323],[-114.1654883,34.2504774],[-114.1658261,34.2502593],[-114.1660775,34.2500151],[-114.1665647,34.2496531],[-114.1668588,34.2494927],[-114.1672063,34.249428],[-114.1679181,34.2492641],[-114.1686819,34.2490322],[-114.1690999,34.2488786],[-114.1707833,34.2484866],[-114.1719118,34.2481128],[-114.1721891,34.2480322],[-114.1727459,34.2479221],[-114.1737176,34.2476918],[-114.1742034,34.2475408],[-114.1744113,34.2474055],[-114.1746722,34.2471886],[-114.1751936,34.2467033],[-114.1754369,34.2464203],[-114.1757655,34.2459771],[-114.1758875,34.2457076],[-114.1759397,34.2454803],[-114.1759222,34.2449537],[-114.1758699,34.2444761],[-114.1758875,34.2433034],[-114.175922,34.2429107],[-114.1760443,34.2422148],[-114.1760957,34.2420343],[-114.1763908,34.2413823],[-114.1768252,34.2408415],[-114.1770516,34.2406313],[-114.1773279,34.2404063],[-114.1779874,34.239929],[-114.1782659,34.2396844],[-114.178874,34.2391943],[-114.1802105,34.2382313],[-114.1808525,34.2378606],[-114.1818077,34.237245],[-114.1823803,34.2368377],[-114.1834567,34.2360088],[-114.1851067,34.2348126],[-114.1854712,34.2344979],[-114.1857662,34.2342971],[-114.1865121,34.2337067],[-114.1868596,34.2334109],[-114.1872072,34.233077],[-114.1874686,34.2328691],[-114.1876764,34.2326799],[-114.189257,34.2316294],[-114.1899685,34.2311083],[-114.1902815,34.230857],[-114.1906448,34.230623],[-114.1916529,34.2298679],[-114.1918428,34.2297446],[-114.1932846,34.2284929],[-114.1937011,34.2280451],[-114.1941515,34.2276622],[-114.194482,34.2273382],[-114.1955934,34.2264175],[-114.1962698,34.2257998],[-114.1970866,34.2249832],[-114.1976077,34.2244239],[-114.1980239,34.2240342],[-114.1983714,34.2237381],[-114.1987698,34.2233405],[-114.1994993,34.2227491],[-114.200055,34.222246],[-114.2008713,34.2216382],[-114.2019305,34.2207586],[-114.2025033,34.2202363],[-114.2027461,34.2199668],[-114.2052464,34.2178485],[-114.2061845,34.2169421],[-114.2069479,34.2162294],[-114.2073132,34.2159302],[-114.2079382,34.2152793],[-114.2081976,34.2150422],[-114.2085802,34.2146544],[-114.2092221,34.2139669],[-114.2103153,34.2127438],[-114.2105934,34.2124091],[-114.2109408,34.21203],[-114.2112533,34.2117451],[-114.211513,34.2114295],[-114.212035,34.2110045],[-114.2129032,34.2103623],[-114.2131977,34.2101839],[-114.2135966,34.2099073],[-114.2139615,34.2097226],[-114.2143778,34.2094765],[-114.2148643,34.2091547],[-114.2152634,34.2089681],[-114.2159756,34.2085886],[-114.2167916,34.2080636],[-114.2172086,34.2079008],[-114.2175558,34.2077169],[-114.2179548,34.2075684],[-114.2183366,34.2073939],[-114.2189278,34.2070796],[-114.2194476,34.206859],[-114.2205947,34.2062952],[-114.2218789,34.2056402],[-114.2223126,34.2054807],[-114.2225607,34.2053535],[-114.2231805,34.2050359],[-114.2235454,34.2048693],[-114.2241013,34.2045546],[-114.2247256,34.2041124],[-114.2249856,34.2038572],[-114.2254376,34.2032726],[-114.2257676,34.2026095],[-114.2258716,34.2022846],[-114.225907,34.2019974],[-114.2259589,34.2007353],[-114.2259582,34.2002637],[-114.2259242,34.199958],[-114.2257853,34.199333],[-114.2255723,34.1986381],[-114.2253681,34.1979718],[-114.2252814,34.1975051],[-114.2251601,34.1970385],[-114.2248989,34.1962182],[-114.224813,34.1957225],[-114.2247961,34.195315],[-114.2248469,34.193956],[-114.2249339,34.1931787],[-114.2250207,34.192579],[-114.2251771,34.1920784],[-114.2253681,34.1913738],[-114.2255074,34.1909573],[-114.2258188,34.1903421],[-114.2261154,34.1898198],[-114.2263057,34.1894296],[-114.2265317,34.189053],[-114.2267922,34.188771],[-114.2271568,34.1884695],[-114.2275907,34.1881303],[-114.2283029,34.1876361],[-114.2286354,34.1873423],[-114.2295697,34.1868991],[-114.2299168,34.1867422],[-114.2306462,34.186357],[-114.2309581,34.1861527],[-114.2318261,34.1858312],[-114.2327639,34.1856698],[-114.2333542,34.1855416],[-114.2339449,34.1852676],[-114.2343957,34.1851789],[-114.2354547,34.1848939],[-114.2358202,34.184745],[-114.2372783,34.1843066],[-114.2380423,34.1841349],[-114.2383896,34.1840769],[-114.2387709,34.1840369],[-114.2391356,34.1839735],[-114.23983,34.1837586],[-114.2402292,34.1835581],[-114.2406286,34.1833175],[-114.2409066,34.1831018],[-114.2411669,34.1828692],[-114.2417401,34.1822593],[-114.2422784,34.1815863],[-114.2429206,34.1808312],[-114.2433543,34.1803638],[-114.243754,34.1799976],[-114.2443968,34.1794759],[-114.2451953,34.1789518],[-114.2455264,34.1787713],[-114.2459251,34.1785865],[-114.2465841,34.178223],[-114.2470191,34.1780522],[-114.247418,34.1778542],[-114.2483033,34.1773501],[-114.2485981,34.1772207],[-114.2489805,34.1770081],[-114.249762,34.1764828],[-114.2505784,34.1760384],[-114.2511498,34.1758505],[-114.2516542,34.1754738],[-114.252062,34.1752649],[-114.252418,34.1749203],[-114.2529216,34.1746197],[-114.2534168,34.1744331],[-114.2541458,34.1741981],[-114.2548054,34.1738726],[-114.2555606,34.1735947],[-114.2561766,34.1734098],[-114.2567593,34.1732902],[-114.2574265,34.1730933],[-114.2579473,34.1728904],[-114.2594148,34.1725692],[-114.259996,34.1724605],[-114.2605874,34.1722312],[-114.2625051,34.171828],[-114.2638946,34.1715055],[-114.2647533,34.1712326],[-114.2666286,34.1707677],[-114.2672613,34.1706694],[-114.2677921,34.1705437],[-114.2686079,34.1703934],[-114.2698355,34.1701248],[-114.2711944,34.1699324],[-114.2727578,34.1694138],[-114.2737965,34.1691121],[-114.2741193,34.1690383],[-114.2748213,34.1688779],[-114.2770837,34.1686549],[-114.2771616,34.1686473],[-114.2809898,34.168372],[-114.2849062,34.1681222],[-114.2877748,34.1682967],[-114.2900826,34.1683239],[-114.2930353,34.1666847],[-114.295652,34.1632992],[-114.2984946,34.1598994],[-114.2986694,34.1596908],[-114.2998855,34.1585293],[-114.3004427,34.1579971],[-114.3021915,34.1563274],[-114.3039219,34.1545707],[-114.304772,34.1537649],[-114.3051369,34.1535281],[-114.3057185,34.1529321],[-114.3061099,34.1525806],[-114.3064133,34.1522071],[-114.3067524,34.1518654],[-114.3070899,34.1514336],[-114.3078198,34.1506551],[-114.3081313,34.1502259],[-114.3084007,34.1499558],[-114.3086699,34.1495572],[-114.3089038,34.1493181],[-114.3092078,34.1489647],[-114.3095204,34.1487066],[-114.3098762,34.148285],[-114.310137,34.1480209],[-114.310423,34.1476438],[-114.3110828,34.1468468],[-114.3114214,34.146305],[-114.3117687,34.1456338],[-114.3121765,34.1450028],[-114.3126986,34.1445909],[-114.3130365,34.1443773],[-114.314069,34.1435819],[-114.3148774,34.1430218],[-114.3154332,34.1426731],[-114.3159708,34.1422893],[-114.3164485,34.1419776],[-114.318141,34.1407377],[-114.3186099,34.1404592],[-114.3190778,34.1401241],[-114.3194608,34.1399067],[-114.3197732,34.1395989],[-114.3200943,34.1393793],[-114.3209966,34.1388376],[-114.3218819,34.1381844],[-114.3223855,34.1378565],[-114.3232284,34.1372633],[-114.3236352,34.136998],[-114.3241218,34.1367926],[-114.3245212,34.136574],[-114.3248589,34.1364139],[-114.3255973,34.1361253],[-114.325954,34.1360048],[-114.3262313,34.1359616],[-114.3268999,34.135733],[-114.3273767,34.1356411],[-114.3277942,34.1355183],[-114.3282369,34.1354285],[-114.3286271,34.1352699],[-114.329053,34.1351588],[-114.3294948,34.1351274],[-114.3299209,34.1350276],[-114.3321524,34.1347306],[-114.3329936,34.1345837],[-114.3335667,34.1345258],[-114.3348348,34.134351],[-114.3362836,34.1342182],[-114.3368314,34.1341159],[-114.3373343,34.1341223],[-114.3378724,34.1340215],[-114.3386117,34.1339824],[-114.3393219,34.1339448],[-114.3403726,34.1338108],[-114.3408154,34.1337995],[-114.341215,34.1338639],[-114.3422735,34.1339952],[-114.3427942,34.1341176],[-114.3432891,34.134202],[-114.3438449,34.1342572],[-114.3443658,34.1343393],[-114.3447744,34.1343838],[-114.3451383,34.1343739],[-114.3454688,34.1344174],[-114.3458855,34.134382],[-114.3466226,34.1343556],[-114.3473599,34.1342082],[-114.3481858,34.134094],[-114.3485927,34.1339816],[-114.3490092,34.1338967],[-114.3494788,34.1338334],[-114.3497822,34.1337719],[-114.3501382,34.1336691],[-114.3505032,34.1335873],[-114.3508336,34.1335388],[-114.3512091,34.1335075],[-114.3517964,34.1332996],[-114.3526555,34.1330442],[-114.3534194,34.1326627],[-114.3537322,34.1325233],[-114.3545835,34.1319506],[-114.3549046,34.1317935],[-114.3552598,34.1315696],[-114.3559635,34.1309055],[-114.3562585,34.1305964],[-114.3577411,34.1285686],[-114.3599303,34.1242671],[-114.3601828,34.1239641],[-114.3604074,34.1237622],[-114.3606516,34.1234605],[-114.3611718,34.1230076],[-114.3614065,34.1228245],[-114.3617795,34.1225681],[-114.3620751,34.1223308],[-114.3623088,34.1221205],[-114.3624828,34.121922],[-114.3630296,34.1213813],[-114.3633853,34.1210722],[-114.3637411,34.1207111],[-114.3640113,34.1205103],[-114.3646091,34.1199577],[-114.3649747,34.1196445],[-114.3653043,34.11943],[-114.3656163,34.1191759],[-114.3660241,34.1189263],[-114.3671363,34.1183472],[-114.3674485,34.1182617],[-114.3678562,34.1181176],[-114.3683158,34.1178985],[-114.3690713,34.1176266],[-114.3697309,34.1174331],[-114.3703304,34.117298],[-114.3713291,34.1171419],[-114.3717969,34.1170538],[-114.3723009,34.1170246],[-114.3728135,34.1169463],[-114.3734033,34.1168285],[-114.374375,34.116684],[-114.3748444,34.1166499],[-114.3754954,34.1166578],[-114.3756861,34.1166153],[-114.3757735,34.1165787],[-114.3763108,34.1165629],[-114.3779863,34.1162951],[-114.3788719,34.1161738],[-114.3791409,34.1161188],[-114.3794713,34.1160298],[-114.3797403,34.1159319],[-114.3800348,34.1158652],[-114.3804603,34.1157428],[-114.3811033,34.1154873],[-114.3814592,34.1152924],[-114.382752,34.1144094],[-114.3836469,34.1137766],[-114.384272,34.1133897],[-114.3846007,34.1131593],[-114.3858248,34.1124194],[-114.3863987,34.1120515],[-114.386668,34.111911],[-114.3869452,34.1117353],[-114.3871965,34.1116139],[-114.3874312,34.1115338],[-114.388031,34.1112797],[-114.3884813,34.111031],[-114.3893676,34.1105885],[-114.3896533,34.1104313],[-114.3900095,34.1102767],[-114.390418,34.1101484],[-114.390679,34.110104],[-114.390912,34.1101205],[-114.3916767,34.1102846],[-114.3923879,34.1104985],[-114.3932916,34.1106881],[-114.3936388,34.1107396],[-114.394437,34.1108252],[-114.395018,34.1108326],[-114.3954866,34.1108565],[-114.395869,34.1108386],[-114.39626,34.1108709],[-114.3967198,34.1109415],[-114.3982564,34.1112925],[-114.3989766,34.1114667],[-114.3995848,34.1115658],[-114.4010254,34.1117213],[-114.4014337,34.1117388],[-114.4018669,34.1117268],[-114.403205,34.1116145],[-114.4042023,34.1116579],[-114.4049663,34.1116176],[-114.4057226,34.1115988],[-114.4061467,34.111557],[-114.4064948,34.1115053],[-114.4071807,34.1114504],[-114.4088813,34.1112379],[-114.4092637,34.1110896],[-114.4099409,34.1107467],[-114.4102702,34.110615],[-114.4117035,34.1099796],[-114.4125097,34.1095781],[-114.4132744,34.1091582],[-114.414307,34.1086179],[-114.4149418,34.1082159],[-114.4154964,34.107898],[-114.4158528,34.1076717],[-114.4167205,34.1070096],[-114.4171286,34.1066095],[-114.4180748,34.1056389],[-114.4183615,34.1053129],[-114.4188992,34.1047783],[-114.4191779,34.1044657],[-114.4200449,34.1036106],[-114.4206537,34.1029349],[-114.4209397,34.1025756],[-114.4220769,34.1009625],[-114.4224758,34.100436],[-114.4228145,34.0999458],[-114.423475,34.0991186],[-114.423796,34.0986676],[-114.4240301,34.0984369],[-114.4256961,34.097245],[-114.4259222,34.0970656],[-114.4261662,34.0968447],[-114.4263826,34.0965861],[-114.4265642,34.0962733],[-114.4267386,34.0958992],[-114.4271117,34.0950275],[-114.4272768,34.0946933],[-114.4274159,34.0943191],[-114.4275717,34.0937418],[-114.4278234,34.0931914],[-114.4279272,34.0930325],[-114.4281533,34.0926127],[-114.4286388,34.0920566],[-114.4292379,34.0915664],[-114.4295774,34.0913186],[-114.4299333,34.0910157],[-114.4308879,34.0903059],[-114.431227,34.0900245],[-114.4317985,34.089656],[-114.4321375,34.0894149],[-114.4330225,34.0887245],[-114.4335008,34.0882687],[-114.4339612,34.087706],[-114.4341264,34.0874369],[-114.4342642,34.087166],[-114.4343432,34.0868931],[-114.434482,34.0841028],[-114.434542,34.083806],[-114.4347423,34.0824303],[-114.4348121,34.0820468],[-114.4348892,34.0817379],[-114.434933,34.081402],[-114.4350716,34.0807267],[-114.4352274,34.0801719],[-114.4353935,34.0797077],[-114.4354799,34.0794263],[-114.43555,34.0790426],[-114.4356271,34.0774046],[-114.4356539,34.0771257],[-114.435732,34.0767158],[-114.4360263,34.0759146],[-114.4362351,34.0755185],[-114.4365655,34.0749892],[-114.4367824,34.0745263],[-114.4372766,34.0733237],[-114.4377448,34.0714858],[-114.4378939,34.07023],[-114.4379101,34.0698025],[-114.4379967,34.0689079],[-114.4381965,34.0679362],[-114.4383002,34.067216],[-114.4383527,34.0666607],[-114.4385091,34.0657038],[-114.4385693,34.0650952],[-114.4386745,34.0635376],[-114.4387699,34.0626079],[-114.4390387,34.0607698],[-114.439091,34.0601335],[-114.4391687,34.059672],[-114.4393342,34.058038],[-114.4396115,34.0564046],[-114.4396457,34.0560547],[-114.4396549,34.0554577],[-114.4396373,34.0549243],[-114.4394383,34.053415],[-114.4393597,34.0531106],[-114.4391771,34.0521324],[-114.4390474,34.0517753],[-114.4389432,34.0513638],[-114.4388734,34.050829],[-114.438857,34.0505384],[-114.4387614,34.0501767],[-114.4386391,34.0498248],[-114.4384216,34.0494278],[-114.4381442,34.0489726],[-114.437867,34.0485671],[-114.4375364,34.0479578],[-114.4366515,34.0460926],[-114.4365387,34.0457705],[-114.4363912,34.0452415],[-114.4362606,34.0449066],[-114.4362001,34.0446104],[-114.4360787,34.0442134],[-114.4359915,34.0438346],[-114.4358617,34.0434775],[-114.4357491,34.0430992],[-114.4356621,34.0426934],[-114.4355569,34.0423448],[-114.4354194,34.0413876],[-114.4353239,34.0409204],[-114.435098,34.039169],[-114.4350279,34.0387934],[-114.434933,34.0371071],[-114.4349244,34.0366484],[-114.4349497,34.0360779],[-114.4350447,34.035193],[-114.4351848,34.0345965],[-114.4353055,34.034174],[-114.4353933,34.0333763],[-114.4354884,34.0327835],[-114.4355142,34.0324461],[-114.4356102,34.0316717],[-114.4359218,34.030005],[-114.4361128,34.0291855],[-114.436122,34.0275895],[-114.436173,34.0272564],[-114.4366429,34.0261599],[-114.4368949,34.0253739],[-114.4373892,34.0241668],[-114.4375544,34.0236799],[-114.4378583,34.0229424],[-114.4380318,34.0226399],[-114.438544,34.0218406],[-114.4392209,34.0209607],[-114.4399063,34.0202385],[-114.4402104,34.019858],[-114.4405483,34.0193967],[-114.4408174,34.0190944],[-114.4412873,34.0186356],[-114.4416073,34.0182833],[-114.4420243,34.0179306],[-114.4426495,34.0172536],[-114.4430135,34.016974],[-114.4433789,34.0166424],[-114.443796,34.0163304],[-114.4441342,34.0159995],[-114.4445425,34.015707],[-114.4449415,34.0153599],[-114.4452969,34.01514],[-114.4456358,34.0149618],[-114.4459747,34.0147543],[-114.4463569,34.0144958],[-114.4467117,34.0143187],[-114.4471288,34.0140738],[-114.4474595,34.0138591],[-114.447815,34.0136998],[-114.4484219,34.0133786],[-114.4491339,34.0130558],[-114.4496373,34.0128665],[-114.4504883,34.0124994],[-114.4529018,34.0116582],[-114.4537096,34.0114811],[-114.454152,34.0113593],[-114.4547071,34.0112433],[-114.4552544,34.0111605],[-114.4557493,34.0111209],[-114.4572856,34.0112353],[-114.4577631,34.0113113],[-114.4595862,34.0118294],[-114.4603502,34.0119143],[-114.4607759,34.0120002],[-114.4612617,34.0120747],[-114.4624945,34.0122013],[-114.4630237,34.012117],[-114.4636053,34.0121106],[-114.4639091,34.0120509],[-114.4642828,34.0119559],[-114.4649935,34.0116307],[-114.4653423,34.0113833],[-114.4656197,34.0112119],[-114.4659235,34.0109253],[-114.4661663,34.0104148],[-114.4663575,34.0101385],[-114.466678,34.0095657],[-114.4668867,34.0090052],[-114.4670957,34.0085528],[-114.4674077,34.0075306],[-114.4674593,34.0071905],[-114.4674684,34.0068724],[-114.4674162,34.0061728],[-114.467338,34.0056935],[-114.4672597,34.0053984],[-114.4671472,34.0051231],[-114.4670347,34.0049021],[-114.4668603,34.0046385],[-114.466366,34.0039526],[-114.4659315,34.0034754],[-114.4656279,34.0032769],[-114.4654188,34.0031186],[-114.4651153,34.0029469],[-114.4645768,34.0027116],[-114.4641081,34.0026408],[-114.463709,34.0025096],[-114.4629195,34.0021715],[-114.4624764,34.0019385],[-114.4619896,34.0017091],[-114.4612874,34.0013207],[-114.4609396,34.0011483],[-114.4600105,34.0005355],[-114.4593919,34.0004916],[-114.4588616,34.000052],[-114.4584121,33.999751],[-114.4579914,33.9993497],[-114.4578012,33.998891],[-114.4576859,33.9984323],[-114.4576629,33.9978685],[-114.4578243,33.9968412],[-114.4578992,33.9964447],[-114.4586485,33.9955273],[-114.4589251,33.995111],[-114.4592651,33.9947756],[-114.4595599,33.9944573],[-114.459838,33.9942702],[-114.4601942,33.994066],[-114.4610709,33.9937791],[-114.4618684,33.9935812],[-114.4621644,33.9935211],[-114.4624513,33.9934828],[-114.4632747,33.9934956],[-114.4636317,33.9935271],[-114.4644644,33.9935428],[-114.4648113,33.9935915],[-114.465115,33.9935993],[-114.4654369,33.9935881],[-114.465905,33.9936098],[-114.4665472,33.993511],[-114.4668089,33.9934035],[-114.4670779,33.9932492],[-114.4672765,33.9931082],[-114.4675467,33.9929946],[-114.4677459,33.9928784],[-114.4680494,33.9927535],[-114.4685877,33.9924162],[-114.4690139,33.991905],[-114.4692648,33.991554],[-114.4697855,33.9906268],[-114.4699762,33.9903373],[-114.4702716,33.9896661],[-114.4706976,33.9890493],[-114.4709053,33.9888461],[-114.4711229,33.9885603],[-114.4713487,33.9883402],[-114.4718955,33.9878464],[-114.4721818,33.9876532],[-114.4726161,33.9872905],[-114.4728067,33.9871084],[-114.473024,33.9868114],[-114.4732588,33.9865696],[-114.4737959,33.9860796],[-114.4742732,33.9855671],[-114.4748556,33.9851654],[-114.4753499,33.9847531],[-114.4756546,33.9845768],[-114.476158,33.9842099],[-114.4764701,33.9840388],[-114.4768005,33.9838237],[-114.4775721,33.9834531],[-114.4783358,33.9831225],[-114.4786743,33.9829329],[-114.4789878,33.9828042],[-114.4792654,33.9826709],[-114.479986,33.9821912],[-114.4802897,33.982053],[-114.4811055,33.9818338],[-114.4817127,33.9815999],[-114.4819647,33.9814649],[-114.4824071,33.981087],[-114.48279,33.9808578],[-114.4829896,33.9806674],[-114.483189,33.9805622],[-114.483336,33.9804266],[-114.4834758,33.9802296],[-114.4836575,33.9800155],[-114.4838144,33.9796359],[-114.4838659,33.9793655],[-114.483944,33.9791105],[-114.4843004,33.9781651],[-114.4844557,33.9778526],[-114.4848562,33.9772205],[-114.485151,33.9768998],[-114.4853678,33.976632],[-114.4856541,33.9764275],[-114.485749,33.9763263],[-114.4859323,33.9761796],[-114.4864266,33.9753923],[-114.4866004,33.9750584],[-114.4868093,33.9747496],[-114.4869744,33.9744604],[-114.4871564,33.9742709],[-114.4873125,33.974073],[-114.4883458,33.9724789],[-114.4887973,33.9718345],[-114.4890132,33.9715599],[-114.4892227,33.9713545],[-114.489544,33.9711183],[-114.4906639,33.9701657],[-114.4912974,33.9698146],[-114.491514,33.9696568],[-114.4917402,33.9694299],[-114.4922002,33.9688468],[-114.492469,33.9685715],[-114.4927204,33.9684451],[-114.4929117,33.9682856],[-114.4933807,33.9680151],[-114.4936235,33.9677963],[-114.4938579,33.9676755],[-114.4943696,33.9672488],[-114.4947513,33.9669766],[-114.4951855,33.9665983],[-114.4954036,33.9664381],[-114.4963142,33.9655563],[-114.4966096,33.9651233],[-114.4968875,33.9648102],[-114.4976602,33.9640109],[-114.4979024,33.9637042],[-114.4983979,33.9632761],[-114.4992494,33.9624058],[-114.4995531,33.9621981],[-114.4998817,33.9618909],[-114.5001597,33.9616969],[-114.5003772,33.961476],[-114.5005587,33.9613451],[-114.5007761,33.9612726],[-114.5018351,33.9610453],[-114.5025646,33.9606358],[-114.5033283,33.9602757],[-114.5053943,33.9592225],[-114.5058464,33.9590138],[-114.5065063,33.9586802],[-114.5070962,33.9584271],[-114.5076695,33.9581503],[-114.5086243,33.957617],[-114.5089883,33.9574379],[-114.5097353,33.9571754],[-114.5100822,33.9570381],[-114.510266,33.9569929],[-114.5104467,33.9569487],[-114.5112977,33.9568171],[-114.5117485,33.9567969],[-114.5120268,33.9568317],[-114.5130855,33.9571569],[-114.513893,33.9577092],[-114.5141544,33.9578553],[-114.5148398,33.95806],[-114.5151525,33.9580887],[-114.5154293,33.9580808],[-114.5156387,33.9580503],[-114.5159846,33.9579711],[-114.5162637,33.9578626],[-114.5166278,33.9577642],[-114.5175652,33.9574027],[-114.5181726,33.9570835],[-114.5221141,33.9545164],[-114.5230346,33.9538797],[-114.5261598,33.9507013],[-114.5267317,33.9501391],[-114.5272362,33.9496082],[-114.5282769,33.9481985],[-114.5287638,33.9475045],[-114.5291103,33.9469469],[-114.5294233,33.9462412],[-114.5296138,33.9457492],[-114.5297184,33.9452803],[-114.5298839,33.9448517],[-114.5300747,33.9444921],[-114.5305522,33.9436898],[-114.5307253,33.9432641],[-114.5313669,33.9420713],[-114.531611,33.9417041],[-114.5318283,33.9413239],[-114.5320277,33.9410505],[-114.5322524,33.9407988],[-114.5325833,33.9404939],[-114.5328439,33.9402851],[-114.5333818,33.9397384],[-114.5336247,33.9394524],[-114.533781,33.939126],[-114.5343885,33.9381666],[-114.5345964,33.9374333],[-114.5347011,33.9366927],[-114.5348054,33.9363497],[-114.534961,33.9360191],[-114.5350654,33.9356894],[-114.535326,33.9350608],[-114.5354823,33.9347483],[-114.5356042,33.9344445],[-114.5357246,33.9341139],[-114.5359162,33.933303],[-114.5358637,33.9329514],[-114.5358463,33.9325571],[-114.5358647,33.9318849],[-114.535847,33.9311718],[-114.535978,33.9304285],[-114.5359335,33.9292667],[-114.5359605,33.928265],[-114.5358649,33.9266145],[-114.5355006,33.9259202],[-114.534684,33.9252036],[-114.534371,33.9250739],[-114.5338677,33.9249224],[-114.5332428,33.9247713],[-114.5327388,33.9247612],[-114.5320447,33.9246705],[-114.5315754,33.9245841],[-114.5312292,33.9245443],[-114.5307418,33.9243915],[-114.5304995,33.9243367],[-114.529979,33.9241702],[-114.5289717,33.9239388],[-114.527392,33.923342],[-114.5267671,33.9230989],[-114.5262807,33.9228832],[-114.5259858,33.9227776],[-114.5244048,33.9217068],[-114.522721,33.920591],[-114.5218362,33.9200646],[-114.5210029,33.9194927],[-114.5202562,33.918855],[-114.5194926,33.918274],[-114.5187281,33.9176484],[-114.5179388,33.917122],[-114.5172098,33.9165752],[-114.5164364,33.9159465],[-114.5157426,33.9152876],[-114.5151858,33.9146585],[-114.5146477,33.9141273],[-114.5141099,33.9136588],[-114.513572,33.9131544],[-114.5129981,33.9126701],[-114.5125306,33.9122131],[-114.512062,33.9116754],[-114.5117657,33.9112979],[-114.5116267,33.9110724],[-114.5114529,33.910856],[-114.5113323,33.9106478],[-114.5111927,33.9104946],[-114.5109854,33.9101995],[-114.5108113,33.909608],[-114.5102729,33.9087308],[-114.5097692,33.9080559],[-114.5093878,33.9072526],[-114.5090929,33.9065381],[-114.5087283,33.9056058],[-114.5085016,33.9049095],[-114.5084329,33.9045052],[-114.5082595,33.9038016],[-114.5082246,33.9034218],[-114.5081383,33.9031554],[-114.5081197,33.9030038],[-114.5082247,33.9025305],[-114.5082934,33.9021265],[-114.508589,33.901433],[-114.5088843,33.9009819],[-114.5093535,33.9004779],[-114.5096299,33.9002838],[-114.5102563,33.8997974],[-114.5106021,33.8995541],[-114.5115926,33.8990325],[-114.5120264,33.8988291],[-114.5128766,33.8984996],[-114.5138665,33.898036],[-114.5145786,33.8978093],[-114.515395,33.8976704],[-114.5157248,33.8976576],[-114.5165051,33.89777],[-114.5170086,33.8978926],[-114.5181206,33.8983648],[-114.518503,33.8985687],[-114.5193176,33.8991327],[-114.5197008,33.8994244],[-114.5200649,33.8996336],[-114.5222347,33.9007069],[-114.522634,33.9008334],[-114.522982,33.9010034],[-114.5233809,33.9012287],[-114.5236757,33.9013637],[-114.5240401,33.9014383],[-114.5242833,33.901509],[-114.5246315,33.901558],[-114.5248742,33.9015657],[-114.5252209,33.9015201],[-114.5255081,33.9014188],[-114.5256896,33.9013146],[-114.5259162,33.9010676],[-114.5260194,33.9007895],[-114.5260887,33.9003904],[-114.5260889,33.8995369],[-114.5259856,33.8988989],[-114.5259682,33.8985204],[-114.5258121,33.8978426],[-114.5256028,33.8972017],[-114.5254989,33.8968106],[-114.5251349,33.8959117],[-114.5249612,33.8955607],[-114.524458,33.8946928],[-114.5241702,33.8941339],[-114.5236411,33.8934438],[-114.5227554,33.8921874],[-114.5221488,33.8916403],[-114.5214283,33.8910221],[-114.5192838,33.8889695],[-114.5184505,33.8881054],[-114.5175825,33.8874008],[-114.5170784,33.8869325],[-114.516558,33.8865619],[-114.5159157,33.8860525],[-114.514718,33.8850489],[-114.5133401,33.8838597],[-114.5105337,33.8814375],[-114.5097959,33.8807642],[-114.5071133,33.8788625],[-114.5068692,33.8786368],[-114.5064181,33.8783426],[-114.5051432,33.8774009],[-114.5044226,33.8766909],[-114.5036056,33.8755427],[-114.5033282,33.8750181],[-114.5033805,33.8750192],[-114.5033979,33.8748476],[-114.5036052,33.8739144],[-114.5036587,33.8735297],[-114.503831,33.8728525],[-114.5038495,33.8723575],[-114.5038312,33.8720955],[-114.5038668,33.8716716],[-114.503849,33.8712999],[-114.5038137,33.8709897],[-114.5036846,33.8702488],[-114.5034844,33.8697477],[-114.5033275,33.8694694],[-114.50312,33.868878],[-114.5029987,33.8678165],[-114.5030332,33.8675246],[-114.5030853,33.8672568],[-114.5032583,33.8669005],[-114.5033798,33.8665338],[-114.5034327,33.8663131],[-114.5035362,33.8660463],[-114.5039533,33.8652782],[-114.5041088,33.8648801],[-114.5042314,33.8646352],[-114.5045089,33.8642142],[-114.5047861,33.8639595],[-114.5053601,33.8636288],[-114.505672,33.8634822],[-114.5059674,33.8633678],[-114.5063842,33.8632644],[-114.5071304,33.863123],[-114.5074424,33.8630438],[-114.5079117,33.8630357],[-114.5082236,33.8630105],[-114.5085704,33.8629468],[-114.5098041,33.8624666],[-114.5101337,33.8622897],[-114.5107242,33.8619153],[-114.5109677,33.8617413],[-114.5115407,33.8613948],[-114.512237,33.8610102],[-114.5142549,33.8596579],[-114.5163429,33.857975],[-114.5206632,33.8567427],[-114.5254271,33.8564713],[-114.5298344,33.8552742],[-114.530566,33.8547297],[-114.5306542,33.8530022],[-114.5297849,33.8517447],[-114.5298742,33.8497742],[-114.5298302,33.8487831],[-114.5297693,33.8485296],[-114.5295086,33.8476584],[-114.5291094,33.8467617],[-114.5289286,33.8462821],[-114.5287547,33.8459311],[-114.5283889,33.8449964],[-114.528207,33.8446199],[-114.5278608,33.8437988],[-114.5274614,33.8429446],[-114.5271309,33.8419496],[-114.5269747,33.841559],[-114.5268533,33.8411826],[-114.5264195,33.8400792],[-114.5261939,33.8394257],[-114.5258463,33.8387417],[-114.5254817,33.8381573],[-114.5252735,33.8378577],[-114.5250731,33.8376417],[-114.5248353,33.8374606],[-114.5241794,33.8368455],[-114.5239718,33.8365527],[-114.5237979,33.8362174],[-114.5236242,33.8358257],[-114.523467,33.8354063],[-114.5229818,33.834425],[-114.5226955,33.8337205],[-114.5225294,33.8333608],[-114.5220616,33.8321787],[-114.5216787,33.8312832],[-114.5214803,33.8307351],[-114.521401,33.8304355],[-114.5212795,33.8298321],[-114.5208285,33.8289542],[-114.5205333,33.8283097],[-114.5202206,33.8270977],[-114.5194579,33.8251968],[-114.5182967,33.8223891],[-114.5179862,33.8202884],[-114.518673,33.8189073],[-114.5257744,33.8144159],[-114.5269224,33.8123712],[-114.5261647,33.8106852],[-114.5248796,33.8081863],[-114.5234939,33.8066595],[-114.5228014,33.8057134],[-114.5225813,33.8049078],[-114.522426,33.8045198],[-114.5220786,33.8038603],[-114.5219225,33.8035217],[-114.5218528,33.8032654],[-114.5217315,33.802927],[-114.5214361,33.8023271],[-114.5213737,33.802145],[-114.5206888,33.8007283],[-114.5202371,33.7999247],[-114.519943,33.799233],[-114.5196132,33.7986127],[-114.5194572,33.7982741],[-114.5191273,33.79729],[-114.5190048,33.7969806],[-114.5187276,33.7963866],[-114.5185717,33.7959783],[-114.5185023,33.795731],[-114.5183634,33.7950971],[-114.5182246,33.7943308],[-114.5181201,33.7939219],[-114.5179457,33.7929958],[-114.5176688,33.7917887],[-114.5175818,33.7912439],[-114.517529,33.7911144],[-114.5173562,33.7904288],[-114.5172861,33.7899569],[-114.5172514,33.7895078],[-114.5171479,33.7890605],[-114.5169917,33.7887399],[-114.5168344,33.7883473],[-114.5167659,33.7882774],[-114.516366,33.7871337],[-114.5160538,33.7864855],[-114.515845,33.7861096],[-114.5149423,33.784547],[-114.5147521,33.7842691],[-114.5146209,33.7839926],[-114.514457,33.7837343],[-114.514248,33.7833471],[-114.5137795,33.782623],[-114.5135182,33.7822885],[-114.5133456,33.7819957],[-114.5131544,33.7816053],[-114.5129983,33.7812441],[-114.5128413,33.7809548],[-114.512686,33.780569],[-114.5124952,33.7802462],[-114.5119729,33.779168],[-114.5118343,33.7788328],[-114.5115736,33.778314],[-114.5112873,33.7776385],[-114.5108621,33.7765603],[-114.5104797,33.7754829],[-114.5103236,33.7751465],[-114.5101859,33.7747754],[-114.5100465,33.7745389],[-114.5094383,33.7731384],[-114.5090571,33.7723889],[-114.5085454,33.7711949],[-114.507737,33.7697243],[-114.507494,33.769126],[-114.5072163,33.7685229],[-114.5069215,33.7678108],[-114.5065564,33.7666561],[-114.506505,33.7664416],[-114.5063139,33.7660129],[-114.5062269,33.7656699],[-114.5061231,33.7654427],[-114.5060186,33.7651032],[-114.5058797,33.7647297],[-114.5057238,33.7640792],[-114.5055155,33.7634695],[-114.5054276,33.7630571],[-114.5050805,33.7621259],[-114.5049771,33.7614878],[-114.5048981,33.7607684],[-114.5048027,33.7601328],[-114.5047686,33.7596657],[-114.5046644,33.7593465],[-114.5044902,33.7583286],[-114.5044035,33.7573726],[-114.5042822,33.7564975],[-114.5042308,33.7556767],[-114.5042394,33.755237],[-114.5042128,33.7543547],[-114.5042395,33.7539659],[-114.5044389,33.7522957],[-114.5044988,33.7519249],[-114.5045258,33.7514621],[-114.5045792,33.7507464],[-114.5050468,33.7500207],[-114.5051149,33.7496034],[-114.5052713,33.7489654],[-114.5053757,33.7486828],[-114.5054105,33.7483867],[-114.5054798,33.7480547],[-114.5056197,33.7475277],[-114.5057932,33.746956],[-114.5059309,33.74664],[-114.5061224,33.745901],[-114.5063307,33.7453473],[-114.5064523,33.7450842],[-114.5066265,33.7447638],[-114.5071822,33.7435944],[-114.5078766,33.742421],[-114.5081186,33.7419707],[-114.5088663,33.7407629],[-114.5096991,33.7395609],[-114.5100381,33.7389489],[-114.5101843,33.7385843],[-114.5104807,33.7379669],[-114.5109136,33.7372762],[-114.5110881,33.7369267],[-114.511262,33.7366492],[-114.5117646,33.7359856],[-114.5118691,33.7357976],[-114.5121993,33.7349224],[-114.5122688,33.7346553],[-114.5122856,33.7341446],[-114.5122167,33.7338525],[-114.5121124,33.7335892],[-114.5119909,33.7333631],[-114.5117828,33.7332139],[-114.5108451,33.7327111],[-114.5102017,33.7324646],[-114.5098025,33.7322753],[-114.5094038,33.7320411],[-114.5089351,33.7318358],[-114.5085175,33.731562],[-114.5080665,33.7313016],[-114.5076854,33.7311203],[-114.5072859,33.7309064],[-114.5063831,33.7302419],[-114.5061572,33.730096],[-114.5058969,33.7298759],[-114.5056542,33.7296123],[-114.5049423,33.7289477],[-114.5043867,33.7282783],[-114.5041434,33.7280076],[-114.5038133,33.7274614],[-114.5036223,33.7271925],[-114.5034313,33.7268445],[-114.5031884,33.7262438],[-114.5030664,33.7258359],[-114.5026328,33.7246561],[-114.5022422,33.7244067],[-114.5009662,33.7239298],[-114.500479,33.723721],[-114.5001841,33.7234312],[-114.499855,33.7231724],[-114.4993507,33.7227042],[-114.4991001,33.7224958],[-114.4986481,33.7220425],[-114.4983705,33.721819],[-114.4979886,33.7214174],[-114.4977191,33.7211022],[-114.4971904,33.720392],[-114.4969724,33.720002],[-114.4967648,33.7196709],[-114.4961224,33.7184544],[-114.4957656,33.7178278],[-114.4954876,33.7166634],[-114.4953141,33.7160856],[-114.4950979,33.7152714],[-114.4950188,33.7145542],[-114.4948716,33.71383],[-114.4947501,33.713067],[-114.4946286,33.7120572],[-114.4945155,33.7116542],[-114.4942552,33.7100418],[-114.4941783,33.7094393],[-114.4941435,33.7081526],[-114.4940899,33.7073652],[-114.4941163,33.7067765],[-114.4942471,33.7059975],[-114.4946193,33.7048872],[-114.4947932,33.7041919],[-114.4949755,33.7036141],[-114.4951141,33.7030961],[-114.4953053,33.7025794],[-114.4957396,33.7016148],[-114.4962431,33.7008053],[-114.4964163,33.7004648],[-114.4966688,33.7000466],[-114.4970328,33.6995443],[-114.4973199,33.699104],[-114.4975803,33.6988211],[-114.4978585,33.6984408],[-114.499178,33.6970547],[-114.4994722,33.6967698],[-114.4998637,33.6964647],[-114.5002624,33.6960747],[-114.5004188,33.6959463],[-114.5007665,33.6954203],[-114.5010354,33.6950909],[-114.5015908,33.6947881],[-114.5018681,33.6946051],[-114.5028234,33.6941662],[-114.5030837,33.6940628],[-114.5033443,33.6938968],[-114.5038831,33.6936805],[-114.5044197,33.6933988],[-114.5054626,33.6929322],[-114.5060872,33.6927311],[-114.506834,33.6924302],[-114.507146,33.6923844],[-114.5075803,33.692244],[-114.5082751,33.6921058],[-114.5090036,33.6920056],[-114.5093342,33.691988],[-114.5098024,33.691915],[-114.5112704,33.6917516],[-114.5116781,33.6916203],[-114.5121386,33.6915018],[-114.5126496,33.6913981],[-114.5130932,33.691285],[-114.5135356,33.6911449],[-114.5139169,33.690985],[-114.5149586,33.690608],[-114.5153156,33.6904082],[-114.5167479,33.6897371],[-114.5177192,33.6893664],[-114.5186914,33.6889488],[-114.5191606,33.6886847],[-114.5196989,33.6884301],[-114.5213827,33.6874149],[-114.5216773,33.6872061],[-114.5220417,33.6870112],[-114.5224936,33.6868021],[-114.5229106,33.6865504],[-114.5236565,33.6860564],[-114.5240742,33.685755],[-114.5249761,33.6852741],[-114.5252984,33.6850695],[-114.5256359,33.6848188],[-114.526001,33.6844982],[-114.5266599,33.6840118],[-114.5273894,33.68333],[-114.5278929,33.6828956],[-114.528813,33.6818769],[-114.5290657,33.6815597],[-114.5298024,33.6802747],[-114.5306709,33.6780083],[-114.5309746,33.6768641],[-114.5311577,33.675947],[-114.5312965,33.6750314],[-114.5315398,33.6741457],[-114.5317991,33.6728769],[-114.5319032,33.6720288],[-114.532025,33.6713252],[-114.5320599,33.6708628],[-114.5320344,33.6704008],[-114.5318684,33.6696193],[-114.5317219,33.66916],[-114.5315393,33.6686825],[-114.5311045,33.6677567],[-114.5308365,33.6673968],[-114.5304793,33.6669883],[-114.5301149,33.6666127],[-114.5290993,33.6657771],[-114.5288125,33.6655529],[-114.528483,33.6653258],[-114.5275283,33.6645276],[-114.5270082,33.6642718],[-114.5265912,33.6640227],[-114.5253678,33.6634421],[-114.5249762,33.6633433],[-114.5245944,33.6632091],[-114.5240212,33.6629651],[-114.5235698,33.6629003],[-114.5232408,33.6628327],[-114.5219905,33.6627689],[-114.5214692,33.6627843],[-114.5208969,33.6628302],[-114.5199939,33.6629339],[-114.519701,33.6629541],[-114.5190827,33.6629968],[-114.5187606,33.6630484],[-114.5183609,33.663003],[-114.5179625,33.6630024],[-114.5175201,33.6629267],[-114.517163,33.662884],[-114.5168256,33.662807],[-114.5164868,33.6626217],[-114.5161049,33.6624516],[-114.5158096,33.6622764],[-114.5154624,33.6621066],[-114.5149073,33.6615582],[-114.5144023,33.6608791],[-114.5141422,33.6604165],[-114.5139608,33.6598583],[-114.5139344,33.6595287],[-114.5140035,33.6591831],[-114.5141081,33.6589547],[-114.514317,33.6586077],[-114.5146643,33.6581915],[-114.5153924,33.6575616],[-114.5157578,33.6572883],[-114.5163297,33.6569594],[-114.516973,33.6565505],[-114.5176325,33.6563422],[-114.5182571,33.6560958],[-114.519178,33.6558383],[-114.519507,33.655769],[-114.5204447,33.655708],[-114.5209139,33.6557967],[-114.5214523,33.6558651],[-114.5219551,33.6559652],[-114.523413,33.6561286],[-114.5238645,33.656151],[-114.5242995,33.6561249],[-114.5252027,33.6561424],[-114.5257224,33.6560726],[-114.5260695,33.656009],[-114.5266002,33.6558571],[-114.5269559,33.6557088],[-114.5273727,33.6555647],[-114.5278156,33.6554718],[-114.5283273,33.6553319],[-114.5296639,33.6548472],[-114.530063,33.6546815],[-114.5304804,33.654479],[-114.5312529,33.6540632],[-114.5316002,33.6539052],[-114.5319724,33.6535763],[-114.5322507,33.6532427],[-114.533066,33.6520552],[-114.533371,33.6515214],[-114.5334836,33.6511858],[-114.5336143,33.6506357],[-114.5336399,33.6503478],[-114.5336229,33.6500997],[-114.5335521,33.649576],[-114.5334484,33.6490501],[-114.5333794,33.6487984],[-114.5328675,33.6478762],[-114.5326157,33.6475557],[-114.5324592,33.6472531],[-114.5319555,33.6466277],[-114.5314613,33.6459785],[-114.5309313,33.6453491],[-114.5306707,33.6451222],[-114.530376,33.6448279],[-114.5295943,33.6443161],[-114.5290034,33.6440329],[-114.5286392,33.6438752],[-114.5283611,33.6436718],[-114.5277533,33.643329],[-114.52739,33.6430413],[-114.5269992,33.6428098],[-114.5264176,33.6422848],[-114.5261572,33.6420108],[-114.5257061,33.6414026],[-114.5254973,33.6410941],[-114.5251668,33.6406647],[-114.5250202,33.6404233],[-114.5248542,33.6402143],[-114.5246467,33.6397847],[-114.5245166,33.639432],[-114.5242549,33.6388561],[-114.5241334,33.6384468],[-114.5239687,33.6379798],[-114.5238121,33.6372391],[-114.5237785,33.6368461],[-114.5236138,33.6358085],[-114.5235868,33.6354182],[-114.5236399,33.6347709],[-114.5237601,33.6340808],[-114.523847,33.6336917],[-114.5239342,33.6334057],[-114.524039,33.6331347],[-114.5244896,33.6322946],[-114.524785,33.6318546],[-114.5250547,33.6315297],[-114.5253585,33.6312813],[-114.5259129,33.6307492],[-114.5262608,33.6304724],[-114.5266074,33.6302246],[-114.5271986,33.6299466],[-114.5278581,33.6297092],[-114.5281708,33.6296543],[-114.5287785,33.6295908],[-114.5296981,33.6294252],[-114.5299071,33.6293724],[-114.5301497,33.6292542],[-114.5304442,33.6291646],[-114.5305658,33.6291033],[-114.5307574,33.6286967],[-114.5308793,33.6280047],[-114.5310171,33.6262807],[-114.5310185,33.6257238],[-114.5311747,33.625023],[-114.5312961,33.6246765],[-114.5311213,33.6242714],[-114.5309141,33.6238687],[-114.5302706,33.6229217],[-114.529941,33.6225622],[-114.5296804,33.6222387],[-114.529482,33.6220208],[-114.5291866,33.6216389],[-114.5290908,33.6214392],[-114.5289166,33.6209873],[-114.5285791,33.6199063],[-114.5284657,33.6196538],[-114.5283621,33.6194938],[-114.5279976,33.6186873],[-114.5277185,33.6182371],[-114.5273029,33.6177703],[-114.5270763,33.6175504],[-114.5268343,33.617325],[-114.5263815,33.6169479],[-114.5261569,33.6167236],[-114.5258615,33.6164651],[-114.5250109,33.6159889],[-114.5245076,33.6157432],[-114.5239686,33.6153309],[-114.5237264,33.6151771],[-114.5231102,33.6146609],[-114.5227804,33.6143597],[-114.522389,33.6139195],[-114.5222155,33.6136921],[-114.5220761,33.6134061],[-114.521972,33.6131811],[-114.5218854,33.6128339],[-114.5218508,33.6126408],[-114.5218341,33.6123904],[-114.52186,33.6117858],[-114.5219031,33.6115824],[-114.5219815,33.6113699],[-114.5221203,33.6110788],[-114.5222851,33.6108789],[-114.5225631,33.6106713],[-114.5229098,33.6104888],[-114.5231359,33.6103987],[-114.5233608,33.6102571],[-114.5237606,33.6101209],[-114.5245419,33.6098022],[-114.5253582,33.6094159],[-114.5256352,33.6093161],[-114.5259311,33.6091704],[-114.5263647,33.6089265],[-114.5265726,33.6088307],[-114.5269902,33.6085833],[-114.5274331,33.6082818],[-114.5276761,33.6080626],[-114.5279365,33.6077886],[-114.5281014,33.6075868],[-114.5283272,33.6073778],[-114.5285444,33.6071481],[-114.5300101,33.605372],[-114.5304622,33.6049362],[-114.5308787,33.6046012],[-114.5311397,33.6043227],[-114.5312589,33.6042212],[-114.531591,33.6039385],[-114.5320772,33.6033748],[-114.5323193,33.6030412],[-114.5327283,33.6026203],[-114.5329368,33.6023294],[-114.533084,33.6020477],[-114.533639,33.6011361],[-114.534421,33.5998853],[-114.5347847,33.599338],[-114.5351413,33.598727],[-114.5356836,33.5979109],[-114.5357491,33.5978123],[-114.5360867,33.5972721],[-114.5366773,33.5963966],[-114.5369028,33.5960148],[-114.5370766,33.5956407],[-114.5376501,33.5947034],[-114.5382571,33.5940043],[-114.5384659,33.5938164],[-114.5392297,33.5930631],[-114.5393513,33.592903],[-114.5395763,33.5926761],[-114.5400455,33.5921177],[-114.5403403,33.5916305],[-114.5404713,33.5913768],[-114.5406011,33.5909706],[-114.5406875,33.590597],[-114.5407396,33.5902458],[-114.5407231,33.589854],[-114.5406709,33.5897156],[-114.5405659,33.5895129],[-114.5404713,33.5892215],[-114.5403152,33.589022],[-114.540149,33.5886108],[-114.5400807,33.5882964],[-114.5400453,33.5879482],[-114.5400456,33.5877235],[-114.5400973,33.587433],[-114.5401496,33.586927],[-114.5402717,33.586421],[-114.5404093,33.5860578],[-114.5404625,33.585736],[-114.5404789,33.5854722],[-114.5405668,33.584935],[-114.5406275,33.5843574],[-114.5406185,33.5836989],[-114.540532,33.5823547],[-114.5404093,33.5813225],[-114.5402282,33.5806139],[-114.5402018,33.5803111],[-114.5401151,33.5797597],[-114.5400282,33.5794551],[-114.5399752,33.5791479],[-114.539767,33.5785791],[-114.5395762,33.578119],[-114.5394901,33.5778077],[-114.539368,33.5774669],[-114.5391074,33.5770472],[-114.5389172,33.5768523],[-114.5386734,33.576566],[-114.5383099,33.5761973],[-114.537753,33.5754741],[-114.5376673,33.5753246],[-114.5375111,33.5751118],[-114.5373886,33.5748585],[-114.5373201,33.5745328],[-114.5371985,33.5737632],[-114.5371984,33.5734758],[-114.5370248,33.571847],[-114.5369381,33.5714326],[-114.53686,33.5709017],[-114.5366258,33.5703938],[-114.5365386,33.5701476],[-114.5360962,33.5693537],[-114.5358161,33.568929],[-114.5357566,33.5688387],[-114.5356646,33.568729],[-114.5352007,33.568176],[-114.5337948,33.5667096],[-114.5336039,33.5664135],[-114.5332488,33.5657424],[-114.5329099,33.5648793],[-114.5327185,33.5644643],[-114.53265,33.5641137],[-114.5323712,33.5630886],[-114.5321972,33.5626208],[-114.5320761,33.562408],[-114.5318945,33.562153],[-114.5312769,33.5615469],[-114.5306528,33.5610482],[-114.5304964,33.5609611],[-114.5302355,33.5607768],[-114.5297851,33.5603552],[-114.5296115,33.5602242],[-114.5292806,33.5599072],[-114.5290559,33.5596425],[-114.5283605,33.5589276],[-114.5277015,33.5580337],[-114.5273881,33.557702],[-114.5270757,33.5573461],[-114.5268333,33.5570305],[-114.5266248,33.5568186],[-114.5261913,33.5563195],[-114.5259996,33.5560302],[-114.5257311,33.5556682],[-114.5252178,33.5550512],[-114.5247937,33.554483],[-114.5244893,33.5539769],[-114.5242629,33.5534989],[-114.524176,33.5532101],[-114.5241762,33.5529631],[-114.5242459,33.5527434],[-114.5243855,33.5524297],[-114.5245061,33.5522695],[-114.5246969,33.5520715],[-114.5249229,33.5519165],[-114.5251658,33.5517221],[-114.5254449,33.5515439],[-114.52633,33.5513087],[-114.5265894,33.5512747],[-114.5267986,33.5511928],[-114.5271113,33.5511627],[-114.5274923,33.551079],[-114.5282573,33.5509497],[-114.528943,33.5507522],[-114.5292288,33.5506438],[-114.5295234,33.5504554],[-114.5298979,33.5502725],[-114.5302352,33.5500465],[-114.5304608,33.54977],[-114.5307053,33.5493312],[-114.5308778,33.5490759],[-114.5310523,33.5487195],[-114.5312429,33.5484026],[-114.5316587,33.5479913],[-114.5320414,33.5477123],[-114.5324055,33.5475128],[-114.5339172,33.5466222],[-114.5344374,33.5462945],[-114.5354791,33.5456813],[-114.5359131,33.5454643],[-114.5363819,33.5451978],[-114.5367468,33.5450164],[-114.5377006,33.5445882],[-114.5381877,33.5443387],[-114.5386554,33.5441216],[-114.5391764,33.5439376],[-114.5395243,33.5437929],[-114.5398636,33.54363],[-114.5404439,33.543304],[-114.5411905,33.5429354],[-114.5416937,33.5425885],[-114.5424156,33.5422563],[-114.5432567,33.5417709],[-114.5447334,33.5408664],[-114.5453058,33.540551],[-114.5459473,33.5401483],[-114.5464347,33.5398002],[-114.5474764,33.5391847],[-114.5486133,33.5383759],[-114.549733,33.5376647],[-114.5506358,33.537123],[-114.5514169,33.5366242],[-114.5520067,33.5362269],[-114.5525451,33.5359292],[-114.5529539,33.5356564],[-114.5534142,33.535394],[-114.5537349,33.5352658],[-114.5545075,33.5347572],[-114.5549233,33.534548],[-114.5554106,33.5342694],[-114.5559575,33.5339812],[-114.5563481,33.5336892],[-114.5568602,33.5333473],[-114.5575718,33.5329516],[-114.55817,33.5325391],[-114.5585614,33.532209],[-114.5587611,33.5320181],[-114.5590726,33.5316017],[-114.5593082,33.5312361],[-114.5594549,33.5308736],[-114.5595686,33.5306456],[-114.5596288,33.5303176],[-114.5596728,33.5299501],[-114.5597852,33.5293919],[-114.559829,33.5290377],[-114.5598203,33.5286488],[-114.5598897,33.5277735],[-114.5603052,33.5264323],[-114.5604451,33.5261948],[-114.5605929,33.5258907],[-114.5606697,33.5254873],[-114.5606872,33.5251044],[-114.56081,33.5241227],[-114.5607578,33.5230952],[-114.5606188,33.5218843],[-114.5605838,33.5202427],[-114.5604968,33.5194175],[-114.5605233,33.5185748],[-114.5605147,33.5182914],[-114.5605657,33.5179602],[-114.5606883,33.5175869],[-114.560801,33.5173365],[-114.5609127,33.5169895],[-114.5610606,33.5166987],[-114.5613471,33.5162624],[-114.5615907,33.5159896],[-114.5618164,33.5158076],[-114.5624408,33.5152351],[-114.5632836,33.5145924],[-114.563987,33.5141016],[-114.5643949,33.5137951],[-114.5648029,33.5133785],[-114.565124,33.5130953],[-114.5654093,33.5128094],[-114.565584,33.5125586],[-114.5659657,33.5121919],[-114.5663996,33.5116873],[-114.5675449,33.5106632],[-114.5680929,33.5102271],[-114.5685006,33.5098395],[-114.569256,33.5093504],[-114.5696031,33.5091451],[-114.5703409,33.5088093],[-114.570809,33.5086551],[-114.5726069,33.5078645],[-114.5729441,33.5077596],[-114.5734229,33.5076756],[-114.5738133,33.5075743],[-114.574256,33.507488],[-114.5752543,33.5073948],[-114.5757147,33.5073048],[-114.5761397,33.5072891],[-114.5766346,33.507231],[-114.5770687,33.5072047],[-114.5774331,33.5071487],[-114.577823,33.5071101],[-114.5783272,33.5070237],[-114.5787172,33.5069289],[-114.5793082,33.5068189],[-114.5795858,33.506719],[-114.5799069,33.5066714],[-114.5812092,33.5061252],[-114.5817117,33.5058901],[-114.5823382,33.5056254],[-114.5834312,33.5050668],[-114.5843344,33.5045313],[-114.5854629,33.5039103],[-114.586036,33.5036441],[-114.5876074,33.5027837],[-114.5878588,33.5026662],[-114.5884484,33.502309],[-114.5890041,33.501833],[-114.5894909,33.5014574],[-114.5899247,33.5010202],[-114.5908449,33.5002141],[-114.5909584,33.5000264],[-114.5911234,33.4998469],[-114.5916008,33.4994171],[-114.5918435,33.499126],[-114.5920434,33.4987669],[-114.5923557,33.4983233],[-114.5925896,33.4976972],[-114.5928938,33.4970511],[-114.5930155,33.4968753],[-114.5934138,33.4961976],[-114.5935015,33.4960665],[-114.5939616,33.4954849],[-114.5947345,33.4945655],[-114.5950816,33.4939872],[-114.5954202,33.4935367],[-114.5957762,33.4929907],[-114.5959671,33.4927477],[-114.5962966,33.4921708],[-114.5966785,33.4916086],[-114.5968438,33.4913121],[-114.5971899,33.4907721],[-114.5973472,33.490464],[-114.5974676,33.4901086],[-114.5975383,33.4898215],[-114.597677,33.4895099],[-114.5980493,33.4884799],[-114.5981975,33.4881823],[-114.5984841,33.4874523],[-114.5986581,33.4870712],[-114.5987448,33.4866482],[-114.5989961,33.4860322],[-114.5991958,33.485426],[-114.5994648,33.484836],[-114.5995952,33.4845034],[-114.599873,33.4840847],[-114.6003505,33.4834728],[-114.6005765,33.4831199],[-114.6007935,33.4828293],[-114.6011664,33.4822059],[-114.6013394,33.4821772],[-114.6019652,33.4816113],[-114.6027032,33.4810734],[-114.6028503,33.480924],[-114.6031108,33.4807264],[-114.6033453,33.4804908],[-114.6041442,33.4794273],[-114.6046206,33.4787165],[-114.6048027,33.4785089],[-114.6053423,33.4776452],[-114.6057151,33.477226],[-114.6060796,33.4768399],[-114.6064012,33.4765497],[-114.6067395,33.4761573],[-114.6070347,33.4758498],[-114.607703,33.4752171],[-114.6084496,33.4743969],[-114.6094305,33.4735656],[-114.6097344,33.4732786],[-114.6112713,33.4719418],[-114.6115489,33.4715948],[-114.6118615,33.471259],[-114.6121478,33.4709169],[-114.6124347,33.4706378],[-114.6127643,33.4701684],[-114.6130075,33.4697743],[-114.6133457,33.469283],[-114.6137887,33.4685565],[-114.614023,33.4682828],[-114.6143003,33.4678795],[-114.6148472,33.4669512],[-114.6162103,33.4651063],[-114.6165054,33.4647985],[-114.6168614,33.4643468],[-114.617365,33.4637544],[-114.6177294,33.4634222],[-114.6180684,33.4630479],[-114.6184065,33.462586],[-114.619318,33.461723],[-114.6196912,33.4612317],[-114.6203428,33.4605487],[-114.6206983,33.4600049],[-114.6210111,33.4596242],[-114.6216707,33.4587035],[-114.6221999,33.4580389],[-114.6224953,33.4576167],[-114.6226939,33.4572529],[-114.6231116,33.4561518],[-114.6232849,33.4553553],[-114.6233026,33.4548558],[-114.6232942,33.4545968],[-114.6232245,33.4541948],[-114.6231202,33.4538216],[-114.6229384,33.4529469],[-114.6228855,33.4524808],[-114.6227733,33.4518421],[-114.6226687,33.4510154],[-114.6225298,33.450319],[-114.6225037,33.4495649],[-114.6224608,33.4491509],[-114.6224519,33.4487597],[-114.6225202,33.448039],[-114.6227035,33.4472543],[-114.6228596,33.4468316],[-114.6229811,33.4463639],[-114.6231464,33.4459844],[-114.6238844,33.4436186],[-114.6241095,33.4430903],[-114.6242662,33.4425239],[-114.6243962,33.4422049],[-114.6245786,33.4416762],[-114.624726,33.4411922],[-114.624969,33.4401466],[-114.6252383,33.4392733],[-114.6254385,33.4384674],[-114.6262007,33.4359338],[-114.6266193,33.4346249],[-114.6267748,33.4342605],[-114.6270754,33.433469],[-114.6272673,33.4329612],[-114.6275498,33.4320126],[-114.6281372,33.4306009],[-114.6282846,33.4302232],[-114.6285468,33.4295879],[-114.6289455,33.4289584],[-114.6294671,33.4281373],[-114.6297804,33.4277034],[-114.6301844,33.4272807],[-114.6311965,33.4262813],[-114.6317923,33.4259384],[-114.6321434,33.4256528],[-114.6327728,33.4251327],[-114.6337507,33.4240836],[-114.6342315,33.4235712],[-114.6344402,33.4232553],[-114.6346919,33.4230188],[-114.6349872,33.4227894],[-114.6352737,33.4225416],[-114.6355775,33.4221963],[-114.6360287,33.4219596],[-114.6369919,33.4211922],[-114.6372877,33.4209854],[-114.6375911,33.420687],[-114.6380946,33.420297],[-114.638815,33.4196834],[-114.6391796,33.4194588],[-114.6399956,33.418854],[-114.6404384,33.4185676],[-114.6408068,33.4182561],[-114.6408293,33.4182371],[-114.6412279,33.417961],[-114.64148,33.4178343],[-114.6417754,33.4176029],[-114.6424347,33.4171514],[-114.6428431,33.4169297],[-114.6433202,33.4166073],[-114.6437281,33.4163745],[-114.6442579,33.4159772],[-114.645065,33.4155335],[-114.6456555,33.4152297],[-114.6462464,33.4148814],[-114.6468539,33.4146194],[-114.647427,33.414299],[-114.6478865,33.414072],[-114.6484075,33.4139456],[-114.6488766,33.4137327],[-114.6493714,33.4135305],[-114.6500136,33.4133673],[-114.6511074,33.413145],[-114.6517673,33.4129944],[-114.6523055,33.4129121],[-114.6537552,33.4127744],[-114.6543625,33.4127797],[-114.6553423,33.4128214],[-114.6558387,33.4127717],[-114.6563855,33.4128222],[-114.6573579,33.412859],[-114.6582253,33.4131242],[-114.6586425,33.4132109],[-114.6592065,33.4134311],[-114.660014,33.4136811],[-114.660769,33.4138763],[-114.6614288,33.414197],[-114.6625139,33.414594],[-114.6630256,33.4148127],[-114.6633997,33.4149211],[-114.6638506,33.4151582],[-114.6647014,33.4154042],[-114.6650314,33.4155481],[-114.6657429,33.4156252],[-114.666134,33.4157662],[-114.6665417,33.4158544],[-114.6669414,33.4159871],[-114.6675403,33.416149],[-114.6678872,33.416343],[-114.6682862,33.4164802],[-114.6686597,33.4166489],[-114.6690853,33.4167204],[-114.6695022,33.4169239],[-114.6698495,33.4170708],[-114.6706912,33.4172579],[-114.6711163,33.4174438],[-114.6718109,33.4175717],[-114.6722713,33.4177285],[-114.6725834,33.4177678],[-114.6729833,33.417844],[-114.6733474,33.417871],[-114.673712,33.4179809],[-114.6741111,33.4179921],[-114.6745455,33.4180843],[-114.6748057,33.4180348],[-114.6754313,33.4180903],[-114.675882,33.4180938],[-114.6762906,33.4180653],[-114.6766637,33.4179717],[-114.6770804,33.4178965],[-114.6774623,33.4178391],[-114.6778791,33.4178068],[-114.6786084,33.4176741],[-114.6790416,33.4176629],[-114.6792761,33.417607],[-114.6796236,33.4175856],[-114.6801182,33.4176772],[-114.6806308,33.417667],[-114.6810736,33.4177237],[-114.6825061,33.4176859],[-114.6828785,33.4177647],[-114.6841027,33.4179015],[-114.6846153,33.4179045],[-114.6852312,33.4179595],[-114.686221,33.4179276],[-114.6867331,33.4179644],[-114.6870024,33.4179062],[-114.687445,33.4179406],[-114.6878618,33.4178137],[-114.6881488,33.4177815],[-114.6886347,33.4176414],[-114.6894419,33.4174488],[-114.6899196,33.4172564],[-114.6903708,33.4171723],[-114.6907965,33.4169517],[-114.6915949,33.4167654],[-114.6923935,33.4165497],[-114.6929229,33.4163476],[-114.6935997,33.4161439],[-114.6940255,33.4159773],[-114.6943988,33.4158003],[-114.6947721,33.4155491],[-114.6951194,33.4154042],[-114.695397,33.4151894],[-114.6958833,33.4148675],[-114.6960831,33.4145843],[-114.6962305,33.4144416],[-114.6964469,33.4141262],[-114.6966209,33.413736],[-114.696725,33.4133343],[-114.6968467,33.4129718],[-114.6971158,33.4123454],[-114.697246,33.4121028],[-114.6973417,33.4118328],[-114.6975066,33.4115633],[-114.6978533,33.4110589],[-114.6982617,33.4107384],[-114.6984872,33.4105245],[-114.6985363,33.4104872],[-114.698826,33.4102846],[-114.6997025,33.4097577],[-114.7000325,33.409499],[-114.7003188,33.4093905],[-114.7007007,33.4090637],[-114.7010914,33.4088991],[-114.7013956,33.4086725],[-114.7019338,33.4083225],[-114.7021939,33.4081783],[-114.7029231,33.4079737],[-114.7033742,33.4079615],[-114.7038606,33.407929],[-114.7041382,33.4079364],[-114.7042774,33.4079661],[-114.704581,33.4079123],[-114.7050583,33.4078794],[-114.7062304,33.4077294],[-114.7066905,33.4077086],[-114.7071591,33.4075942],[-114.7083399,33.4074853],[-114.7089905,33.4073854],[-114.709564,33.4072265],[-114.7099722,33.4072021],[-114.7104842,33.4071378],[-114.7110739,33.4071033],[-114.7114997,33.4070623],[-114.7120467,33.4071238],[-114.7125936,33.4071023],[-114.713019,33.4071468],[-114.7135308,33.4071722],[-114.7140347,33.4071385],[-114.7145987,33.4072595],[-114.7151541,33.4072768],[-114.7157186,33.4073529],[-114.7162743,33.4075071],[-114.716726,33.4075712],[-114.7171256,33.4077619],[-114.7174899,33.4078874],[-114.7178719,33.4079378],[-114.7182534,33.4080352],[-114.7186874,33.4081185],[-114.7191998,33.4081349],[-114.7197637,33.4082155],[-114.720242,33.4083263],[-114.7206843,33.4082931],[-114.7214655,33.4080602],[-114.7218047,33.4080157],[-114.7221338,33.4078896],[-114.7225157,33.4077042],[-114.7229589,33.4075363],[-114.723236,33.4072988],[-114.7238435,33.4068232],[-114.7242605,33.4065796],[-114.7245387,33.4063602],[-114.7247901,33.4060673],[-114.7249896,33.4058694],[-114.7251461,33.405633],[-114.7253801,33.4054107],[-114.725528,33.4050568],[-114.7255978,33.4048302],[-114.725624,33.4041066],[-114.72558,33.4035982],[-114.7254059,33.402913],[-114.7252849,33.4025521],[-114.7251544,33.4022379],[-114.7250241,33.4017801],[-114.7248247,33.4014141],[-114.7245906,33.4009336],[-114.7242522,33.4004708],[-114.7240005,33.4000631],[-114.7236531,33.3997343],[-114.7230538,33.3989148],[-114.722776,33.3986423],[-114.7224811,33.3982834],[-114.7222641,33.3981027],[-114.7220127,33.3977623],[-114.7216476,33.3973112],[-114.7214043,33.3970815],[-114.7203803,33.3959595],[-114.7197639,33.395323],[-114.7194603,33.3949544],[-114.7191738,33.3946905],[-114.7188265,33.394245],[-114.7184878,33.3938674],[-114.7177412,33.3931367],[-114.7171164,33.3923897],[-114.7168215,33.3921025],[-114.7164739,33.3917177],[-114.7160661,33.3911963],[-114.715346,33.390355],[-114.714998,33.3899611],[-114.7145556,33.3895205],[-114.7138953,33.3888226],[-114.713575,33.3884216],[-114.7131925,33.388097],[-114.7129671,33.3878774],[-114.7126976,33.3876731],[-114.712402,33.3873904],[-114.7120728,33.387164],[-114.7115517,33.3866799],[-114.711257,33.3864602],[-114.7108489,33.3860799],[-114.7104758,33.3857964],[-114.7101805,33.3856216],[-114.7097718,33.3852619],[-114.7090174,33.3847417],[-114.7087653,33.3845339],[-114.708305,33.3840853],[-114.7080439,33.3837509],[-114.7076542,33.3831497],[-114.7072896,33.3823999],[-114.7071509,33.3820604],[-114.7070378,33.381633],[-114.7070033,33.3806651],[-114.7070381,33.3803552],[-114.7071677,33.3798273],[-114.7072895,33.3791124],[-114.7073763,33.378833],[-114.7074808,33.3780766],[-114.7073854,33.3769339],[-114.7069944,33.3758027],[-114.7068809,33.3754221],[-114.7066908,33.37503],[-114.7062998,33.3746533],[-114.7060916,33.3742956],[-114.7057875,33.3738397],[-114.7055531,33.3733769],[-114.7049974,33.3724299],[-114.7046855,33.3719688],[-114.7044162,33.3713691],[-114.7040863,33.3708171],[-114.7034524,33.3696648],[-114.7027576,33.368464],[-114.7021768,33.3676119],[-114.7014648,33.3662817],[-114.7012478,33.3657799],[-114.7007356,33.3648561],[-114.7002151,33.363806],[-114.7000151,33.3634626],[-114.6994417,33.362364],[-114.6990774,33.3615714],[-114.6987911,33.360436],[-114.6987822,33.3599279],[-114.6987386,33.3591504],[-114.6985826,33.3581674],[-114.6985566,33.357528],[-114.698513,33.3571433],[-114.6982701,33.3555593],[-114.6982092,33.3551309],[-114.698192,33.3548491],[-114.6981314,33.3545037],[-114.6980875,33.3538561],[-114.698088,33.3535305],[-114.6980531,33.3531666],[-114.6980879,33.3525783],[-114.6983224,33.3513186],[-114.6986437,33.3500714],[-114.6987917,33.3496861],[-114.6990172,33.3489493],[-114.6990171,33.3478307],[-114.699121,33.3461537],[-114.6991993,33.3454472],[-114.6991474,33.3447743],[-114.6991643,33.3443287],[-114.6992513,33.3435463],[-114.6993289,33.3431676],[-114.6994246,33.3424328],[-114.6996242,33.3413369],[-114.6998152,33.3405123],[-114.6999197,33.3401487],[-114.700015,33.3396971],[-114.7003104,33.3388322],[-114.7003873,33.3385701],[-114.7004573,33.3381752],[-114.7007791,33.3372019],[-114.7009197,33.3369006],[-114.7013693,33.3359369],[-114.7018031,33.3348545],[-114.7020721,33.3342911],[-114.7023415,33.3337813],[-114.7025409,33.3335165],[-114.702697,33.3331697],[-114.7030534,33.3324887],[-114.7031401,33.3322409],[-114.7032007,33.332209],[-114.703513,33.3311362],[-114.7039563,33.3300523],[-114.7041731,33.3295751],[-114.7046678,33.3286785],[-114.7049104,33.328183],[-114.7051451,33.3278261],[-114.7056402,33.3268421],[-114.7059439,33.3262808],[-114.7062995,33.3257522],[-114.7066298,33.3251905],[-114.7069244,33.3247949],[-114.707194,33.3242114],[-114.7074893,33.3238268],[-114.707819,33.3234809],[-114.7082276,33.3229985],[-114.7084961,33.3227335],[-114.7088086,33.3223325],[-114.709425,33.3217721],[-114.7099113,33.3212163],[-114.7104406,33.3205603],[-114.7107015,33.3203644],[-114.7109793,33.320062],[-114.711344,33.3197699],[-114.71163,33.3195041],[-114.7120726,33.3193091],[-114.7136179,33.318546],[-114.7142946,33.3183355],[-114.7146944,33.3181266],[-114.7151283,33.3179357],[-114.7160051,33.3174781],[-114.7164393,33.3172311],[-114.7168466,33.316843],[-114.7177764,33.316097],[-114.7181057,33.3157416],[-114.7184275,33.3155387],[-114.7189127,33.3150749],[-114.7193041,33.3149105],[-114.7199985,33.314472],[-114.7204758,33.3142795],[-114.7208663,33.3140541],[-114.721318,33.3137341],[-114.7217427,33.3134999],[-114.7221333,33.3133171],[-114.722559,33.3129595],[-114.7229061,33.3127696],[-114.7232445,33.312361],[-114.7234442,33.3120196],[-114.7236355,33.3115855],[-114.7238006,33.3111564],[-114.724069,33.3102178],[-114.7243386,33.3097329],[-114.7245994,33.3094358],[-114.7249812,33.3092597],[-114.7253888,33.3089413],[-114.7259017,33.3086971],[-114.7263352,33.3084141],[-114.726769,33.308239],[-114.727134,33.3080409],[-114.7278113,33.3075453],[-114.7281926,33.3073305],[-114.7287144,33.3069612],[-114.7293656,33.3063021],[-114.7297298,33.30603],[-114.7301464,33.3055705],[-114.7304506,33.3053125],[-114.7306931,33.3049672],[-114.7309013,33.3047744],[-114.7310927,33.3043945],[-114.7312401,33.3042224],[-114.731318,33.3039784],[-114.7313959,33.3038061],[-114.7314222,33.3035159],[-114.7314741,33.3032791],[-114.7314305,33.3025982],[-114.7313006,33.3022614],[-114.731136,33.3017138],[-114.7308397,33.3013144],[-114.7307195,33.3010614],[-114.7304586,33.3007812],[-114.7299814,33.3001317],[-114.7296941,33.2996523],[-114.7294343,33.299291],[-114.7291045,33.2987636],[-114.7287828,33.2983221],[-114.7285057,33.2976794],[-114.7279588,33.2965558],[-114.7269865,33.2948286],[-114.7268733,33.2944999],[-114.7261267,33.2930417],[-114.7258227,33.292597],[-114.7251632,33.2912637],[-114.7248943,33.2908729],[-114.7246682,33.2903681],[-114.7244168,33.2899762],[-114.7241913,33.2894918],[-114.7237483,33.2887232],[-114.7235139,33.2884202],[-114.7232881,33.2880773],[-114.7230109,33.2877621],[-114.7227238,33.2874891],[-114.7222982,33.2871419],[-114.7219085,33.2869674],[-114.7214129,33.2867095],[-114.7210486,33.2865481],[-114.7206233,33.2862681],[-114.7202502,33.2860859],[-114.7197901,33.2857947],[-114.7193644,33.2855909],[-114.7189735,33.2854254],[-114.7185051,33.2851783],[-114.7178977,33.2850567],[-114.7173856,33.2848606],[-114.7167086,33.2846851],[-114.7157015,33.2843795],[-114.7151027,33.2842517],[-114.714538,33.2841037],[-114.7139914,33.2839323],[-114.7135832,33.2838398],[-114.711647,33.2835212],[-114.7102758,33.2832786],[-114.7090782,33.2829803],[-114.7081666,33.282881],[-114.7070207,33.2826334],[-114.7059094,33.2824261],[-114.7055275,33.2823937],[-114.7047984,33.2822301],[-114.7034088,33.2820224],[-114.7029317,33.2819923],[-114.7023676,33.2818828],[-114.7018032,33.2817167],[-114.7003449,33.2813761],[-114.6997111,33.281183],[-114.6991298,33.2810698],[-114.6979836,33.2807368],[-114.6967771,33.2804221],[-114.6963345,33.2802575],[-114.6957007,33.2801452],[-114.6944761,33.2797958],[-114.6939907,33.2797294],[-114.6933911,33.2795117],[-114.6927578,33.2793835],[-114.6921239,33.2791322],[-114.6914902,33.2789524],[-114.6907872,33.278656],[-114.6901535,33.2785169],[-114.6896151,33.2783593],[-114.6890943,33.2781447],[-114.6886601,33.2779446],[-114.6881226,33.2776681],[-114.6875146,33.2774562],[-114.6870546,33.2772455],[-114.6864554,33.2769424],[-114.6859085,33.2767215],[-114.6852656,33.2764245],[-114.6846498,33.2761698],[-114.6842066,33.2759244],[-114.6837733,33.2756616],[-114.683061,33.2751713],[-114.6820892,33.2746679],[-114.6812555,33.2741311],[-114.6799361,33.2731823],[-114.6789463,33.2723902],[-114.6786861,33.2720785],[-114.6778266,33.2711963],[-114.6773492,33.2705984],[-114.6770804,33.27014],[-114.6766024,33.2693916],[-114.6764206,33.2689571],[-114.6762726,33.2681723],[-114.6761603,33.2678236],[-114.675995,33.2673679],[-114.6758392,33.2670428],[-114.6755259,33.2665165],[-114.6751442,33.266035],[-114.6744236,33.2649039],[-114.6740586,33.2641764],[-114.6737986,33.2638088],[-114.6735559,33.2633567],[-114.6730087,33.2624237],[-114.6728608,33.2620701],[-114.6727046,33.2616354],[-114.672644,33.2612067],[-114.672427,33.260485],[-114.6723493,33.2601517],[-114.6722879,33.2597142],[-114.672236,33.259266],[-114.6722539,33.2587867],[-114.6722362,33.2580626],[-114.6723056,33.2577979],[-114.6724099,33.2574882],[-114.6728179,33.2568825],[-114.6730865,33.2565749],[-114.6736688,33.2560484],[-114.6740242,33.2557669],[-114.6744671,33.2555385],[-114.6749356,33.2553477],[-114.6754653,33.2551613],[-114.6764727,33.2548564],[-114.6769933,33.2546243],[-114.6774794,33.2544728],[-114.6779216,33.2542782],[-114.6782515,33.2540826],[-114.6791196,33.253472],[-114.679554,33.253124],[-114.6799623,33.2526685],[-114.6803956,33.2522713],[-114.6809862,33.2516689],[-114.6828359,33.2503136],[-114.6836254,33.2500343],[-114.6839642,33.2498865],[-114.6845978,33.249534],[-114.684858,33.2494122],[-114.6851184,33.2492457],[-114.6856741,33.2490248],[-114.6861781,33.2487399],[-114.6869942,33.2483681],[-114.6874109,33.2481177],[-114.6880184,33.2478151],[-114.6882613,33.2476744],[-114.6888515,33.2473032],[-114.6890771,33.2471206],[-114.6894157,33.2467234],[-114.6895111,33.246465],[-114.6895371,33.2462219],[-114.6895201,33.2460231],[-114.689459,33.2457923],[-114.6892596,33.2452084],[-114.6889987,33.2447216],[-114.6887215,33.2440833],[-114.6885217,33.2436971],[-114.687957,33.2427788],[-114.6877137,33.2424165],[-114.6876533,33.2422801],[-114.6871935,33.2414563],[-114.6865159,33.2405304],[-114.6857351,33.2395841],[-114.685448,33.2393],[-114.684919,33.2386827],[-114.6845978,33.2382815],[-114.6842419,33.2378825],[-114.6837037,33.2371773],[-114.6833038,33.2367483],[-114.6828964,33.236256],[-114.6825751,33.2359267],[-114.6819934,33.2351197],[-114.681273,33.2342403],[-114.6809257,33.2337924],[-114.6805783,33.2334277],[-114.6803095,33.2330953],[-114.6797017,33.2324503],[-114.6793545,33.2320565],[-114.6791464,33.231856],[-114.6785387,33.2311842],[-114.6778358,33.2302878],[-114.677627,33.2299684],[-114.6773666,33.2296476],[-114.6768195,33.2290224],[-114.6765072,33.2287252],[-114.6761426,33.2283459],[-114.6757952,33.2279408],[-114.6754913,33.2276395],[-114.6748057,33.2268566],[-114.6744675,33.2264005],[-114.6740591,33.2257082],[-114.6735385,33.2245975],[-114.673365,33.2241501],[-114.673165,33.2235283],[-114.6731044,33.2231154],[-114.6730781,33.2223682],[-114.6731132,33.2218742],[-114.6731995,33.2211637],[-114.6733042,33.2206724],[-114.6734514,33.2201501],[-114.6737381,33.218867],[-114.6741633,33.2179257],[-114.6743192,33.2174645],[-114.6749274,33.216174],[-114.6751784,33.2151781],[-114.6753177,33.2144735],[-114.6760207,33.2120733],[-114.6762553,33.211128],[-114.6763857,33.2107416],[-114.6768543,33.2090889],[-114.6770107,33.2086548],[-114.6771585,33.2083506],[-114.6773058,33.2079675],[-114.6774704,33.2077134],[-114.6778443,33.2069863],[-114.6782173,33.2061267],[-114.6783818,33.2055767],[-114.6784602,33.2050742],[-114.6785033,33.2044687],[-114.6785641,33.2039855],[-114.6785992,33.2033076],[-114.6785901,33.2023683],[-114.6785298,33.2017243],[-114.6784601,33.2012502],[-114.678373,33.2002292],[-114.6782171,33.19957],[-114.6780864,33.1991458],[-114.6779307,33.1985088],[-114.6774181,33.1970774],[-114.6772535,33.1965499],[-114.676984,33.1955212],[-114.676828,33.1950707],[-114.6766716,33.1945393],[-114.6763682,33.1932118],[-114.6761681,33.1924259],[-114.6760378,33.1920266],[-114.6759257,33.1915496],[-114.6755951,33.1897759],[-114.6755261,33.1891871],[-114.6755178,33.1887283],[-114.675457,33.188273],[-114.6754049,33.1875014],[-114.6754308,33.1871733],[-114.6754305,33.1863491],[-114.6754565,33.1859085],[-114.6755522,33.1854501],[-114.6756729,33.1841535],[-114.6757345,33.1837333],[-114.6757693,33.1832417],[-114.6759864,33.1821538],[-114.6761075,33.1817913],[-114.6763071,33.1810415],[-114.6764201,33.1807951],[-114.6765504,33.1803661],[-114.6768457,33.1795236],[-114.6770019,33.1789616],[-114.677436,33.1778817],[-114.6776787,33.1774353],[-114.678,33.1767811],[-114.6781562,33.1765154],[-114.6783388,33.1760001],[-114.6784778,33.1756906],[-114.6786161,33.1754415],[-114.6787293,33.1751774],[-114.678946,33.1745566],[-114.6791287,33.173884],[-114.679241,33.1732515],[-114.6793891,33.1720197],[-114.6794408,33.1712104],[-114.6794413,33.170896],[-114.6795797,33.1697354],[-114.6796146,33.1689612],[-114.6796056,33.1685517],[-114.6795277,33.1676442],[-114.6793973,33.1666986],[-114.6793106,33.1662792],[-114.6791375,33.1655869],[-114.6790501,33.1651433],[-114.6789289,33.1647178],[-114.6787776,33.1643554],[-114.6787636,33.1640151],[-114.6786341,33.1633435],[-114.6786075,33.1630321],[-114.6785817,33.1622937],[-114.6786337,33.1617205],[-114.6787031,33.1613679],[-114.6789375,33.1606581],[-114.6791024,33.1603123],[-114.6793717,33.1596166],[-114.6795365,33.1592708],[-114.6797703,33.1588621],[-114.6799965,33.1585604],[-114.6802394,33.1581414],[-114.6807345,33.1574265],[-114.6810382,33.1571104],[-114.6813594,33.1567211],[-114.6816801,33.1562555],[-114.6823056,33.1549683],[-114.6824965,33.1545226],[-114.6826187,33.1541069],[-114.6829225,33.1529479],[-114.683148,33.1517417],[-114.6833652,33.1509323],[-114.6835734,33.1503038],[-114.6837464,33.1499092],[-114.6838506,33.1495571],[-114.6841546,33.1488026],[-114.6843715,33.1479818],[-114.6848584,33.1463982],[-114.6850313,33.1459403],[-114.685196,33.1455809],[-114.6854914,33.1450864],[-114.6860387,33.143848],[-114.686299,33.1434676],[-114.6865246,33.1430744],[-114.6866115,33.1427661],[-114.6868459,33.1422495],[-114.6872714,33.1414222],[-114.6878181,33.1406397],[-114.6881393,33.1402503],[-114.6884084,33.1399631],[-114.689441,33.1386425],[-114.6897016,33.1383881],[-114.6900146,33.1380007],[-114.69083,33.1371681],[-114.6915678,33.1363691],[-114.6922978,33.135668],[-114.6926097,33.1353766],[-114.693191,33.1348747],[-114.6934955,33.1345495],[-114.6938946,33.1341967],[-114.694615,33.133668],[-114.6954662,33.1328517],[-114.6957612,33.1324872],[-114.6960049,33.1321128],[-114.6962468,33.1316288],[-114.6964642,33.1312769],[-114.6969937,33.1302121],[-114.6972457,33.1296071],[-114.6974712,33.1288901],[-114.6977057,33.1283718],[-114.6979485,33.1279099],[-114.6991464,33.1252507],[-114.6992855,33.1250375],[-114.6993638,33.1246203],[-114.6996674,33.1235404],[-114.6997277,33.123228],[-114.6998064,33.122991],[-114.6999191,33.1227314],[-114.7001364,33.1221281],[-114.7005443,33.1211875],[-114.7011256,33.1196122],[-114.7012383,33.1193389],[-114.7015946,33.1186196],[-114.7018896,33.1178443],[-114.7020284,33.1174091],[-114.7021852,33.1171052],[-114.7024279,33.1164167],[-114.7027922,33.1155966],[-114.702931,33.1152173],[-114.7030614,33.1147816],[-114.7033739,33.1139896],[-114.7034778,33.1135137],[-114.703756,33.1128856],[-114.7041035,33.1120066],[-114.7043205,33.1112349],[-114.7044072,33.1108413],[-114.7045458,33.1105201],[-114.7053793,33.1073516],[-114.705675,33.1065695],[-114.7058134,33.105993],[-114.7059003,33.1057542],[-114.7060309,33.1052191],[-114.7063948,33.1040493],[-114.7065856,33.1035408],[-114.7067251,33.1029575],[-114.7067509,33.1025124],[-114.7068208,33.1021152],[-114.7069419,33.1017638],[-114.7070201,33.1013873],[-114.7071677,33.1002926],[-114.7072721,33.0996975],[-114.7075412,33.0987006],[-114.7075843,33.0983981],[-114.7076714,33.0974943],[-114.7076797,33.096671],[-114.7079056,33.0949303],[-114.7079144,33.0945849],[-114.7079605,33.0940163],[-114.7078881,33.0935504],[-114.7078964,33.0932632],[-114.7078705,33.0925925],[-114.7078529,33.0922566],[-114.7077926,33.0919092],[-114.7076969,33.0915792],[-114.7074622,33.0909145],[-114.7073587,33.0904853],[-114.7069679,33.0892155],[-114.7068202,33.0888464],[-114.7066033,33.088643],[-114.7064125,33.0883628],[-114.7062041,33.0881112],[-114.7060136,33.0878423],[-114.705414,33.0874248],[-114.7050139,33.0873421],[-114.7045978,33.0871411],[-114.7040948,33.0870603],[-114.7035566,33.0868581],[-114.7030706,33.0868481],[-114.70248,33.0867186],[-114.7019507,33.0866603],[-114.7014463,33.0865348],[-114.7009953,33.0865225],[-114.7005587,33.0864475],[-114.69998,33.0863984],[-114.699529,33.0864172],[-114.6991029,33.0864784],[-114.6985473,33.086403],[-114.6981045,33.0864431],[-114.6975931,33.0864382],[-114.697133,33.0864069],[-114.6966462,33.0864353],[-114.6956396,33.0864171],[-114.6950498,33.0864226],[-114.6944932,33.0863963],[-114.6939639,33.0864193],[-114.6935209,33.0863667],[-114.6930779,33.0862543],[-114.6927054,33.0860898],[-114.6918109,33.0858322],[-114.6917239,33.085665],[-114.6914557,33.0856132],[-114.691021,33.0854265],[-114.6905002,33.0851539],[-114.6900662,33.0849068],[-114.6897537,33.0846547],[-114.6894674,33.0845389],[-114.6892761,33.0843485],[-114.6889895,33.0842056],[-114.6888249,33.0839859],[-114.6886858,33.0836957],[-114.6885646,33.0835397],[-114.688521,33.0832224],[-114.6885639,33.0829962],[-114.6887291,33.0824345],[-114.6889982,33.0816218],[-114.6890204,33.0810871],[-114.6892065,33.0804068],[-114.6892325,33.0799504],[-114.6893106,33.0793495],[-114.6893107,33.0788846],[-114.6891981,33.0780193],[-114.6892152,33.0777376],[-114.6890857,33.0771925],[-114.6889552,33.0763033],[-114.6886771,33.0749709],[-114.6883305,33.0739437],[-114.6878871,33.0729374],[-114.6877312,33.0724713],[-114.6872447,33.0715245],[-114.6868368,33.0710865],[-114.6865242,33.0706254],[-114.6862813,33.0703619],[-114.6860123,33.0700204],[-114.6853175,33.0693609],[-114.6845102,33.0685498],[-114.6841891,33.0681374],[-114.6834425,33.0673912],[-114.6832254,33.0670352],[-114.6827392,33.0664975],[-114.6826527,33.0664645],[-114.682297,33.0659426],[-114.6817757,33.0653778],[-114.6810815,33.064529],[-114.680795,33.0641459],[-114.6804304,33.0637021],[-114.679649,33.0628006],[-114.6792931,33.0623385],[-114.6788506,33.0619542],[-114.6781734,33.0610826],[-114.6776959,33.0605763],[-114.6774096,33.0601644],[-114.6770795,33.059877],[-114.6767758,33.0595111],[-114.6764635,33.0593731],[-114.6761413,33.0591697],[-114.6757774,33.0589027],[-114.6754132,33.0586809],[-114.675152,33.0584657],[-114.6746312,33.057885],[-114.6744231,33.0575768],[-114.6743106,33.0573557],[-114.6740674,33.0566186],[-114.6740151,33.0562133],[-114.6740151,33.0557619],[-114.6740411,33.0554315],[-114.6741109,33.0549912],[-114.6741889,33.0546599],[-114.6742581,33.0541146],[-114.6744574,33.0532341],[-114.6745617,33.0518243],[-114.6746313,33.0513575],[-114.6747784,33.0506215],[-114.6748052,33.0501295],[-114.6749094,33.0494649],[-114.6749358,33.0487373],[-114.6749529,33.0472341],[-114.6749266,33.0469198],[-114.6748655,33.0465367],[-114.6748488,33.0461782],[-114.6747788,33.0457918],[-114.6747357,33.0454299],[-114.6746224,33.0450493],[-114.6745444,33.0446778],[-114.6743885,33.0442139],[-114.6742151,33.0437372],[-114.6737028,33.0424885],[-114.6730167,33.0413576],[-114.6727563,33.0410548],[-114.6725651,33.0407502],[-114.6723304,33.0405391],[-114.6718706,33.0398347],[-114.6717057,33.0394664],[-114.6714629,33.0392029],[-114.67122,33.0387534],[-114.6710115,33.0385622],[-114.6708207,33.0382418],[-114.6703345,33.0377621],[-114.6699091,33.0373696],[-114.6696227,33.0371283],[-114.6683201,33.0362725],[-114.6678687,33.0359997],[-114.6674087,33.0356659],[-114.6669743,33.0354232],[-114.6663587,33.0349888],[-114.6657426,33.0346262],[-114.6652651,33.0342775],[-114.6648738,33.0340871],[-114.6645271,33.0338661],[-114.6634767,33.0334019],[-114.6630254,33.0332974],[-114.6625301,33.0330264],[-114.6621744,33.0329106],[-114.6617751,33.0327351],[-114.6612457,33.0325827],[-114.6607944,33.03255],[-114.6604378,33.0325014],[-114.6599611,33.0325838],[-114.6595441,33.0328029],[-114.6592318,33.0329344],[-114.658919,33.0331828],[-114.6586329,33.0333771],[-114.6583547,33.0336526],[-114.6580598,33.0338233],[-114.6577824,33.0340384],[-114.6571831,33.0346065],[-114.6568271,33.0348902],[-114.6564538,33.0353521],[-114.6561319,33.035721],[-114.6557588,33.0360846],[-114.6554556,33.0365154],[-114.6548306,33.0373422],[-114.6546302,33.0376813],[-114.6543439,33.0379739],[-114.6541356,33.0383149],[-114.6539014,33.038593],[-114.6536757,33.0389755],[-114.6534932,33.0393674],[-114.6532759,33.0397028],[-114.6531285,33.0400501],[-114.6524516,33.0410417],[-114.652009,33.0418291],[-114.6517397,33.0423768],[-114.6515491,33.0426293],[-114.6513493,33.0429927],[-114.6511845,33.0432402],[-114.6510544,33.0435431],[-114.6508888,33.0438262],[-114.6507246,33.0441947],[-114.6505418,33.0444498],[-114.6503513,33.0447713],[-114.6500558,33.0451148],[-114.6494397,33.0459471],[-114.6491966,33.046218],[-114.648936,33.0465757],[-114.6481024,33.0474756],[-114.6477033,33.0477069],[-114.6471738,33.0481449],[-114.6467397,33.048448],[-114.6465231,33.0486783],[-114.6462625,33.0487552],[-114.6458895,33.0489769],[-114.6455069,33.0489915],[-114.6451425,33.0490232],[-114.6448301,33.0488603],[-114.64437,33.0486519],[-114.6437101,33.0482034],[-114.6429894,33.0478628],[-114.6425555,33.0475889],[-114.6422256,33.0474811],[-114.6415225,33.0470232],[-114.6411493,33.0468833],[-114.6407409,33.0466785],[-114.6404199,33.0463829],[-114.6401422,33.0461753],[-114.6398644,33.0459004],[-114.6395952,33.0456062],[-114.639083,33.0449229],[-114.6388832,33.044698],[-114.6385799,33.044314],[-114.6381544,33.0439507],[-114.63772,33.0434452],[-114.6370346,33.0427344],[-114.6367127,33.0423331],[-114.6364616,33.0420736],[-114.6358369,33.0413426],[-114.6355153,33.0409367],[-114.6349247,33.0402949],[-114.6345951,33.0397791],[-114.6342652,33.039478],[-114.6336836,33.0386037],[-114.6333624,33.0382674],[-114.6331367,33.0378798],[-114.6328589,33.0376207],[-114.6325205,33.0370722],[-114.6322426,33.0367685],[-114.6319127,33.0362589],[-114.6315311,33.0357751],[-114.6311744,33.0352212],[-114.6307753,33.0346845],[-114.6301158,33.0336291],[-114.6298117,33.0331981],[-114.6294907,33.0327607],[-114.6286227,33.0317456],[-114.6280932,33.0312722],[-114.6275549,33.0309057],[-114.6271293,33.0305355],[-114.626652,33.0301866],[-114.6261748,33.0299073],[-114.6257753,33.0297056],[-114.6255579,33.0295404],[-114.6243606,33.029044],[-114.6240218,33.0288503],[-114.6236051,33.0287614],[-114.6231449,33.0285823],[-114.6226415,33.028483],[-114.6223029,33.0283724],[-114.6219817,33.0283016],[-114.6216608,33.0282552],[-114.6212441,33.0281414],[-114.6207665,33.0279767],[-114.6204103,33.0279234],[-114.6201064,33.027784],[-114.6197764,33.0277642],[-114.6194293,33.0276306],[-114.6191606,33.0275855],[-114.6187441,33.0274537],[-114.6185002,33.0273922],[-114.6179449,33.0273034],[-114.6175718,33.0271929],[-114.6168684,33.0270913],[-114.6165473,33.0269799],[-114.616174,33.0269365],[-114.6158608,33.0269266],[-114.6152797,33.0267975],[-114.6149066,33.0268124],[-114.6145672,33.0267673],[-114.6142989,33.0267714],[-114.614047,33.0267005],[-114.6131877,33.0266824],[-114.6128148,33.026599],[-114.6124847,33.0265656],[-114.612077,33.0264816],[-114.6113562,33.0263814],[-114.6109917,33.0263476],[-114.6105577,33.0262713],[-114.6101842,33.026246],[-114.609846,33.0262434],[-114.6090732,33.0261299],[-114.6086734,33.0261435],[-114.608214,33.0260717],[-114.6077539,33.0260609],[-114.6073718,33.025999],[-114.6069374,33.025999],[-114.6063217,33.0259033],[-114.6058874,33.0258717],[-114.6054791,33.0257922],[-114.6050539,33.0257791],[-114.6043333,33.0256518],[-114.6038643,33.0256625],[-114.6033956,33.0255908],[-114.603014,33.0255668],[-114.6025801,33.0255889],[-114.6019636,33.0255536],[-114.6015023,33.0254862],[-114.6005304,33.0254518],[-114.599984,33.0254058],[-114.5995063,33.0254658],[-114.5991075,33.0254698],[-114.5986034,33.0255303],[-114.5982556,33.0255152],[-114.5978307,33.0255677],[-114.597345,33.0255884],[-114.5969022,33.0256637],[-114.5965293,33.0256745],[-114.5962158,33.0257075],[-114.5958337,33.0257845],[-114.5955827,33.0258889],[-114.59488,33.0259064],[-114.59441,33.0259572],[-114.5940636,33.0260123],[-114.5933345,33.0260145],[-114.5928049,33.0259923],[-114.5924403,33.0260821],[-114.5920153,33.0260825],[-114.5909811,33.0261807],[-114.5905655,33.0261906],[-114.5900879,33.0262795],[-114.5895501,33.0263033],[-114.5890466,33.0264688],[-114.5885677,33.0265266],[-114.5881348,33.0266921],[-114.5876488,33.0267715],[-114.5871365,33.0269881],[-114.586711,33.0270738],[-114.5862164,33.0272556],[-114.5856782,33.0274777],[-114.5851658,33.0278039],[-114.5847403,33.0281275],[-114.5840636,33.0287237],[-114.5837599,33.0291255],[-114.5834643,33.029413],[-114.5832214,33.0298075],[-114.5829694,33.0301428],[-114.5824054,33.0310762],[-114.5820656,33.031561],[-114.5817628,33.0319555],[-114.5814065,33.0325152],[-114.5810859,33.0328998],[-114.5800962,33.0338272],[-114.5792363,33.0346062],[-114.5789327,33.0349379],[-114.5785933,33.0351842],[-114.5781517,33.0355358],[-114.5777263,33.0356932],[-114.5774476,33.0358205],[-114.5772231,33.0358678],[-114.5765021,33.0361579],[-114.5757809,33.0362705],[-114.5751743,33.0364536],[-114.5742105,33.0365387],[-114.5736635,33.0366428],[-114.5730985,33.0366137],[-114.5725871,33.036637],[-114.5720666,33.0366311],[-114.5715979,33.0365988],[-114.5712333,33.0365653],[-114.5709369,33.0365137],[-114.5705209,33.0364179],[-114.5695315,33.0362988],[-114.5688197,33.0361338],[-114.5681858,33.0359601],[-114.5676569,33.0358775],[-114.5667969,33.0356121],[-114.5663107,33.0355117],[-114.5658939,33.0354678],[-114.5655553,33.0353276],[-114.5651906,33.0352964],[-114.5647566,33.0351657],[-114.5643402,33.0352004],[-114.5639583,33.0351649],[-114.5635754,33.0352537],[-114.5631509,33.0352202],[-114.5627775,33.0352914],[-114.5622741,33.0352568],[-114.5617533,33.0352711],[-114.5613628,33.0352979],[-114.5609286,33.035226],[-114.5597991,33.0351199],[-114.5591579,33.0349842],[-114.5584808,33.0349288],[-114.5571352,33.034772],[-114.5565277,33.0346431],[-114.5551473,33.0344167],[-114.5545473,33.0342277],[-114.55388,33.0341818],[-114.553177,33.0340646],[-114.5526634,33.0339978],[-114.5511879,33.0338906],[-114.5508066,33.0338082],[-114.5499378,33.0338208],[-114.5496173,33.033799],[-114.5494527,33.0338216],[-114.5484801,33.0338698],[-114.5473952,33.033816],[-114.5468041,33.0338652],[-114.546361,33.0338148],[-114.5457796,33.0338335],[-114.544755,33.0337752],[-114.5435757,33.0337862],[-114.5426899,33.0336991],[-114.5418904,33.0336963],[-114.5410757,33.0336471],[-114.5397206,33.0334625],[-114.5384101,33.033371],[-114.5376802,33.0333389],[-114.5370824,33.0332646],[-114.5365698,33.0331351],[-114.5358669,33.0331003],[-114.5347467,33.0329118],[-114.5341566,33.0327457],[-114.5327848,33.0325958],[-114.5320646,33.0324907],[-114.5308486,33.0323873],[-114.5302069,33.0322266],[-114.5297726,33.0322236],[-114.5290863,33.0320149],[-114.5278708,33.0317974],[-114.5272891,33.0316357],[-114.5266898,33.0315635],[-114.5260922,33.0313897],[-114.5255797,33.0313415],[-114.5249377,33.0311469],[-114.5244254,33.0309727],[-114.5217084,33.0304027],[-114.5208483,33.0302002],[-114.5201622,33.029922],[-114.5196333,33.0296724],[-114.5191736,33.0294793],[-114.5187907,33.0291526],[-114.5182608,33.0288561],[-114.5176968,33.0285974],[-114.5172374,33.0282625],[-114.5167851,33.0279912],[-114.5163088,33.0276107],[-114.5157793,33.0272447],[-114.5151455,33.0268532],[-114.5145716,33.0263623],[-114.5139902,33.025914],[-114.513452,33.0255249],[-114.5129224,33.0249944],[-114.5123065,33.0244156],[-114.5114808,33.0237711],[-114.510831,33.0232036],[-114.5104751,33.0227907],[-114.5100496,33.0223935],[-114.5095893,33.0220003],[-114.5092499,33.0216491],[-114.5089209,33.0212205],[-114.5083043,33.0205698],[-114.50781,33.019824],[-114.5073316,33.0191784],[-114.5069669,33.0186503],[-114.506464,33.0178413],[-114.5062814,33.0174832],[-114.5060653,33.0171697],[-114.5055444,33.0162722],[-114.5053087,33.0159126],[-114.5051451,33.0156203],[-114.5043627,33.0143388],[-114.5040846,33.0138369],[-114.5036856,33.0129771],[-114.5033999,33.0124161],[-114.5030343,33.0115963],[-114.5024278,33.0103426],[-114.5017161,33.008969],[-114.5014457,33.0083064],[-114.5010813,33.007251],[-114.5009606,33.0069823],[-114.5007688,33.0066367],[-114.5005789,33.0060267],[-114.5004043,33.0057632],[-114.5002653,33.00541],[-114.5001786,33.005108],[-114.5001358,33.0047521],[-114.5000743,33.0044496],[-114.4998486,33.0035716],[-114.4997181,33.0029097],[-114.499606,33.0025115],[-114.4994238,33.0020273],[-114.4992321,33.0010736],[-114.4992412,33.0007175],[-114.4991887,32.9996762],[-114.4986069,32.9976184],[-114.4983041,32.9966835],[-114.4981741,32.9961561],[-114.4980437,32.9955614],[-114.4976438,32.9934142],[-114.4973577,32.9922518],[-114.4971487,32.9913125],[-114.4970195,32.9906371],[-114.4968371,32.9895736],[-114.4966549,32.9878349],[-114.4964805,32.9856834],[-114.4962643,32.984308],[-114.4962198,32.9837345],[-114.4961507,32.9831688],[-114.4960822,32.982789],[-114.4960474,32.9820595],[-114.4958815,32.9811008],[-114.4956825,32.9796861],[-114.4955605,32.9789658],[-114.4952998,32.9778437],[-114.4949178,32.9767647],[-114.4947711,32.9759415],[-114.4946834,32.9756213],[-114.4945365,32.9753355],[-114.4943363,32.9745943],[-114.494131,32.9740853],[-114.4939205,32.9734137],[-114.4931206,32.9719198],[-114.4928342,32.9715615],[-114.4924613,32.9711764],[-114.4916719,32.9705793],[-114.4913417,32.9703856],[-114.4908638,32.9701372],[-114.4901787,32.9699357],[-114.4888153,32.9698777],[-114.4881379,32.9700829],[-114.48747,32.9703784],[-114.4867413,32.9706155],[-114.4860111,32.9708978],[-114.4854818,32.9710701],[-114.4844755,32.9714365],[-114.4840413,32.9715344],[-114.4834766,32.9716863],[-114.4819666,32.9718477],[-114.48162,32.9718691],[-114.4813505,32.9720366],[-114.4811327,32.9722661],[-114.480933,32.9726925],[-114.4806644,32.9731975],[-114.4802479,32.9736489],[-114.4798824,32.9738756],[-114.4791964,32.9742188],[-114.4785716,32.97447],[-114.4780164,32.9746201],[-114.4777212,32.9747525],[-114.4773047,32.974832],[-114.4767932,32.9749583],[-114.4761942,32.9750785],[-114.4752964,32.9750206],[-114.4747435,32.975098],[-114.4741357,32.97502],[-114.4719659,32.9744197],[-114.471306,32.974195],[-114.4706121,32.973907],[-114.4700126,32.9734977],[-114.4696662,32.973128],[-114.4688501,32.971763],[-114.4684759,32.9710212],[-114.4681809,32.9701075],[-114.4677032,32.9683568],[-114.4675383,32.9675733],[-114.4673832,32.9665908],[-114.4673308,32.9657139],[-114.4672353,32.96487],[-114.4672,32.9642053],[-114.4672351,32.9632915],[-114.4673223,32.9627075],[-114.4673995,32.9614844],[-114.467408,32.9609688],[-114.4673736,32.9602816],[-114.4673659,32.9596188],[-114.467374,32.9589552],[-114.4674959,32.9580298],[-114.4677123,32.9573753],[-114.4678166,32.9568351],[-114.4680168,32.9560583],[-114.4682421,32.9553376],[-114.4685715,32.9545502],[-114.4689187,32.9537411],[-114.4697437,32.9520128],[-114.4701521,32.9510824],[-114.4704726,32.9506014],[-114.4709506,32.9497615],[-114.4710626,32.9496794],[-114.4716444,32.9487405],[-114.4727118,32.9471232],[-114.473112,32.9466054],[-114.473824,32.945617],[-114.4747696,32.9446385],[-114.4753258,32.9440211],[-114.4758036,32.9435801],[-114.476254,32.9429845],[-114.4768098,32.9425225],[-114.4773483,32.9419624],[-114.4776869,32.9415722],[-114.4780253,32.9412277],[-114.4783905,32.9407947],[-114.4792147,32.9398972],[-114.4798053,32.9390463],[-114.4800133,32.9386971],[-114.4803348,32.9382094],[-114.4808201,32.9372081],[-114.4809337,32.9365694],[-114.4810382,32.9361789],[-114.4810802,32.9356187],[-114.4810717,32.9349892],[-114.4809857,32.9343367],[-114.4808468,32.9335432],[-114.4805776,32.9326624],[-114.4798921,32.9305839],[-114.4796492,32.9297637],[-114.4793276,32.9290256],[-114.4791625,32.9284777],[-114.4789533,32.9279825],[-114.4787972,32.9273813],[-114.4785811,32.9268592],[-114.478338,32.9260995],[-114.4781124,32.9255944],[-114.477887,32.9251753],[-114.4775307,32.9246163],[-114.4770966,32.9240139],[-114.4762026,32.9230028],[-114.4747784,32.921601],[-114.4741277,32.9210082],[-114.4723472,32.9195436],[-114.4698312,32.9174198],[-114.4680342,32.9160459],[-114.4671746,32.9152998],[-114.4665227,32.9148035],[-114.4657587,32.9140621],[-114.4652041,32.9135905],[-114.464397,32.9126214],[-114.4638578,32.9118793],[-114.4633805,32.9110384],[-114.463111,32.9101355],[-114.4629385,32.9085608],[-114.4628936,32.9067398],[-114.4627897,32.9059847],[-114.4629472,32.9045772],[-114.4630071,32.9035707],[-114.4630596,32.9021739],[-114.4631897,32.9012687],[-114.463311,32.8991896],[-114.4633806,32.8984691],[-114.4634153,32.8978745],[-114.46352,32.8969166],[-114.463571,32.8958107],[-114.4636835,32.8947548],[-114.4638831,32.8934325],[-114.4639354,32.8928501],[-114.4641452,32.8916617],[-114.4642746,32.890597],[-114.464431,32.8896247],[-114.464622,32.8887083],[-114.464857,32.8877636],[-114.4651522,32.8866348],[-114.4654036,32.8859469],[-114.4656204,32.8851494],[-114.466132,32.8829913],[-114.4664797,32.8813722],[-114.4667322,32.8803588],[-114.4668872,32.8791931],[-114.4671397,32.8779265],[-114.4669911,32.8766972],[-114.4668437,32.876045],[-114.4666354,32.875656],[-114.4662622,32.8750559],[-114.4662726,32.8748901],[-114.467078,32.8620255],[-114.469154,32.8443911],[-114.4942149,32.8232836],[-114.5000807,32.8207334],[-114.500778,32.8204303],[-114.5023841,32.8197789],[-114.5033727,32.8193233],[-114.5064468,32.8179736],[-114.5085125,32.8171401],[-114.5091896,32.8168026],[-114.5097887,32.8165855],[-114.5103097,32.8163381],[-114.5109261,32.8161066],[-114.5113511,32.8158861],[-114.5119666,32.8151221],[-114.5130787,32.8139789],[-114.5143976,32.8125338],[-114.5151266,32.8117935],[-114.5157353,32.8111275],[-114.5164558,32.8102517],[-114.5169842,32.8095631],[-114.5186088,32.8073659],[-114.5192335,32.8063513],[-114.5195982,32.805817],[-114.5199709,32.8051445],[-114.5203621,32.8045583],[-114.5209776,32.8033901],[-114.5215425,32.8024834],[-114.5222976,32.8014956],[-114.5233741,32.8004528],[-114.5237908,32.8001132],[-114.5240763,32.7999197],[-114.5245201,32.7995209],[-114.5247112,32.7993273],[-114.5249543,32.7991351],[-114.5255098,32.798731],[-114.5261088,32.7982641],[-114.527401,32.7974924],[-114.5283657,32.7968285],[-114.5287897,32.7964649],[-114.5292164,32.7960607],[-114.5294852,32.7957647],[-114.529746,32.7954162],[-114.5302322,32.7946973],[-114.530458,32.7942928],[-114.5306142,32.7939398],[-114.5308392,32.7935043],[-114.5311265,32.7930006],[-114.5314388,32.7923302],[-114.5317514,32.7911036],[-114.5319063,32.7893402],[-114.5318902,32.7890093],[-114.5318469,32.7885866],[-114.5317938,32.7882641],[-114.531413,32.7861998],[-114.5313771,32.7854049],[-114.5315512,32.7839415],[-114.5316299,32.7836192],[-114.531656,32.7832909],[-114.5317245,32.7829229],[-114.5319075,32.7822151],[-114.5320463,32.7813734],[-114.5321508,32.7808641],[-114.5322977,32.780284],[-114.5324025,32.7797159],[-114.5324977,32.7794261],[-114.5326195,32.7780403],[-114.5326457,32.7773622],[-114.532524,32.7765637],[-114.532037,32.7743975],[-114.5318469,32.7738975],[-114.5316381,32.773495],[-114.531491,32.7731707],[-114.5313249,32.7727104],[-114.5310655,32.7722279],[-114.5308919,32.7717062],[-114.5307183,32.7713557],[-114.5304577,32.7707138],[-114.5297026,32.7691738],[-114.5294158,32.768712],[-114.5291901,32.7682793],[-114.5289907,32.7676664],[-114.5285481,32.7665989],[-114.5283395,32.7659986],[-114.5276801,32.7635407],[-114.5268455,32.7580708],[-114.526855,32.7576919],[-114.5268293,32.7574188],[-114.526846,32.7571596],[-114.5341158,32.757191],[-114.5363553,32.7572007],[-114.5374774,32.7572539],[-114.5390846,32.7573302],[-114.5390086,32.7498602],[-114.5474546,32.749869],[-114.5513462,32.7498267],[-114.5557906,32.7497785],[-114.5644777,32.7496841],[-114.56446,32.7424267],[-114.5816216,32.7424552],[-114.581747,32.7351706],[-114.5839879,32.7351265],[-114.6069977,32.7346736],[-114.6150523,32.7345151],[-114.6149309,32.7344511],[-114.6146532,32.7341562],[-114.6145925,32.7339972],[-114.6146181,32.7334015],[-114.6146617,32.7329667],[-114.6146852,32.7328273],[-114.6147832,32.7325661],[-114.614957,32.73254],[-114.615139,32.7320897],[-114.6152085,32.7318291],[-114.6152608,32.7317005],[-114.6152684,32.7314335],[-114.6153303,32.7311708],[-114.615278,32.730599],[-114.6153039,32.7303968],[-114.615382,32.7302021],[-114.6155038,32.7300508],[-114.6157209,32.7298612],[-114.6157562,32.7294631],[-114.6157704,32.7292775],[-114.6157816,32.7291762],[-114.6157487,32.7287213],[-114.6163237,32.7286461],[-114.6171924,32.7285278],[-114.6174967,32.7285427],[-114.6176183,32.7285488],[-114.617831,32.7285594],[-114.6179887,32.7285672],[-114.6185054,32.7285915],[-114.6203932,32.7290608],[-114.6212565,32.7292335],[-114.6225993,32.7292272],[-114.624093,32.7290339],[-114.6244864,32.7290185],[-114.6245232,32.7290183],[-114.6246248,32.7290178],[-114.6247144,32.7290173],[-114.6253657,32.7289668],[-114.626017,32.7290722],[-114.626295,32.7290991],[-114.6266162,32.7291679],[-114.62694,32.7292886],[-114.6295419,32.7304521],[-114.6322382,32.7311938],[-114.6326133,32.731272],[-114.6329634,32.7313158],[-114.6362182,32.7317233],[-114.6423733,32.7323284],[-114.64604,32.7328554],[-114.6463891,32.7329056],[-114.6492323,32.733041],[-114.6528017,32.7335649],[-114.6564538,32.7333346],[-114.6572559,32.7333285],[-114.6581662,32.7334656],[-114.6603548,32.7342327],[-114.6618661,32.7346838],[-114.6627399,32.7349001],[-114.6640917,32.7350265],[-114.6653008,32.7349006],[-114.6672031,32.734485],[-114.6678858,32.7345195],[-114.6687019,32.734684],[-114.6713553,32.7358121],[-114.6719038,32.7359653],[-114.6727391,32.7361185],[-114.6737279,32.7361288],[-114.674077,32.7360648],[-114.6756113,32.7354872],[-114.6762664,32.7354534],[-114.6770763,32.7355402],[-114.6780789,32.7357218],[-114.678702,32.7359356],[-114.681477,32.7372813],[-114.6820104,32.7375803],[-114.6825775,32.7378422],[-114.6834714,32.7381653],[-114.6843488,32.7384196],[-114.6851385,32.7386368],[-114.6879741,32.7393312],[-114.6897135,32.7395801],[-114.6918455,32.7398594],[-114.6919438,32.7398727],[-114.6925013,32.7400603],[-114.693192,32.7403036],[-114.6936818,32.7405856],[-114.693779,32.7412794],[-114.6940479,32.7413894],[-114.6943001,32.741559],[-114.694864,32.7418814],[-114.6951939,32.7420876],[-114.6960967,32.7428489],[-114.6965394,32.7431994],[-114.6969644,32.74347],[-114.6976162,32.7439469],[-114.6981025,32.7443453],[-114.6986746,32.7446754],[-114.6989352,32.7448455],[-114.6992391,32.7449599],[-114.6995607,32.7451453],[-114.7000201,32.7453333],[-114.7003855,32.7454314],[-114.7007493,32.7455029],[-114.7013225,32.7455392],[-114.7016521,32.7454824],[-114.7018955,32.7454222],[-114.702121,32.7452848],[-114.7025205,32.7449318],[-114.7026855,32.7447164],[-114.7029984,32.744452],[-114.7032322,32.7442092],[-114.7034752,32.7438974],[-114.7042831,32.7429991],[-114.7046911,32.7424719],[-114.7054291,32.7415714],[-114.7058112,32.7409903],[-114.7061756,32.7403751],[-114.7064529,32.7400496],[-114.706644,32.7397953],[-114.7068178,32.7394858],[-114.7069399,32.739218],[-114.7071478,32.7388814],[-114.7073217,32.7385561],[-114.7075038,32.7381708],[-114.7078074,32.7375917],[-114.7079724,32.7372343],[-114.7081284,32.7368404],[-114.7084844,32.7361993],[-114.7086932,32.735744],[-114.7089614,32.7353576],[-114.7096042,32.7346193],[-114.709839,32.7344371],[-114.7103855,32.7339616],[-114.7106546,32.7338246],[-114.7109501,32.7337029],[-114.7115142,32.7333385],[-114.7121128,32.7329027],[-114.7123214,32.7327029],[-114.7130506,32.7317454],[-114.7133373,32.7314232],[-114.713589,32.7312],[-114.7138487,32.7308917],[-114.7142371,32.7303686],[-114.7145779,32.7299094],[-114.7150034,32.7290935],[-114.7152205,32.7286165],[-114.7154898,32.7279046],[-114.7156632,32.7275143],[-114.7158632,32.726876],[-114.7159324,32.7265034],[-114.7166011,32.7243723],[-114.7167573,32.7239247],[-114.7170782,32.7232276],[-114.7174253,32.7217687],[-114.717529,32.7213983],[-114.7176861,32.7211638],[-114.717964,32.7208768],[-114.7184586,32.7202858],[-114.7199073,32.7187133],[-114.7213837,32.7170746],[-114.7219579,32.715309],[-114.7223568,32.7130215],[-114.7232616,32.7113881],[-114.7241914,32.7101509],[-114.7250918,32.7092029],[-114.7265603,32.7082958],[-114.728416,32.7063623],[-114.7287398,32.7057992],[-114.7289475,32.7054023],[-114.728981,32.7053444],[-114.7290545,32.7052005],[-114.729143,32.7049585],[-114.7294807,32.704767],[-114.7296084,32.7044751],[-114.7295558,32.704135],[-114.7293627,32.7038732],[-114.7294378,32.7034308],[-114.7297704,32.7028711],[-114.73016,32.702446],[-114.7301567,32.702203],[-114.730304,32.7015591],[-114.7306073,32.7010564],[-114.731085,32.7002766],[-114.7310901,32.6998466],[-114.731369,32.6989167],[-114.731866,32.6970735],[-114.7321465,32.6965119],[-114.7323588,32.6958994],[-114.732882,32.6953698],[-114.7329569,32.694944],[-114.7328281,32.694321],[-114.732635,32.6937071],[-114.7327852,32.6934091],[-114.7339839,32.6924111],[-114.7347271,32.6911067],[-114.7353842,32.6899139],[-114.7359984,32.6890843],[-114.7361652,32.6888035],[-114.7363775,32.6887205],[-114.7369083,32.6886695],[-114.7374093,32.6883978],[-114.7376454,32.6881901],[-114.7380638,32.6877116],[-114.7385251,32.686628],[-114.7389252,32.6861105],[-114.7393877,32.6856191],[-114.7404492,32.6841322],[-114.7408662,32.6835897],[-114.7410572,32.6828986],[-114.7414005,32.6825194],[-114.7417306,32.6821666],[-114.7417331,32.6816976],[-114.7416472,32.6807223],[-114.7420764,32.6801083],[-114.7427391,32.6795563],[-114.743194,32.6788926],[-114.74316,32.6784557],[-114.7432995,32.6781396],[-114.7439003,32.6776068],[-114.7448659,32.6773901],[-114.7453165,32.677074],[-114.745719,32.6763142],[-114.7459995,32.6753313],[-114.7462194,32.6747951],[-114.7463559,32.6741888],[-114.7463104,32.6737867],[-114.7463028,32.6731102],[-114.7467729,32.6715847],[-114.7471975,32.6695359],[-114.7473795,32.6685082],[-114.7472809,32.6680295],[-114.7472906,32.6675822],[-114.7474174,32.6669253],[-114.7476554,32.6662816],[-114.7477434,32.6657891],[-114.7476983,32.66527],[-114.7479406,32.6648316],[-114.7478648,32.6643465],[-114.7480316,32.6638677],[-114.7483273,32.6635677],[-114.7488463,32.6627501],[-114.74973,32.6618889],[-114.7505792,32.6614038],[-114.7513981,32.6607463],[-114.7525263,32.6597242],[-114.7536501,32.6589525],[-114.7539854,32.6585952],[-114.7546586,32.6581546],[-114.7548329,32.6578801],[-114.7548936,32.6575481],[-114.7549998,32.6573885],[-114.7553334,32.6570949],[-114.7558717,32.6570247],[-114.756539,32.6568204],[-114.7571911,32.6567757],[-114.7577446,32.6566097],[-114.7584573,32.6559969],[-114.759352,32.6554862],[-114.7596502,32.6551717],[-114.7600724,32.6548287],[-114.7609292,32.6538966],[-114.7613386,32.6536859],[-114.7619604,32.6531178],[-114.7622106,32.6528241],[-114.7622712,32.6524028],[-114.7628627,32.6511898],[-114.7630143,32.6505258],[-114.7630243,32.649749],[-114.7630298,32.6493904],[-114.7632039,32.6484765],[-114.763583,32.6476401],[-114.7641213,32.6469187],[-114.7644138,32.6462015],[-114.764455,32.6455333],[-114.7646606,32.6447019],[-114.7648215,32.6441599],[-114.7651863,32.6431209],[-114.7666311,32.6423282],[-114.7672832,32.6417344],[-114.7677988,32.6410959],[-114.7683068,32.640649],[-114.7688451,32.6402467],[-114.7695048,32.6398636],[-114.7703692,32.639538],[-114.7711274,32.6393656],[-114.7713246,32.6391421],[-114.7714838,32.6390655],[-114.7716809,32.638842],[-114.772098,32.6380758],[-114.7724998,32.6378204],[-114.772697,32.637648],[-114.7729624,32.637565],[-114.773569,32.6373671],[-114.7739329,32.6371564],[-114.7742665,32.6367669],[-114.7743499,32.6365689],[-114.7745319,32.6357963],[-114.7742969,32.6355345],[-114.7743702,32.635306],[-114.7745633,32.6350531],[-114.7757754,32.6340148],[-114.7774815,32.6326994],[-114.7780274,32.632444],[-114.7786946,32.6319907],[-114.7789903,32.6316522],[-114.7794908,32.6313649],[-114.7808101,32.6310201],[-114.7814319,32.6309243],[-114.7818911,32.6309149],[-114.7829938,32.6310328],[-114.7839189,32.6312763],[-114.7846806,32.6316107],[-114.7850259,32.6315948],[-114.7853136,32.6314571],[-114.7856677,32.6311498],[-114.7868371,32.6297945],[-114.7876266,32.6286765],[-114.7880437,32.6280316],[-114.7884304,32.6271056],[-114.7885859,32.6264242],[-114.7891331,32.6260628],[-114.7895408,32.6257104],[-114.7897553,32.6252676],[-114.7898841,32.6248158],[-114.7899055,32.6244453],[-114.7897339,32.6237857],[-114.7895086,32.6234423],[-114.7890902,32.6227917],[-114.7889292,32.622358],[-114.7891116,32.6218881],[-114.7893906,32.6215266],[-114.7897725,32.6211985],[-114.791708,32.6209031],[-114.7930276,32.6207676],[-114.7935212,32.6206411],[-114.7936606,32.6205236],[-114.7939503,32.6202164],[-114.7944546,32.620135],[-114.794755,32.6201892],[-114.795742,32.620632],[-114.7965819,32.6211826],[-114.796715,32.6213326],[-114.7967883,32.6215209],[-114.7968323,32.6217231],[-114.7969403,32.6218711],[-114.7970464,32.6219484],[-114.7971927,32.6219943],[-114.7978116,32.6223342],[-114.7979822,32.6225706],[-114.7981194,32.6228699],[-114.7984932,32.6233301],[-114.7985993,32.6235016],[-114.798714,32.6236078],[-114.7988579,32.6236835],[-114.7998512,32.6252134],[-114.8006666,32.6257465],[-114.8016,32.6260809],[-114.8030376,32.6264423],[-114.8039496,32.6263519],[-114.8053845,32.6260392],[-114.8069429,32.6252767],[-114.8084099,32.6243086],[-114.8098397,32.6232164],[-114.8105049,32.6223489],[-114.8106229,32.6217164],[-114.8104942,32.6212556],[-114.8103976,32.6208399],[-114.8096681,32.6196561],[-114.8094535,32.6192133],[-114.8092925,32.6186621],[-114.8092894,32.6178776],[-114.8090136,32.6170535],[-114.8087883,32.6162312],[-114.8087283,32.6154635],[-114.8087814,32.6149398],[-114.8090241,32.6139562],[-114.809078,32.6132399],[-114.8093784,32.6126163],[-114.8100543,32.6115771],[-114.8104727,32.6109173],[-114.8106015,32.6104564],[-114.8106337,32.6098509],[-114.8105371,32.6092815],[-114.810344,32.6088297],[-114.8102152,32.6084501],[-114.8096895,32.6076276],[-114.8092496,32.6067058],[-114.8092818,32.606281],[-114.809314,32.6055128],[-114.8090351,32.6045276],[-114.8086274,32.603913],[-114.808284,32.603678],[-114.808166,32.602711],[-114.8081446,32.6017167],[-114.8079193,32.6009937],[-114.8072863,32.5999181],[-114.8065996,32.5988606],[-114.8058379,32.598029],[-114.8050547,32.5976946],[-114.8044324,32.5974234],[-114.8041212,32.5971794],[-114.8037028,32.5967365],[-114.8032629,32.5955976],[-114.8026836,32.5944858],[-114.8021901,32.5932655],[-114.8020077,32.592696],[-114.8018789,32.5921537],[-114.8016751,32.5918282],[-114.8007739,32.590174],[-114.8004949,32.5886011],[-114.8003662,32.5878327],[-114.8003983,32.586757],[-114.8005378,32.5859977],[-114.8006451,32.5852293],[-114.8009133,32.5843253],[-114.8013318,32.583367],[-114.802072,32.58202],[-114.802705,32.5808447],[-114.8033273,32.5802933],[-114.8038101,32.5799407],[-114.804368,32.5790909],[-114.8047221,32.5780331],[-114.8055375,32.577111],[-114.8065138,32.5766047],[-114.8073935,32.5760803],[-114.8087239,32.5756102],[-114.80957,32.5753334],[-114.809987,32.57495],[-114.8099112,32.5742983],[-114.8096573,32.573603],[-114.8095393,32.5727532],[-114.8095286,32.5724367],[-114.8097217,32.5708454],[-114.8098202,32.5704389],[-114.8100758,32.5703301],[-114.8103762,32.5700136],[-114.8106658,32.5692451],[-114.8108742,32.5688925],[-114.8113367,32.5686561],[-114.8112836,32.5682344],[-114.8111699,32.5677423],[-114.8107409,32.5675181],[-114.8101008,32.5669564],[-114.8098612,32.5665416],[-114.8097899,32.5662534],[-114.8100007,32.5658906],[-114.8106164,32.5650393],[-114.8109576,32.5642213],[-114.8109877,32.5634854],[-114.8112774,32.5626987],[-114.8115027,32.5618758],[-114.811185,32.5610133],[-114.8116096,32.5598502],[-114.8116551,32.5595307],[-114.8120873,32.5593582],[-114.8123503,32.5590817],[-114.8125756,32.5587833],[-114.8130275,32.5582973],[-114.8129517,32.557377],[-114.8125541,32.5567758],[-114.8121571,32.5562423],[-114.8113139,32.5554853],[-114.8110843,32.5548315],[-114.8104495,32.5543733],[-114.8096458,32.5541241],[-114.8088724,32.5533188],[-114.8069858,32.5527335],[-114.8060417,32.5526341],[-114.8045182,32.5526069],[-114.8037028,32.5526431],[-114.8026621,32.5529415],[-114.800452,32.5539544],[-114.7999155,32.5543884],[-114.7981453,32.5562332],[-114.7971046,32.5569657],[-114.7960102,32.557662],[-114.7946799,32.5581503],[-114.79321,32.5581322],[-114.7923195,32.5577253],[-114.7919226,32.5573093],[-114.7914936,32.5563928],[-114.7915543,32.5560286],[-114.7935319,32.5531766],[-114.7946048,32.5513951],[-114.7947979,32.5505902],[-114.7947657,32.5497673],[-114.7951412,32.5493332],[-114.7964823,32.5483474],[-114.7991109,32.5468281],[-114.8003876,32.5458242],[-114.8013425,32.5447208],[-114.8022227,32.5430988],[-114.8025487,32.5421912],[-114.8031986,32.5412749],[-114.8040783,32.5396017],[-114.8051512,32.5381817],[-114.8057949,32.5374852],[-114.8060632,32.536626],[-114.8060846,32.5359114],[-114.8060095,32.5351878],[-114.8054838,32.5343285],[-114.8050976,32.5325104],[-114.8046899,32.5316421],[-114.8043573,32.5310903],[-114.803853,32.5306199],[-114.8032415,32.5296973],[-114.8029309,32.5290832],[-114.802984,32.5286389],[-114.8030269,32.5278067],[-114.8033488,32.5271193],[-114.8039174,32.526685],[-114.8040998,32.5265494],[-114.8049045,32.5255905],[-114.805634,32.5250839],[-114.8069966,32.5245592],[-114.8090994,32.5243874],[-114.8102152,32.524514],[-114.8107624,32.5244959],[-114.8115027,32.5243059],[-114.812125,32.523926],[-114.8125112,32.5233923],[-114.8125005,32.5229852],[-114.8122001,32.521972],[-114.8119533,32.520995],[-114.81161,32.5201627],[-114.8110413,32.5190319],[-114.8106229,32.5181724],[-114.8093355,32.5163721],[-114.8091531,32.5148703],[-114.809314,32.5139927],[-114.8093462,32.5129885],[-114.8094642,32.5122466],[-114.8094857,32.51079],[-114.8093033,32.5103647],[-114.8087132,32.5095504],[-114.8083806,32.5087],[-114.8085712,32.5077081],[-114.8084318,32.5069666],[-114.8089707,32.5065737],[-114.810226,32.5051894],[-114.8124361,32.5029545],[-114.8133802,32.5023482],[-114.8140883,32.5019682],[-114.8155475,32.5010995],[-114.8171353,32.5003666],[-114.8183584,32.4990817]]]}}]}