{"type":"FeatureCollection","licence":"Data © OpenStreetMap contributors, ODbL 1.0. http://osm.org/copyright","features":[{"type":"Feature","properties":{"place_id":338700815,"osm_type":"relation","osm_id":161655,"place_rank":8,"category":"boundary","type":"administrative","importance":0.7607064882591039,"addresstype":"state","name":"Kentucky","display_name":"Kentucky, United States"},"bbox":[-89.5715090,36.4971180,-81.9645413,39.1477997],"geometry":{"type":"MultiPolygon","coordinates":[[[[-89.571509,36.552569],[-89.571241,36.547343],[-89.570071,36.544387],[-89.565804,36.536988],[-89.560344,36.525436],[-89.558349,36.522099],[-89.554321,36.517022],[-89.542955,36.504957],[-89.539232,36.497934],[-89.5291229,36.497853],[-89.518757,36.49777],[-89.51741,36.497755],[-89.5148358,36.4977337],[-89.5139111,36.497726],[-89.5051,36.497653],[-89.5027271,36.4976335],[-89.485427,36.497491],[-89.482474,36.502131],[-89.477186,36.50707],[-89.47246,36.513741],[-89.468668,36.521291],[-89.465888,36.529946],[-89.465445,36.536163],[-89.467761,36.546847],[-89.4711174,36.5547096],[-89.473341,36.559918],[-89.479093,36.568206],[-89.4807985,36.5696889],[-89.480893,36.569771],[-89.484836,36.571821],[-89.500076,36.576305],[-89.514468,36.577803],[-89.518702,36.578698],[-89.519414,36.5789882],[-89.522338,36.58018],[-89.528271,36.5809943],[-89.5331479,36.5808969],[-89.542459,36.580566],[-89.546113,36.579989],[-89.5525078,36.5772349],[-89.55264,36.577178],[-89.558089,36.573514],[-89.563185,36.568749],[-89.566817,36.564216],[-89.569807,36.558119],[-89.571509,36.552569]]],[[[-89.41822,36.499029],[-89.417275,36.499011],[-89.4066399,36.4990942],[-89.4040404,36.4991145],[-89.391057,36.499216],[-89.380389,36.500139],[-89.37973,36.500325],[-89.377529,36.500541],[-89.374899,36.50067],[-89.3465271,36.5031901],[-89.3460674,36.5032329],[-89.3374385,36.5039986],[-89.3370144,36.5040363],[-89.3336627,36.5043337],[-89.3330519,36.5043879],[-89.3309029,36.5045786],[-89.3268744,36.504936],[-89.326751,36.504947],[-89.3247007,36.5051292],[-89.3221201,36.5053585],[-89.3181862,36.505708],[-89.301022,36.507233],[-89.2996584,36.5072035],[-89.279223,36.506785],[-89.250058,36.506187],[-89.223363,36.505783],[-89.181276,36.505151],[-89.1794331,36.5050833],[-89.1691361,36.5047934],[-89.1636267,36.5045168],[-89.1603885,36.5044921],[-89.1570844,36.5044623],[-89.145786,36.50421],[-89.1420499,36.5040974],[-89.140743,36.504058],[-89.138294,36.503989],[-89.1370627,36.503977],[-89.128002,36.503821],[-89.124162,36.503782],[-89.1200068,36.5037676],[-89.118989,36.503746],[-89.098548,36.503577],[-89.09535,36.503493],[-89.09115,36.503397],[-89.086934,36.50337],[-89.073188,36.503149],[-89.0723959,36.5031336],[-89.067051,36.50307],[-89.061147,36.50308],[-89.0591194,36.503135],[-89.0579974,36.5031343],[-89.0566619,36.5031334],[-89.0562989,36.5031332],[-89.0550014,36.5031323],[-89.038287,36.503009],[-89.014771,36.502807],[-88.9999,36.502618],[-88.995816,36.502573],[-88.991485,36.502404],[-88.959746,36.502076],[-88.951728,36.502217],[-88.935328,36.502184],[-88.9197906,36.5022471],[-88.915132,36.502266],[-88.907677,36.502285],[-88.907501,36.502283],[-88.896919,36.502303],[-88.8945979,36.5023127],[-88.875063,36.502389],[-88.865058,36.502409],[-88.8591586,36.5025287],[-88.856282,36.502586],[-88.8553047,36.5025821],[-88.851518,36.502567],[-88.84718,36.502639],[-88.840796,36.50265],[-88.836388,36.502573],[-88.835485,36.502571],[-88.834588,36.502611],[-88.827303,36.502633],[-88.826575,36.502635],[-88.817267,36.502664],[-88.8167395,36.5026653],[-88.80891,36.502685],[-88.781654,36.502717],[-88.774898,36.502714],[-88.771573,36.502729],[-88.755605,36.502654],[-88.74703,36.502669],[-88.743438,36.502625],[-88.725018,36.502641],[-88.715267,36.502655],[-88.697019,36.502629],[-88.69604,36.502636],[-88.690678,36.502631],[-88.687825,36.50264],[-88.680741,36.502581],[-88.680187,36.50258],[-88.67936,36.50257],[-88.675499,36.502453],[-88.672559,36.502436],[-88.670867,36.502462],[-88.667319,36.502376],[-88.661464,36.502335],[-88.661398,36.502342],[-88.661255,36.502333],[-88.646904,36.502193],[-88.643876,36.50219],[-88.640317,36.502135],[-88.636787,36.502064],[-88.634301,36.502023],[-88.627553,36.502071],[-88.623317,36.502095],[-88.617019,36.502123],[-88.608512,36.50214],[-88.594728,36.50216],[-88.588474,36.502095],[-88.577326,36.5021],[-88.57689,36.502096],[-88.576568,36.5021],[-88.567653,36.502104],[-88.560591,36.502117],[-88.556788,36.502169],[-88.553988,36.50211],[-88.544943,36.502127],[-88.541874,36.502176],[-88.531275,36.501995],[-88.529298,36.502],[-88.528165,36.501924],[-88.521569,36.5017],[-88.516403,36.501583],[-88.4890738,36.5011028],[-88.4698046,36.5010585],[-88.4494159,36.5011122],[-88.4388303,36.5012201],[-88.416862,36.5007574],[-88.3795566,36.500479],[-88.3115765,36.5003765],[-88.2832907,36.5003073],[-88.2667003,36.5001093],[-88.2500708,36.4999517],[-88.2333239,36.4998288],[-88.2167205,36.4998347],[-88.1999347,36.4996068],[-88.1808559,36.499398],[-88.1541639,36.4989573],[-88.1384727,36.4986935],[-88.1250194,36.4985901],[-88.1059709,36.4982135],[-88.0847969,36.4979198],[-88.0659776,36.4977397],[-88.0533223,36.497118],[-88.050466,36.500053],[-88.045304,36.504081],[-88.039481,36.510408],[-88.037822,36.51385],[-88.037329,36.51783],[-88.03783,36.521015],[-88.03727,36.523783],[-88.035854,36.525912],[-88.034132,36.53112],[-88.032489,36.540662],[-88.033802,36.551733],[-88.035625,36.561736],[-88.039625,36.572783],[-88.041196,36.584123],[-88.045127,36.602939],[-88.055738,36.630475],[-88.055604,36.63571],[-88.057042,36.64054],[-88.05858,36.643315],[-88.064401,36.650854],[-88.068208,36.659747],[-88.070532,36.678118],[-88.044772,36.677983],[-88.011792,36.677025],[-87.9178028,36.6689963],[-87.9147745,36.6687376],[-87.913325,36.6686138],[-87.9121239,36.6685112],[-87.9113858,36.6684703],[-87.9106505,36.6684296],[-87.9048052,36.668106],[-87.9042209,36.6680737],[-87.901777,36.6679384],[-87.8504528,36.6650968],[-87.8535427,36.6350732],[-87.8020853,36.6347799],[-87.797039,36.6347511],[-87.744768,36.636151],[-87.6978305,36.6370049],[-87.6938505,36.6370728],[-87.6654187,36.63759],[-87.6422924,36.6380927],[-87.6411761,36.638107],[-87.6368992,36.6381628],[-87.6250947,36.6383099],[-87.6219024,36.6383333],[-87.6214493,36.6383397],[-87.6211623,36.63834],[-87.6171149,36.6383736],[-87.6104735,36.6384245],[-87.5985406,36.6385263],[-87.5856579,36.6386263],[-87.5796606,36.6386719],[-87.5729336,36.6387208],[-87.5647449,36.6387923],[-87.5622573,36.6388095],[-87.5572477,36.6388526],[-87.5522001,36.6388924],[-87.5515748,36.6388543],[-87.5506591,36.6389154],[-87.5463582,36.6389124],[-87.542941,36.6389954],[-87.540999,36.6391509],[-87.5384349,36.6391629],[-87.5370297,36.6392342],[-87.4757524,36.6403817],[-87.4562577,36.6406385],[-87.4493395,36.6407298],[-87.4411565,36.6408375],[-87.4367215,36.640844],[-87.4363857,36.6408466],[-87.4360628,36.6408496],[-87.4336973,36.6408715],[-87.4316675,36.6408904],[-87.4306235,36.6408984],[-87.4263749,36.6409406],[-87.4260732,36.6409436],[-87.4248715,36.6409524],[-87.4237074,36.6409609],[-87.4219842,36.6409763],[-87.4191222,36.6410018],[-87.4174834,36.6410164],[-87.4143532,36.6410444],[-87.4140588,36.641047],[-87.4136827,36.6410507],[-87.4016757,36.6411684],[-87.398131,36.6412031],[-87.3938129,36.6412367],[-87.387625,36.6412848],[-87.3870698,36.6412891],[-87.3862813,36.6412952],[-87.3845753,36.6413085],[-87.3806941,36.6413387],[-87.3358769,36.6416871],[-87.32128,36.641674],[-87.3209806,36.6416729],[-87.3149786,36.6416839],[-87.3053053,36.6417131],[-87.300877,36.6417265],[-87.2956459,36.6417424],[-87.295077,36.6417431],[-87.2790759,36.6417648],[-87.275207,36.6417618],[-87.2658232,36.6417425],[-87.2645841,36.6417439],[-87.2519401,36.6417183],[-87.2493826,36.6417183],[-87.2344657,36.6417826],[-87.230871,36.6417976],[-87.2303372,36.641796],[-87.2127934,36.6418708],[-87.2035598,36.6419128],[-87.1924701,36.6419564],[-87.1761812,36.6420294],[-87.1740387,36.6420366],[-87.1508405,36.6421339],[-87.1151506,36.6423667],[-87.0606704,36.6429237],[-87.0414941,36.6435043],[-87.011522,36.643949],[-87.0002907,36.6441958],[-86.9873988,36.6444791],[-86.9199227,36.6459619],[-86.906583,36.646255],[-86.906023,36.646302],[-86.854268,36.646884],[-86.843604,36.6470487],[-86.833155,36.64721],[-86.818405,36.647639],[-86.816186,36.647722],[-86.813037,36.647647],[-86.7983555,36.6480401],[-86.7964448,36.6480673],[-86.7875326,36.6482931],[-86.7628886,36.6489353],[-86.75892,36.649018],[-86.713786,36.649341],[-86.6991381,36.6497183],[-86.6790122,36.6502366],[-86.6048985,36.6521358],[-86.5939784,36.6523909],[-86.5911982,36.6524558],[-86.589906,36.652486],[-86.5865356,36.6500345],[-86.5814984,36.6463705],[-86.5783065,36.6440486],[-86.5766839,36.6428683],[-86.5741513,36.6410259],[-86.5734367,36.6405061],[-86.56388,36.6335536],[-86.551292,36.637985],[-86.550054,36.644817],[-86.543388,36.64389],[-86.543777,36.640536],[-86.5383681,36.642325],[-86.507771,36.652445],[-86.473497,36.651671],[-86.473413,36.651676],[-86.47219,36.651763],[-86.468497,36.651841],[-86.4112441,36.6505932],[-86.4011282,36.6503727],[-86.374991,36.649803],[-86.373784,36.650126],[-86.359073,36.649845],[-86.3402318,36.6490724],[-86.333051,36.648778],[-86.331847,36.6486742],[-86.293357,36.645356],[-86.2644391,36.6435427],[-86.2644226,36.6435417],[-86.2644166,36.6435413],[-86.222151,36.640891],[-86.219081,36.640824],[-86.21641,36.640595],[-86.216183,36.640527],[-86.2072346,36.6399086],[-86.204859,36.639741],[-86.197573,36.639363],[-86.1284459,36.6360659],[-86.1143344,36.6353929],[-86.0943199,36.6344383],[-86.081944,36.633848],[-86.080666,36.63394],[-86.038366,36.630804],[-86.033139,36.630413],[-86.03277,36.630367],[-86.0060288,36.6295419],[-85.9875467,36.6289716],[-85.9767255,36.6286377],[-85.9738199,36.6286269],[-85.9718739,36.628488],[-85.959981,36.628121],[-85.92066,36.6260761],[-85.904185,36.6252192],[-85.873857,36.623642],[-85.832172,36.622046],[-85.80149,36.622418],[-85.7876033,36.621846],[-85.7846363,36.6217697],[-85.7767539,36.6215672],[-85.7527998,36.6209515],[-85.731862,36.620429],[-85.7003703,36.6191058],[-85.6940106,36.6188386],[-85.677789,36.618157],[-85.6658432,36.6179314],[-85.5882448,36.6164661],[-85.5869641,36.6164419],[-85.552017,36.615782],[-85.551483,36.615727],[-85.5021382,36.6151541],[-85.488353,36.614994],[-85.4363327,36.6185299],[-85.430123,36.618952],[-85.4295094,36.6189776],[-85.334124,36.622951],[-85.324654,36.62455],[-85.300402,36.624437],[-85.2959979,36.6257379],[-85.2939133,36.6263436],[-85.2762372,36.6267826],[-85.2122141,36.6257088],[-85.2083423,36.6256604],[-85.195372,36.625498],[-85.1701819,36.6247327],[-85.096128,36.622483],[-85.086415,36.621913],[-85.0862536,36.6219063],[-85.0496232,36.6203892],[-85.024627,36.619354],[-84.974811,36.615465],[-84.943948,36.612569],[-84.9296786,36.6115398],[-84.9146657,36.610457],[-84.8801356,36.6079648],[-84.8797914,36.6079415],[-84.8689998,36.6071631],[-84.859738,36.606495],[-84.8593537,36.6065399],[-84.8531119,36.6060906],[-84.8385934,36.6050455],[-84.8300525,36.6044731],[-84.8039398,36.6038493],[-84.7950721,36.6036378],[-84.7856808,36.6034061],[-84.7786079,36.6032639],[-84.7295617,36.6020852],[-84.642313,36.5999863],[-84.638364,36.5998928],[-84.624939,36.599575],[-84.5834296,36.5979016],[-84.5619721,36.5970363],[-84.543138,36.596277],[-84.5208876,36.5964835],[-84.5208544,36.5964838],[-84.518977,36.5965012],[-84.499938,36.596678],[-84.478788,36.596455],[-84.4506128,36.5961606],[-84.4504881,36.5961593],[-84.4502704,36.596157],[-84.442787,36.596077],[-84.4405039,36.596022],[-84.4392044,36.5959902],[-84.4361348,36.5959151],[-84.435107,36.59589],[-84.4182918,36.5954789],[-84.271176,36.591882],[-84.261337,36.591784],[-84.2291816,36.592181],[-84.2266139,36.5921755],[-84.1976179,36.5919524],[-84.1911792,36.5919029],[-84.1498712,36.5915869],[-84.127503,36.591413],[-84.1262106,36.5913962],[-84.1226438,36.5913499],[-84.104636,36.5911081],[-84.0214825,36.5900367],[-83.9876194,36.5894755],[-83.9297946,36.5877579],[-83.789017,36.583881],[-83.690714,36.582581],[-83.688814,36.584382],[-83.687514,36.587182],[-83.683014,36.592182],[-83.679514,36.594082],[-83.677114,36.596582],[-83.6761347,36.5978878],[-83.6759871,36.5980845],[-83.675614,36.598582],[-83.6753671,36.6007706],[-83.6752896,36.6011518],[-83.674614,36.603082],[-83.673114,36.604682],[-83.665614,36.605782],[-83.663614,36.606782],[-83.657714,36.611782],[-83.649513,36.616683],[-83.648314,36.622683],[-83.645213,36.624183],[-83.639813,36.624783],[-83.635013,36.622883],[-83.628913,36.624083],[-83.625013,36.625183],[-83.619913,36.627983],[-83.6194047,36.6284767],[-83.6176189,36.6302116],[-83.616413,36.631383],[-83.614513,36.633983],[-83.6082148,36.6369412],[-83.607913,36.637083],[-83.605613,36.637783],[-83.604313,36.637683],[-83.603013,36.636883],[-83.600713,36.637084],[-83.584512,36.641384],[-83.577312,36.641784],[-83.569812,36.645684],[-83.565712,36.648384],[-83.562612,36.651284],[-83.554112,36.653784],[-83.547312,36.654484],[-83.541812,36.656584],[-83.533112,36.661884],[-83.533012,36.663284],[-83.5326757,36.6638037],[-83.5322787,36.6644173],[-83.531912,36.664984],[-83.5314938,36.6652022],[-83.529612,36.666184],[-83.527112,36.665985],[-83.516011,36.667585],[-83.5127919,36.6687079],[-83.511711,36.669085],[-83.5109464,36.6690213],[-83.506911,36.668685],[-83.501411,36.669085],[-83.499911,36.670185],[-83.498011,36.670485],[-83.493911,36.670085],[-83.48891,36.667685],[-83.48261,36.666185],[-83.466483,36.6647],[-83.4609799,36.6648255],[-83.4609107,36.6648369],[-83.4605541,36.6649647],[-83.4601976,36.6652081],[-83.4598334,36.6653116],[-83.4592796,36.6653298],[-83.4588017,36.6654028],[-83.4583313,36.6655611],[-83.4579672,36.6655793],[-83.4576334,36.6655246],[-83.4574209,36.6654211],[-83.4571099,36.6652142],[-83.4567837,36.6650195],[-83.4563209,36.6649221],[-83.4557443,36.6649099],[-83.4550236,36.6647882],[-83.454265,36.6647517],[-83.4535898,36.6647821],[-83.4529601,36.6649647],[-83.4523305,36.6651107],[-83.451678,36.6651229],[-83.4513139,36.6651594],[-83.4509649,36.6652507],[-83.4506083,36.665342],[-83.450138,36.6653359],[-83.4494931,36.6653116],[-83.4489545,36.6652811],[-83.4480289,36.6652629],[-83.4475131,36.6653663],[-83.4469289,36.6656463],[-83.4465724,36.6657923],[-83.4462385,36.6660296],[-83.4456696,36.6662609],[-83.4452978,36.6664252],[-83.4449868,36.6665773],[-83.4445095,36.6667924],[-83.443993,36.6670276],[-83.443644,36.6671432],[-83.4433329,36.6671858],[-83.4428778,36.6670702],[-83.4424757,36.6670702],[-83.4419936,36.6670291],[-83.4413984,36.6669546],[-83.4407915,36.6668816],[-83.4402301,36.6667781],[-83.4398735,36.6665956],[-83.4395701,36.6665469],[-83.4391528,36.6664739],[-83.4386521,36.6664008],[-83.4381211,36.6663522],[-83.4376735,36.6663217],[-83.4369831,36.6661939],[-83.4363383,36.6661696],[-83.4357996,36.6662852],[-83.4350561,36.6663461],[-83.4342596,36.6663887],[-83.4334782,36.6664313],[-83.4329775,36.6664921],[-83.4323174,36.666553],[-83.4317788,36.6666138],[-83.4312098,36.6667964],[-83.4305138,36.666956],[-83.4301436,36.667042],[-83.4295484,36.6669485],[-83.4289567,36.666912],[-83.4285318,36.6670094],[-83.4279401,36.6670946],[-83.427447,36.667058],[-83.4267187,36.6671128],[-83.4255276,36.6671798],[-83.4248145,36.6673015],[-83.424162,36.6674597],[-83.4235551,36.6676483],[-83.4226675,36.6678978],[-83.4219468,36.6680804],[-83.4211578,36.6681473],[-83.4204143,36.6682994],[-83.4194281,36.6685063],[-83.4186922,36.6686828],[-83.4181839,36.6688958],[-83.4177818,36.6692122],[-83.4172129,36.6695164],[-83.4167122,36.6696868],[-83.4160977,36.669918],[-83.4155135,36.6700397],[-83.4149218,36.6701249],[-83.4143186,36.6703724],[-83.4134879,36.6704718],[-83.4129948,36.6706726],[-83.412312,36.670776],[-83.4120996,36.6708734],[-83.4116368,36.6712263],[-83.4113145,36.6713319],[-83.4107512,36.671504],[-83.4102255,36.6718095],[-83.4096354,36.6719773],[-83.4086269,36.6724075],[-83.4079939,36.6726915],[-83.4076023,36.6729626],[-83.4070394,36.6731613],[-83.4063846,36.6733197],[-83.405934,36.6735133],[-83.405287,36.6737089],[-83.4049532,36.673788],[-83.4045739,36.673928],[-83.4040276,36.6740801],[-83.4037014,36.6742383],[-83.40336,36.6743113],[-83.4031249,36.6744026],[-83.4029048,36.6745973],[-83.402372,36.67486],[-83.4015727,36.6751267],[-83.400752,36.675316],[-83.4001243,36.6755183],[-83.3995342,36.6757549],[-83.3989447,36.6759541],[-83.3986974,36.6760604],[-83.3984024,36.6762325],[-83.3979035,36.6764605],[-83.3975172,36.6766541],[-83.3968681,36.6768735],[-83.3963907,36.6770112],[-83.3958343,36.677171],[-83.3954322,36.6774387],[-83.3950878,36.6777594],[-83.3951622,36.6780394],[-83.39535,36.6783578],[-83.3955324,36.6785901],[-83.3958113,36.6788741],[-83.3957899,36.6792871],[-83.3955763,36.6795865],[-83.3950756,36.6800672],[-83.3946129,36.6803957],[-83.3940742,36.6807242],[-83.3933687,36.6808094],[-83.3929818,36.6810163],[-83.392868,36.6812049],[-83.3929742,36.6814908],[-83.3929742,36.6817525],[-83.3927921,36.6819532],[-83.3924204,36.6821905],[-83.3919273,36.6824278],[-83.3915328,36.6825921],[-83.3912369,36.6827381],[-83.3906224,36.6829997],[-83.3899851,36.6833465],[-83.3893251,36.6836202],[-83.3891203,36.6838271],[-83.3891506,36.6840765],[-83.3895224,36.684472],[-83.3899396,36.6848066],[-83.3899396,36.6849526],[-83.389712,36.6851169],[-83.3893024,36.6852933],[-83.3886955,36.6855671],[-83.3879899,36.6858408],[-83.3874589,36.6861268],[-83.3868975,36.6864979],[-83.3865181,36.6866865],[-83.3861388,36.6867047],[-83.385585,36.6866743],[-83.3851222,36.6867716],[-83.3846746,36.6868203],[-83.3843333,36.6866621],[-83.3838705,36.6865648],[-83.3836429,36.68665],[-83.3835063,36.6868751],[-83.3834077,36.6871732],[-83.3831422,36.68738],[-83.3828463,36.6873922],[-83.3824215,36.6873435],[-83.3822015,36.68738],[-83.3818601,36.6874773],[-83.3813063,36.6873861],[-83.3810635,36.6874773],[-83.380889,36.6877207],[-83.3807752,36.688104],[-83.3806842,36.6884203],[-83.3805476,36.6884933],[-83.3802442,36.688469],[-83.379789,36.6883412],[-83.3792959,36.6883595],[-83.3787117,36.6891625],[-83.3783779,36.6892781],[-83.378082,36.6894241],[-83.3777255,36.6897222],[-83.3773234,36.6897952],[-83.3770427,36.6898073],[-83.3766785,36.6899533],[-83.3762765,36.6902149],[-83.3755937,36.6905252],[-83.3753354,36.6907431],[-83.3752495,36.6907301],[-83.3751744,36.6905796],[-83.3750081,36.6903344],[-83.3745951,36.690158],[-83.374182,36.690072],[-83.3737582,36.6901322],[-83.3734657,36.6902027],[-83.3731281,36.6902818],[-83.3726729,36.6904704],[-83.3725136,36.6905039],[-83.3722063,36.6903548],[-83.3720094,36.6903688],[-83.3716715,36.6907086],[-83.3714408,36.6907517],[-83.3711784,36.6907381],[-83.3705986,36.6909323],[-83.3703363,36.6910605],[-83.3698659,36.6914073],[-83.3695018,36.6916019],[-83.3690645,36.6918902],[-83.3684852,36.6922102],[-83.3679086,36.6924536],[-83.3671045,36.6928125],[-83.3666235,36.6931648],[-83.3661193,36.6933283],[-83.365776,36.6935648],[-83.3652878,36.6938874],[-83.3650088,36.6940337],[-83.3645797,36.6941455],[-83.3639199,36.6942961],[-83.3633512,36.694524],[-83.3628094,36.6944853],[-83.3622998,36.6944638],[-83.3618599,36.6944724],[-83.3615863,36.6944079],[-83.3613503,36.694309],[-83.3612108,36.6941283],[-83.3609533,36.6938272],[-83.3606408,36.6935911],[-83.3601932,36.6933417],[-83.3595939,36.693287],[-83.3591842,36.6933539],[-83.3587063,36.6934695],[-83.3582966,36.6936094],[-83.3579628,36.6938527],[-83.3575911,36.6941751],[-83.3567793,36.6946617],[-83.3564379,36.6949477],[-83.3554441,36.6955195],[-83.3549889,36.6956959],[-83.3546172,36.6959088],[-83.354162,36.6963102],[-83.353631,36.6966265],[-83.3529558,36.696809],[-83.3523716,36.6969185],[-83.3514612,36.6971983],[-83.3507709,36.6974599],[-83.3502288,36.6977099],[-83.3498833,36.6979283],[-83.3495191,36.6982689],[-83.3490943,36.6987008],[-83.3487908,36.6990779],[-83.3483736,36.6993881],[-83.3477837,36.7000339],[-83.347081,36.7003049],[-83.3466196,36.7004167],[-83.3462495,36.7004511],[-83.3455682,36.7004468],[-83.3450854,36.7004683],[-83.3446348,36.700507],[-83.3441252,36.7005499],[-83.3435887,36.7006576],[-83.3428592,36.7008468],[-83.3420996,36.7009878],[-83.3412659,36.7012511],[-83.3403593,36.7016855],[-83.3397961,36.7018962],[-83.339265,36.7019651],[-83.3385837,36.7019478],[-83.3379829,36.7020683],[-83.3375705,36.7022773],[-83.3371031,36.7024554],[-83.3365399,36.702593],[-83.3361375,36.7026575],[-83.3357245,36.7026274],[-83.3353007,36.7026403],[-83.3348089,36.702764],[-83.3340276,36.7029951],[-83.3334359,36.7032384],[-83.3327379,36.7035121],[-83.33226,36.7037736],[-83.3317896,36.7038952],[-83.3311068,36.7039682],[-83.3304392,36.7041507],[-83.3297034,36.7042845],[-83.3290964,36.7043757],[-83.3285881,36.7045643],[-83.3281254,36.7048076],[-83.3273971,36.7050874],[-83.3266764,36.705282],[-83.3259632,36.7054219],[-83.325068,36.705653],[-83.3245749,36.705799],[-83.3240211,36.7060301],[-83.3235204,36.7062187],[-83.3229742,36.7064072],[-83.3224659,36.7064741],[-83.3216466,36.706468],[-83.3212065,36.7065349],[-83.3209031,36.7066079],[-83.3204707,36.7067843],[-83.3199851,36.7069972],[-83.3193858,36.7072465],[-83.3188927,36.7074472],[-83.3182099,36.7076297],[-83.3175347,36.7078608],[-83.3168671,36.7079155],[-83.3160857,36.7080129],[-83.3153347,36.7081223],[-83.314485,36.7083413],[-83.3140981,36.7084508],[-83.3136125,36.7086332],[-83.3130435,36.7088522],[-83.3125353,36.7091259],[-83.3120649,36.7094664],[-83.311549,36.7097462],[-83.3110862,36.7100138],[-83.310358,36.7103909],[-83.3097283,36.7105977],[-83.3094021,36.710701],[-83.3082869,36.7108592],[-83.307733,36.7109747],[-83.307331,36.7111146],[-83.306644,36.7111685],[-83.3060968,36.7112072],[-83.3054584,36.7111384],[-83.3050078,36.710975],[-83.3044928,36.7109836],[-83.3039518,36.7111245],[-83.3032376,36.7111427],[-83.3029694,36.7111943],[-83.3027709,36.7113578],[-83.302626,36.71159],[-83.3024061,36.711719],[-83.3020842,36.7117964],[-83.3013064,36.7119598],[-83.3002818,36.7121318],[-83.299681,36.712192],[-83.2989997,36.7123812],[-83.2985115,36.7126049],[-83.2981969,36.7127263],[-83.2976157,36.7130048],[-83.2971811,36.713151],[-83.2969183,36.7133058],[-83.2968915,36.7135165],[-83.2966179,36.7135638],[-83.2962638,36.7135724],[-83.2957542,36.7135036],[-83.2954055,36.7133531],[-83.2949871,36.7131639],[-83.294338,36.7130392],[-83.2938713,36.7129059],[-83.2934153,36.7128887],[-83.2927609,36.7129274],[-83.2921493,36.7129747],[-83.2914519,36.712979],[-83.2910228,36.7131381],[-83.2907224,36.7132671],[-83.2903791,36.7133746],[-83.2898104,36.7134649],[-83.2893491,36.7134434],[-83.2890004,36.7135466],[-83.2885015,36.713624],[-83.2881183,36.713751],[-83.2878417,36.7140369],[-83.287552,36.7141788],[-83.2871497,36.7142175],[-83.2867044,36.7143207],[-83.2864684,36.7144626],[-83.2863289,36.7147077],[-83.2861144,36.7149227],[-83.2858032,36.7150603],[-83.2852936,36.7151592],[-83.2849342,36.7152925],[-83.2847303,36.7155161],[-83.2844997,36.7156495],[-83.2842475,36.7156968],[-83.2835448,36.7157527],[-83.2830244,36.7158301],[-83.282606,36.7158387],[-83.2820267,36.7158129],[-83.2814151,36.715886],[-83.2809699,36.715929],[-83.2805053,36.7158947],[-83.2798863,36.7160021],[-83.2794732,36.7161784],[-83.278808,36.7163246],[-83.2780194,36.7164665],[-83.2775098,36.7166256],[-83.2769948,36.7169051],[-83.2767045,36.7171049],[-83.2762438,36.7173136],[-83.2757771,36.7174555],[-83.2752997,36.7175716],[-83.2749456,36.7177436],[-83.2744521,36.7179629],[-83.2738369,36.7180414],[-83.2731486,36.7181392],[-83.2727409,36.7181134],[-83.2721615,36.7181994],[-83.2716304,36.7183542],[-83.2709116,36.7184961],[-83.2702303,36.7186122],[-83.2697421,36.7187283],[-83.2690877,36.7189734],[-83.2681865,36.7192529],[-83.2677251,36.7193862],[-83.2672799,36.7195668],[-83.2667113,36.7197775],[-83.2661373,36.7200484],[-83.2657081,36.7201989],[-83.2653326,36.7203666],[-83.2649946,36.7205257],[-83.2647425,36.7206719],[-83.2644528,36.7209084],[-83.2642114,36.7210331],[-83.2640666,36.7210288],[-83.2639218,36.7209815],[-83.2636643,36.720917],[-83.2633048,36.7209557],[-83.2628006,36.7210761],[-83.2622588,36.7212696],[-83.2617331,36.7213642],[-83.2612074,36.7215276],[-83.2608265,36.7216222],[-83.2603705,36.7217942],[-83.2600969,36.7218845],[-83.2597053,36.7220694],[-83.2593352,36.7222156],[-83.258965,36.7222113],[-83.2586968,36.7221511],[-83.2582247,36.7219834],[-83.2578331,36.7219318],[-83.257522,36.7219791],[-83.2570553,36.7220866],[-83.2566798,36.7221081],[-83.256374,36.722078],[-83.2559663,36.7220608],[-83.2556766,36.7221339],[-83.2554192,36.7222758],[-83.255167,36.7224692],[-83.2548505,36.7226842],[-83.2544589,36.7229508],[-83.2542283,36.723183],[-83.2540298,36.7234281],[-83.2538206,36.7235872],[-83.2534719,36.723742],[-83.253209,36.7237936],[-83.2529408,36.7237635],[-83.2526243,36.7237033],[-83.2521415,36.7236818],[-83.2517177,36.7236947],[-83.2511813,36.7236861],[-83.2507414,36.7237635],[-83.2503227,36.7239225],[-83.2500547,36.7240817],[-83.2497597,36.7241547],[-83.2493144,36.7242407],[-83.2489121,36.7243224],[-83.2486224,36.7244772],[-83.2483488,36.7247137],[-83.2482416,36.7249244],[-83.2479465,36.7251222],[-83.2476461,36.7252125],[-83.2473135,36.7252254],[-83.246879,36.725234],[-83.2464338,36.7253544],[-83.2460636,36.7255177],[-83.2458598,36.7257413],[-83.2455701,36.7259606],[-83.2451463,36.7260208],[-83.2448512,36.7260036],[-83.2444436,36.725952],[-83.2440788,36.7259477],[-83.2437247,36.7260036],[-83.2434404,36.7259735],[-83.2430059,36.7258961],[-83.2426626,36.7258746],[-83.2422871,36.7257972],[-83.2419491,36.7258832],[-83.241477,36.7258703],[-83.2412249,36.7259692],[-83.2409942,36.7261197],[-83.2407367,36.7263949],[-83.2405222,36.7264723],[-83.2401896,36.7265582],[-83.2399696,36.7266614],[-83.2394654,36.726627],[-83.2386983,36.7266313],[-83.2381189,36.7266614],[-83.2375717,36.7267732],[-83.2370353,36.7268893],[-83.2365525,36.7269108],[-83.2360858,36.7269753],[-83.2358444,36.7270742],[-83.2355708,36.727272],[-83.2351685,36.7274655],[-83.234573,36.7276761],[-83.2339739,36.7277403],[-83.233477,36.7277859],[-83.2330749,36.7279318],[-83.2328056,36.7280686],[-83.2325173,36.7282966],[-83.2322442,36.728479],[-83.2319066,36.7285338],[-83.2314211,36.7285155],[-83.2310759,36.7285094],[-83.230689,36.7285854],[-83.2302831,36.728628],[-83.2299949,36.728701],[-83.2298014,36.7288621],[-83.2295435,36.7289168],[-83.2292729,36.7289251],[-83.228994,36.7289466],[-83.2287928,36.7290369],[-83.2286346,36.7291809],[-83.228184,36.7294776],[-83.2278299,36.729598],[-83.2274813,36.7296496],[-83.2272291,36.7297055],[-83.2267463,36.7299032],[-83.2263869,36.7301268],[-83.2259524,36.73023],[-83.2256037,36.7302472],[-83.2253516,36.7301655],[-83.2250995,36.7301053],[-83.2247079,36.7301655],[-83.2242412,36.7301655],[-83.2238442,36.7302257],[-83.2235277,36.7303418],[-83.223415,36.730445],[-83.2232595,36.7305997],[-83.2229752,36.7306642],[-83.2225943,36.7307201],[-83.2220471,36.7307502],[-83.2215214,36.7308362],[-83.2210761,36.7310039],[-83.2206202,36.731193],[-83.2202715,36.731365],[-83.2198638,36.7314166],[-83.2194507,36.7315499],[-83.2190752,36.7317305],[-83.2185441,36.7319153],[-83.2179666,36.7322184],[-83.2177428,36.7323886],[-83.2175759,36.7325862],[-83.2174583,36.7328446],[-83.2173141,36.7329936],[-83.2170031,36.7331395],[-83.2166505,36.7332739],[-83.2161534,36.7333432],[-83.2156793,36.7333371],[-83.215171,36.7333523],[-83.2147879,36.7332429],[-83.2144578,36.733252],[-83.2141961,36.7333584],[-83.2139382,36.7334435],[-83.213507,36.7334888],[-83.2130392,36.7335529],[-83.2124209,36.7337262],[-83.2121288,36.7338782],[-83.211905,36.7340576],[-83.2117874,36.7342764],[-83.2116774,36.7343312],[-83.2115484,36.7343281],[-83.2112033,36.7342825],[-83.2108695,36.7342795],[-83.2103915,36.7343068],[-83.2101032,36.7344315],[-83.2095532,36.7346868],[-83.2091246,36.7348236],[-83.2086694,36.7349148],[-83.2082901,36.7349635],[-83.2078007,36.7350881],[-83.2074556,36.7352827],[-83.2072242,36.7354438],[-83.2070497,36.7356019],[-83.2068229,36.7357115],[-83.206442,36.7356943],[-83.2061128,36.7356627],[-83.2057929,36.7357588],[-83.205294,36.7358792],[-83.2049369,36.7361126],[-83.204661,36.7362489],[-83.2040602,36.736352],[-83.2037169,36.7365025],[-83.2034165,36.7367089],[-83.2030356,36.7369023],[-83.2025045,36.7368894],[-83.2019305,36.7368851],[-83.201142,36.7369926],[-83.2004875,36.7371173],[-83.2001978,36.7371947],[-83.1997419,36.7374139],[-83.1992483,36.7376245],[-83.1988406,36.7378266],[-83.1979801,36.7381371],[-83.1974673,36.7382823],[-83.197006,36.7384714],[-83.1967002,36.7385101],[-83.1963247,36.7385101],[-83.1959921,36.7385789],[-83.195727,36.7386843],[-83.1954825,36.7389056],[-83.1952787,36.7391851],[-83.1949836,36.7393269],[-83.1946027,36.7394301],[-83.1942058,36.7394817],[-83.1938893,36.7394344],[-83.1935781,36.7393011],[-83.193267,36.7392194],[-83.1929579,36.7392557],[-83.1926984,36.7393226],[-83.1922424,36.7393828],[-83.1919742,36.7393312],[-83.1916523,36.7391894],[-83.1912822,36.7391464],[-83.1910841,36.7392253],[-83.1905687,36.7393742],[-83.190102,36.7394215],[-83.1896568,36.7394129],[-83.1891364,36.7393699],[-83.1885034,36.7393441],[-83.1878919,36.7393054],[-83.1873983,36.7392409],[-83.1869638,36.7392624],[-83.1865615,36.7393527],[-83.1861806,36.7393785],[-83.1858051,36.7393871],[-83.1854993,36.7393699],[-83.1851667,36.7393355],[-83.1848127,36.739357],[-83.1845284,36.7394344],[-83.1843245,36.7395634],[-83.1839276,36.7396364],[-83.1836111,36.7396235],[-83.1833321,36.7395462],[-83.1829566,36.7394301],[-83.182447,36.7393097],[-83.1821305,36.7392366],[-83.1817818,36.739228],[-83.181476,36.739271],[-83.1811112,36.7393441],[-83.1807733,36.7393527],[-83.1804407,36.7393011],[-83.1802046,36.7392882],[-83.179974,36.7393269],[-83.1797487,36.739443],[-83.1794161,36.7394301],[-83.1792391,36.7393742],[-83.1789386,36.7393355],[-83.1786329,36.739357],[-83.1784505,36.7393183],[-83.1781662,36.7391894],[-83.1778979,36.7391851],[-83.1776405,36.7392796],[-83.1772649,36.7393312],[-83.1769055,36.7394774],[-83.1767231,36.7395891],[-83.1764603,36.7396106],[-83.1760687,36.7395677],[-83.1756932,36.7394602],[-83.1754786,36.7393742],[-83.1751299,36.7391507],[-83.1749368,36.7391421],[-83.1745452,36.7392968],[-83.1741429,36.7394],[-83.1736869,36.7394215],[-83.1734616,36.739529],[-83.1732631,36.7397439],[-83.1730753,36.7397568],[-83.1727535,36.7398815],[-83.1725496,36.740019],[-83.1722975,36.7400319],[-83.1719488,36.7398557],[-83.171702,36.7398342],[-83.1714231,36.7399417],[-83.1711012,36.7399459],[-83.1705755,36.7399159],[-83.1700713,36.7399288],[-83.1698513,36.7400018],[-83.1694919,36.7401738],[-83.1690788,36.7403414],[-83.1686443,36.7404833],[-83.1682903,36.7405994],[-83.1680006,36.7405951],[-83.1675607,36.7405134],[-83.1672013,36.7404274],[-83.1670243,36.7402512],[-83.1667936,36.7401179],[-83.1666219,36.7399674],[-83.1666434,36.7397912],[-83.1668151,36.7395591],[-83.1671262,36.7393312],[-83.1670779,36.7392667],[-83.1668687,36.7392968],[-83.1664664,36.739357],[-83.165981,36.7394404],[-83.1655222,36.7394172],[-83.1649643,36.7393656],[-83.1643957,36.7393527],[-83.1638915,36.7393269],[-83.1631941,36.7392925],[-83.1628937,36.739314],[-83.1625396,36.7394301],[-83.1622285,36.7394688],[-83.161971,36.7394817],[-83.1615633,36.7395677],[-83.1612843,36.7396579],[-83.1608445,36.7397955],[-83.1607104,36.7399288],[-83.1605226,36.7400018],[-83.1603348,36.7401308],[-83.1601256,36.7403113],[-83.1599647,36.7404532],[-83.1597501,36.7405779],[-83.1593263,36.7407111],[-83.1589455,36.7407928],[-83.1585838,36.740958],[-83.1584251,36.741055],[-83.1581354,36.7411238],[-83.1577867,36.7411625],[-83.1574541,36.7412356],[-83.1571484,36.7413731],[-83.1567782,36.741651],[-83.1561409,36.7416024],[-83.155534,36.7415781],[-83.1549499,36.7415842],[-83.1543885,36.741572],[-83.153919,36.7415236],[-83.1534738,36.741558],[-83.1532324,36.7417041],[-83.1531626,36.7418976],[-83.1531143,36.7422802],[-83.1528998,36.7424994],[-83.1526691,36.7426241],[-83.152374,36.7426843],[-83.152197,36.7426413],[-83.1520415,36.742551],[-83.1518001,36.7422931],[-83.1516123,36.7421727],[-83.1512582,36.7420996],[-83.1507272,36.7421254],[-83.1503785,36.7420867],[-83.1500673,36.7420223],[-83.1494558,36.741932],[-83.1491393,36.7419406],[-83.1488764,36.7419965],[-83.148517,36.7421168],[-83.1481069,36.7421191],[-83.1472725,36.7419922],[-83.1466824,36.7418589],[-83.1455183,36.7416827],[-83.1448585,36.7416268],[-83.1443435,36.7416483],[-83.1438875,36.7417299],[-83.1434477,36.74176],[-83.1429595,36.7417514],[-83.1424982,36.7417729],[-83.1421387,36.741846],[-83.1418866,36.7420695],[-83.1415165,36.7421168],[-83.1412053,36.7422157],[-83.1408835,36.742379],[-83.1402826,36.7425596],[-83.1399287,36.7426115],[-83.1395263,36.7426026],[-83.1389845,36.7425854],[-83.1385017,36.7425811],[-83.1381905,36.7426327],[-83.1379545,36.7427573],[-83.1376326,36.7429035],[-83.1372839,36.7430067],[-83.1369782,36.7430024],[-83.1364846,36.7428777],[-83.1359321,36.7427788],[-83.1351114,36.7425508],[-83.1346822,36.7428863],[-83.1345964,36.7432044],[-83.1345427,36.7435526],[-83.1344032,36.7437202],[-83.1341833,36.7438664],[-83.1339258,36.7441114],[-83.1338614,36.744537],[-83.1337649,36.7448765],[-83.13362,36.7451731],[-83.1336254,36.7453795],[-83.1332982,36.7455213],[-83.1331265,36.7456804],[-83.132987,36.7459512],[-83.1329334,36.7461489],[-83.1329495,36.7462693],[-83.1331694,36.7464111],[-83.1336039,36.7465487],[-83.1337917,36.7466862],[-83.1339365,36.7469398],[-83.1339687,36.7472751],[-83.1339151,36.7476405],[-83.133958,36.7479027],[-83.1340492,36.7481047],[-83.134017,36.7482164],[-83.1338883,36.7483583],[-83.1338668,36.7485259],[-83.1338936,36.7488053],[-83.1340599,36.7490933],[-83.1342745,36.7492652],[-83.1343228,36.7493813],[-83.1342262,36.7494716],[-83.1337273,36.7495489],[-83.1332231,36.7496951],[-83.1327242,36.7497982],[-83.132354,36.74991],[-83.1320751,36.7500002],[-83.1319678,36.7499873],[-83.1317049,36.7498455],[-83.1313831,36.7497681],[-83.131088,36.7497552],[-83.1307125,36.7496521],[-83.1303531,36.7495704],[-83.1300634,36.7495833],[-83.1298113,36.7496607],[-83.1297094,36.7498197],[-83.1297416,36.7499959],[-83.1297845,36.7501722],[-83.1296826,36.7502581],[-83.1291086,36.7502366],[-83.1285614,36.750314],[-83.1281591,36.7504301],[-83.1278908,36.7506536],[-83.1277996,36.75089],[-83.1277514,36.7512381],[-83.1278587,36.7515089],[-83.1280893,36.7518829],[-83.1285024,36.7522396],[-83.1287974,36.7524588],[-83.1289262,36.7528198],[-83.1289047,36.7530992],[-83.1288146,36.7533467],[-83.1286174,36.7537722],[-83.1285567,36.754143],[-83.128625,36.7548055],[-83.1286781,36.7553769],[-83.1286705,36.7556139],[-83.1285112,36.7558145],[-83.1283291,36.7561671],[-83.1282836,36.7564223],[-83.1283974,36.7567749],[-83.1287312,36.7574131],[-83.1288222,36.7577109],[-83.128807,36.7579905],[-83.1286325,36.7582336],[-83.1284353,36.7584463],[-83.1283518,36.7587077],[-83.1284353,36.7590177],[-83.1285567,36.759358],[-83.1285946,36.7595465],[-83.1285567,36.7596315],[-83.1282684,36.7596498],[-83.1278587,36.7595829],[-83.1275325,36.7596315],[-83.1271184,36.75992],[-83.1269787,36.7601846],[-83.1269408,36.7606344],[-83.1268497,36.760835],[-83.1265918,36.7609444],[-83.1262049,36.7610598],[-83.125818,36.7612239],[-83.1256435,36.7613941],[-83.1255221,36.7615825],[-83.1255524,36.7617466],[-83.1258711,36.7618743],[-83.126258,36.761935],[-83.1265614,36.7619958],[-83.1271153,36.7622085],[-83.1277525,36.7624152],[-83.1283974,36.7625367],[-83.1288829,36.7626704],[-83.1293077,36.7628528],[-83.1296415,36.7631566],[-83.1301802,36.7633268],[-83.1305595,36.7635942],[-83.1311057,36.763971],[-83.1314016,36.7640744],[-83.1318416,36.7641169],[-83.132312,36.7641534],[-83.1324713,36.7642628],[-83.1325244,36.764439],[-83.1324637,36.7648462],[-83.1323727,36.7650589],[-83.1323727,36.7653749],[-83.1322589,36.7656788],[-83.1321223,36.7657943],[-83.1318795,36.7659158],[-83.1314395,36.7659827],[-83.1312043,36.7659888],[-83.1311209,36.7660678],[-83.1310602,36.7662622],[-83.1311512,36.7666512],[-83.1312347,36.7672042],[-83.1312726,36.7676357],[-83.1312499,36.7679457],[-83.1310905,36.7681827],[-83.1308554,36.7683711],[-83.130605,36.7684258],[-83.1303319,36.7684197],[-83.1301195,36.7685108],[-83.1299071,36.7686931],[-83.1297326,36.7690395],[-83.1296415,36.7693556],[-83.129467,36.7696776],[-83.1294822,36.7700666],[-83.1296188,36.7703826],[-83.1299298,36.7707654],[-83.1302788,36.7709781],[-83.1307719,36.771045],[-83.1311588,36.771203],[-83.1315837,36.7714035],[-83.1319326,36.7714947],[-83.1324561,36.7714582],[-83.1327823,36.7714643],[-83.1329189,36.7715068],[-83.1329492,36.7716831],[-83.1327823,36.7719444],[-83.1322513,36.7724913],[-83.1319251,36.7728681],[-83.1318416,36.7733603],[-83.1316595,36.7735608],[-83.1312574,36.773731],[-83.1307947,36.7737249],[-83.1303395,36.7736823],[-83.1301119,36.7737492],[-83.1299602,36.7739254],[-83.1299526,36.7745878],[-83.1298009,36.7749038],[-83.1294822,36.7751529],[-83.1291257,36.7754567],[-83.1289739,36.7755661],[-83.1289512,36.7757424],[-83.1291029,36.7760523],[-83.1293608,36.7763561],[-83.129505,36.7768361],[-83.1299829,36.777462],[-83.1304002,36.7778934],[-83.1307492,36.7783188],[-83.131083,36.7787259],[-83.1311512,36.7789568],[-83.1311285,36.7792242],[-83.1311361,36.7794976],[-83.1313181,36.7798197],[-83.1314775,36.7801235],[-83.1316975,36.7806825],[-83.1319554,36.7812476],[-83.1321982,36.7816121],[-83.1326837,36.7820922],[-83.1328961,36.7823777],[-83.133063,36.7827666],[-83.1331465,36.7831494],[-83.1331161,36.7834957],[-83.1331161,36.783994],[-83.1331616,36.7842674],[-83.1331616,36.7845165],[-83.1328051,36.7847352],[-83.132403,36.7849783],[-83.1320388,36.7852031],[-83.1317582,36.7853064],[-83.131303,36.7854522],[-83.1309085,36.7854765],[-83.1305519,36.7855676],[-83.1300891,36.7857499],[-83.1297857,36.7857803],[-83.129505,36.785677],[-83.1292319,36.7855008],[-83.129027,36.7854643],[-83.1286325,36.7856223],[-83.1283291,36.7858471],[-83.1281015,36.7859261],[-83.1277298,36.7858653],[-83.127487,36.7858896],[-83.1271911,36.7861205],[-83.1268194,36.786236],[-83.1261973,36.7864121],[-83.126,36.7864668],[-83.1256207,36.7863696],[-83.1252186,36.7862967],[-83.1249228,36.7863392],[-83.1243718,36.7865353],[-83.1239441,36.7865276],[-83.1234965,36.7865337],[-83.1232007,36.7866673],[-83.1229427,36.7868618],[-83.1227682,36.7870866],[-83.1225255,36.7875605],[-83.1223206,36.7877853],[-83.1221158,36.7879311],[-83.1218806,36.7879189],[-83.1214103,36.787925],[-83.1211523,36.7880404],[-83.1210158,36.7884718],[-83.1207806,36.7888303],[-83.1204695,36.7890429],[-83.1197716,36.7893224],[-83.1191798,36.789535],[-83.1188081,36.7897659],[-83.1184288,36.7901183],[-83.1182164,36.7904281],[-83.1180722,36.7907866],[-83.1179053,36.7913577],[-83.1176398,36.7917222],[-83.1172984,36.7920077],[-83.1170556,36.7921718],[-83.1167901,36.7926882],[-83.1165853,36.7932532],[-83.1162894,36.7936906],[-83.1159935,36.7940429],[-83.1154625,36.7944074],[-83.1151439,36.7947173],[-83.114977,36.7950636],[-83.114848,36.7956893],[-83.1145825,36.796236],[-83.1142335,36.7966491],[-83.1137707,36.7969529],[-83.1133762,36.7973964],[-83.1128148,36.7980464],[-83.1123369,36.7984048],[-83.1118514,36.7990305],[-83.1114341,36.7994557],[-83.1109486,36.800209],[-83.1106072,36.800452],[-83.1099775,36.8009076],[-83.109363,36.8012599],[-83.1085133,36.8016851],[-83.1081188,36.801837],[-83.1073298,36.8020131],[-83.1066395,36.8021711],[-83.1059188,36.8025234],[-83.1055319,36.8028271],[-83.1052739,36.8033009],[-83.1047884,36.8036168],[-83.1043711,36.8039387],[-83.1041132,36.8043032],[-83.1039311,36.8046494],[-83.1036504,36.8052933],[-83.1035063,36.8059433],[-83.1034228,36.8063563],[-83.1034001,36.8067268],[-83.1032939,36.807152],[-83.1034152,36.8076683],[-83.1033849,36.8082818],[-83.103438,36.8087313],[-83.103438,36.8092111],[-83.1032863,36.8098064],[-83.1030359,36.8101587],[-83.1028159,36.8106628],[-83.1026035,36.8111973],[-83.1023759,36.8114645],[-83.1018524,36.8116893],[-83.1010559,36.8117682],[-83.1005172,36.8119261],[-83.0998041,36.8122541],[-83.0992958,36.8125457],[-83.0986889,36.8130012],[-83.0984841,36.8132867],[-83.0983703,36.8135235],[-83.098431,36.8138819],[-83.098742,36.8144589],[-83.0990455,36.8150662],[-83.0991061,36.8155582],[-83.0989999,36.8159165],[-83.0989089,36.8162991],[-83.099053,36.816706],[-83.0990682,36.8171615],[-83.0989165,36.817945],[-83.0989165,36.8184855],[-83.0991744,36.8192264],[-83.0992199,36.819852],[-83.0991592,36.820605],[-83.0990606,36.8212306],[-83.099053,36.8216314],[-83.0991972,36.8220322],[-83.0991061,36.8225545],[-83.0988861,36.8230646],[-83.0985372,36.823429],[-83.098393,36.8237022],[-83.0985144,36.8239877],[-83.0989923,36.8243702],[-83.099622,36.8248439],[-83.1002441,36.8252204],[-83.1006841,36.8256151],[-83.1015793,36.8263499],[-83.1019511,36.8269268],[-83.1020952,36.8272912],[-83.1021953,36.827974],[-83.1017929,36.8284034],[-83.1013316,36.8290088],[-83.1009722,36.8296701],[-83.1003928,36.8304988],[-83.0993682,36.8315851],[-83.098923,36.8318856],[-83.0983007,36.8320488],[-83.0975712,36.8323021],[-83.0967343,36.8327959],[-83.0956507,36.8330707],[-83.0941916,36.8333755],[-83.0928451,36.833719],[-83.0919171,36.8341698],[-83.0906725,36.8346636],[-83.0899376,36.8352604],[-83.0895674,36.835591],[-83.0890632,36.836235],[-83.0886769,36.8368232],[-83.0883122,36.8374114],[-83.0879957,36.8378364],[-83.0877489,36.8380811],[-83.0870676,36.8382743],[-83.0864561,36.8384933],[-83.0855066,36.8388239],[-83.0849701,36.8389226],[-83.0839563,36.8390128],[-83.0832581,36.8390649],[-83.0823022,36.8393017],[-83.0817408,36.8396174],[-83.0809746,36.8401274],[-83.0802159,36.8403885],[-83.0795483,36.8405039],[-83.0785621,36.8407285],[-83.0778338,36.8408864],[-83.0770676,36.8409835],[-83.0766048,36.8409532],[-83.0756261,36.8407164],[-83.0751937,36.8407346],[-83.0750193,36.8409572],[-83.0749889,36.8416817],[-83.0748751,36.8420642],[-83.0747187,36.8423829],[-83.0743432,36.8429153],[-83.0743432,36.8434734],[-83.0741695,36.8441406],[-83.0741316,36.8449238],[-83.0741999,36.8455309],[-83.0742378,36.8460894],[-83.0743744,36.8466176],[-83.0747992,36.8474129],[-83.0750116,36.847935],[-83.0751558,36.8486574],[-83.0751634,36.8491127],[-83.0751937,36.8495741],[-83.0754289,36.8499809],[-83.0759296,36.8506547],[-83.0755806,36.8511404],[-83.0750496,36.8517171],[-83.0744502,36.8524334],[-83.0739268,36.8531194],[-83.0734956,36.8536815],[-83.0730611,36.8542009],[-83.0727071,36.8545314],[-83.0723262,36.8545099],[-83.0719453,36.8543253],[-83.0715108,36.8540034],[-83.0707812,36.8535441],[-83.070454,36.8534282],[-83.0698478,36.8534196],[-83.0692738,36.8534196],[-83.0686677,36.8532608],[-83.068158,36.8528831],[-83.0674768,36.8522907],[-83.0669081,36.8519945],[-83.0661518,36.8518185],[-83.0652774,36.8517971],[-83.0646765,36.8516082],[-83.0640274,36.8516082],[-83.0632764,36.8517241],[-83.0629331,36.8520589],[-83.0625683,36.8524152],[-83.061989,36.852926],[-83.0613291,36.8534926],[-83.0607873,36.8538618],[-83.0604547,36.8538961],[-83.0599237,36.8537802],[-83.0591941,36.8535527],[-83.0583841,36.8533595],[-83.0575741,36.8532565],[-83.0563831,36.8530033],[-83.0553478,36.8527285],[-83.0548972,36.8525826],[-83.0543447,36.8523809],[-83.0537224,36.8522392],[-83.0528517,36.8520752],[-83.0519868,36.8519599],[-83.0509399,36.8520267],[-83.0497261,36.8520449],[-83.0488991,36.8519599],[-83.0483453,36.8517838],[-83.0478752,36.8516812],[-83.0472984,36.8518628],[-83.0464335,36.8520327],[-83.0457432,36.8523302],[-83.045068,36.8525669],[-83.0446204,36.8528098],[-83.044279,36.8531194],[-83.043619,36.8534957],[-83.0433369,36.8537845],[-83.0430121,36.8541756],[-83.0422003,36.854643],[-83.0412824,36.854983],[-83.0401444,36.8549405],[-83.0395526,36.8550255],[-83.0387485,36.8550376],[-83.037785,36.8549466],[-83.0371174,36.854898],[-83.0366546,36.8546977],[-83.0362222,36.8541878],[-83.0357746,36.8541271],[-83.034758,36.8541817],[-83.0338552,36.854291],[-83.0330586,36.8544284],[-83.0321635,36.8546552],[-83.0310027,36.855068],[-83.0301151,36.8553047],[-83.0291213,36.8553047],[-83.0283854,36.8553775],[-83.0275054,36.8555293],[-83.0266861,36.8555657],[-83.0263523,36.8554443],[-83.0261702,36.8550801],[-83.0260791,36.8547098],[-83.0260109,36.8543031],[-83.0259502,36.8539025],[-83.0256998,36.8534168],[-83.0251157,36.852403],[-83.0246984,36.8518203],[-83.0243798,36.8515653],[-83.0237031,36.8511832],[-83.0231735,36.8507215],[-83.0226121,36.8503208],[-83.0222762,36.8500199],[-83.0219329,36.8499641],[-83.0213589,36.8500843],[-83.0207259,36.8501401],[-83.020007,36.8501144],[-83.0187142,36.8496808],[-83.0178237,36.8494619],[-83.0169761,36.8491829],[-83.0161661,36.8489553],[-83.0155921,36.8488437],[-83.0152542,36.8486033],[-83.0146158,36.8481698],[-83.0137414,36.8475559],[-83.0133766,36.8472855],[-83.0130279,36.8471781],[-83.0126891,36.8469576],[-83.0124486,36.8469592],[-83.0121911,36.8471095],[-83.0118585,36.8474185],[-83.0113864,36.8476976],[-83.011027,36.8477834],[-83.0107856,36.8477748],[-83.0101901,36.8476246],[-83.0090207,36.8473713],[-83.0084038,36.8473542],[-83.0077171,36.8474443],[-83.0072612,36.847616],[-83.0066335,36.8477019],[-83.0064136,36.8478178],[-83.0062097,36.8480882],[-83.0059791,36.8486549],[-83.005507,36.8492945],[-83.0050135,36.8499255],[-83.0045092,36.850329],[-83.0041284,36.850608],[-83.0038923,36.8510029],[-83.003887,36.8514193],[-83.0037153,36.8518658],[-83.0031789,36.8525998],[-83.0028516,36.8529432],[-83.0024922,36.8531964],[-83.0019236,36.8534239],[-83.0014622,36.8539476],[-83.0013067,36.8542352],[-83.0009633,36.8546043],[-83.0006683,36.8548533],[-83.0001533,36.8550465],[-82.9997832,36.8552525],[-82.9991394,36.8557633],[-82.9988283,36.8561153],[-82.9984689,36.8566003],[-82.9975542,36.8567798],[-82.9968486,36.8568283],[-82.9962645,36.8570104],[-82.995741,36.8572472],[-82.9953541,36.8573382],[-82.994421,36.8574293],[-82.9940113,36.8574778],[-82.9936092,36.8577267],[-82.9930175,36.8578724],[-82.9925471,36.8578299],[-82.9920616,36.8577753],[-82.9916747,36.8578663],[-82.991356,36.8581213],[-82.9910071,36.858273],[-82.9903395,36.8585219],[-82.9899677,36.858789],[-82.9893987,36.8589893],[-82.9888677,36.859135],[-82.9882759,36.8591835],[-82.9876614,36.8590803],[-82.9873201,36.858965],[-82.9870545,36.8587101],[-82.9866828,36.8586615],[-82.9864249,36.8587101],[-82.9859014,36.85888],[-82.9852262,36.8588618],[-82.9843993,36.8586737],[-82.9837924,36.8585644],[-82.9833827,36.8586554],[-82.9828213,36.8589225],[-82.9825178,36.8589529],[-82.9820171,36.8588618],[-82.9816302,36.8588922],[-82.980955,36.8591289],[-82.9803633,36.8592746],[-82.9798702,36.8594931],[-82.9790926,36.8597164],[-82.9787095,36.8597602],[-82.9782922,36.8596995],[-82.9778598,36.8595235],[-82.9772832,36.8594688],[-82.9765473,36.8594992],[-82.975857,36.8595599],[-82.9753866,36.8595295],[-82.9749314,36.8593474],[-82.9745293,36.85922],[-82.9739907,36.8591593],[-82.9735659,36.8591471],[-82.9732472,36.8590257],[-82.9729817,36.8588497],[-82.97261,36.8585644],[-82.9722261,36.8581283],[-82.9719044,36.8578481],[-82.9716146,36.8576905],[-82.9712596,36.8576175],[-82.9706451,36.8576235],[-82.9702733,36.8576782],[-82.969674,36.8578603],[-82.9691885,36.8579695],[-82.9690064,36.8581698],[-82.9686195,36.8587526],[-82.9681719,36.8590561],[-82.9676181,36.8592442],[-82.9670036,36.8592746],[-82.9665408,36.8593656],[-82.9662146,36.8596266],[-82.9657746,36.8599908],[-82.9650766,36.8602458],[-82.9645228,36.8603915],[-82.964189,36.8606949],[-82.9639235,36.8609984],[-82.9634456,36.8612291],[-82.9629752,36.8613748],[-82.9625731,36.8615022],[-82.9623228,36.8618179],[-82.9618145,36.8621638],[-82.9613062,36.8623641],[-82.9607372,36.8624734],[-82.9599634,36.8625341],[-82.9594399,36.8626737],[-82.9586964,36.8628801],[-82.9580364,36.863135],[-82.9572171,36.863226],[-82.956595,36.8631532],[-82.9561322,36.863226],[-82.9556922,36.8634385],[-82.9552209,36.8637423],[-82.9547489,36.8640599],[-82.9545543,36.8641365],[-82.954008,36.864185],[-82.9535377,36.8642761],[-82.9532115,36.8644764],[-82.9529915,36.8649073],[-82.9527487,36.8652108],[-82.9521038,36.8657571],[-82.95177,36.8659998],[-82.9513755,36.8660969],[-82.950761,36.8660484],[-82.9501086,36.8659452],[-82.9498734,36.8659634],[-82.9495851,36.8661273],[-82.949426,36.866196],[-82.949315,36.866272],[-82.948975,36.866425],[-82.948655,36.866417],[-82.947464,36.866183],[-82.946524,36.865893],[-82.946344,36.865925],[-82.945664,36.866344],[-82.944714,36.866545],[-82.943904,36.866536],[-82.943184,36.866423],[-82.942603,36.866181],[-82.942403,36.866343],[-82.942174,36.866858],[-82.941774,36.867043],[-82.941093,36.867172],[-82.939793,36.86726],[-82.938563,36.867276],[-82.937743,36.867251],[-82.937373,36.867565],[-82.937133,36.867743],[-82.936813,36.867863],[-82.936663,36.868194],[-82.936683,36.868484],[-82.936723,36.868645],[-82.936753,36.868846],[-82.936583,36.869064],[-82.935933,36.869321],[-82.935303,36.86949],[-82.935113,36.869579],[-82.934583,36.870095],[-82.933762,36.870377],[-82.933212,36.870425],[-82.932602,36.870352],[-82.932052,36.870239],[-82.931862,36.870223],[-82.931032,36.870561],[-82.930332,36.870665],[-82.929741,36.870617],[-82.929051,36.870496],[-82.928591,36.870375],[-82.928271,36.870358],[-82.927681,36.870777],[-82.927261,36.870898],[-82.926981,36.871067],[-82.926571,36.871115],[-82.9263,36.871075],[-82.92612,36.871236],[-82.92578,36.871558],[-82.92529,36.87213],[-82.92514,36.872452],[-82.92485,36.872766],[-82.92444,36.87283],[-82.92416,36.873007],[-82.92388,36.873273],[-82.92335,36.873474],[-82.92281,36.873748],[-82.92213,36.873812],[-82.921439,36.873546],[-82.920789,36.873392],[-82.920459,36.873545],[-82.919929,36.87369],[-82.919249,36.873714],[-82.918318,36.873657],[-82.917768,36.873512],[-82.917578,36.873471],[-82.917348,36.87356],[-82.916277,36.873833],[-82.915246,36.873905],[-82.914516,36.873888],[-82.913996,36.874041],[-82.913196,36.874291],[-82.912373,36.874317],[-82.912235,36.874338],[-82.912017,36.874288],[-82.911931,36.874268],[-82.911921,36.874266],[-82.911881,36.874257],[-82.91187,36.874254],[-82.911798,36.874244],[-82.911788,36.874244],[-82.911411,36.874208],[-82.911135,36.874168],[-82.910035,36.874144],[-82.909384,36.874578],[-82.908784,36.874618],[-82.908114,36.874642],[-82.907664,36.8749],[-82.90748,36.875092],[-82.907425,36.875982],[-82.908113,36.877757],[-82.908002,36.878136],[-82.907942,36.878443],[-82.907559,36.87916],[-82.904922,36.879917],[-82.903618,36.880246],[-82.902084,36.880682],[-82.901311,36.881028],[-82.900709,36.881673],[-82.899907,36.881745],[-82.899205,36.881817],[-82.898743,36.88193],[-82.898182,36.881881],[-82.897621,36.881945],[-82.89706,36.881872],[-82.896458,36.881904],[-82.895947,36.882089],[-82.895228,36.882278],[-82.8950008,36.8824281],[-82.8944925,36.8829864],[-82.8942725,36.883314],[-82.8940525,36.8834839],[-82.8937945,36.883575],[-82.8933166,36.8835203],[-82.8927552,36.8834718],[-82.8921255,36.8835932],[-82.891731,36.8837813],[-82.8912303,36.8838662],[-82.890593,36.8838905],[-82.8903503,36.8840725],[-82.8900468,36.8843092],[-82.8895385,36.8845883],[-82.889053,36.8848978],[-82.8887192,36.8852376],[-82.8885826,36.885456],[-82.8883778,36.8859111],[-82.8881123,36.8862024],[-82.8879302,36.8866271],[-82.8876623,36.8870379],[-82.8872095,36.8871247],[-82.8868302,36.8872703],[-82.8863143,36.8875434],[-82.8856088,36.8878468],[-82.8852522,36.8879802],[-82.8848122,36.8883018],[-82.8843646,36.8885749],[-82.8835452,36.8887205],[-82.8827335,36.8888783],[-82.8816638,36.8889814],[-82.8811024,36.8889632],[-82.8800707,36.8889329],[-82.8793651,36.8890421],[-82.8787506,36.8893576],[-82.8783637,36.8899158],[-82.8780678,36.890741],[-82.8778099,36.8916026],[-82.8779389,36.8921304],[-82.8781968,36.8927311],[-82.878523,36.893346],[-82.878554,36.893739],[-82.878467,36.894218],[-82.877914,36.894986],[-82.877412,36.89551],[-82.876654,36.8961],[-82.875743,36.896526],[-82.872771,36.8974],[-82.87202,36.897529],[-82.871083,36.897601],[-82.870624,36.897697],[-82.870336,36.897892],[-82.869765,36.898478],[-82.869187,36.898921],[-82.868571,36.899261],[-82.868196,36.899635],[-82.867978,36.900048],[-82.868058,36.900684],[-82.868305,36.901173],[-82.868628,36.901396],[-82.869159,36.901463],[-82.86974,36.901619],[-82.870301,36.901922],[-82.870964,36.902659],[-82.871418,36.902949],[-82.872103,36.903194],[-82.872703,36.903521],[-82.873201,36.90405],[-82.873637,36.904768],[-82.874143,36.905758],[-82.874483,36.906261],[-82.874962,36.906615],[-82.875547,36.906976],[-82.876327,36.907167],[-82.876955,36.907475],[-82.877352,36.907881],[-82.877449,36.908067],[-82.877379,36.908471],[-82.876242,36.910135],[-82.87599,36.910419],[-82.875568,36.91062],[-82.874692,36.911155],[-82.874263,36.911519],[-82.873777,36.912299],[-82.873157,36.913097],[-82.872664,36.913406],[-82.871819,36.913501],[-82.871337,36.913885],[-82.871069,36.91422],[-82.870989,36.914519],[-82.870963,36.915272],[-82.870857,36.915449],[-82.869753,36.916496],[-82.869384,36.916702],[-82.868,36.916922],[-82.867594,36.917072],[-82.867345,36.917268],[-82.867198,36.917586],[-82.867216,36.918133],[-82.867329,36.918619],[-82.867278,36.918865],[-82.867128,36.91909],[-82.866594,36.919429],[-82.866065,36.919942],[-82.86545,36.920621],[-82.864883,36.921701],[-82.864661,36.921909],[-82.864458,36.921989],[-82.863753,36.921938],[-82.863549,36.92205],[-82.863493,36.922246],[-82.863519,36.922911],[-82.86319,36.923449],[-82.862798,36.923868],[-82.862196,36.924197],[-82.861779,36.924335],[-82.861385,36.924774],[-82.860807,36.924898],[-82.860056,36.925286],[-82.859916,36.925452],[-82.859725,36.926011],[-82.859474,36.926272],[-82.858988,36.927384],[-82.858689,36.927817],[-82.857807,36.928489],[-82.857665,36.928669],[-82.857644,36.92885],[-82.858015,36.929713],[-82.858241,36.930684],[-82.858288,36.931456],[-82.858186,36.932468],[-82.858637,36.933198],[-82.859114,36.933484],[-82.859576,36.933686],[-82.859974,36.933769],[-82.860113,36.933925],[-82.86007,36.934653],[-82.860348,36.935678],[-82.860351,36.936401],[-82.860432,36.937005],[-82.860345,36.937185],[-82.860538,36.937758],[-82.860554,36.938242],[-82.861032,36.938619],[-82.861355,36.939175],[-82.861687,36.939527],[-82.861912,36.940394],[-82.862231,36.941059],[-82.8623,36.941338],[-82.861791,36.941989],[-82.861684,36.94263],[-82.861584,36.942955],[-82.86177,36.943635],[-82.861778,36.944054],[-82.861668,36.944469],[-82.861001,36.945396],[-82.860707,36.94603],[-82.860406,36.94711],[-82.86016,36.94779],[-82.860238,36.948477],[-82.859882,36.949172],[-82.859349,36.94978],[-82.858878,36.950173],[-82.858276,36.950875],[-82.856791,36.952196],[-82.856571,36.952186],[-82.85633,36.952342],[-82.855912,36.953012],[-82.855877,36.953601],[-82.855735,36.953818],[-82.855768,36.953948],[-82.855877,36.95409],[-82.85613,36.954155],[-82.856446,36.954162],[-82.856753,36.953751],[-82.858165,36.953853],[-82.858424,36.953999],[-82.858667,36.954285],[-82.858884,36.955117],[-82.859125,36.955445],[-82.860354,36.956069],[-82.860782,36.95639],[-82.861083,36.956527],[-82.861178,36.95712],[-82.861357,36.957329],[-82.861647,36.9574],[-82.862405,36.957453],[-82.862522,36.957521],[-82.8628,36.957892],[-82.863195,36.958042],[-82.863688,36.958056],[-82.864498,36.957997],[-82.864956,36.957922],[-82.86594,36.958336],[-82.866144,36.958556],[-82.865978,36.958992],[-82.865827,36.959759],[-82.86558,36.960203],[-82.865621,36.960516],[-82.866824,36.961302],[-82.867367,36.962669],[-82.867412,36.963186],[-82.867227,36.96347],[-82.867201,36.963768],[-82.867438,36.964162],[-82.867709,36.964414],[-82.868271,36.964542],[-82.868791,36.964558],[-82.869544,36.964728],[-82.869927,36.964845],[-82.870108,36.964978],[-82.870277,36.965392],[-82.870206,36.966492],[-82.870376,36.966883],[-82.870557,36.967083],[-82.870684,36.967359],[-82.870989,36.96829],[-82.870954,36.968546],[-82.870613,36.968887],[-82.869612,36.96919],[-82.869169,36.969404],[-82.868967,36.969654],[-82.868879,36.970065],[-82.868846,36.970735],[-82.868629,36.971297],[-82.868641,36.97164],[-82.86879,36.971913],[-82.869491,36.97248],[-82.869636,36.972841],[-82.869607,36.973343],[-82.869192,36.974186],[-82.868735,36.974951],[-82.868693,36.975245],[-82.868776,36.975654],[-82.868799,36.976127],[-82.868716,36.976325],[-82.868108,36.976999],[-82.867623,36.977636],[-82.867467,36.978049],[-82.867307,36.978179],[-82.867082,36.978247],[-82.866381,36.97822],[-82.866133,36.978345],[-82.865754,36.978361],[-82.865472,36.978427],[-82.865213,36.978626],[-82.864916,36.979043],[-82.86476,36.979178],[-82.862861,36.98019],[-82.862586,36.980268],[-82.862308,36.980249],[-82.861922,36.980038],[-82.861253,36.97917],[-82.860682,36.978524],[-82.860414,36.978377],[-82.860105,36.978392],[-82.859812,36.978573],[-82.859508,36.978652],[-82.859187,36.978625],[-82.85846,36.97837],[-82.858127,36.97832],[-82.857893,36.97844],[-82.857676,36.978635],[-82.856981,36.978848],[-82.856806,36.979089],[-82.856804,36.979319],[-82.857018,36.979675],[-82.857053,36.979865],[-82.856531,36.980572],[-82.856381,36.981006],[-82.856389,36.981288],[-82.85652,36.981698],[-82.856502,36.982042],[-82.855851,36.982886],[-82.855576,36.983088],[-82.855355,36.983182],[-82.854947,36.983549],[-82.853759,36.985152],[-82.853577,36.985298],[-82.853423,36.985312],[-82.852697,36.985114],[-82.85165,36.984658],[-82.851011,36.984424],[-82.850701,36.984249],[-82.849802,36.983583],[-82.84961,36.983549],[-82.849081,36.983564],[-82.848341,36.983768],[-82.84761,36.984038],[-82.846974,36.984184],[-82.846706,36.984195],[-82.846167,36.984072],[-82.845521,36.983772],[-82.845242,36.983765],[-82.844952,36.983825],[-82.844446,36.984091],[-82.844026,36.984502],[-82.843652,36.985103],[-82.843392,36.985403],[-82.843124,36.985634],[-82.842008,36.986248],[-82.841257,36.986923],[-82.841004,36.987098],[-82.840518,36.987126],[-82.839874,36.987266],[-82.838841,36.98709],[-82.837911,36.987014],[-82.837683,36.987049],[-82.837275,36.98728],[-82.836613,36.987976],[-82.836238,36.988584],[-82.836029,36.988804],[-82.835821,36.989166],[-82.835692,36.990123],[-82.835528,36.99084],[-82.83506,36.991477],[-82.834878,36.991648],[-82.83438,36.991922],[-82.833645,36.992058],[-82.833034,36.99205],[-82.832881,36.992013],[-82.832696,36.992044],[-82.832525,36.992185],[-82.832258,36.992755],[-82.831915,36.993011],[-82.830842,36.993556],[-82.830478,36.993901],[-82.830179,36.994357],[-82.830066,36.994625],[-82.830126,36.995623],[-82.830005,36.995877],[-82.829516,36.996475],[-82.829409,36.997061],[-82.829145,36.997414],[-82.828989,36.997869],[-82.829111,36.998652],[-82.829305,36.999276],[-82.829522,36.99957],[-82.830155,37.000146],[-82.830343,37.000436],[-82.830569,37.000928],[-82.830586,37.001219],[-82.830354,37.001867],[-82.830289,37.002968],[-82.830086,37.003693],[-82.829369,37.004331],[-82.828925,37.004908],[-82.828846,37.005487],[-82.82872,37.005798],[-82.828333,37.005944],[-82.827542,37.005961],[-82.826856,37.00612],[-82.825984,37.006463],[-82.825538,37.006483],[-82.825138,37.006419],[-82.824657,37.006177],[-82.824319,37.005846],[-82.823528,37.004568],[-82.823249,37.004346],[-82.822806,37.004153],[-82.822525,37.004106],[-82.822253,37.004158],[-82.821718,37.00468],[-82.821052,37.005035],[-82.820641,37.005684],[-82.819966,37.006172],[-82.819191,37.006441],[-82.818615,37.006446],[-82.818235,37.006358],[-82.818016,37.006225],[-82.817865,37.005913],[-82.817698,37.005842],[-82.817421,37.005888],[-82.817173,37.006013],[-82.816929,37.006276],[-82.816898,37.006669],[-82.817097,37.007057],[-82.817087,37.007246],[-82.816862,37.007427],[-82.8165,37.00749],[-82.816112,37.007448],[-82.815865,37.007356],[-82.815592,37.006821],[-82.815207,37.006562],[-82.8149,37.006207],[-82.814683,37.006045],[-82.813804,37.005641],[-82.813633,37.005611],[-82.813455,37.005629],[-82.812965,37.005789],[-82.812461,37.005883],[-82.812066,37.006123],[-82.81134,37.006652],[-82.811012,37.006827],[-82.810693,37.006941],[-82.810241,37.007032],[-82.80941,37.007122],[-82.809091,37.00708],[-82.808839,37.007008],[-82.808405,37.006767],[-82.808104,37.006733],[-82.807111,37.007002],[-82.806768,37.007152],[-82.805757,37.007116],[-82.804986,37.007228],[-82.803945,37.007254],[-82.802982,37.007688],[-82.802633,37.007784],[-82.801532,37.007862],[-82.79991,37.008102],[-82.799461,37.008221],[-82.798936,37.008469],[-82.798184,37.009331],[-82.797885,37.009562],[-82.797625,37.009512],[-82.797263,37.009306],[-82.79692,37.009026],[-82.796598,37.008636],[-82.796256,37.008086],[-82.796109,37.007654],[-82.795377,37.006451],[-82.794697,37.005922],[-82.793665,37.005471],[-82.793435,37.005476],[-82.793247,37.005596],[-82.793061,37.005846],[-82.792589,37.006039],[-82.791961,37.00614],[-82.791368,37.006286],[-82.790893,37.006542],[-82.790569,37.006904],[-82.790321,37.007355],[-82.789973,37.007604],[-82.789036,37.008457],[-82.788498,37.008672],[-82.787885,37.00875],[-82.787063,37.008734],[-82.786213,37.008546],[-82.785547,37.008304],[-82.785102,37.008077],[-82.784797,37.008047],[-82.784329,37.008184],[-82.783889,37.008128],[-82.783483,37.007947],[-82.782863,37.007821],[-82.782268,37.008052],[-82.781689,37.008608],[-82.781479,37.009028],[-82.781599,37.009621],[-82.781467,37.009832],[-82.78091,37.010276],[-82.780441,37.010582],[-82.779546,37.011527],[-82.779007,37.012222],[-82.778545,37.012577],[-82.778344,37.012782],[-82.778288,37.01301],[-82.778287,37.013338],[-82.778402,37.013815],[-82.778284,37.014018],[-82.777643,37.01459],[-82.777458,37.014901],[-82.777324,37.015887],[-82.777165,37.016023],[-82.776924,37.01603],[-82.776203,37.015899],[-82.775869,37.015733],[-82.775392,37.015568],[-82.77486,37.01547],[-82.774326,37.01546],[-82.772895,37.01556],[-82.772166,37.015621],[-82.771853,37.015707],[-82.77169,37.016247],[-82.771415,37.016705],[-82.771099,37.017099],[-82.770735,37.017291],[-82.770456,37.017385],[-82.770201,37.017538],[-82.769908,37.017919],[-82.769404,37.018881],[-82.769255,37.019623],[-82.768998,37.019832],[-82.768708,37.019969],[-82.766945,37.021128],[-82.766772,37.021629],[-82.766536,37.022776],[-82.766409,37.023084],[-82.765983,37.023335],[-82.765606,37.023459],[-82.765314,37.023658],[-82.765205,37.023931],[-82.764819,37.024333],[-82.764409,37.024484],[-82.76389,37.02456],[-82.762681,37.024505],[-82.762278,37.024842],[-82.761779,37.025763],[-82.761179,37.02637],[-82.7608,37.026442],[-82.760355,37.026606],[-82.760058,37.0268],[-82.759873,37.02701],[-82.759479,37.027255],[-82.758976,37.027453],[-82.758343,37.027424],[-82.757545,37.027294],[-82.757053,37.02717],[-82.755817,37.027131],[-82.755216,37.02699],[-82.75461,37.026934],[-82.754198,37.026793],[-82.753752,37.026496],[-82.752581,37.026177],[-82.752352,37.026072],[-82.751584,37.025513],[-82.751289,37.024678],[-82.750715,37.02421],[-82.75058,37.023991],[-82.750352,37.023201],[-82.750121,37.023195],[-82.750049,37.023245],[-82.74994,37.023454],[-82.749883,37.023448],[-82.749176,37.023875],[-82.748744,37.024053],[-82.748342,37.024162],[-82.747862,37.024425],[-82.747813,37.024538],[-82.747908,37.024753],[-82.747982,37.025102],[-82.74799,37.025762],[-82.747881,37.026412],[-82.74767,37.026978],[-82.747273,37.027599],[-82.746792,37.028109],[-82.745928,37.029263],[-82.745472,37.030203],[-82.745402,37.030577],[-82.745422,37.030935],[-82.745296,37.031399],[-82.745288,37.031811],[-82.745621,37.03306],[-82.745793,37.033383],[-82.745771,37.03368],[-82.74562,37.033904],[-82.745418,37.034104],[-82.745064,37.034314],[-82.744651,37.034693],[-82.744518,37.035317],[-82.743895,37.036396],[-82.743737,37.036964],[-82.743647,37.037718],[-82.743848,37.038679],[-82.743724,37.040736],[-82.743467,37.041415],[-82.743236,37.041758],[-82.742759,37.042796],[-82.742513,37.042926],[-82.742003,37.042928],[-82.741697,37.042863],[-82.740909,37.042804],[-82.740527,37.042878],[-82.740064,37.043065],[-82.739445,37.043499],[-82.7391,37.043533],[-82.737623,37.043924],[-82.736885,37.043979],[-82.735946,37.043893],[-82.735437,37.044023],[-82.734177,37.044491],[-82.733506,37.044521],[-82.733304,37.044367],[-82.732891,37.043659],[-82.732556,37.043417],[-82.732294,37.04332],[-82.731938,37.043271],[-82.731383,37.043521],[-82.731132,37.043487],[-82.730368,37.043111],[-82.73012,37.042843],[-82.729849,37.042676],[-82.729569,37.042647],[-82.72896,37.042693],[-82.728547,37.042771],[-82.728208,37.042763],[-82.727855,37.042642],[-82.727331,37.042288],[-82.727065,37.042224],[-82.726371,37.042199],[-82.725824,37.042252],[-82.72502,37.042419],[-82.724685,37.042629],[-82.724206,37.042848],[-82.723629,37.044276],[-82.723373,37.044492],[-82.722433,37.044949],[-82.722368,37.045068],[-82.722366,37.045192],[-82.722837,37.046102],[-82.722953,37.04642],[-82.723071,37.047352],[-82.722835,37.048312],[-82.722783,37.049382],[-82.722807,37.049857],[-82.722948,37.050608],[-82.722881,37.051237],[-82.722858,37.052312],[-82.723075,37.053295],[-82.723079,37.053637],[-82.723229,37.05403],[-82.723102,37.054749],[-82.723156,37.055336],[-82.722375,37.057303],[-82.7222,37.057936],[-82.722332,37.058153],[-82.722759,37.058537],[-82.722924,37.058777],[-82.723079,37.059141],[-82.723075,37.059323],[-82.722892,37.059803],[-82.722749,37.06035],[-82.722952,37.061209],[-82.722829,37.061929],[-82.722888,37.062026],[-82.723016,37.062089],[-82.723443,37.06216],[-82.723717,37.062249],[-82.72392,37.062491],[-82.72405,37.062894],[-82.724076,37.063185],[-82.724239,37.063479],[-82.724734,37.063939],[-82.725017,37.064404],[-82.72507,37.064624],[-82.725223,37.064878],[-82.725548,37.065061],[-82.725624,37.065255],[-82.72563,37.066002],[-82.725721,37.066384],[-82.725781,37.066548],[-82.72587,37.066624],[-82.726035,37.066677],[-82.726083,37.066877],[-82.725663,37.068965],[-82.72561,37.069637],[-82.725668,37.069803],[-82.726157,37.070444],[-82.726213,37.070699],[-82.726129,37.071245],[-82.72629,37.071589],[-82.726683,37.072184],[-82.726737,37.073039],[-82.726669,37.073255],[-82.726486,37.073411],[-82.726012,37.073644],[-82.725232,37.074104],[-82.724458,37.074711],[-82.724016,37.075292],[-82.723596,37.075576],[-82.72316,37.075673],[-82.722771,37.075626],[-82.721765,37.075274],[-82.721313,37.075307],[-82.720219,37.075898],[-82.719714,37.076047],[-82.718372,37.075894],[-82.718078,37.075918],[-82.71786,37.076176],[-82.71783,37.076294],[-82.717567,37.076732],[-82.717381,37.076906],[-82.7168,37.077157],[-82.716685,37.077248],[-82.716655,37.077406],[-82.716991,37.078081],[-82.717053,37.078414],[-82.717052,37.078767],[-82.717181,37.079392],[-82.717305,37.079587],[-82.717456,37.079705],[-82.717645,37.079951],[-82.717828,37.080352],[-82.718156,37.080726],[-82.718471,37.080945],[-82.719953,37.081517],[-82.720551,37.081842],[-82.720841,37.082095],[-82.720902,37.082348],[-82.72074,37.082835],[-82.720654,37.083494],[-82.720741,37.08374],[-82.720899,37.083915],[-82.721194,37.084072],[-82.721673,37.084197],[-82.721796,37.084285],[-82.721896,37.084494],[-82.722554,37.084634],[-82.722844,37.084801],[-82.72296,37.085144],[-82.723139,37.087174],[-82.723285,37.087785],[-82.723466,37.088063],[-82.723525,37.088268],[-82.723498,37.088585],[-82.723394,37.088919],[-82.723138,37.089263],[-82.722728,37.089696],[-82.722762,37.089817],[-82.72326,37.090368],[-82.72375,37.090787],[-82.724819,37.091429],[-82.724953,37.091626],[-82.725017,37.091822],[-82.724914,37.092255],[-82.724685,37.092569],[-82.724357,37.092865],[-82.72376,37.093263],[-82.723037,37.093669],[-82.722376,37.09428],[-82.722056,37.094805],[-82.721927,37.095313],[-82.722153,37.095889],[-82.722389,37.096168],[-82.72249,37.096423],[-82.722452,37.096706],[-82.722275,37.097276],[-82.722019,37.097841],[-82.72189,37.09839],[-82.721913,37.09974],[-82.721689,37.100511],[-82.721679,37.101015],[-82.721775,37.101444],[-82.722001,37.101916],[-82.722711,37.102717],[-82.723366,37.103195],[-82.723433,37.103331],[-82.723403,37.103505],[-82.723173,37.103891],[-82.722661,37.104544],[-82.722371,37.104772],[-82.722094,37.10509],[-82.722012,37.105286],[-82.722026,37.10557],[-82.722135,37.105848],[-82.72239,37.10629],[-82.722562,37.106483],[-82.72295,37.10675],[-82.72323,37.107028],[-82.724076,37.109013],[-82.724119,37.109269],[-82.724319,37.109756],[-82.724867,37.110397],[-82.72601,37.111528],[-82.726253,37.111902],[-82.726502,37.112571],[-82.726557,37.11319],[-82.726482,37.114318],[-82.726688,37.114794],[-82.726599,37.114903],[-82.726321,37.115037],[-82.726234,37.115149],[-82.726273,37.115377],[-82.726172,37.115677],[-82.725985,37.115971],[-82.7251,37.116806],[-82.724347,37.117407],[-82.724117,37.117664],[-82.723218,37.118972],[-82.723066,37.119087],[-82.722823,37.119151],[-82.722628,37.11929],[-82.722474,37.119494],[-82.722361,37.119749],[-82.7219,37.120325],[-82.721413,37.12083],[-82.721034,37.121038],[-82.720114,37.121293],[-82.719166,37.121447],[-82.71888,37.121592],[-82.718211,37.122351],[-82.71808,37.12238],[-82.716981,37.122279],[-82.716292,37.122133],[-82.715884,37.121999],[-82.715491,37.121778],[-82.715363,37.121764],[-82.715149,37.121848],[-82.714275,37.122476],[-82.713564,37.123189],[-82.712776,37.123821],[-82.71223,37.124083],[-82.711333,37.124316],[-82.710879,37.124639],[-82.710067,37.125112],[-82.708528,37.125106],[-82.708331,37.125144],[-82.707901,37.125311],[-82.707422,37.125642],[-82.70657,37.126339],[-82.705949,37.126426],[-82.705634,37.126611],[-82.705325,37.126918],[-82.704853,37.127754],[-82.704672,37.127914],[-82.704344,37.128037],[-82.703658,37.128075],[-82.701927,37.1283],[-82.701369,37.128483],[-82.700713,37.128788],[-82.700023,37.129263],[-82.699229,37.129511],[-82.698838,37.129749],[-82.698217,37.130292],[-82.698002,37.130376],[-82.697055,37.130461],[-82.696672,37.130645],[-82.695786,37.131188],[-82.695517,37.1314],[-82.695296,37.131818],[-82.695003,37.132012],[-82.693829,37.13242],[-82.692635,37.132967],[-82.691915,37.133078],[-82.691379,37.133245],[-82.69097,37.133318],[-82.690507,37.133472],[-82.689449,37.133652],[-82.688994,37.133658],[-82.688722,37.133781],[-82.688538,37.13377],[-82.687993,37.13364],[-82.687857,37.133659],[-82.687487,37.134304],[-82.687342,37.134438],[-82.68716,37.134503],[-82.686494,37.13454],[-82.685325,37.135306],[-82.685166,37.135617],[-82.685034,37.135741],[-82.684532,37.135799],[-82.684215,37.135745],[-82.683938,37.135755],[-82.683786,37.135905],[-82.683702,37.136247],[-82.683588,37.13636],[-82.683211,37.136344],[-82.683104,37.136392],[-82.683062,37.136539],[-82.683108,37.136752],[-82.682892,37.136951],[-82.68211,37.137164],[-82.681904,37.137163],[-82.681142,37.136907],[-82.680888,37.136936],[-82.680696,37.13702],[-82.680607,37.137009],[-82.680173,37.136566],[-82.679612,37.135881],[-82.679363,37.135514],[-82.679156,37.135322],[-82.678853,37.135131],[-82.678695,37.135066],[-82.678091,37.134979],[-82.676828,37.134888],[-82.676695,37.134917],[-82.676303,37.135481],[-82.675961,37.135698],[-82.675793,37.135767],[-82.67502,37.13584],[-82.674578,37.13597],[-82.674457,37.136033],[-82.674324,37.136186],[-82.674123,37.136645],[-82.673603,37.136819],[-82.673317,37.137],[-82.673264,37.137309],[-82.67335,37.137544],[-82.67369,37.137998],[-82.6736,37.13815],[-82.673391,37.138165],[-82.672718,37.138045],[-82.672137,37.13804],[-82.671529,37.138345],[-82.67124,37.138604],[-82.671092,37.138821],[-82.670733,37.139122],[-82.67015,37.139438],[-82.669159,37.140573],[-82.668332,37.141405],[-82.66766,37.141894],[-82.667187,37.141948],[-82.666182,37.142441],[-82.665662,37.142614],[-82.664036,37.142446],[-82.663959,37.14261],[-82.663956,37.143008],[-82.663758,37.143401],[-82.663395,37.143792],[-82.66245,37.143854],[-82.662251,37.143991],[-82.66199,37.144251],[-82.661698,37.144297],[-82.661302,37.144143],[-82.660834,37.144085],[-82.660235,37.144189],[-82.658827,37.14468],[-82.658174,37.144739],[-82.657761,37.145017],[-82.657509,37.145053],[-82.657013,37.144728],[-82.656723,37.14472],[-82.656503,37.14498],[-82.656104,37.145258],[-82.656013,37.145421],[-82.655973,37.145674],[-82.656334,37.146284],[-82.656381,37.146473],[-82.656277,37.146627],[-82.655725,37.14691],[-82.655383,37.1474],[-82.655081,37.148609],[-82.65477,37.15031],[-82.654651,37.150494],[-82.653849,37.150749],[-82.653304,37.151188],[-82.65269,37.151303],[-82.651671,37.151783],[-82.650238,37.151943],[-82.649839,37.151865],[-82.649684,37.151627],[-82.64964,37.15136],[-82.649359,37.151151],[-82.649028,37.150821],[-82.648876,37.150516],[-82.648593,37.150332],[-82.647606,37.150136],[-82.647189,37.15016],[-82.646649,37.150486],[-82.646399,37.150802],[-82.646202,37.150862],[-82.645708,37.15078],[-82.645326,37.150792],[-82.644993,37.150959],[-82.644793,37.151121],[-82.644597,37.151458],[-82.644697,37.151684],[-82.644675,37.152181],[-82.64439,37.152385],[-82.642783,37.153003],[-82.641731,37.153008],[-82.641034,37.153097],[-82.640598,37.153263],[-82.640013,37.153645],[-82.639377,37.153637],[-82.637295,37.154045],[-82.635633,37.154174],[-82.633918,37.154179],[-82.633381,37.154418],[-82.63298,37.154801],[-82.6328996,37.1549179],[-82.632191,37.155948],[-82.630972,37.156844],[-82.630397,37.157348],[-82.628861,37.158989],[-82.627547,37.160567],[-82.627298,37.160796],[-82.626481,37.161255],[-82.62572,37.161992],[-82.62478,37.163121],[-82.623883,37.164016],[-82.623609,37.164438],[-82.622919,37.16469],[-82.622504,37.16492],[-82.622252,37.165239],[-82.621476,37.165728],[-82.621068,37.166123],[-82.620809,37.166278],[-82.620646,37.166438],[-82.619783,37.166647],[-82.619495,37.166749],[-82.618595,37.16725],[-82.61799,37.167761],[-82.617649,37.167994],[-82.616476,37.168685],[-82.616079,37.168825],[-82.615407,37.168951],[-82.614874,37.16918],[-82.614328,37.169542],[-82.613507,37.169678],[-82.612576,37.169727],[-82.611706,37.170138],[-82.611212,37.171007],[-82.610229,37.171515],[-82.609869,37.171883],[-82.608719,37.172473],[-82.608281,37.172939],[-82.607988,37.173004],[-82.607411,37.172929],[-82.607045,37.173005],[-82.606744,37.173258],[-82.60669,37.173661],[-82.606513,37.173989],[-82.606234,37.174112],[-82.605585,37.17405],[-82.604684,37.174201],[-82.604075,37.174556],[-82.603509,37.175059],[-82.603146,37.175475],[-82.602989,37.175494],[-82.602504,37.175397],[-82.602127,37.175419],[-82.601632,37.175639],[-82.600423,37.176322],[-82.599892,37.176547],[-82.599031,37.176689],[-82.597983,37.17681],[-82.597462,37.177045],[-82.597105,37.177596],[-82.596875,37.17784],[-82.596527,37.178073],[-82.595499,37.178338],[-82.595277,37.178443],[-82.595024,37.178652],[-82.594863,37.178878],[-82.594206,37.179453],[-82.593965,37.179745],[-82.593344,37.180173],[-82.593019,37.180464],[-82.592972,37.180557],[-82.592981,37.180682],[-82.593153,37.181032],[-82.593189,37.181241],[-82.593149,37.181662],[-82.593288,37.181951],[-82.593281,37.182077],[-82.593221,37.182217],[-82.593121,37.182289],[-82.592765,37.182281],[-82.592591,37.182378],[-82.592544,37.182478],[-82.592571,37.182699],[-82.592522,37.182828],[-82.592256,37.183039],[-82.592031,37.183112],[-82.59185,37.183256],[-82.590062,37.183948],[-82.589554,37.184355],[-82.587855,37.184766],[-82.587112,37.185277],[-82.586465,37.185798],[-82.585754,37.186127],[-82.58502,37.186183],[-82.583495,37.186705],[-82.582721,37.187095],[-82.581968,37.187312],[-82.581232,37.187782],[-82.579234,37.188453],[-82.578062,37.189024],[-82.577512,37.189516],[-82.57653,37.190007],[-82.575574,37.19018],[-82.575059,37.190425],[-82.574694,37.19054],[-82.574032,37.191114],[-82.573566,37.191322],[-82.572995,37.191746],[-82.571585,37.192398],[-82.57051,37.192788],[-82.57021,37.193058],[-82.56978,37.193565],[-82.569311,37.193849],[-82.568994,37.193954],[-82.568684,37.194176],[-82.5681,37.194321],[-82.566809,37.195284],[-82.56643,37.195434],[-82.565983,37.195489],[-82.565615,37.195939],[-82.565379,37.196099],[-82.558178,37.199606],[-82.5579562,37.1997712],[-82.5538303,37.2027697],[-82.553902,37.202942],[-82.5538,37.203056],[-82.553307,37.203154],[-82.552898,37.203298],[-82.551855,37.203846],[-82.550949,37.204432],[-82.55062,37.20456],[-82.550297,37.204617],[-82.550053,37.204588],[-82.54983,37.204404],[-82.549772,37.204244],[-82.549809,37.203906],[-82.549764,37.203677],[-82.549257,37.202873],[-82.54917,37.202813],[-82.549003,37.202823],[-82.548457,37.203159],[-82.547709,37.203523],[-82.547223,37.203647],[-82.547043,37.203606],[-82.546798,37.203485],[-82.546335,37.203119],[-82.546123,37.20307],[-82.545938,37.203089],[-82.545375,37.203425],[-82.544527,37.204115],[-82.54399,37.204477],[-82.543649,37.204862],[-82.543536,37.205242],[-82.543459,37.205342],[-82.543302,37.205408],[-82.542764,37.205448],[-82.542359,37.205617],[-82.541972,37.205943],[-82.54165,37.20644],[-82.541535,37.206543],[-82.541349,37.206618],[-82.540734,37.2067],[-82.539694,37.206966],[-82.53939,37.206945],[-82.538815,37.206633],[-82.538203,37.206485],[-82.537992,37.2065],[-82.537778,37.206577],[-82.537347,37.207124],[-82.537198,37.207181],[-82.537088,37.207152],[-82.536925,37.206961],[-82.536766,37.206885],[-82.536611,37.206869],[-82.536142,37.206917],[-82.535856,37.206898],[-82.535528,37.206826],[-82.535273,37.206708],[-82.534759,37.206612],[-82.533885,37.206548],[-82.533359,37.206567],[-82.532988,37.206626],[-82.532708,37.206798],[-82.532412,37.207212],[-82.532057,37.207585],[-82.531629,37.207905],[-82.531117,37.208192],[-82.530945,37.208393],[-82.530981,37.208498],[-82.531602,37.209095],[-82.532138,37.209682],[-82.532184,37.209832],[-82.532216,37.21014],[-82.532175,37.210513],[-82.532329,37.210845],[-82.532343,37.211028],[-82.532075,37.21152],[-82.532071,37.211666],[-82.532149,37.211943],[-82.532123,37.212124],[-82.532018,37.212303],[-82.531862,37.212433],[-82.530508,37.213199],[-82.530148,37.213326],[-82.529467,37.213467],[-82.529217,37.21359],[-82.529005,37.213751],[-82.528683,37.213882],[-82.526299,37.214596],[-82.525391,37.214758],[-82.525142,37.214942],[-82.52481,37.214995],[-82.524527,37.21492],[-82.524264,37.214706],[-82.523836,37.214603],[-82.523523,37.214444],[-82.523432,37.214288],[-82.523437,37.213827],[-82.523302,37.213378],[-82.523036,37.212969],[-82.522653,37.212623],[-82.521936,37.212224],[-82.521677,37.212127],[-82.521287,37.212091],[-82.520908,37.212173],[-82.52064,37.212468],[-82.520405,37.212864],[-82.520194,37.213012],[-82.519836,37.213188],[-82.519441,37.213303],[-82.518276,37.214054],[-82.517555,37.214276],[-82.517268,37.214437],[-82.516706,37.21508],[-82.515757,37.21606],[-82.515498,37.216394],[-82.51528,37.216568],[-82.514894,37.216734],[-82.51409,37.216845],[-82.513597,37.217002],[-82.513133,37.217268],[-82.512656,37.217698],[-82.512441,37.217844],[-82.512094,37.217982],[-82.51143,37.218109],[-82.511005,37.218257],[-82.510618,37.218461],[-82.510106,37.218823],[-82.509386,37.219467],[-82.5093,37.219701],[-82.509312,37.220056],[-82.509198,37.220292],[-82.509047,37.220421],[-82.508494,37.220722],[-82.508309,37.220946],[-82.508271,37.221077],[-82.508316,37.221496],[-82.508524,37.222401],[-82.508504,37.22252],[-82.50843,37.222625],[-82.507976,37.222914],[-82.507559,37.223116],[-82.506474,37.223423],[-82.506044,37.223764],[-82.50582,37.223888],[-82.504597,37.224292],[-82.504368,37.224443],[-82.504088,37.224765],[-82.503877,37.224906],[-82.503616,37.224974],[-82.503076,37.224993],[-82.50275,37.225076],[-82.502497,37.225195],[-82.502161,37.225419],[-82.50136,37.225601],[-82.499798,37.22632],[-82.498755,37.227029],[-82.498529,37.227088],[-82.49801,37.227107],[-82.497666,37.227167],[-82.497217,37.227329],[-82.496845,37.227546],[-82.496604,37.2276],[-82.496283,37.227521],[-82.496042,37.227268],[-82.49587,37.226944],[-82.495383,37.225556],[-82.495124,37.225386],[-82.494858,37.225289],[-82.494611,37.225249],[-82.493949,37.225287],[-82.493554,37.22526],[-82.492696,37.225037],[-82.492362,37.22499],[-82.491841,37.224987],[-82.49141,37.225071],[-82.491139,37.225197],[-82.490913,37.225371],[-82.49032,37.226191],[-82.489717,37.226808],[-82.489534,37.226904],[-82.489325,37.226956],[-82.488761,37.226927],[-82.488414,37.226995],[-82.487895,37.227319],[-82.487482,37.227682],[-82.487335,37.227978],[-82.487345,37.22865],[-82.487231,37.229147],[-82.487112,37.229351],[-82.486755,37.22963],[-82.486689,37.229772],[-82.486775,37.229946],[-82.487084,37.23008],[-82.487341,37.230256],[-82.487413,37.23035],[-82.48742,37.230452],[-82.487343,37.230567],[-82.486975,37.230803],[-82.48655,37.231188],[-82.486412,37.231218],[-82.486085,37.231198],[-82.485712,37.231269],[-82.485455,37.231374],[-82.484979,37.231647],[-82.484568,37.231785],[-82.484204,37.231847],[-82.483514,37.231859],[-82.482989,37.231921],[-82.481138,37.232395],[-82.480753,37.23258],[-82.480313,37.232988],[-82.480009,37.233164],[-82.478926,37.233492],[-82.47751,37.234099],[-82.476723,37.234387],[-82.476177,37.234511],[-82.475274,37.234634],[-82.474695,37.234795],[-82.474262,37.234982],[-82.474003,37.23517],[-82.473599,37.235385],[-82.473162,37.235555],[-82.472701,37.235678],[-82.472267,37.235758],[-82.47193,37.235747],[-82.471581,37.235626],[-82.471164,37.235336],[-82.471035,37.235334],[-82.470736,37.235439],[-82.470462,37.235465],[-82.470194,37.235395],[-82.469818,37.235143],[-82.469384,37.235121],[-82.469181,37.235164],[-82.469022,37.235274],[-82.468694,37.235795],[-82.468521,37.235985],[-82.46829,37.236129],[-82.46799,37.236219],[-82.467591,37.236208],[-82.466893,37.235942],[-82.466132,37.235786],[-82.46531,37.235709],[-82.465014,37.235749],[-82.464819,37.23584],[-82.464668,37.235975],[-82.464411,37.236389],[-82.463456,37.237586],[-82.4631,37.238267],[-82.462907,37.238426],[-82.462701,37.238506],[-82.462241,37.238548],[-82.461659,37.238429],[-82.461333,37.238428],[-82.460996,37.238482],[-82.460486,37.238662],[-82.460255,37.238694],[-82.460042,37.23865],[-82.45919,37.238279],[-82.45872,37.238169],[-82.458103,37.238157],[-82.457403,37.238291],[-82.457211,37.238423],[-82.456914,37.238925],[-82.456721,37.239113],[-82.456508,37.239215],[-82.455751,37.239455],[-82.455629,37.239528],[-82.455548,37.239653],[-82.455539,37.239924],[-82.455473,37.240144],[-82.455361,37.240305],[-82.455211,37.240426],[-82.454897,37.240541],[-82.454371,37.240569],[-82.453361,37.240852],[-82.453036,37.24098],[-82.452833,37.241114],[-82.452652,37.241308],[-82.452561,37.241482],[-82.452517,37.24195],[-82.452449,37.242175],[-82.452308,37.242375],[-82.452073,37.242581],[-82.451804,37.242692],[-82.451413,37.242726],[-82.451237,37.242777],[-82.450531,37.243201],[-82.449579,37.243602],[-82.448828,37.243837],[-82.448586,37.243859],[-82.448236,37.244086],[-82.447845,37.244198],[-82.447458,37.244227],[-82.447363,37.244164],[-82.447259,37.243988],[-82.447043,37.243919],[-82.446447,37.244005],[-82.445856,37.244215],[-82.44573,37.244186],[-82.445554,37.244057],[-82.44537,37.243859],[-82.445167,37.243539],[-82.444868,37.243352],[-82.444006,37.243227],[-82.44374,37.243256],[-82.443423,37.243366],[-82.443115,37.243594],[-82.442911,37.243877],[-82.442813,37.244194],[-82.442789,37.244763],[-82.442584,37.245115],[-82.442143,37.245452],[-82.44148,37.24583],[-82.440942,37.246062],[-82.440293,37.246278],[-82.44016,37.246432],[-82.440102,37.246736],[-82.440011,37.246903],[-82.439888,37.247024],[-82.439694,37.247123],[-82.439423,37.247164],[-82.43877,37.247075],[-82.43827,37.247073],[-82.437874,37.24712],[-82.437346,37.247266],[-82.437156,37.247277],[-82.436924,37.247197],[-82.436281,37.246735],[-82.435954,37.24661],[-82.435636,37.246606],[-82.4351,37.246782],[-82.434609,37.246821],[-82.434259,37.246759],[-82.433616,37.246527],[-82.433183,37.24647],[-82.432854,37.24649],[-82.430493,37.246859],[-82.429554,37.247137],[-82.428799,37.247486],[-82.427923,37.24782],[-82.427536,37.248027],[-82.426914,37.248474],[-82.426481,37.248713],[-82.426203,37.248766],[-82.425425,37.248759],[-82.42374,37.248982],[-82.423429,37.249055],[-82.423028,37.249226],[-82.422405,37.249637],[-82.420252,37.250449],[-82.418715,37.250869],[-82.418494,37.251018],[-82.418252,37.251396],[-82.418053,37.251531],[-82.417344,37.251778],[-82.416857,37.251896],[-82.416356,37.251973],[-82.415237,37.252057],[-82.414306,37.25227],[-82.413312,37.252666],[-82.412672,37.252872],[-82.412479,37.253],[-82.412189,37.253309],[-82.41187,37.253463],[-82.411513,37.253476],[-82.411018,37.253284],[-82.410561,37.253239],[-82.40956,37.253234],[-82.408385,37.25333],[-82.408018,37.253425],[-82.407282,37.253719],[-82.406611,37.253812],[-82.405952,37.254163],[-82.405559,37.254451],[-82.405393,37.254489],[-82.405019,37.254471],[-82.404671,37.254521],[-82.404372,37.254637],[-82.40405,37.254839],[-82.403852,37.254915],[-82.402848,37.254915],[-82.402488,37.255048],[-82.401395,37.255309],[-82.40087,37.255536],[-82.400549,37.255626],[-82.400036,37.255554],[-82.399555,37.25561],[-82.398927,37.2555],[-82.398474,37.25553],[-82.398282,37.255619],[-82.398022,37.255896],[-82.397302,37.256193],[-82.397018,37.256347],[-82.396601,37.256757],[-82.396265,37.256855],[-82.395961,37.257006],[-82.39542,37.257012],[-82.394915,37.257294],[-82.394533,37.257406],[-82.394231,37.257411],[-82.393569,37.25731],[-82.393373,37.257331],[-82.393075,37.257516],[-82.392716,37.257916],[-82.392483,37.258028],[-82.391741,37.258089],[-82.391083,37.258192],[-82.390242,37.258167],[-82.389987,37.258196],[-82.389405,37.258481],[-82.388748,37.259026],[-82.388601,37.259103],[-82.388397,37.259124],[-82.38723,37.25898],[-82.386759,37.259006],[-82.386358,37.259202],[-82.385948,37.259594],[-82.385734,37.25972],[-82.385446,37.259765],[-82.384955,37.25964],[-82.384584,37.259652],[-82.383876,37.259813],[-82.38378,37.259885],[-82.38368,37.260074],[-82.383544,37.260142],[-82.382333,37.260031],[-82.380848,37.260108],[-82.380104,37.259987],[-82.379663,37.25996],[-82.379151,37.259989],[-82.378315,37.26014],[-82.377993,37.260158],[-82.37758,37.260109],[-82.376904,37.259929],[-82.376619,37.259943],[-82.374862,37.260503],[-82.374198,37.260794],[-82.373468,37.261183],[-82.372903,37.261335],[-82.372457,37.261563],[-82.371566,37.261772],[-82.371332,37.261896],[-82.370858,37.262265],[-82.370521,37.262423],[-82.370007,37.262508],[-82.369224,37.26244],[-82.368857,37.262467],[-82.368477,37.262558],[-82.367749,37.262826],[-82.367215,37.262911],[-82.366821,37.263015],[-82.366217,37.263387],[-82.365607,37.263682],[-82.365239,37.264071],[-82.364932,37.264232],[-82.364665,37.264285],[-82.363881,37.264327],[-82.362794,37.264623],[-82.362333,37.264693],[-82.359797,37.264864],[-82.358686,37.264852],[-82.358357,37.264906],[-82.357811,37.26507],[-82.355962,37.265223],[-82.355434,37.265405],[-82.354539,37.265963],[-82.353524,37.26625],[-82.352664,37.266427],[-82.352218,37.266565],[-82.351966,37.26669],[-82.351707,37.266882],[-82.351144,37.267078],[-82.350032,37.267646],[-82.349064,37.267942],[-82.348865,37.268069],[-82.348726,37.268232],[-82.348754,37.268353],[-82.348944,37.268422],[-82.349038,37.268496],[-82.349116,37.268683],[-82.349109,37.268889],[-82.348916,37.269275],[-82.34892,37.269413],[-82.349434,37.269902],[-82.349126,37.270149],[-82.349002,37.270397],[-82.349014,37.270665],[-82.349289,37.271268],[-82.349321,37.271458],[-82.349235,37.271729],[-82.348961,37.272004],[-82.348251,37.272403],[-82.347694,37.27258],[-82.347272,37.27264],[-82.346504,37.272641],[-82.346084,37.272689],[-82.345285,37.272896],[-82.344829,37.273106],[-82.344624,37.273162],[-82.344409,37.273171],[-82.343911,37.273101],[-82.343614,37.273144],[-82.342558,37.273599],[-82.342333,37.273761],[-82.342171,37.273965],[-82.342087,37.274181],[-82.342072,37.27446],[-82.342123,37.274665],[-82.342287,37.275],[-82.342363,37.275547],[-82.342526,37.275941],[-82.342867,37.276495],[-82.34299,37.27683],[-82.342988,37.277135],[-82.342856,37.277573],[-82.342889,37.277882],[-82.343007,37.278111],[-82.343468,37.278664],[-82.343874,37.279421],[-82.343848,37.280068],[-82.34394,37.280566],[-82.343841,37.280739],[-82.343005,37.281182],[-82.342688,37.281256],[-82.342553,37.281098],[-82.342387,37.280991],[-82.342167,37.280918],[-82.34189,37.280895],[-82.341449,37.280946],[-82.340706,37.281215],[-82.340457,37.281225],[-82.340299,37.281169],[-82.340101,37.281015],[-82.339973,37.280835],[-82.339818,37.280446],[-82.339697,37.280329],[-82.339423,37.280169],[-82.338518,37.279832],[-82.338018,37.279694],[-82.337467,37.279612],[-82.336987,37.27961],[-82.336662,37.279698],[-82.336496,37.279866],[-82.336494,37.280267],[-82.336671,37.280952],[-82.336668,37.281118],[-82.336605,37.281259],[-82.33649,37.281377],[-82.336104,37.281559],[-82.335868,37.2816],[-82.335598,37.281584],[-82.334562,37.281204],[-82.334243,37.281173],[-82.333913,37.28127],[-82.332283,37.281488],[-82.332045,37.281837],[-82.331732,37.282083],[-82.330063,37.282498],[-82.327744,37.282898],[-82.325506,37.283032],[-82.325121,37.282959],[-82.324725,37.283042],[-82.324541,37.283218],[-82.324161,37.28373],[-82.323969,37.284194],[-82.323457,37.284639],[-82.322546,37.285309],[-82.321946,37.285651],[-82.320971,37.286068],[-82.320185,37.286505],[-82.31956,37.287032],[-82.319126,37.28773],[-82.318937,37.288367],[-82.318931,37.288759],[-82.318854,37.289244],[-82.318658,37.289558],[-82.318087,37.2899],[-82.31778,37.290423],[-82.31756,37.291003],[-82.317376,37.292562],[-82.317415,37.293058],[-82.317266,37.293521],[-82.316592,37.293795],[-82.316395,37.294086],[-82.316234,37.294654],[-82.31575,37.295029],[-82.3141947,37.296076],[-82.3084053,37.3000567],[-82.308031,37.3003135],[-82.3019276,37.3045944],[-82.2985697,37.3072372],[-82.2969509,37.3083076],[-82.291908,37.311642],[-82.2906512,37.3125155],[-82.2905658,37.3125748],[-82.2904865,37.31263],[-82.2864771,37.3154167],[-82.254352,37.337745],[-82.2192262,37.3624222],[-82.202688,37.374041],[-82.201745,37.375108],[-82.1553828,37.4065608],[-82.1366112,37.4192957],[-82.1308943,37.4231742],[-82.124854,37.427272],[-82.1129055,37.4356759],[-82.1115211,37.4366496],[-82.062809,37.470911],[-82.050888,37.480527],[-81.967705,37.5377829],[-81.9651528,37.541012],[-81.9646834,37.5418867],[-81.9645974,37.5427497],[-81.9645413,37.5432531],[-81.964607,37.5435749],[-81.9651035,37.5438777],[-81.9659628,37.5441276],[-81.9664879,37.5445742],[-81.9670321,37.5450738],[-81.9681492,37.5459066],[-81.9695337,37.5466711],[-81.9699842,37.5467766],[-81.9711877,37.5468976],[-81.9727499,37.5468849],[-81.975081,37.5465727],[-81.9760739,37.5462548],[-81.9767011,37.5458499],[-81.9789478,37.5438853],[-81.98065,37.5427582],[-81.9814589,37.5423712],[-81.9821926,37.5422461],[-81.983483,37.5423939],[-81.9848006,37.5428179],[-81.9863378,37.5431661],[-81.9876065,37.543206],[-81.9885529,37.5430677],[-81.9891163,37.542833],[-81.9895598,37.5425216],[-81.9902715,37.5415536],[-81.9909781,37.5403196],[-81.99157,37.5395322],[-81.9921864,37.5388832],[-81.9930882,37.5383587],[-81.9937947,37.5380635],[-81.9944913,37.5379451],[-81.995456,37.5379726],[-81.9961148,37.5382376],[-81.9965366,37.5385039],[-81.9966877,37.5389114],[-81.9965349,37.5402439],[-81.9961816,37.5414325],[-81.9963767,37.542307],[-81.996552,37.5428317],[-81.9967115,37.5430957],[-81.99706,37.5432872],[-81.9977188,37.5433932],[-81.9983966,37.543347],[-81.999256,37.5430828],[-82.0002641,37.5423519],[-82.0012706,37.5413189],[-82.0020727,37.5401303],[-82.0037053,37.5378515],[-82.0043546,37.5367688],[-82.0051662,37.5353985],[-82.0062546,37.5342855],[-82.0070184,37.5338161],[-82.0078226,37.5332984],[-82.0085652,37.5331346],[-82.0095473,37.5330916],[-82.0118592,37.5331422],[-82.013129,37.5332709],[-82.0144911,37.5336094],[-82.0155542,37.5339296],[-82.016216,37.5345709],[-82.0165376,37.5354287],[-82.0164803,37.5365871],[-82.0166235,37.5377682],[-82.016925,37.538556],[-82.0176356,37.5397972],[-82.0183899,37.5403953],[-82.0191835,37.5406553],[-82.0200035,37.5406754],[-82.0208341,37.540526],[-82.0220372,37.5399865],[-82.0230301,37.5392824],[-82.0243955,37.5386313],[-82.0254042,37.5381626],[-82.0261045,37.5377531],[-82.0269161,37.5375865],[-82.0277563,37.5374957],[-82.0285297,37.5375638],[-82.0291411,37.5378336],[-82.0308498,37.5389947],[-82.032387,37.5405467],[-82.0335614,37.541493],[-82.0339147,37.5416066],[-82.0343443,37.541599],[-82.034984,37.5416747],[-82.0358624,37.5419473],[-82.036483,37.5422804],[-82.036932,37.542729],[-82.0372946,37.5430753],[-82.0375715,37.5436128],[-82.0378197,37.5447029],[-82.0380717,37.5465773],[-82.0382286,37.5470401],[-82.0385402,37.5475208],[-82.0388765,37.5477973],[-82.0393078,37.5479639],[-82.0400062,37.5481549],[-82.040875,37.5482306],[-82.0417513,37.5482158],[-82.0427788,37.5480888],[-82.0430541,37.5479976],[-82.0433256,37.547939],[-82.0440449,37.5475417],[-82.0445248,37.5470853],[-82.04478,37.546713],[-82.0450479,37.5459098],[-82.0451908,37.5449094],[-82.0451836,37.5443722],[-82.04481,37.541814],[-82.0422337,37.5358684],[-82.0421099,37.5351032],[-82.0421771,37.5342539],[-82.0424256,37.5335374],[-82.0427767,37.5323385],[-82.0432238,37.5308177],[-82.0439725,37.5293577],[-82.0444488,37.5287368],[-82.0450621,37.5283172],[-82.0459067,37.5281146],[-82.0467676,37.5281551],[-82.0475394,37.528372],[-82.0480168,37.5287582],[-82.0483673,37.5291764],[-82.0486852,37.5302347],[-82.0485419,37.531484],[-82.0482555,37.5327031],[-82.0482841,37.5336268],[-82.0485107,37.5341967],[-82.0491053,37.5348155],[-82.0498895,37.5353053],[-82.0521415,37.5360874],[-82.054787,37.536756],[-82.0560566,37.5368775],[-82.0562661,37.5368975],[-82.0575077,37.5367719],[-82.0597415,37.536201],[-82.0609064,37.535936],[-82.0615806,37.5358571],[-82.0627109,37.5359209],[-82.0637366,37.5361757],[-82.064418,37.53687],[-82.0648305,37.5376774],[-82.0648868,37.5383982],[-82.0647825,37.5389226],[-82.0647188,37.5390956],[-82.063757,37.5417059],[-82.063671,37.541929],[-82.063757,37.5422268],[-82.0641638,37.5436358],[-82.064418,37.544516],[-82.065149,37.5453861],[-82.0652627,37.5455214],[-82.06543,37.5457205],[-82.0729232,37.5546388],[-82.073246,37.555023],[-82.07503,37.555824],[-82.0753992,37.555808],[-82.0793226,37.5556384],[-82.0827342,37.5554909],[-82.084605,37.55541],[-82.089178,37.556004],[-82.0907812,37.5555592],[-82.0977772,37.5536182],[-82.098924,37.5533],[-82.102893,37.553046],[-82.104532,37.553275],[-82.105136,37.554007],[-82.105028,37.5542206],[-82.1047187,37.5548326],[-82.104303,37.555655],[-82.101946,37.558106],[-82.102263,37.559456],[-82.103127,37.560097],[-82.1032866,37.560091],[-82.1081902,37.5599055],[-82.116584,37.559588],[-82.1168959,37.5593874],[-82.120609,37.556999],[-82.1208099,37.5563806],[-82.121985,37.552763],[-82.123824,37.551389],[-82.127089,37.551345],[-82.131776,37.552423],[-82.1330832,37.5529148],[-82.133299,37.552996],[-82.134506,37.554439],[-82.134705,37.557278],[-82.133495,37.560711],[-82.133954,37.562245],[-82.1368,37.564421],[-82.143183,37.565773],[-82.144563,37.566941],[-82.144648,37.568315],[-82.143468,37.570375],[-82.141828,37.570946],[-82.129604,37.571972],[-82.127303,37.572681],[-82.124372,37.57641],[-82.124307,37.577806],[-82.125061,37.578514],[-82.125601,37.579021],[-82.1264823,37.5829385],[-82.127321,37.586667],[-82.130165,37.591544],[-82.1303411,37.5917376],[-82.131977,37.593537],[-82.1327259,37.5936644],[-82.141555,37.595166],[-82.146419,37.59265],[-82.148434,37.59091],[-82.156718,37.59279],[-82.157609,37.596773],[-82.1575344,37.5971795],[-82.15611,37.604945],[-82.1567195,37.609057],[-82.156741,37.609202],[-82.1568682,37.6092261],[-82.158554,37.609546],[-82.164454,37.608014],[-82.168137,37.608495],[-82.169057,37.609869],[-82.1692,37.613028],[-82.1690541,37.6132012],[-82.1689739,37.6132965],[-82.1679048,37.614566],[-82.164767,37.618292],[-82.1645826,37.6189002],[-82.164191,37.620192],[-82.1650436,37.6206643],[-82.167126,37.621818],[-82.169515,37.621978],[-82.17271,37.61985],[-82.1744966,37.6191087],[-82.1764282,37.6183073],[-82.176682,37.618202],[-82.1769034,37.6183717],[-82.1772937,37.6186709],[-82.1777778,37.6190421],[-82.1795508,37.6204013],[-82.1808276,37.6213802],[-82.18143,37.621842],[-82.1817473,37.6225122],[-82.1822329,37.6235377],[-82.182438,37.623971],[-82.1822812,37.6243972],[-82.1817357,37.6258801],[-82.1815625,37.6263508],[-82.181398,37.626798],[-82.1805616,37.6272478],[-82.1767083,37.62932],[-82.1743488,37.6305888],[-82.173482,37.631055],[-82.1731735,37.6315118],[-82.1726425,37.6322981],[-82.172446,37.632589],[-82.172762,37.634008],[-82.175956,37.637396],[-82.177511,37.640417],[-82.177338,37.641722],[-82.1758533,37.6444153],[-82.1747602,37.646398],[-82.1747283,37.646456],[-82.174688,37.646529],[-82.174631,37.647422],[-82.175264,37.647971],[-82.177625,37.648956],[-82.1827097,37.6489411],[-82.1834537,37.6489389],[-82.185456,37.648933],[-82.185965,37.6486615],[-82.187989,37.647582],[-82.191444,37.644378],[-82.191242,37.642867],[-82.189688,37.640394],[-82.187845,37.63854],[-82.187471,37.637029],[-82.1870831,37.6344218],[-82.1870427,37.63415],[-82.1863398,37.629425],[-82.1863339,37.6293857],[-82.18632,37.629292],[-82.1866053,37.6279832],[-82.186694,37.627576],[-82.187298,37.626935],[-82.192394,37.625606],[-82.201201,37.627895],[-82.202467,37.627483],[-82.203388,37.626132],[-82.204337,37.625811],[-82.209691,37.625103],[-82.21349,37.625408],[-82.215649,37.626244],[-82.214815,37.627572],[-82.2202,37.633912],[-82.220257,37.634781],[-82.219078,37.635903],[-82.21669,37.639956],[-82.216691,37.641329],[-82.21934,37.642931],[-82.223602,37.644554],[-82.224956,37.647003],[-82.225535,37.651947],[-82.226111,37.653092],[-82.23939,37.661465],[-82.240059,37.6616198],[-82.2404206,37.6617035],[-82.240773,37.661785],[-82.243911,37.660959],[-82.2498609,37.6580759],[-82.2498871,37.6580632],[-82.252273,37.656907],[-82.2530141,37.6568828],[-82.256001,37.6567852],[-82.257111,37.656749],[-82.2574697,37.6569361],[-82.267962,37.662407],[-82.272021,37.663782],[-82.2757637,37.6677555],[-82.2777026,37.6698139],[-82.2777258,37.6698385],[-82.277876,37.669998],[-82.2801295,37.6729686],[-82.2817729,37.6751351],[-82.2819278,37.6753393],[-82.282297,37.675826],[-82.283506,37.676078],[-82.284687,37.675277],[-82.286446,37.670127],[-82.2871277,37.6693775],[-82.2879789,37.6684415],[-82.288174,37.668227],[-82.291773,37.669143],[-82.294393,37.670448],[-82.2944178,37.6705893],[-82.2944306,37.6706628],[-82.2944706,37.670891],[-82.29471,37.672257],[-82.2946462,37.6723811],[-82.294134,37.673378],[-82.2942587,37.6778677],[-82.294392,37.677957],[-82.294737,37.678277],[-82.295842,37.6783106],[-82.296724,37.678071],[-82.2970853,37.6779083],[-82.29814,37.6774332],[-82.302312,37.675554],[-82.303953,37.67576],[-82.304501,37.677157],[-82.303867,37.678392],[-82.297126,37.684228],[-82.296118,37.686174],[-82.296262,37.687067],[-82.297788,37.687753],[-82.301504,37.690775],[-82.302886,37.693683],[-82.301964,37.696223],[-82.297325,37.699817],[-82.2973086,37.6998785],[-82.2970513,37.7008414],[-82.296634,37.702403],[-82.298074,37.704143],[-82.300954,37.706135],[-82.3029769,37.7063803],[-82.305679,37.706708],[-82.307235,37.707669],[-82.3078636,37.708701],[-82.3098574,37.7119741],[-82.310665,37.7133],[-82.311097,37.717329],[-82.311702,37.718771],[-82.316197,37.721541],[-82.317869,37.72772],[-82.318302,37.733053],[-82.318879,37.733763],[-82.319686,37.734404],[-82.326834,37.736257],[-82.3331398,37.740855],[-82.333581,37.743283],[-82.328221,37.74848],[-82.3238912,37.7502543],[-82.3216173,37.7511861],[-82.321415,37.751269],[-82.3214002,37.7514224],[-82.321391,37.7515171],[-82.321012,37.755435],[-82.3207541,37.7558832],[-82.3192306,37.7585313],[-82.319023,37.758892],[-82.3178005,37.7595524],[-82.317668,37.759624],[-82.312968,37.760677],[-82.310893,37.762005],[-82.310777,37.762692],[-82.311642,37.764294],[-82.3118568,37.7644272],[-82.3123362,37.7647245],[-82.312824,37.765027],[-82.3134779,37.7650082],[-82.317611,37.764889],[-82.327356,37.762233],[-82.32946,37.762393],[-82.331162,37.763125],[-82.333816,37.765391],[-82.333903,37.766306],[-82.331654,37.768161],[-82.323696,37.772534],[-82.323004,37.773907],[-82.323696,37.775028],[-82.32583,37.776172],[-82.329867,37.775897],[-82.332607,37.774249],[-82.335981,37.7745],[-82.3367068,37.7748905],[-82.3372211,37.7751673],[-82.337596,37.775369],[-82.338895,37.776857],[-82.339097,37.778276],[-82.338377,37.780428],[-82.339705,37.785509],[-82.340455,37.786058],[-82.348849,37.787178],[-82.3506708,37.7891676],[-82.3513797,37.789942],[-82.3540427,37.7928503],[-82.354275,37.793104],[-82.3547295,37.7932898],[-82.3553979,37.793563],[-82.356122,37.793859],[-82.361199,37.794429],[-82.363795,37.795435],[-82.364979,37.796784],[-82.3652783,37.7975785],[-82.365557,37.798318],[-82.366387,37.7991805],[-82.367391,37.8002238],[-82.36778,37.800628],[-82.369973,37.801749],[-82.374867,37.80216],[-82.377393,37.803009],[-82.3784309,37.8079265],[-82.378514,37.80832],[-82.37958,37.810907],[-82.3802702,37.8116974],[-82.385259,37.81741],[-82.386586,37.818212],[-82.3868852,37.818212],[-82.3874086,37.818212],[-82.387769,37.818212],[-82.389212,37.817206],[-82.393746,37.811668],[-82.3949822,37.8106529],[-82.3964241,37.8094688],[-82.396978,37.809014],[-82.39871,37.808785],[-82.4015038,37.8100252],[-82.401652,37.810091],[-82.402228,37.810984],[-82.402199,37.812678],[-82.398444,37.821648],[-82.399598,37.8293855],[-82.39968,37.829935],[-82.3999573,37.8301233],[-82.4040321,37.8328902],[-82.4055204,37.8339009],[-82.4059175,37.8341705],[-82.407874,37.835499],[-82.408941,37.836644],[-82.4098808,37.8379428],[-82.4107731,37.8406535],[-82.41096,37.841106],[-82.410996,37.841209],[-82.411004,37.841244],[-82.411048,37.841365],[-82.411048,37.841366],[-82.41118,37.841723],[-82.41123,37.841893],[-82.411238,37.84192],[-82.411262,37.842],[-82.411278,37.842076],[-82.411426,37.842488],[-82.411668,37.843063],[-82.41169,37.843132],[-82.411726,37.843326],[-82.411749,37.84345],[-82.411828,37.843657],[-82.411865,37.843757],[-82.411938,37.843895],[-82.411986,37.843988],[-82.412139,37.844238],[-82.412142,37.844242],[-82.412243,37.844407],[-82.412419,37.844615],[-82.412532,37.844728],[-82.412625,37.844791],[-82.41267,37.844821],[-82.412728,37.844851],[-82.413052,37.845017],[-82.413134,37.84505],[-82.41321,37.84509],[-82.413294,37.845117],[-82.413428,37.845144],[-82.413567,37.845161],[-82.413651,37.845188],[-82.413873,37.845233],[-82.414052,37.845263],[-82.414372,37.845282],[-82.414827,37.845329],[-82.415143,37.845371],[-82.4166,37.845497],[-82.4171,37.845545],[-82.417961,37.845645],[-82.418811,37.84579],[-82.419356,37.845944],[-82.419369,37.845948],[-82.419456,37.845973],[-82.419576,37.846024],[-82.419617,37.846043],[-82.419619,37.846044],[-82.41989,37.846172],[-82.419965,37.846213],[-82.420099,37.84631],[-82.420207,37.846425],[-82.420339,37.846613],[-82.420427,37.846778],[-82.42049,37.847059],[-82.420508,37.8472],[-82.420503,37.847272],[-82.420464,37.847483],[-82.420451,37.847517],[-82.420382,37.84765],[-82.420343,37.847714],[-82.420171,37.847925],[-82.41922,37.849008],[-82.4147125,37.8554097],[-82.414841,37.8557602],[-82.4147962,37.8558781],[-82.414651,37.85626],[-82.4156231,37.8566759],[-82.421983,37.859397],[-82.423513,37.860313],[-82.424264,37.861709],[-82.42409,37.863037],[-82.422127,37.863952],[-82.4215642,37.8640177],[-82.409799,37.865392],[-82.408441,37.866056],[-82.407459,37.867475],[-82.410288,37.868826],[-82.414417,37.869033],[-82.416323,37.869628],[-82.417679,37.870658],[-82.41869,37.872375],[-82.4188797,37.8731726],[-82.4191272,37.874213],[-82.419337,37.875095],[-82.419204,37.882081],[-82.419781,37.883821],[-82.421484,37.885652],[-82.421835,37.8857746],[-82.429023,37.888285],[-82.432113,37.88991],[-82.433603,37.8928253],[-82.4354507,37.8964404],[-82.435751,37.897028],[-82.4360389,37.8973563],[-82.4374207,37.8989318],[-82.438582,37.900256],[-82.442978,37.902103],[-82.44334,37.902239],[-82.443874,37.902489],[-82.44449,37.902784],[-82.446076,37.903417],[-82.446791,37.903647],[-82.446904,37.903679],[-82.447331,37.903857],[-82.447786,37.904271],[-82.448191,37.904796],[-82.448465,37.905252],[-82.44878,37.905733],[-82.449083,37.906146],[-82.449929,37.906926],[-82.450859,37.90783],[-82.451293,37.908172],[-82.451896,37.908551],[-82.452326,37.908703],[-82.452867,37.908818],[-82.45343,37.90888],[-82.454215,37.908879],[-82.454834,37.908957],[-82.455648,37.908957],[-82.456996,37.908978],[-82.458066,37.90914],[-82.458844,37.909193],[-82.45894,37.909208],[-82.459759,37.909569],[-82.460741,37.910736],[-82.461493,37.913093],[-82.462881,37.914832],[-82.464297,37.915038],[-82.468197,37.913847],[-82.468947,37.910962],[-82.468568,37.904005],[-82.469058,37.90222],[-82.471223,37.899358],[-82.472523,37.899243],[-82.474574,37.900295],[-82.475991,37.9024],[-82.475818,37.904048],[-82.474635,37.905902],[-82.4742332,37.9066167],[-82.4742451,37.9077439],[-82.4746791,37.9102433],[-82.4749669,37.9111549],[-82.475534,37.912038],[-82.4773637,37.9133998],[-82.479093,37.9147758],[-82.4802867,37.9153003],[-82.4815189,37.9157169],[-82.4835294,37.9161298],[-82.4853453,37.9164259],[-82.4868971,37.9166524],[-82.4876023,37.91688],[-82.4880182,37.9173431],[-82.488191,37.9180688],[-82.4882683,37.9185601],[-82.4881942,37.919068],[-82.4879301,37.9194992],[-82.487616,37.919905],[-82.4843763,37.9222342],[-82.4827094,37.923307],[-82.481001,37.924303],[-82.4803314,37.924812],[-82.4801137,37.9253784],[-82.4801898,37.9258269],[-82.4804681,37.9262598],[-82.4811861,37.9266672],[-82.4821844,37.9269394],[-82.4837286,37.9270981],[-82.4859575,37.9272098],[-82.4899321,37.9272025],[-82.4914793,37.9271952],[-82.4929894,37.9270709],[-82.494759,37.9268882],[-82.4960782,37.927032],[-82.497052,37.9274144],[-82.4982651,37.9281758],[-82.4993636,37.9293729],[-82.5002298,37.930681],[-82.5021677,37.9331196],[-82.5023005,37.9335821],[-82.5023148,37.9340324],[-82.5021967,37.9344142],[-82.5020135,37.9347715],[-82.5012693,37.9356218],[-82.5003336,37.9363837],[-82.4997094,37.9367565],[-82.4989855,37.9369761],[-82.4982616,37.9369761],[-82.4975498,37.9367238],[-82.491182,37.93581],[-82.489737,37.936635],[-82.48916,37.937963],[-82.489045,37.938718],[-82.489566,37.939107],[-82.493728,37.940455],[-82.496822,37.942262],[-82.497285,37.942903],[-82.4978001,37.9454949],[-82.496681,37.946405],[-82.495294,37.946612],[-82.487836,37.945288],[-82.48512,37.946044],[-82.48096,37.949136],[-82.475096,37.954906],[-82.471801,37.959119],[-82.471657,37.959988],[-82.472669,37.960721],[-82.479031,37.962],[-82.484265,37.963646],[-82.484758,37.965752],[-82.484413,37.969895],[-82.483836,37.971566],[-82.479963,37.973169],[-82.46938,37.973059],[-82.464987,37.976859],[-82.464067,37.980295],[-82.464257,37.983412],[-82.4644157,37.9835905],[-82.4649505,37.9841922],[-82.465473,37.98478],[-82.4657899,37.984944],[-82.4664866,37.9853045],[-82.467015,37.985578],[-82.4686885,37.9860307],[-82.4708951,37.9866275],[-82.4712616,37.9867266],[-82.471629,37.986826],[-82.4723026,37.9866548],[-82.478006,37.9852055],[-82.4811707,37.9844013],[-82.482695,37.984014],[-82.4830322,37.9841548],[-82.4832915,37.9842631],[-82.483871,37.984505],[-82.4840074,37.9847671],[-82.485128,37.98692],[-82.485675,37.989352],[-82.485967,37.995705],[-82.4875701,37.9980892],[-82.487732,37.99833],[-82.48978,37.998869],[-82.499874,37.999157],[-82.5037595,38.0004065],[-82.507197,38.001512],[-82.5078026,38.0014511],[-82.5081839,38.0014127],[-82.5085915,38.0013718],[-82.509812,38.001249],[-82.5132712,37.9996739],[-82.5159742,37.9999289],[-82.5173512,38.0012039],[-82.5178102,38.0024789],[-82.5177069,38.0030759],[-82.5173512,38.0051309],[-82.5176062,38.0072219],[-82.519665,38.008538],[-82.522591,38.012968],[-82.525831,38.019564],[-82.525817,38.026406],[-82.527068,38.027586],[-82.530371,38.028792],[-82.534976,38.03225],[-82.538639,38.037381],[-82.539071,38.039788],[-82.53747,38.042701],[-82.537293,38.045204],[-82.5406415,38.0479493],[-82.541245,38.048444],[-82.5429771,38.0508362],[-82.5431712,38.0511044],[-82.5432335,38.0511904],[-82.543916,38.052133],[-82.544779,38.054262],[-82.54485,38.058521],[-82.547284,38.061094],[-82.549407,38.063063],[-82.54958,38.068579],[-82.5506895,38.070046],[-82.5509981,38.070454],[-82.551259,38.070799],[-82.5516788,38.0709016],[-82.5536521,38.0713839],[-82.559598,38.072837],[-82.565736,38.08064],[-82.574075,38.082104],[-82.5836373,38.090318],[-82.584039,38.090663],[-82.584184,38.0910225],[-82.585488,38.094256],[-82.585142,38.098055],[-82.585696,38.107003],[-82.587782,38.108879],[-82.59178,38.109908],[-82.593605,38.110869],[-82.5943785,38.1117566],[-82.5946937,38.1121183],[-82.5949273,38.1123863],[-82.598011,38.115925],[-82.5983269,38.1161436],[-82.5999817,38.1172884],[-82.600127,38.117389],[-82.6002458,38.1174348],[-82.6006579,38.1175938],[-82.6026038,38.1183445],[-82.602618,38.11835],[-82.6027048,38.1184045],[-82.606204,38.1206014],[-82.6062382,38.1206228],[-82.606367,38.1207037],[-82.6064596,38.1207618],[-82.6064617,38.1207631],[-82.606589,38.120843],[-82.6072754,38.1207983],[-82.6077065,38.1208703],[-82.6081764,38.1208774],[-82.60909,38.1208573],[-82.6099226,38.120609],[-82.6120343,38.1204887],[-82.6133013,38.1204063],[-82.6142095,38.1203472],[-82.6144233,38.1203333],[-82.616149,38.120221],[-82.6167581,38.1203176],[-82.619452,38.120745],[-82.620351,38.121477],[-82.621164,38.123239],[-82.621167,38.131996],[-82.621309,38.1322062],[-82.6213799,38.1323112],[-82.622125,38.133414],[-82.6253791,38.1345538],[-82.626182,38.134835],[-82.6292397,38.1355288],[-82.6311253,38.1359566],[-82.634265,38.136669],[-82.6347753,38.1369452],[-82.6354727,38.1373225],[-82.636466,38.13786],[-82.637306,38.13905],[-82.638288,38.143491],[-82.638398,38.152157],[-82.638947,38.156742],[-82.644739,38.165487],[-82.642997,38.16956],[-82.640319,38.1706154],[-82.639054,38.171114],[-82.6385629,38.1710915],[-82.6365227,38.170998],[-82.625457,38.170491],[-82.619429,38.169027],[-82.6162441,38.1696782],[-82.6145776,38.170019],[-82.613487,38.170242],[-82.6132295,38.1703989],[-82.611343,38.171548],[-82.60425,38.187639],[-82.6016897,38.1926264],[-82.6005781,38.1947918],[-82.5998266,38.1962558],[-82.599326,38.197231],[-82.5992972,38.1974666],[-82.5990349,38.1996099],[-82.598864,38.201007],[-82.5988456,38.201712],[-82.598437,38.217393],[-82.600353,38.218949],[-82.604278,38.220695],[-82.605355,38.221143],[-82.606583,38.221807],[-82.607668,38.222518],[-82.607858,38.222808],[-82.60819,38.22319],[-82.608615,38.223499],[-82.609116,38.224265],[-82.609427,38.225124],[-82.60965,38.225668],[-82.609963,38.226495],[-82.610416,38.227466],[-82.610629,38.228282],[-82.611257,38.230236],[-82.612389,38.234329],[-82.612479,38.235293],[-82.612216,38.236297],[-82.611373,38.23798],[-82.610501,38.239466],[-82.610157,38.240272],[-82.609681,38.241222],[-82.608971,38.242786],[-82.608672,38.243968],[-82.608128,38.24483],[-82.607364,38.245616],[-82.606893,38.246008],[-82.606483,38.24648],[-82.605978,38.246924],[-82.605314,38.247368],[-82.604828,38.247579],[-82.604625,38.247662],[-82.603905,38.247639],[-82.60251,38.247145],[-82.601,38.246724],[-82.599612,38.246483],[-82.598423,38.246199],[-82.596893,38.245854],[-82.596026,38.245718],[-82.594509,38.245503],[-82.593603,38.245469],[-82.592134,38.245436],[-82.591261,38.245475],[-82.590447,38.245557],[-82.590006,38.245595],[-82.588789,38.245652],[-82.587319,38.245638],[-82.586104,38.245705],[-82.584001,38.246371],[-82.581796,38.248592],[-82.5813977,38.249291],[-82.5791809,38.2531821],[-82.578254,38.254809],[-82.5781171,38.2551538],[-82.574656,38.263873],[-82.5746,38.274721],[-82.57672,38.277513],[-82.578782,38.281747],[-82.57948,38.284928],[-82.579743,38.291726],[-82.582823,38.295478],[-82.583056,38.296829],[-82.5826791,38.297683],[-82.58146,38.300445],[-82.578352,38.305458],[-82.5772608,38.3067619],[-82.572893,38.311981],[-82.571964,38.313606],[-82.571877,38.315781],[-82.572691,38.318801],[-82.5758189,38.3257818],[-82.576936,38.328275],[-82.585363,38.334064],[-82.587951,38.338595],[-82.5881706,38.3388019],[-82.5891784,38.3397511],[-82.589724,38.340265],[-82.5901813,38.3404913],[-82.591536,38.3411617],[-82.592543,38.34166],[-82.5948064,38.3423358],[-82.596525,38.342849],[-82.597979,38.344909],[-82.5979906,38.345624],[-82.5980386,38.348591],[-82.5980952,38.3520858],[-82.598189,38.357885],[-82.5975932,38.3641187],[-82.597524,38.364843],[-82.596654,38.367338],[-82.5955287,38.3692159],[-82.5955264,38.3692196],[-82.593952,38.371847],[-82.593008,38.375082],[-82.5948196,38.3809044],[-82.595382,38.382712],[-82.595369,38.382722],[-82.599273,38.388738],[-82.599737,38.39037],[-82.599241,38.39317],[-82.5989352,38.3935914],[-82.5981757,38.3944739],[-82.5977444,38.3949902],[-82.5972133,38.3955384],[-82.596499,38.3961485],[-82.5952885,38.397073],[-82.5948379,38.3975354],[-82.5945879,38.3979348],[-82.5944517,38.398462],[-82.5944109,38.3991742],[-82.5945323,38.3996626],[-82.5946126,38.3999856],[-82.5948497,38.4012493],[-82.5950815,38.4025618],[-82.595781,38.4052094],[-82.5960471,38.4063616],[-82.5968217,38.4093306],[-82.5970068,38.4101802],[-82.5970196,38.4108636],[-82.5967611,38.4127165],[-82.5965926,38.4138346],[-82.5964655,38.415942],[-82.5960508,38.4167507],[-82.5958952,38.4178275],[-82.5957418,38.4181882],[-82.5934207,38.4218619],[-82.596921,38.426705],[-82.59767,38.4287961],[-82.5977529,38.4290273],[-82.600761,38.437425],[-82.6015328,38.4426238],[-82.6038647,38.4583305],[-82.6040582,38.4596335],[-82.604089,38.459841],[-82.6067824,38.465216],[-82.608202,38.468049],[-82.6088886,38.4690862],[-82.6102259,38.4711063],[-82.610458,38.471457],[-82.6107887,38.4717608],[-82.6118393,38.4727259],[-82.6127847,38.4735944],[-82.613802,38.474529],[-82.6147863,38.4750683],[-82.6161508,38.475816],[-82.618474,38.477089],[-82.624106,38.479697],[-82.629627,38.481569],[-82.6312589,38.4821961],[-82.637707,38.484449],[-82.642221,38.486802],[-82.6470665,38.4896323],[-82.648395,38.490368],[-82.6497346,38.4913659],[-82.6543824,38.4948281],[-82.657051,38.496816],[-82.660091,38.500112],[-82.660155,38.500144],[-82.660331,38.500288],[-82.660429,38.500357],[-82.660611,38.500487],[-82.660939,38.50072],[-82.661739,38.501328],[-82.661986,38.501613],[-82.662668,38.5024],[-82.663676,38.503728],[-82.664476,38.504816],[-82.664534,38.504872],[-82.665196,38.505504],[-82.665548,38.505808],[-82.665643,38.505887],[-82.666011,38.506159],[-82.666635,38.506639],[-82.667707,38.507567],[-82.668715,38.508639],[-82.669403,38.509535],[-82.670123,38.510319],[-82.671451,38.511615],[-82.671851,38.512015],[-82.672843,38.512911],[-82.673499,38.513647],[-82.673969,38.514014],[-82.674444,38.514384],[-82.674444,38.514416],[-82.674636,38.514608],[-82.675244,38.515024],[-82.675724,38.515504],[-82.68142,38.523264],[-82.681852,38.523872],[-82.683404,38.52648],[-82.6837919,38.5270545],[-82.684663,38.528382],[-82.684753,38.528519],[-82.6855,38.529648],[-82.686255,38.530724],[-82.687473,38.532461],[-82.687506,38.532508],[-82.687565,38.532592],[-82.688317,38.533712],[-82.688766,38.534301],[-82.689293,38.534992],[-82.689965,38.53592],[-82.690509,38.536576],[-82.690797,38.536896],[-82.691069,38.5372],[-82.691533,38.537584],[-82.691677,38.537712],[-82.692237,38.538032],[-82.692685,38.538304],[-82.693149,38.53864],[-82.693581,38.53896],[-82.693677,38.539056],[-82.694221,38.539632],[-82.694749,38.540208],[-82.694941,38.540464],[-82.695437,38.541024],[-82.696061,38.541584],[-82.696571,38.542065],[-82.696621,38.542112],[-82.697165,38.542496],[-82.697693,38.542864],[-82.698093,38.54312],[-82.698509,38.543392],[-82.698941,38.543696],[-82.699488,38.544019],[-82.699565,38.544064],[-82.700045,38.544336],[-82.700637,38.544592],[-82.701389,38.54488],[-82.702189,38.545168],[-82.703101,38.545616],[-82.703613,38.545872],[-82.704109,38.54616],[-82.704605,38.546464],[-82.705389,38.546768],[-82.7057815,38.5469029],[-82.705901,38.546944],[-82.706525,38.547184],[-82.707437,38.547552],[-82.708413,38.547888],[-82.709085,38.54824],[-82.709869,38.548592],[-82.710477,38.548864],[-82.711389,38.549296],[-82.711982,38.549552],[-82.712494,38.549776],[-82.713198,38.55016],[-82.713838,38.550432],[-82.714142,38.550544],[-82.714638,38.550832],[-82.715006,38.55112],[-82.71531,38.551376],[-82.715534,38.551568],[-82.715854,38.55184],[-82.716142,38.55208],[-82.716494,38.552496],[-82.719662,38.553664],[-82.724846,38.5576],[-82.730958,38.559264],[-82.739582,38.558991],[-82.7435157,38.5592207],[-82.7451553,38.5593164],[-82.763695,38.560399],[-82.7789553,38.5590681],[-82.779472,38.559023],[-82.7816983,38.5592235],[-82.7891508,38.5598947],[-82.789776,38.559951],[-82.7909567,38.5603202],[-82.800112,38.563183],[-82.811809,38.568495],[-82.812145,38.568783],[-82.812769,38.569215],[-82.814001,38.569807],[-82.816017,38.570767],[-82.820161,38.572703],[-82.821697,38.573615],[-82.822865,38.574687],[-82.824145,38.575727],[-82.825745,38.576303],[-82.826801,38.577103],[-82.828401,38.578127],[-82.827857,38.578383],[-82.828113,38.578735],[-82.836498,38.583823],[-82.837298,38.584367],[-82.838114,38.585007],[-82.839419,38.586063],[-82.839538,38.586159],[-82.839565,38.586184],[-82.840722,38.587247],[-82.841954,38.588271],[-82.843122,38.58955],[-82.844306,38.590862],[-82.845362,38.592286],[-82.846098,38.59355],[-82.847186,38.595166],[-82.847522,38.59587],[-82.847986,38.597358],[-82.848946,38.599694],[-82.85013,38.601774],[-82.851314,38.604334],[-82.851842,38.606014],[-82.852066,38.606606],[-82.85229,38.607054],[-82.852882,38.60891],[-82.853554,38.610926],[-82.853923,38.612126],[-82.854291,38.613454],[-82.854579,38.614798],[-82.854931,38.616094],[-82.855004,38.616526],[-82.855007,38.616544],[-82.85501,38.616563],[-82.855048,38.616785],[-82.855091,38.617038],[-82.855331,38.618238],[-82.855523,38.619278],[-82.855795,38.620814],[-82.855763,38.621278],[-82.855763,38.621854],[-82.855763,38.622638],[-82.855827,38.623278],[-82.855891,38.623982],[-82.855923,38.624478],[-82.856061,38.624999],[-82.856082,38.625078],[-82.856191,38.625178],[-82.856091,38.625378],[-82.856091,38.625478],[-82.856091,38.625778],[-82.856191,38.626078],[-82.856291,38.626378],[-82.856291,38.626878],[-82.856291,38.627478],[-82.856691,38.628578],[-82.857091,38.629878],[-82.857291,38.630778],[-82.857391,38.631578],[-82.857391,38.632278],[-82.857191,38.632578],[-82.857091,38.632678],[-82.856791,38.632878],[-82.856691,38.633778],[-82.856791,38.634878],[-82.856891,38.635778],[-82.856991,38.636878],[-82.856891,38.637978],[-82.856791,38.639078],[-82.856691,38.639778],[-82.856591,38.640578],[-82.856591,38.641778],[-82.856891,38.642778],[-82.856928,38.642928],[-82.857014,38.643273],[-82.8572677,38.6441321],[-82.8575982,38.6448963],[-82.857935,38.645384],[-82.8579029,38.6456706],[-82.857611,38.6458549],[-82.8573321,38.6456119],[-82.8570939,38.6452985],[-82.8569072,38.645317],[-82.856963,38.6466627],[-82.8570083,38.6470986],[-82.857154,38.648352],[-82.8588148,38.6573975],[-82.8593598,38.659487],[-82.8604177,38.6624611],[-82.8618961,38.6659293],[-82.8632759,38.6686283],[-82.8645869,38.6710341],[-82.8665932,38.6738553],[-82.8686961,38.6763513],[-82.8704835,38.6781471],[-82.8731721,38.6811623],[-82.8746786,38.6826398],[-82.874892,38.682827],[-82.8749387,38.6828809],[-82.8756763,38.6837318],[-82.8761762,38.6846965],[-82.8764723,38.6855257],[-82.8764992,38.6863598],[-82.8769337,38.6875649],[-82.8771987,38.6885137],[-82.8774014,38.6896845],[-82.8774787,38.6908276],[-82.8774508,38.6925861],[-82.8772663,38.6949107],[-82.8762771,38.6993528],[-82.8756977,38.7024089],[-82.8752793,38.7044351],[-82.8744854,38.7071646],[-82.8734125,38.7116352],[-82.8731442,38.7130584],[-82.8726293,38.714942],[-82.871728,38.7180226],[-82.871138,38.7203246],[-82.8703655,38.7244177],[-82.869872,38.7272384],[-82.869862,38.7276817],[-82.8700436,38.7292974],[-82.8702045,38.7312224],[-82.8703226,38.7323607],[-82.8701831,38.7329381],[-82.8701294,38.733616],[-82.8703655,38.7339508],[-82.8706552,38.7345199],[-82.8707088,38.7351308],[-82.8707517,38.7358506],[-82.8710092,38.7368214],[-82.8714276,38.7379762],[-82.8719641,38.7400098],[-82.8724898,38.7416249],[-82.8728331,38.7427379],[-82.8733588,38.7438843],[-82.8739275,38.7449219],[-82.8742984,38.7453942],[-82.874657,38.7458507],[-82.8758586,38.7475577],[-82.8779079,38.7496412],[-82.8791631,38.7509381],[-82.8795601,38.7513397],[-82.8796674,38.7515322],[-82.879882,38.7516661],[-82.880118,38.7515991],[-82.8806866,38.7513146],[-82.8810299,38.7512728],[-82.8817434,38.7512812],[-82.8831489,38.7516995],[-82.8840447,38.7520928],[-82.8851927,38.752737],[-82.8854824,38.7529462],[-82.8855039,38.7531303],[-82.8853966,38.7533102],[-82.8849299,38.753854],[-82.8848333,38.7541008],[-82.8849299,38.7543644],[-82.8857238,38.7549919],[-82.886094,38.7552011],[-82.8863246,38.755268],[-82.8868664,38.7553307],[-82.8872634,38.7554981],[-82.8882826,38.7558244],[-82.8901816,38.7562594],[-82.8918446,38.7564268],[-82.8937865,38.7565188],[-82.895428,38.7564853],[-82.8966189,38.7563515],[-82.897724,38.7560921],[-82.8990115,38.7556738],[-82.9005028,38.7551132],[-82.9012431,38.754971],[-82.9017473,38.7549626],[-82.9023803,38.7549877],[-82.9029597,38.7549877],[-82.9036892,38.7547702],[-82.9055024,38.7540925],[-82.9067362,38.7534566],[-82.9072995,38.7533018],[-82.9079754,38.7532767],[-82.9089088,38.7533436],[-82.9093702,38.7533436],[-82.9099978,38.7532558],[-82.9110117,38.7529378],[-82.9137851,38.7524651],[-82.9166175,38.7518752],[-82.9173633,38.7517267],[-82.9198952,38.7511473],[-82.9225076,38.7504194],[-82.9251898,38.7496454],[-82.9334725,38.7470138],[-82.9376246,38.7456248],[-82.9398025,38.7447294],[-82.9411329,38.7441269],[-82.9439868,38.7426625],[-82.9454888,38.7420015],[-82.9465402,38.7414743],[-82.9480432,38.7407419],[-82.9504241,38.7396081],[-82.9518081,38.7387629],[-82.9533959,38.737926],[-82.9550053,38.7370557],[-82.9576124,38.7357418],[-82.9601551,38.734319],[-82.9610778,38.7338587],[-82.9616786,38.7334738],[-82.9624618,38.7327205],[-82.9633094,38.7321682],[-82.9639209,38.7318501],[-82.9646827,38.7315321],[-82.9655303,38.7309211],[-82.9659594,38.7307788],[-82.9661954,38.7306617],[-82.966292,38.7303436],[-82.9665495,38.7299921],[-82.9671932,38.7296322],[-82.9690386,38.7285776],[-82.9704655,38.727908],[-82.9712809,38.7272384],[-82.9715706,38.7271464],[-82.9716457,38.727251],[-82.9715706,38.7274602],[-82.9713077,38.7277406],[-82.9708571,38.7282261],[-82.9707767,38.7284144],[-82.9708196,38.7285609],[-82.9709215,38.7285776],[-82.9714043,38.7283977],[-82.9729546,38.7276067],[-82.9741884,38.7270794],[-82.9747463,38.726912],[-82.9758085,38.7267362],[-82.9766453,38.7264266],[-82.9777826,38.7261336],[-82.9798211,38.7259495],[-82.9820741,38.7260583],[-82.9849065,38.726301],[-82.9859901,38.7264684],[-82.9881788,38.7270376],[-82.9924489,38.7281256],[-82.9939509,38.7284688],[-82.9963864,38.7288371],[-82.9970026,38.7289512],[-82.9991437,38.7293476],[-83.0017508,38.7297075],[-83.0031456,38.7298665],[-83.0053986,38.7299],[-83.006729,38.7300005],[-83.007716,38.7301009],[-83.0088855,38.7301009],[-83.0114819,38.7299419],[-83.0119217,38.7299084],[-83.0124153,38.7293058],[-83.0128981,38.7291802],[-83.0137564,38.7292472],[-83.0139083,38.7292405],[-83.0145181,38.7292137],[-83.0161596,38.7287785],[-83.0179667,38.7282172],[-83.0185307,38.728042],[-83.019271,38.7280503],[-83.0200649,38.7282679],[-83.0203653,38.728519],[-83.0207516,38.7286362],[-83.0213095,38.7286864],[-83.0220498,38.7285441],[-83.0264593,38.7275983],[-83.0279828,38.7270878],[-83.0298282,38.7261755],[-83.0308367,38.725531],[-83.0323065,38.7242587],[-83.0338622,38.7223837],[-83.0358578,38.7199562],[-83.0378212,38.7173361],[-83.03854,38.7159382],[-83.0390335,38.7149922],[-83.0400313,38.7126733],[-83.0421449,38.708412],[-83.046372,38.7032462],[-83.0479706,38.7019149],[-83.0507923,38.6985992],[-83.0521763,38.6966147],[-83.0531205,38.6956601],[-83.0543114,38.6948395],[-83.0558456,38.6940524],[-83.0582703,38.6928633],[-83.0590535,38.6922269],[-83.0605126,38.6909456],[-83.0621327,38.6896727],[-83.0630768,38.6892373],[-83.0649651,38.6886008],[-83.0659414,38.6885171],[-83.0665744,38.6882491],[-83.0669499,38.6877382],[-83.0684198,38.6872693],[-83.0701149,38.6864904],[-83.0709733,38.6862476],[-83.0724967,38.6858791],[-83.0749429,38.684782],[-83.0782689,38.6832242],[-83.0793894,38.6828367],[-83.079964,38.682638],[-83.08329,38.6813566],[-83.084159,38.6809294],[-83.0851246,38.6807368],[-83.0870451,38.6804353],[-83.0908109,38.679581],[-83.0922164,38.6793548],[-83.0939437,38.6789528],[-83.0958749,38.6786094],[-83.0995227,38.6779729],[-83.101529,38.6775792],[-83.1036211,38.6769259],[-83.105445,38.6760883],[-83.106078,38.6755858],[-83.1064857,38.6753428],[-83.1069578,38.6752758],[-83.107344,38.6751586],[-83.1091035,38.673877],[-83.1105305,38.6730562],[-83.1124724,38.6715819],[-83.1133736,38.6705349],[-83.1149722,38.6690522],[-83.1160129,38.6678543],[-83.1172253,38.6666313],[-83.1181265,38.6657014],[-83.1195105,38.6640511],[-83.1202401,38.6629285],[-83.1207551,38.6622583],[-83.1219781,38.6601891],[-83.122579,38.6588821],[-83.1226004,38.6586057],[-83.1225039,38.6581868],[-83.1223215,38.6579019],[-83.1223,38.65755],[-83.1224288,38.6572065],[-83.1229116,38.6564357],[-83.123448,38.6556649],[-83.1235338,38.6552376],[-83.1236411,38.6539138],[-83.1238235,38.6534865],[-83.1242097,38.6529252],[-83.124478,38.6520203],[-83.1247676,38.6500848],[-83.1252612,38.6487609],[-83.1260229,38.6460292],[-83.1268168,38.64406],[-83.1276108,38.6427779],[-83.1289197,38.6404316],[-83.1302608,38.6382443],[-83.1321705,38.6357553],[-83.132943,38.6344815],[-83.1340159,38.6330819],[-83.1349493,38.6317241],[-83.1377603,38.6289583],[-83.1385649,38.6283549],[-83.1423951,38.6252788],[-83.1434358,38.6244993],[-83.1439937,38.62434],[-83.1448413,38.6241221],[-83.1453777,38.6238874],[-83.1457854,38.6233258],[-83.1463541,38.6229486],[-83.1479527,38.6221858],[-83.1487573,38.6217583],[-83.14968,38.621071],[-83.1503666,38.6203082],[-83.1507529,38.6200567],[-83.1516541,38.6196962],[-83.1533171,38.6188999],[-83.1540895,38.6188496],[-83.1572653,38.618573],[-83.1587888,38.6184975],[-83.1596149,38.6185562],[-83.161471,38.6188915],[-83.1640137,38.6191011],[-83.1661209,38.6192235],[-83.1673815,38.6192394],[-83.1684351,38.6191673],[-83.1696034,38.6190005],[-83.1707783,38.618951],[-83.1724251,38.6190173],[-83.1749571,38.6190927],[-83.1768776,38.6192604],[-83.178723,38.6192436],[-83.179592,38.6190424],[-83.1804396,38.618967],[-83.1814052,38.618682],[-83.1823171,38.6182712],[-83.1827355,38.6182293],[-83.1838192,38.6182461],[-83.1861902,38.618003],[-83.1881751,38.617718],[-83.1906963,38.6174246],[-83.1933249,38.6170641],[-83.1949986,38.6169467],[-83.1972838,38.6169132],[-83.1991721,38.6167036],[-83.2011462,38.6166533],[-83.2031847,38.6167036],[-83.2047082,38.6168629],[-83.2066608,38.6170809],[-83.2081092,38.6174581],[-83.2095791,38.6177431],[-83.2126583,38.6187239],[-83.2139672,38.6191514],[-83.2148469,38.6196292],[-83.2163704,38.6206518],[-83.2178725,38.6213141],[-83.220029,38.622278],[-83.2223035,38.6233845],[-83.2259513,38.6252117],[-83.2272388,38.6257985],[-83.228655,38.6262678],[-83.2299853,38.6266785],[-83.2335151,38.6275754],[-83.2361651,38.6281453],[-83.2383753,38.6284303],[-83.2404352,38.6287488],[-83.242463,38.6287907],[-83.2448984,38.6286817],[-83.246497,38.6284638],[-83.2478703,38.6279106],[-83.2490397,38.6270557],[-83.2498444,38.6266618],[-83.251207,38.6261337],[-83.2519473,38.6256979],[-83.2523979,38.625262],[-83.2532669,38.6243232],[-83.2539536,38.6237868],[-83.2548977,38.6233593],[-83.2556594,38.6231414],[-83.2570971,38.623024],[-83.2596613,38.6229905],[-83.2609273,38.6228061],[-83.2618822,38.6225546],[-83.2631053,38.6220517],[-83.2643176,38.6214063],[-83.265251,38.6207776],[-83.2660986,38.6199561],[-83.2671715,38.6189083],[-83.2676317,38.6181847],[-83.2681467,38.6172878],[-83.2682755,38.6156447],[-83.2686402,38.6150076],[-83.26952,38.6144544],[-83.2704427,38.6139011],[-83.2716229,38.6126939],[-83.274584,38.6096255],[-83.2760002,38.6087871],[-83.2785537,38.606339],[-83.2806136,38.6045951],[-83.2821371,38.6028847],[-83.2845833,38.6011743],[-83.2856133,38.6003023],[-83.2870724,38.5988265],[-83.2882955,38.5981893],[-83.2908919,38.5972166],[-83.292823,38.5966129],[-83.294604,38.5964787],[-83.2973506,38.5970321],[-83.2987883,38.5972837],[-83.3008482,38.5977868],[-83.3041742,38.5988098],[-83.306513,38.5998662],[-83.3089163,38.601191],[-83.3102038,38.6020798],[-83.3117487,38.6032536],[-83.3129074,38.6044274],[-83.3138086,38.6053665],[-83.3152892,38.6067079],[-83.31692,38.6083177],[-83.3179714,38.6097597],[-83.3186795,38.6110675],[-83.3192374,38.6122915],[-83.3197739,38.6141693],[-83.3200099,38.6162148],[-83.3203532,38.6215126],[-83.3208468,38.6244463],[-83.3209755,38.6260724],[-83.3214476,38.6284193],[-83.3220055,38.629995],[-83.3225205,38.6307493],[-83.3228209,38.6313192],[-83.3231856,38.6317718],[-83.3235933,38.6320567],[-83.3240654,38.6322411],[-83.3240654,38.6326602],[-83.3241512,38.6332133],[-83.3244087,38.6336324],[-83.3246233,38.6342525],[-83.3251812,38.6345375],[-83.3260181,38.6348727],[-83.3263828,38.6353923],[-83.3271982,38.6372528],[-83.3277347,38.6378059],[-83.328593,38.6384261],[-83.3325197,38.6408563],[-83.334644,38.6421133],[-83.3351805,38.642834],[-83.3355667,38.6430183],[-83.3364465,38.6433535],[-83.3385493,38.6446105],[-83.3395579,38.645197],[-83.3422186,38.6466215],[-83.3440854,38.6476606],[-83.3456304,38.6481466],[-83.3467462,38.6486828],[-83.3484628,38.6497386],[-83.3509304,38.6510792],[-83.3521964,38.6515652],[-83.3540418,38.6521349],[-83.3549645,38.6525539],[-83.3558442,38.6532744],[-83.3570673,38.6543636],[-83.3582046,38.6549669],[-83.3598354,38.6555031],[-83.3610799,38.6560393],[-83.362818,38.6570447],[-83.3641698,38.6575474],[-83.3655431,38.6583182],[-83.3669378,38.6587036],[-83.3681395,38.6591727],[-83.3696201,38.6595413],[-83.370929,38.6596586],[-83.3720233,38.6600775],[-83.3729245,38.6605299],[-83.3742335,38.6606137],[-83.374963,38.6608483],[-83.3757316,38.6611722],[-83.3763148,38.661418],[-83.3768574,38.6615066],[-83.3795979,38.6619541],[-83.3820655,38.66244],[-83.3835461,38.662507],[-83.3844344,38.6628373],[-83.3848979,38.6630097],[-83.386636,38.6630935],[-83.3906915,38.6636631],[-83.3956268,38.6643836],[-83.3989527,38.6650202],[-83.4006908,38.665171],[-83.405154,38.6656569],[-83.4082439,38.666059],[-83.4088876,38.666193],[-83.4095528,38.6665281],[-83.4102609,38.6666622],[-83.411484,38.6665951],[-83.4134795,38.666193],[-83.4144237,38.6660758],[-83.4151103,38.6661763],[-83.4161188,38.6665951],[-83.417535,38.6667627],[-83.4194877,38.6669135],[-83.4199168,38.6670978],[-83.419595,38.6673323],[-83.4186723,38.6673658],[-83.4177711,38.6675334],[-83.4175779,38.6678014],[-83.4179427,38.6679857],[-83.4193375,38.6679857],[-83.4212043,38.6680192],[-83.4224274,38.66817],[-83.4233715,38.6682035],[-83.4251954,38.6685051],[-83.4263971,38.6686056],[-83.4283497,38.6686559],[-83.4293582,38.6686894],[-83.4304526,38.6688569],[-83.4322121,38.6688904],[-83.4347012,38.6690077],[-83.4377482,38.6691752],[-83.439336,38.6691417],[-83.4412458,38.6693092],[-83.4433701,38.6695103],[-83.4458377,38.6699124],[-83.4476187,38.6703815],[-83.4492709,38.6711186],[-83.4519102,38.6719897],[-83.4544208,38.6728274],[-83.4556224,38.6731959],[-83.4564593,38.6735812],[-83.457339,38.6738828],[-83.4583261,38.6738493],[-83.4595921,38.6736817],[-83.4607508,38.6737655],[-83.4626176,38.6740503],[-83.4657504,38.6748377],[-83.4679606,38.6751727],[-83.4691837,38.6757255],[-83.4705569,38.6767809],[-83.4716298,38.6775682],[-83.4728958,38.678791],[-83.476093,38.6818062],[-83.4770801,38.682828],[-83.4791829,38.6845365],[-83.4826162,38.6870489],[-83.4848478,38.6888243],[-83.4864142,38.6900804],[-83.488281,38.6912193],[-83.489547,38.6920735],[-83.490813,38.6929276],[-83.4923579,38.6937483],[-83.494611,38.6949206],[-83.496864,38.6960092],[-83.4992888,38.6971145],[-83.5023787,38.69827],[-83.5060908,38.6997939],[-83.5091808,38.7006982],[-83.5120561,38.7013513],[-83.5137083,38.7018704],[-83.5164334,38.7021384],[-83.5188796,38.7026073],[-83.5206177,38.7029589],[-83.5213473,38.7029589],[-83.5225489,38.7026575],[-83.5235359,38.7026575],[-83.5255057,38.7028852],[-83.5273125,38.7027412],[-83.5287931,38.7026742],[-83.5303809,38.7026408],[-83.5350802,38.7018537],[-83.5372045,38.7013011],[-83.5408952,38.7007485],[-83.5446932,38.7000786],[-83.5480191,38.6991408],[-83.5530188,38.6977509],[-83.55922,38.6960259],[-83.561752,38.6955235],[-83.5642841,38.6947531],[-83.5670306,38.6935808],[-83.5695841,38.6926429],[-83.5749873,38.6916937],[-83.5753991,38.6916213],[-83.5811283,38.6906164],[-83.5836603,38.6899632],[-83.5855057,38.6896785],[-83.5885527,38.6892263],[-83.5911276,38.6888578],[-83.5931661,38.6882381],[-83.5938527,38.6878696],[-83.5944965,38.6875681],[-83.5973503,38.6864292],[-83.5988309,38.6859267],[-83.5996678,38.6855079],[-83.6002042,38.6849385],[-83.601041,38.6842015],[-83.6018779,38.6838832],[-83.6024143,38.6838162],[-83.6032297,38.6840172],[-83.6042597,38.6844527],[-83.6053326,38.6845197],[-83.6069634,38.684637],[-83.6087873,38.6848212],[-83.6111476,38.6844862],[-83.6127999,38.6841177],[-83.6149671,38.6835482],[-83.6201813,38.6813037],[-83.6203509,38.6812251],[-83.6248805,38.6791261],[-83.6270692,38.6779702],[-83.630953,38.6749214],[-83.6330344,38.6728776],[-83.6348798,38.6704652],[-83.6359956,38.6685386],[-83.6368968,38.6666957],[-83.6373474,38.6652548],[-83.6377766,38.662239],[-83.6384632,38.659156],[-83.6387636,38.6568269],[-83.6390426,38.6545647],[-83.6388495,38.6538107],[-83.6394074,38.6517328],[-83.6414888,38.6452306],[-83.641639,38.6440071],[-83.6426475,38.6421301],[-83.6433341,38.6402865],[-83.6442568,38.6377053],[-83.6450722,38.6362471],[-83.6458232,38.6350571],[-83.6483338,38.6318724],[-83.6498573,38.6306152],[-83.6550715,38.6284863],[-83.6567666,38.6278996],[-83.6600496,38.6271788],[-83.6658432,38.6264412],[-83.6676027,38.6263239],[-83.6686327,38.6264077],[-83.6695983,38.6267094],[-83.6715295,38.6272626],[-83.6728384,38.6275811],[-83.6736538,38.6279667],[-83.674555,38.6284863],[-83.6757567,38.6288216],[-83.6788036,38.629425],[-83.6829235,38.6305649],[-83.6857989,38.6316209],[-83.6888673,38.6327607],[-83.6936738,38.6346045],[-83.6982014,38.6366327],[-83.7011196,38.6379568],[-83.7029435,38.6390127],[-83.7044241,38.6396161],[-83.7049606,38.6397334],[-83.7053446,38.6397483],[-83.7068959,38.6395774],[-83.707943,38.6396897],[-83.7094665,38.640169],[-83.7099815,38.6405713],[-83.710475,38.6412752],[-83.7110544,38.6415266],[-83.7121702,38.6415936],[-83.7131208,38.6415015],[-83.7136314,38.6415987],[-83.7150026,38.6425657],[-83.7166119,38.6433031],[-83.7173844,38.6439735],[-83.7176741,38.6445668],[-83.717968,38.6450796],[-83.7196589,38.6461522],[-83.7212897,38.6467052],[-83.723414,38.6469566],[-83.7265897,38.6471577],[-83.7300015,38.6473085],[-83.7327481,38.6474594],[-83.7395931,38.6478951],[-83.7451077,38.6485487],[-83.7506275,38.6495719],[-83.7521458,38.6499061],[-83.7558365,38.6506267],[-83.7582183,38.6512299],[-83.7604929,38.6517662],[-83.7635398,38.6522521],[-83.7655354,38.6528889],[-83.7676833,38.6540301],[-83.769754,38.6554041],[-83.7708505,38.6563911],[-83.7719491,38.6577065],[-83.772831,38.6591391],[-83.7737108,38.6607979],[-83.7739039,38.6614681],[-83.7739468,38.6627583],[-83.774891,38.6640651],[-83.7753845,38.6656065],[-83.7759853,38.6670809],[-83.7764144,38.6690913],[-83.7769938,38.671085],[-83.777659,38.6740837],[-83.7782813,38.6776518],[-83.7789035,38.6795615],[-83.7793541,38.6823421],[-83.7795258,38.6831126],[-83.7808133,38.6868143],[-83.7814999,38.6894104],[-83.7822509,38.6917552],[-83.7831307,38.693497],[-83.7833882,38.6944851],[-83.7836028,38.6954229],[-83.78396,38.6958342],[-83.7844611,38.696411],[-83.7866068,38.6988058],[-83.7889243,38.7006311],[-83.7916279,38.7020043],[-83.7951041,38.7031932],[-83.7977005,38.7040975],[-83.7987304,38.7045329],[-83.8000393,38.7047338],[-83.8010049,38.7052864],[-83.8021637,38.7054706],[-83.8029576,38.7055376],[-83.8051248,38.7062241],[-83.8061762,38.7065255],[-83.8086224,38.7067934],[-83.810854,38.7068939],[-83.8131285,38.7071786],[-83.8160253,38.7078316],[-83.8190294,38.708786],[-83.8213254,38.7093218],[-83.8231493,38.7100418],[-83.8248444,38.7107953],[-83.8263464,38.7119171],[-83.8274193,38.7126203],[-83.8298655,38.7138928],[-83.8320971,38.7149811],[-83.8348651,38.7162535],[-83.8364101,38.7173418],[-83.8381911,38.7187816],[-83.8393498,38.7199535],[-83.8398648,38.720958],[-83.8400364,38.7213765],[-83.8406373,38.7220378],[-83.8412917,38.7234357],[-83.842268,38.7263317],[-83.8429332,38.7304999],[-83.8437808,38.7341908],[-83.844676,38.737439],[-83.8459645,38.7415218],[-83.846207,38.74229],[-83.848734,38.747178],[-83.8508179,38.7498241],[-83.8510124,38.750071],[-83.8512657,38.7503927],[-83.852085,38.751433],[-83.8527031,38.7519102],[-83.8531642,38.7524072],[-83.8538584,38.7527435],[-83.8555482,38.7534706],[-83.8556898,38.7540964],[-83.8564172,38.7544043],[-83.8581296,38.7560157],[-83.8595994,38.7569277],[-83.8640562,38.7589473],[-83.86653,38.7602],[-83.8692965,38.7611244],[-83.8715059,38.7618626],[-83.873168,38.762418],[-83.8771518,38.7630985],[-83.8790787,38.763142],[-83.8808382,38.7638564],[-83.8839667,38.7646093],[-83.8881209,38.7656801],[-83.8901401,38.7655546],[-83.8913546,38.7659863],[-83.8988884,38.7671374],[-83.9012981,38.7674335],[-83.9040704,38.7679689],[-83.9061583,38.7684624],[-83.9104648,38.7690362],[-83.9128445,38.7696419],[-83.9139023,38.7697523],[-83.9159459,38.769694],[-83.9159901,38.7696897],[-83.9177797,38.7695147],[-83.9196444,38.769667],[-83.9223266,38.7703445],[-83.9233137,38.7706122],[-83.9252878,38.7710304],[-83.9263607,38.7712814],[-83.9275837,38.7717331],[-83.9285708,38.7721178],[-83.928736,38.7723755],[-83.9286566,38.772695],[-83.928367,38.7728288],[-83.9268864,38.7731216],[-83.9263928,38.7733223],[-83.9261246,38.7735482],[-83.9260817,38.7737991],[-83.9262105,38.7739915],[-83.9267254,38.7742341],[-83.9281095,38.7745603],[-83.9301158,38.7753465],[-83.9314998,38.7760575],[-83.9341498,38.7774878],[-83.9381838,38.7800471],[-83.940394,38.7816027],[-83.943677,38.7831751],[-83.9465309,38.7843627],[-83.9496851,38.7853997],[-83.9532042,38.7861189],[-83.9553285,38.786236],[-83.9566589,38.786236],[-83.9574957,38.7864367],[-83.9590192,38.786905],[-83.9613367,38.7873065],[-83.962195,38.7874403],[-83.9641262,38.7871726],[-83.9657355,38.7871726],[-83.969276,38.7873065],[-83.9708424,38.7873065],[-83.9724088,38.7869552],[-83.9730096,38.7869887],[-83.9754773,38.7872228],[-83.976636,38.7873232],[-83.9776016,38.7873065],[-83.9785457,38.7871894],[-83.9794255,38.7868883],[-83.9801121,38.7864033],[-83.9811206,38.7860855],[-83.9841891,38.7855168],[-83.9859272,38.7850317],[-83.9990807,38.7813184],[-84.0017629,38.7805824],[-84.0064836,38.7800973],[-84.0093589,38.7792107],[-84.0108824,38.7787925],[-84.0157748,38.7770026],[-84.0184355,38.7760993],[-84.0204526,38.7756978],[-84.0231777,38.7749283],[-84.0245939,38.7746774],[-84.0262032,38.7742759],[-84.0278769,38.7739915],[-84.0303875,38.7732889],[-84.0314389,38.7731049],[-84.0335846,38.7725026],[-84.0359235,38.7721011],[-84.0380478,38.7715825],[-84.0430046,38.7706457],[-84.0443779,38.7705453],[-84.0455366,38.7705453],[-84.0471674,38.7708631],[-84.049356,38.7711977],[-84.0508795,38.7712981],[-84.0518451,38.7712312],[-84.0528363,38.7710323],[-84.0545939,38.7709284],[-84.0577084,38.770992],[-84.0602619,38.7710396],[-84.0635975,38.7711015],[-84.0661649,38.7708548],[-84.0700133,38.7703303],[-84.0707461,38.7702642],[-84.0718372,38.770419],[-84.0740678,38.7710664],[-84.0756771,38.7713583],[-84.0782391,38.7716252],[-84.0826412,38.7725796],[-84.0849382,38.7731835],[-84.0857238,38.7735317],[-84.0864746,38.7736929],[-84.0871505,38.7737698],[-84.0886182,38.7738025],[-84.0911255,38.7740668],[-84.0919763,38.7742182],[-84.0929151,38.7744624],[-84.0948817,38.775344],[-84.1006291,38.7768429],[-84.1030238,38.7776099],[-84.108836,38.779247],[-84.1107346,38.7803741],[-84.1118751,38.7808433],[-84.1100212,38.7807446],[-84.1101553,38.7809378],[-84.1120521,38.7816889],[-84.1138245,38.7821581],[-84.1147955,38.7822317],[-84.1157386,38.7825068],[-84.1165711,38.7830772],[-84.1177245,38.7834544],[-84.1194937,38.7839152],[-84.1207876,38.7845132],[-84.1314296,38.7883404],[-84.1340495,38.7892826],[-84.1350601,38.7896045],[-84.1374097,38.7902183],[-84.1391392,38.7904692],[-84.1403698,38.7907669],[-84.1422077,38.7914016],[-84.1432795,38.7917972],[-84.1446241,38.7921383],[-84.1517993,38.7939237],[-84.1548141,38.7946395],[-84.157006,38.7951052],[-84.1596556,38.7954392],[-84.1757052,38.7980277],[-84.1807532,38.798715],[-84.1850426,38.7992025],[-84.1885106,38.7995255],[-84.1911816,38.799802],[-84.1941567,38.8004868],[-84.1953744,38.8006298],[-84.198358,38.80092],[-84.2006348,38.8015721],[-84.205592,38.802588],[-84.2089271,38.8040871],[-84.2106963,38.8048103],[-84.212904,38.805707],[-84.214723,38.807589],[-84.218601,38.810577],[-84.2187847,38.8106576],[-84.2207621,38.8123054],[-84.2227437,38.8141295],[-84.2249646,38.8167419],[-84.2263378,38.8189028],[-84.2268185,38.8200346],[-84.2289503,38.8240903],[-84.2301895,38.8263579],[-84.2303906,38.8274657],[-84.2313428,38.8304199],[-84.2319801,38.8327618],[-84.2324039,38.835401],[-84.2325595,38.8382299],[-84.2329264,38.8397207],[-84.233265,38.842671],[-84.2336152,38.8464117],[-84.2336903,38.8493236],[-84.2337257,38.8540244],[-84.2335222,38.8544951],[-84.233627,38.8546702],[-84.2335927,38.8567455],[-84.2334393,38.8573237],[-84.2332783,38.8609846],[-84.2324885,38.866219],[-84.2324463,38.8666503],[-84.2320941,38.8702454],[-84.2319092,38.8722399],[-84.2317774,38.8723763],[-84.2315273,38.8724905],[-84.2318459,38.8728129],[-84.2320788,38.8746992],[-84.2321893,38.8750434],[-84.2321432,38.8760139],[-84.2319651,38.8775666],[-84.232132,38.880483],[-84.2326314,38.8842373],[-84.2329404,38.8860262],[-84.2328889,38.8870976],[-84.2340133,38.8912915],[-84.2348426,38.8929699],[-84.2480282,38.908912],[-84.252896,38.9168691],[-84.2612616,38.9261104],[-84.2613141,38.9261969],[-84.2618927,38.9269],[-84.2621447,38.9272625],[-84.2635726,38.9287539],[-84.2636116,38.9287946],[-84.2642533,38.9294427],[-84.2649522,38.9301179],[-84.2650097,38.9302554],[-84.2659723,38.9318145],[-84.266912,38.9329678],[-84.2671067,38.9330176],[-84.2673876,38.9333031],[-84.2674506,38.9334456],[-84.2675651,38.9335998],[-84.2677484,38.933775],[-84.2678459,38.93394],[-84.2682526,38.9344122],[-84.2685335,38.9347908],[-84.2686482,38.9348958],[-84.2687054,38.9349886],[-84.2688315,38.9350769],[-84.2690032,38.9353239],[-84.2695993,38.9359225],[-84.2696621,38.9361311],[-84.2697424,38.9362847],[-84.269966,38.9364822],[-84.2710774,38.9373285],[-84.2717708,38.9378391],[-84.2719827,38.9381191],[-84.2724813,38.9388824],[-84.274924,38.940839],[-84.2764332,38.9420478],[-84.2784687,38.9436766],[-84.2785662,38.9437483],[-84.2796549,38.9449836],[-84.2840553,38.9499148],[-84.2849206,38.9508975],[-84.2859231,38.9519958],[-84.2862612,38.9523469],[-84.2865706,38.952693],[-84.2886849,38.9556029],[-84.2889085,38.956004],[-84.2896935,38.9574754],[-84.2899341,38.9579473],[-84.2904155,38.9587656],[-84.2913149,38.9601545],[-84.2920311,38.9613019],[-84.2926269,38.9622686],[-84.29316,38.9631135],[-84.2937386,38.9644863],[-84.2946095,38.9664907],[-84.2950565,38.9675006],[-84.2958471,38.9693175],[-84.2960961,38.9705252],[-84.2966827,38.9732887],[-84.2966369,38.9753748],[-84.2973843,38.9805267],[-84.2976952,38.9826209],[-84.297732,38.9828911],[-84.2982299,38.9864202],[-84.2977886,38.9881876],[-84.2976341,38.9887204],[-84.2975883,38.9889565],[-84.2977314,38.9897523],[-84.2979492,38.9897799],[-84.2980064,38.9898457],[-84.2980236,38.9900268],[-84.2979778,38.9900985],[-84.2978919,38.9901643],[-84.2978861,38.9902079],[-84.2979778,38.9905265],[-84.2980467,38.990614],[-84.2982978,38.9906841],[-84.2984411,38.9907993],[-84.29855,38.990931],[-84.2985501,38.9911126],[-84.2987678,38.9916173],[-84.2987792,38.9919359],[-84.2987162,38.9921446],[-84.298659,38.9922212],[-84.2986645,38.9923587],[-84.2987276,38.9925781],[-84.2987334,38.9927759],[-84.2988995,38.9930612],[-84.2990026,38.9932645],[-84.2990715,38.9935223],[-84.2991401,38.9936375],[-84.2994609,38.9943897],[-84.2996273,38.9947192],[-84.2996443,38.9948016],[-84.2998621,38.9951255],[-84.2999882,38.9954274],[-84.3000054,38.9955425],[-84.3000971,38.9957733],[-84.3000971,38.995998],[-84.3001543,38.9962122],[-84.3001774,38.996355],[-84.3002977,38.9967066],[-84.3003032,38.9968547],[-84.3003949,38.997113],[-84.3005899,38.9974916],[-84.3007502,38.9979363],[-84.3010311,38.998441],[-84.3013233,38.9990124],[-84.3013578,38.9990999],[-84.3017589,38.9999237],[-84.3017702,39.0000923],[-84.3019306,39.000334],[-84.3019305,39.0004218],[-84.3020339,39.0005476],[-84.3021428,39.0007621],[-84.3021714,39.0008937],[-84.3025495,39.0015579],[-84.3026012,39.0017556],[-84.3027901,39.0021234],[-84.3028073,39.0022059],[-84.3028531,39.0022551],[-84.3028762,39.0023759],[-84.3030995,39.0027656],[-84.303134,39.0029359],[-84.3034457,39.0035661],[-84.3040811,39.0046594],[-84.3047686,39.0057955],[-84.3060175,39.0076679],[-84.3072037,39.0091446],[-84.3078798,39.0099684],[-84.308447,39.010649],[-84.3103035,39.012922],[-84.3109165,39.0135033],[-84.3116557,39.0142997],[-84.3119193,39.0146178],[-84.3125724,39.0152658],[-84.3132658,39.0160122],[-84.3134777,39.0162758],[-84.3138847,39.0166877],[-84.3144288,39.0171816],[-84.3146352,39.0173902],[-84.31644,39.0189165],[-84.317122,39.0192787],[-84.3177923,39.0198057],[-84.318457,39.020382],[-84.3194767,39.0210354],[-84.3200095,39.0215676],[-84.3202048,39.0217548],[-84.3205332,39.0220695],[-84.3206744,39.0221667],[-84.3216528,39.0233945],[-84.3241752,39.0251482],[-84.3259841,39.0264609],[-84.3265731,39.0272835],[-84.3289216,39.0287621],[-84.3317755,39.0301689],[-84.334816,39.0318199],[-84.3370305,39.033055],[-84.3384907,39.0337401],[-84.3398479,39.034366],[-84.3408853,39.0350143],[-84.3425065,39.035551],[-84.3442059,39.0359544],[-84.344958,39.0362627],[-84.3456629,39.0367461],[-84.3473012,39.0374036],[-84.3508417,39.0384919],[-84.3560699,39.0399444],[-84.3574678,39.0404636],[-84.3607498,39.0413994],[-84.362564,39.0416377],[-84.3669661,39.0425826],[-84.3705398,39.0430534],[-84.3733197,39.0432676],[-84.3768484,39.0439817],[-84.3804372,39.0444233],[-84.3847824,39.0450016],[-84.3869281,39.0451224],[-84.3876695,39.0450433],[-84.3887166,39.0446325],[-84.3898389,39.04431],[-84.3909354,39.0443692],[-84.3915877,39.0445183],[-84.3926058,39.0449691],[-84.3931509,39.045055],[-84.3945563,39.0450708],[-84.3969038,39.0456724],[-84.398437,39.0460957],[-84.4002437,39.0463956],[-84.4007898,39.0463973],[-84.4012576,39.0462832],[-84.4018509,39.0459274],[-84.4027178,39.0456274],[-84.4042895,39.0456249],[-84.4067786,39.0457557],[-84.4087238,39.0460107],[-84.4110723,39.046594],[-84.4127042,39.0471022],[-84.4138951,39.0475613],[-84.4152909,39.0482837],[-84.4167017,39.0491428],[-84.4172886,39.0493178],[-84.4179667,39.0494102],[-84.4184516,39.0495286],[-84.4192756,39.0498468],[-84.4208248,39.0506517],[-84.4218323,39.0512749],[-84.4226037,39.051554],[-84.4241744,39.0520565],[-84.4256485,39.0526997],[-84.4265175,39.0532162],[-84.4273758,39.0540327],[-84.4279767,39.0544993],[-84.428556,39.0553491],[-84.4285775,39.055524],[-84.428438,39.0555824],[-84.4281483,39.0555157],[-84.4273973,39.0549658],[-84.4251657,39.0533245],[-84.4243181,39.0528496],[-84.4239533,39.0527996],[-84.4237924,39.052908],[-84.4238782,39.0531746],[-84.4251657,39.054041],[-84.4262922,39.0548242],[-84.4272042,39.0555824],[-84.4280839,39.0564571],[-84.428556,39.0568904],[-84.428902,39.0570707],[-84.4294443,39.0574775],[-84.4298018,39.0577457],[-84.4302941,39.058115],[-84.4305945,39.0586815],[-84.431088,39.0601978],[-84.4319463,39.06343],[-84.4322038,39.065196],[-84.4326115,39.0661623],[-84.4329334,39.0671453],[-84.4331909,39.0694276],[-84.4334913,39.07151],[-84.43362,39.073076],[-84.4337059,39.0739922],[-84.4334055,39.0760911],[-84.4334055,39.0777902],[-84.4334258,39.078007],[-84.4334913,39.0787063],[-84.4340063,39.079839],[-84.4342208,39.0806885],[-84.4341565,39.0813214],[-84.4337917,39.0834368],[-84.4337917,39.0840864],[-84.4339848,39.0845527],[-84.4349504,39.085602],[-84.4354225,39.086618],[-84.4355512,39.0872842],[-84.4354225,39.0886333],[-84.4349719,39.090815],[-84.4350577,39.0919642],[-84.4349676,39.0925038],[-84.4346071,39.09308],[-84.4341136,39.0938127],[-84.4338775,39.0943124],[-84.4338775,39.0948952],[-84.4340063,39.0956946],[-84.4349504,39.0997745],[-84.4354225,39.1008402],[-84.4362808,39.1023888],[-84.4363783,39.1025489],[-84.4366257,39.1029554],[-84.4375682,39.1045036],[-84.4390488,39.1064184],[-84.4398213,39.107817],[-84.4404436,39.1088494],[-84.4407869,39.1091824],[-84.4414306,39.1099316],[-84.442539,39.1112547],[-84.4433833,39.1122625],[-84.4443048,39.1131509],[-84.4447995,39.1136278],[-84.4468809,39.1155091],[-84.4485117,39.1167743],[-84.4503999,39.1177899],[-84.4517088,39.1187554],[-84.4528246,39.1192549],[-84.4561935,39.1205367],[-84.4588392,39.1212842],[-84.4616931,39.1217337],[-84.4634891,39.1218519],[-84.4654203,39.1219351],[-84.4667292,39.1218519],[-84.4692612,39.1213857],[-84.470141,39.1213857],[-84.4708062,39.1215855],[-84.4718576,39.1213691],[-84.4748188,39.1201871],[-84.4759131,39.1197709],[-84.4769002,39.1192049],[-84.4791961,39.1180729],[-84.4805909,39.1174236],[-84.4812775,39.1168076],[-84.4823719,39.1162416],[-84.4843245,39.1144269],[-84.4851944,39.1136828],[-84.4868351,39.1122792],[-84.4887877,39.1103478],[-84.4893027,39.1096652],[-84.4901181,39.1084165],[-84.491942,39.1060854],[-84.4931865,39.1041539],[-84.4937015,39.1032048],[-84.4945255,39.1024838],[-84.4956542,39.1017677],[-84.4960834,39.1013492],[-84.4961543,39.10128],[-84.4962321,39.1012042],[-84.4972377,39.1002237],[-84.4989832,39.0994017],[-84.4990381,39.0993723],[-84.4990795,39.0993501],[-84.4996736,39.0989671],[-84.5015164,39.0973033],[-84.5043359,39.0959177],[-84.5061212,39.0951084],[-84.5088721,39.094304],[-84.5110307,39.0936629],[-84.5127001,39.0933281],[-84.5191889,39.0922456],[-84.5214248,39.092239],[-84.5224889,39.092207],[-84.5225534,39.0922077],[-84.5228625,39.092189],[-84.523989,39.0922556],[-84.5252872,39.0924388],[-84.526403,39.0926636],[-84.5272291,39.0929551],[-84.5279158,39.0932715],[-84.5300723,39.094379],[-84.5321751,39.095528],[-84.5334518,39.0962108],[-84.5348573,39.0968603],[-84.536928,39.0976846],[-84.5386124,39.098359],[-84.5408011,39.0991584],[-84.5423568,39.0995663],[-84.5438373,39.0997849],[-84.5449424,39.0998827],[-84.5467771,39.0999244],[-84.5480538,39.0998661],[-84.549706,39.0997162],[-84.5509613,39.0994914],[-84.5523346,39.0990168],[-84.5533646,39.0985339],[-84.5541585,39.098051],[-84.5547243,39.0975893],[-84.5549953,39.0973682],[-84.5582998,39.0944456],[-84.5590616,39.0935546],[-84.5600915,39.092189],[-84.5614756,39.0905319],[-84.5628059,39.0889997],[-84.5640076,39.0878422],[-84.5645376,39.0874941],[-84.5697475,39.0836283],[-84.5715285,39.0825623],[-84.5725585,39.0821543],[-84.5730627,39.0819127],[-84.5753587,39.0812715],[-84.5782018,39.0806552],[-84.5805729,39.0802304],[-84.5840383,39.0795975],[-84.5868278,39.0790311],[-84.5920228,39.0780129],[-84.5926691,39.0778457],[-84.5931011,39.0777297],[-84.5945955,39.0773571],[-84.5966018,39.0766991],[-84.5975781,39.0761827],[-84.5987583,39.0753998],[-84.5998526,39.0748334],[-84.6010113,39.0744003],[-84.6024275,39.0739422],[-84.6037579,39.0736673],[-84.6053887,39.0733841],[-84.6071697,39.0732342],[-84.609058,39.0732342],[-84.6106566,39.0733092],[-84.6129633,39.0733675],[-84.6149159,39.0733425],[-84.6168471,39.0732259],[-84.6184457,39.0732675],[-84.6198726,39.0734091],[-84.6219647,39.0738756],[-84.6237028,39.0743586],[-84.6245182,39.0745835],[-84.6276188,39.0754414],[-84.6283806,39.0757413],[-84.6290994,39.0760828],[-84.6297968,39.076266],[-84.6311808,39.0763659],[-84.6323031,39.076962],[-84.6344638,39.0782066],[-84.6356118,39.0792393],[-84.6364058,39.0798806],[-84.637661,39.0805053],[-84.6388948,39.0812215],[-84.6400428,39.0823208],[-84.6409441,39.0830953],[-84.6426178,39.0843196],[-84.6438301,39.0854605],[-84.6452785,39.0870011],[-84.6472526,39.0888415],[-84.6491731,39.0904986],[-84.6509648,39.0918309],[-84.6524025,39.0927386],[-84.654001,39.0936629],[-84.6584181,39.0955172],[-84.6599255,39.0961367],[-84.6634639,39.0972017],[-84.6661246,39.0978095],[-84.6669186,39.0978844],[-84.6688712,39.0978012],[-84.6715212,39.097568],[-84.6729374,39.0975764],[-84.6742249,39.0977595],[-84.6766389,39.0981675],[-84.6785594,39.098384],[-84.6801365,39.0987254],[-84.6817995,39.0992749],[-84.683441,39.0998494],[-84.6848679,39.100299],[-84.6859301,39.1007653],[-84.6884621,39.1023306],[-84.6893204,39.1031465],[-84.6900392,39.1038958],[-84.6909297,39.1052612],[-84.6916056,39.1063435],[-84.6925712,39.1075506],[-84.693569,39.1086496],[-84.6950067,39.1099399],[-84.6955109,39.1105227],[-84.6963156,39.1116382],[-84.6973134,39.1126038],[-84.6980322,39.1135279],[-84.6987403,39.1147099],[-84.6995128,39.1156423],[-84.7027958,39.1195379],[-84.7045982,39.1216021],[-84.7055209,39.1226592],[-84.707377,39.124482],[-84.7081495,39.1254392],[-84.7096837,39.1275282],[-84.7107029,39.1288849],[-84.7112823,39.1297171],[-84.7118831,39.1302498],[-84.71239,39.1307099],[-84.713074,39.1311486],[-84.713471,39.1315397],[-84.713707,39.1319309],[-84.7142005,39.1329046],[-84.7151769,39.1337951],[-84.7172368,39.1356342],[-84.7178805,39.1364081],[-84.718256,39.1368159],[-84.7194899,39.1376481],[-84.7222472,39.1396119],[-84.7243393,39.1409766],[-84.7250903,39.1413428],[-84.7264432,39.1421366],[-84.7280086,39.1430486],[-84.7317207,39.1444299],[-84.7353471,39.1456197],[-84.737922,39.1464019],[-84.7399068,39.146976],[-84.7425139,39.1475668],[-84.7443486,39.1477581],[-84.7445739,39.1476916],[-84.7448421,39.147417],[-84.7451962,39.1473754],[-84.7454644,39.1475501],[-84.7457326,39.1477831],[-84.7462261,39.1477997],[-84.7497237,39.1477332],[-84.7513867,39.1475251],[-84.7524381,39.1472589],[-84.753747,39.1467597],[-84.7556031,39.1460441],[-84.7578648,39.1449674],[-84.7594859,39.1439423],[-84.7628451,39.1415342],[-84.7656453,39.1393956],[-84.7674585,39.1377479],[-84.7695613,39.1359255],[-84.7718895,39.1333706],[-84.7741533,39.1303829],[-84.7767604,39.1269706],[-84.7788632,39.1241741],[-84.7817386,39.1209529],[-84.7822428,39.1203453],[-84.7829831,39.1193464],[-84.7834337,39.1186639],[-84.7841955,39.1178981],[-84.7874034,39.1154425],[-84.7891737,39.1144519],[-84.7909332,39.1137859],[-84.7935939,39.1129618],[-84.7961796,39.1123375],[-84.802928,39.1107225],[-84.8058248,39.1102313],[-84.8101485,39.1092323],[-84.8108781,39.1089243],[-84.8112965,39.1084664],[-84.8115004,39.1079919],[-84.8120261,39.1070928],[-84.8127127,39.1067348],[-84.8142148,39.1062685],[-84.8157704,39.105819],[-84.8171437,39.1055609],[-84.8183775,39.1055442],[-84.8191608,39.1054943],[-84.8199343,39.105441],[-84.822389,39.1045667],[-84.8247654,39.1036167],[-84.8253262,39.1034239],[-84.8254332,39.1033879],[-84.8260186,39.1031813],[-84.82707,39.1027733],[-84.8280463,39.1023903],[-84.828969,39.1018242],[-84.8299239,39.1014412],[-84.8314152,39.10085],[-84.8324773,39.1003588],[-84.8331103,39.0999425],[-84.8340545,39.0993181],[-84.8352775,39.0983689],[-84.8359535,39.0979525],[-84.8371444,39.0971699],[-84.8385069,39.0961957],[-84.8390942,39.095729],[-84.8394081,39.0954796],[-84.8403201,39.0948384],[-84.8410604,39.0941973],[-84.8417899,39.0936061],[-84.8429487,39.0928234],[-84.8439786,39.0922321],[-84.8446653,39.0918657],[-84.8449335,39.0916159],[-84.845309,39.0912162],[-84.8456201,39.0907166],[-84.8461995,39.0901587],[-84.8468861,39.089709],[-84.8471329,39.0894009],[-84.847723,39.0886098],[-84.8484204,39.0876521],[-84.8489568,39.0870859],[-84.8493323,39.0867611],[-84.8497293,39.0865779],[-84.8503194,39.0863114],[-84.85077,39.0861199],[-84.851521,39.0855702],[-84.8524973,39.0846792],[-84.8533127,39.0839213],[-84.8552439,39.0822724],[-84.8571322,39.0807316],[-84.8580656,39.0799904],[-84.8591363,39.0792916],[-84.8603551,39.078393],[-84.8616168,39.0775085],[-84.862679,39.0769005],[-84.8650179,39.0757261],[-84.8662195,39.0750098],[-84.8672924,39.0745351],[-84.8692772,39.0736522],[-84.8722813,39.0722778],[-84.8736653,39.0717781],[-84.8747167,39.0715615],[-84.8755321,39.0714366],[-84.8767123,39.0710784],[-84.8778818,39.0706536],[-84.8788366,39.0701955],[-84.8795018,39.0700122],[-84.8803923,39.0699373],[-84.8809931,39.0698123],[-84.884598,39.0683546],[-84.8849521,39.0681297],[-84.8851559,39.0678548],[-84.8853061,39.06748],[-84.8857138,39.0671801],[-84.8865614,39.0670052],[-84.8876343,39.066622],[-84.8884926,39.0663804],[-84.8893294,39.0659473],[-84.8900268,39.0653975],[-84.8902306,39.0651059],[-84.8904452,39.0649143],[-84.8909066,39.0646644],[-84.8912821,39.0643229],[-84.8920545,39.0636231],[-84.8935244,39.0620487],[-84.8944363,39.061074],[-84.8949835,39.0603076],[-84.8954019,39.0596827],[-84.8957345,39.0588913],[-84.8963246,39.0578916],[-84.8965499,39.0576333],[-84.8969362,39.0574667],[-84.8972902,39.0574667],[-84.8973117,39.0573167],[-84.8971293,39.0569752],[-84.8971722,39.0567419],[-84.8972795,39.0561004],[-84.8973868,39.0554755],[-84.8972795,39.0547091],[-84.8970327,39.0539092],[-84.8966143,39.0530594],[-84.8959598,39.0519763],[-84.8952088,39.0509682],[-84.8942861,39.0501516],[-84.89346,39.0493518],[-84.8930631,39.0488352],[-84.8926339,39.0478436],[-84.8922369,39.0469604],[-84.8912392,39.0454856],[-84.8902628,39.0441524],[-84.8893294,39.0427025],[-84.8886213,39.0415775],[-84.887763,39.0402526],[-84.8872887,39.0395327],[-84.8870656,39.0391943],[-84.8862395,39.0382859],[-84.8856494,39.0375442],[-84.8853168,39.0372859],[-84.8848877,39.0370359],[-84.8842976,39.0367776],[-84.8831389,39.0363526],[-84.8812506,39.0354025],[-84.8803816,39.0348692],[-84.8797378,39.0343775],[-84.8788366,39.0334274],[-84.8779676,39.032219],[-84.8778067,39.0319606],[-84.877871,39.0317106],[-84.8781607,39.0314356],[-84.8781607,39.0312772],[-84.8779461,39.0311939],[-84.8777337,39.0311822],[-84.8772273,39.0310689],[-84.8750708,39.0299104],[-84.872292,39.0282518],[-84.8718414,39.0278601],[-84.8704789,39.0263682],[-84.8692236,39.025043],[-84.8655114,39.0211171],[-84.8648999,39.0205086],[-84.8637411,39.0195751],[-84.8605869,39.0159323],[-84.8587308,39.013965],[-84.8572824,39.0125228],[-84.8561022,39.0111806],[-84.8532376,39.0075458],[-84.8526904,39.0068205],[-84.8518643,39.0060785],[-84.8508344,39.0049863],[-84.8500941,39.0039275],[-84.8494611,39.0027852],[-84.8486779,39.0003923],[-84.8482809,38.9996419],[-84.8480878,38.9991917],[-84.8480663,38.9987247],[-84.8479054,38.9982828],[-84.8469934,38.9971071],[-84.8461137,38.9963317],[-84.8446975,38.995231],[-84.8417256,38.9928378],[-84.839966,38.9914203],[-84.8389039,38.9903862],[-84.8381207,38.9894856],[-84.8371658,38.988143],[-84.836565,38.9869338],[-84.8353848,38.9849073],[-84.8345694,38.9834312],[-84.8333034,38.9812211],[-84.8311684,38.9765671],[-84.8306534,38.9751742],[-84.8302672,38.9741733],[-84.8300311,38.9730473],[-84.8299453,38.9714208],[-84.8299668,38.9705116],[-84.8299131,38.9696941],[-84.8298595,38.9692604],[-84.8299668,38.9688683],[-84.8301813,38.9682677],[-84.830353,38.9674169],[-84.8306641,38.9668496],[-84.8309753,38.9662741],[-84.8311791,38.9653481],[-84.8314259,38.964614],[-84.8318765,38.963004],[-84.8324344,38.9616859],[-84.8329923,38.9604178],[-84.8336253,38.9594334],[-84.8342226,38.9588473],[-84.8345265,38.9585491],[-84.835299,38.9577816],[-84.8366187,38.9567637],[-84.8376379,38.9560045],[-84.8385284,38.9553788],[-84.8396656,38.9548365],[-84.8401592,38.9545278],[-84.8404703,38.9541857],[-84.8409638,38.9534515],[-84.8432189,38.951656],[-84.8444078,38.9508567],[-84.8457274,38.9500974],[-84.8481951,38.9488625],[-84.8489568,38.948512],[-84.8496864,38.9478946],[-84.8506305,38.9467515],[-84.851521,38.9454998],[-84.8524222,38.9443149],[-84.8535917,38.943105],[-84.8544929,38.9423122],[-84.8551795,38.9418282],[-84.8556838,38.9412942],[-84.8558876,38.9410271],[-84.8563597,38.9405598],[-84.8578188,38.9394833],[-84.8591599,38.9386405],[-84.8604474,38.9376808],[-84.8620031,38.9368296],[-84.8630545,38.936187],[-84.8643741,38.9352022],[-84.8662302,38.9335414],[-84.8670564,38.9327403],[-84.8677323,38.9319557],[-84.86814,38.9314133],[-84.8688373,38.9308708],[-84.8697493,38.9301864],[-84.8705861,38.9293601],[-84.871423,38.9283753],[-84.8718951,38.9275072],[-84.8725066,38.9269397],[-84.8728499,38.9264723],[-84.8732362,38.925863],[-84.8737082,38.9254707],[-84.8742125,38.9249615],[-84.8755,38.9233757],[-84.8761973,38.922541],[-84.8770556,38.9214725],[-84.8776457,38.9205877],[-84.8781178,38.9197697],[-84.8784718,38.918551],[-84.8790619,38.9168314],[-84.879255,38.9163389],[-84.8792121,38.9158547],[-84.8788688,38.9152954],[-84.878783,38.9148029],[-84.8788795,38.9137761],[-84.8788152,38.9130832],[-84.8786328,38.9125573],[-84.8776564,38.9110295],[-84.8773668,38.9105954],[-84.8772058,38.9100361],[-84.8772273,38.9095352],[-84.8770234,38.9090092],[-84.8759613,38.9077819],[-84.8752961,38.9071725],[-84.8748026,38.9067467],[-84.8745344,38.9062207],[-84.8743091,38.9056947],[-84.8738155,38.9053608],[-84.873204,38.9049433],[-84.8728499,38.9044424],[-84.8723779,38.9031649],[-84.8720882,38.9026222],[-84.870672,38.9009691],[-84.8703646,38.9006658],[-84.8697852,38.900265],[-84.8688518,38.8996973],[-84.867897,38.899213],[-84.8664271,38.898712],[-84.8646783,38.8983279],[-84.863702,38.8980858],[-84.8624467,38.8978937],[-84.8611056,38.8977518],[-84.8591744,38.8976349],[-84.8571038,38.8976182],[-84.8564064,38.8976349],[-84.8556661,38.8974762],[-84.8549687,38.8974011],[-84.8537993,38.8974178],[-84.8516964,38.8974011],[-84.8505592,38.8974345],[-84.8496258,38.8975096],[-84.8484778,38.8975514],[-84.8474156,38.8974929],[-84.8465573,38.8974929],[-84.8435211,38.8975764],[-84.8390793,38.8975931],[-84.836955,38.8975096],[-84.8335432,38.8973009],[-84.8314082,38.8971923],[-84.8303568,38.8972591],[-84.8291015,38.8971005],[-84.8245525,38.8964325],[-84.8214733,38.8958814],[-84.8143908,38.8953776],[-84.8133086,38.89523],[-84.8118495,38.8948793],[-84.8102724,38.8944117],[-84.8086523,38.8938021],[-84.8078155,38.8935349],[-84.8071718,38.8934431],[-84.8067104,38.8933345],[-84.806013,38.8929922],[-84.8054444,38.8928335],[-84.8029768,38.8922657],[-84.8014962,38.8917062],[-84.7993075,38.8905371],[-84.7977518,38.8894849],[-84.7962069,38.8884911],[-84.7951769,38.8880318],[-84.7943937,38.8876978],[-84.7935783,38.8875976],[-84.793117,38.8874055],[-84.7927522,38.8869879],[-84.7919368,38.8861695],[-84.7897267,38.8846913],[-84.7877096,38.8832716],[-84.7864007,38.8820522],[-84.7854244,38.8807493],[-84.7851776,38.8800143],[-84.7846412,38.8758215],[-84.784609,38.8749779],[-84.7848558,38.8735747],[-84.7854244,38.8710187],[-84.7857677,38.8696822],[-84.7864115,38.86807],[-84.7880101,38.8648789],[-84.789201,38.8629742],[-84.7898125,38.8620553],[-84.790939,38.8605682],[-84.7925805,38.8589308],[-84.7930311,38.8585131],[-84.7935354,38.8578447],[-84.7941791,38.8575272],[-84.7950374,38.8572599],[-84.7957777,38.8570677],[-84.7963785,38.8567419],[-84.7987389,38.8551461],[-84.799565,38.8545028],[-84.800316,38.8537926],[-84.8007666,38.8531326],[-84.8012602,38.8524725],[-84.8021828,38.8515618],[-84.8034381,38.8506009],[-84.8047363,38.8499325],[-84.8061096,38.849264],[-84.8072469,38.8485621],[-84.8082339,38.8478101],[-84.8094785,38.8470915],[-84.8100578,38.8468408],[-84.8118066,38.8460972],[-84.8135661,38.8454287],[-84.8145639,38.844827],[-84.8160016,38.8439329],[-84.8167955,38.843582],[-84.8177933,38.8430806],[-84.8190271,38.8422032],[-84.8203682,38.8412672],[-84.8221063,38.8399553],[-84.8225033,38.8397129],[-84.8236834,38.8388939],[-84.8243164,38.8382338],[-84.8247027,38.8377156],[-84.8251855,38.8374148],[-84.8258828,38.8366961],[-84.8270845,38.8353004],[-84.8277389,38.8343644],[-84.8283719,38.8332696],[-84.8296165,38.8311217],[-84.8299276,38.8303695],[-84.8300027,38.8296591],[-84.8299491,38.8271851],[-84.8300134,38.8263158],[-84.8299169,38.8257725],[-84.8296701,38.8250453],[-84.8293053,38.824385],[-84.8290157,38.8232483],[-84.8287904,38.8222703],[-84.8281252,38.8208326],[-84.8275351,38.8194784],[-84.8269879,38.8184669],[-84.8262584,38.8175725],[-84.8245954,38.8155328],[-84.8236727,38.8142788],[-84.8222243,38.8126403],[-84.8209261,38.8114198],[-84.8201,38.8105252],[-84.8193061,38.8091291],[-84.8190057,38.8085188],[-84.8182976,38.8074152],[-84.8172032,38.8062113],[-84.8163449,38.8051578],[-84.814167,38.8003418],[-84.8133945,38.7985107],[-84.8131048,38.7974488],[-84.8129653,38.7961694],[-84.8128688,38.7954336],[-84.8126113,38.7947813],[-84.8120856,38.7935187],[-84.8117422,38.7927493],[-84.8116242,38.7918546],[-84.8116135,38.7906755],[-84.8117315,38.7893458],[-84.8120856,38.7877736],[-84.8125362,38.7866865],[-84.8130082,38.7860174],[-84.8135018,38.7853985],[-84.8143172,38.784696],[-84.8148965,38.7842779],[-84.8156153,38.783935],[-84.8172676,38.7835921],[-84.8195099,38.7831739],[-84.8224282,38.7830234],[-84.8259043,38.7830987],[-84.8283612,38.7831405],[-84.83011,38.7833496],[-84.8320519,38.783659],[-84.8349165,38.7840855],[-84.836322,38.7844368],[-84.8379206,38.7850807],[-84.8400878,38.7857749],[-84.843049,38.7866363],[-84.8445725,38.7871715],[-84.8472225,38.787966],[-84.8495399,38.7885681],[-84.85219,38.7892789],[-84.854679,38.7897807],[-84.8578011,38.7904915],[-84.8609447,38.7909347],[-84.8631334,38.7912692],[-84.8665237,38.7915702],[-84.869399,38.7918211],[-84.8716091,38.7921389],[-84.8746347,38.7923563],[-84.8756754,38.792373],[-84.877392,38.792557],[-84.8797738,38.7930504],[-84.8809647,38.7933598],[-84.8819517,38.7937528],[-84.8826384,38.7940455],[-84.8835933,38.7942294],[-84.8844408,38.7943967],[-84.8859107,38.7945556],[-84.8867904,38.7946308],[-84.8872411,38.7947981],[-84.8876058,38.7947813],[-84.8882281,38.7946308],[-84.8892688,38.7944719],[-84.8903202,38.7943465],[-84.8925733,38.7940873],[-84.8933565,38.7939284],[-84.8939788,38.7937444],[-84.8954057,38.7931173],[-84.8969721,38.7923981],[-84.8982167,38.7920135],[-84.8992466,38.7917542],[-84.9005019,38.7912525],[-84.9029803,38.7901654],[-84.9045359,38.7894545],[-84.9066388,38.7881583],[-84.9081408,38.7874057],[-84.9093854,38.7868203],[-84.9108123,38.7862767],[-84.9122071,38.7855073],[-84.9138148,38.7847859],[-84.9144065,38.7845204],[-84.9166595,38.7837008],[-84.917711,38.7832743],[-84.9188911,38.7829565],[-84.9201571,38.7826721],[-84.9210369,38.7824379],[-84.9222063,38.7819696],[-84.9232148,38.7813841],[-84.9240624,38.7810747],[-84.9252533,38.7808907],[-84.9259829,38.7806063],[-84.9272382,38.779954],[-84.9282896,38.7794605],[-84.9296414,38.7787496],[-84.9320339,38.7779383],[-84.93389,38.7773193],[-84.9370336,38.7766],[-84.9397587,38.7760229],[-84.9412071,38.7756465],[-84.9428593,38.7754123],[-84.9441253,38.7752785],[-84.9458527,38.7752283],[-84.9476873,38.7752032],[-84.9501764,38.775588],[-84.952011,38.7760145],[-84.9544358,38.776416],[-84.9563455,38.7767589],[-84.9588024,38.777219],[-84.9606799,38.7776957],[-84.9619459,38.7778463],[-84.9637269,38.7780219],[-84.9650251,38.7780554],[-84.9671709,38.7783481],[-84.9685442,38.7783648],[-84.9700677,38.7784568],[-84.9712157,38.778599],[-84.9726641,38.7785656],[-84.975711,38.7788248],[-84.9788868,38.7790423],[-84.9827277,38.7791176],[-84.9840903,38.7789838],[-84.9863326,38.7788499],[-84.9880814,38.7786827],[-84.9892186,38.7785488],[-84.9900448,38.7786074],[-84.9904954,38.7784066],[-84.9911069,38.7784234],[-84.9922871,38.7781474],[-84.9938964,38.7776539],[-84.9952053,38.7771019],[-84.9971473,38.7759142],[-84.9993896,38.7745006],[-85.000559,38.7736558],[-85.0019538,38.7725349],[-85.0028014,38.7720247],[-85.0036275,38.7713137],[-85.0047862,38.7704521],[-85.0056874,38.7698666],[-85.0068354,38.7689966],[-85.0080585,38.7682187],[-85.0091528,38.767608],[-85.0105154,38.7666878],[-85.0122749,38.7657091],[-85.0153004,38.7644292],[-85.0165664,38.7639691],[-85.0180148,38.7635006],[-85.0191736,38.7627811],[-85.0206971,38.7621119],[-85.0217914,38.7615263],[-85.0231647,38.7612585],[-85.0234436,38.7611498],[-85.0237762,38.7608653],[-85.0242161,38.7605307],[-85.024774,38.7603801],[-85.0251281,38.7602295],[-85.0254285,38.7599033],[-85.0268661,38.7592507],[-85.0275206,38.7588826],[-85.0281858,38.7587738],[-85.0288939,38.75864],[-85.0295215,38.7583572],[-85.0326549,38.7579759],[-85.0338276,38.7578021],[-85.0345075,38.7576022],[-85.0354151,38.757235],[-85.0371545,38.7565336],[-85.0373935,38.7560893],[-85.0380631,38.7557898],[-85.0389593,38.7555818],[-85.0407899,38.7550779],[-85.0426279,38.7542099],[-85.0442991,38.7533221],[-85.0452823,38.7526707],[-85.0462709,38.751913],[-85.0471735,38.7512258],[-85.0480697,38.7505756],[-85.0491428,38.7498512],[-85.0515795,38.7485391],[-85.051992,38.7484274],[-85.0522506,38.7482985],[-85.0526153,38.7480559],[-85.0535273,38.7478718],[-85.055555,38.7472861],[-85.0561344,38.7470936],[-85.0570571,38.7467756],[-85.0583767,38.7461481],[-85.0599217,38.7451858],[-85.0607156,38.7449933],[-85.0614988,38.7445247],[-85.0630009,38.743939],[-85.0646531,38.7435206],[-85.0662088,38.7431524],[-85.0679039,38.7427423],[-85.0689446,38.7423992],[-85.0699209,38.7419976],[-85.0703716,38.7417465],[-85.071305,38.7415373],[-85.0720345,38.7414285],[-85.0727534,38.7411022],[-85.07344,38.7408093],[-85.074073,38.7403825],[-85.0749742,38.739872],[-85.075972,38.7394452],[-85.0765299,38.7389933],[-85.076841,38.7386502],[-85.0774526,38.7383071],[-85.0781607,38.7377882],[-85.0789761,38.7371857],[-85.0801026,38.7366417],[-85.0805854,38.7364492],[-85.0814974,38.7359722],[-85.0828599,38.7351688],[-85.0832354,38.7350851],[-85.0836646,38.7350265],[-85.0844478,38.7344156],[-85.0856494,38.7337544],[-85.0864863,38.733269],[-85.0877094,38.7326162],[-85.089265,38.7320136],[-85.0897586,38.7317625],[-85.090059,38.7313692],[-85.0904989,38.7311181],[-85.0918721,38.7307749],[-85.0928699,38.7304402],[-85.0939643,38.7298292],[-85.0961637,38.7287076],[-85.0970005,38.7282222],[-85.0973224,38.7278204],[-85.0977301,38.7275024],[-85.0982665,38.7273099],[-85.0987171,38.727176],[-85.0994145,38.7267826],[-85.0998329,38.7267826],[-85.100938,38.7266152],[-85.1017212,38.7265064],[-85.1020753,38.7262804],[-85.102837,38.725661],[-85.1035988,38.724983],[-85.1039743,38.7247905],[-85.1040708,38.7246231],[-85.1038455,38.7246231],[-85.103588,38.7246984],[-85.1033842,38.7246649],[-85.1034807,38.7245143],[-85.1054119,38.7229825],[-85.106399,38.7222124],[-85.1070105,38.7217939],[-85.1071135,38.7215964],[-85.1070642,38.7211494],[-85.1071286,38.7209317],[-85.1076006,38.7205216],[-85.1091456,38.7195087],[-85.1100146,38.7189562],[-85.1110017,38.7182196],[-85.1118922,38.717508],[-85.1127505,38.7166961],[-85.1138448,38.7158673],[-85.1156472,38.7147288],[-85.1170635,38.7139335],[-85.1192951,38.7123597],[-85.1206683,38.7114723],[-85.1218378,38.7108946],[-85.1232433,38.7100742],[-85.1241016,38.7096053],[-85.1258182,38.7084584],[-85.1269233,38.7075877],[-85.1282536,38.7064155],[-85.1299381,38.7046406],[-85.1312362,38.7034851],[-85.1321375,38.7028237],[-85.1332747,38.7022209],[-85.1343691,38.7018357],[-85.1353883,38.7013082],[-85.1360535,38.7006216],[-85.1368045,38.7001025],[-85.1380812,38.6994745],[-85.1403021,38.6984446],[-85.1429092,38.6973058],[-85.1448404,38.6965438],[-85.1472544,38.6955474],[-85.148617,38.6950115],[-85.1493358,38.6944672],[-85.1499366,38.694216],[-85.1509344,38.6939815],[-85.153284,38.6931022],[-85.1572966,38.691754],[-85.1595818,38.6911343],[-85.1611912,38.6907408],[-85.1632082,38.6901881],[-85.1650106,38.6898028],[-85.1669955,38.6894009],[-85.1683366,38.6890827],[-85.1692485,38.6889152],[-85.1701175,38.6886974],[-85.1706647,38.6886556],[-85.1718878,38.6883624],[-85.1729821,38.6880693],[-85.1736259,38.6880442],[-85.1751708,38.6882368],[-85.176469,38.6883959],[-85.1773166,38.6884378],[-85.1791405,38.6883876],[-85.180664,38.6881615],[-85.181812,38.6880442],[-85.1834642,38.688061],[-85.1848804,38.6878265],[-85.1859104,38.687793],[-85.1869082,38.6876925],[-85.1875841,38.687525],[-85.1884424,38.6875082],[-85.1894187,38.6876674],[-85.1903951,38.6879856],[-85.1920044,38.6887393],[-85.192176,38.6888984],[-85.1921224,38.6890492],[-85.1918864,38.6890994],[-85.1915967,38.6890827],[-85.1910388,38.6891078],[-85.1910066,38.6891999],[-85.1912963,38.6893088],[-85.1920151,38.6895097],[-85.192573,38.6896102],[-85.194118,38.6895767],[-85.1952767,38.6896102],[-85.1963388,38.689828],[-85.2014726,38.6910096],[-85.204262,38.6916265],[-85.2059357,38.6921959],[-85.2070945,38.6926649],[-85.2084248,38.6931003],[-85.2096694,38.6936698],[-85.2109568,38.6944401],[-85.212373,38.6950096],[-85.2148192,38.6962489],[-85.2167933,38.6977561],[-85.2180379,38.6985599],[-85.2190249,38.6992298],[-85.2206128,38.700536],[-85.2212994,38.7010384],[-85.2219432,38.7020431],[-85.2233594,38.7036507],[-85.2239173,38.7040861],[-85.2247327,38.7046554],[-85.2257626,38.7053252],[-85.2267497,38.7063299],[-85.2272003,38.7072174],[-85.2277367,38.7080211],[-85.2284663,38.7089755],[-85.2302473,38.7110852],[-85.2316635,38.7127261],[-85.2329724,38.7139986],[-85.2333157,38.7143334],[-85.2332943,38.7146013],[-85.2330797,38.7147185],[-85.2326076,38.7147185],[-85.232393,38.7147855],[-85.2324789,38.7150366],[-85.2329724,38.7154887],[-85.2338307,38.7160412],[-85.2348178,38.7167611],[-85.23544,38.7174643],[-85.2358692,38.7180837],[-85.2358692,38.7183516],[-85.2356332,38.7184018],[-85.2354615,38.7182009],[-85.2351825,38.718],[-85.2350967,38.718134],[-85.2352469,38.7183516],[-85.2362769,38.7197914],[-85.2373927,38.7214321],[-85.2379077,38.7218673],[-85.2388518,38.7225704],[-85.2398818,38.7237088],[-85.2415126,38.7254163],[-85.2441304,38.72853],[-85.2461903,38.7311413],[-85.2463963,38.731471],[-85.2469199,38.7319448],[-85.248588,38.733139],[-85.2493661,38.7334847],[-85.2514689,38.7343886],[-85.2538293,38.7352924],[-85.2555888,38.7361628],[-85.2567046,38.7367988],[-85.2579921,38.7373344],[-85.2589791,38.7376692],[-85.2603095,38.7381043],[-85.2624123,38.7386399],[-85.2651589,38.739209],[-85.2676909,38.7398785],[-85.269665,38.7401463],[-85.2718537,38.7405479],[-85.2741711,38.7408827],[-85.2767031,38.7413513],[-85.2785914,38.7415856],[-85.2799218,38.7416526],[-85.2815097,38.7417195],[-85.284385,38.7418869],[-85.2885907,38.7422885],[-85.2899211,38.742322],[-85.2920668,38.7421881],[-85.2928393,38.7421212],[-85.2930539,38.7418534],[-85.2933543,38.7417195],[-85.2937405,38.7419873],[-85.2949422,38.7419538],[-85.296058,38.7419873],[-85.2977746,38.7418534],[-85.2997058,38.7418534],[-85.3011649,38.7418869],[-85.3024953,38.7417865],[-85.3040402,38.7414517],[-85.3058427,38.7414517],[-85.3070872,38.7413178],[-85.3100054,38.7408492],[-85.3126662,38.7403806],[-85.3154986,38.7397446],[-85.317344,38.7393764],[-85.3215497,38.7383387],[-85.3257983,38.7374014],[-85.3280728,38.7371336],[-85.3331368,38.7361628],[-85.3345101,38.7358615],[-85.335583,38.7356607],[-85.3362267,38.7354598],[-85.33657,38.7351585],[-85.3364842,38.7348238],[-85.3360551,38.7348572],[-85.3356688,38.7346899],[-85.3360551,38.7345225],[-85.3376858,38.7340873],[-85.3382008,38.7339534],[-85.33863,38.7340538],[-85.3395312,38.7342547],[-85.3399604,38.7342547],[-85.3403895,38.7340873],[-85.3421061,38.7334177],[-85.3431361,38.7333173],[-85.3450673,38.7328486],[-85.3467839,38.7326143],[-85.3478139,38.7324469],[-85.3496163,38.7320787],[-85.3506034,38.7319113],[-85.351805,38.7315095],[-85.3529637,38.7312417],[-85.354337,38.7312082],[-85.3565686,38.7311413],[-85.3591006,38.7310074],[-85.3600018,38.7309069],[-85.3606885,38.7307061],[-85.3617614,38.7305052],[-85.3636032,38.7303718],[-85.3650658,38.7303378],[-85.3662246,38.7304048],[-85.3664391,38.7305052],[-85.366482,38.7307061],[-85.3661387,38.7309404],[-85.3657954,38.7310409],[-85.36601,38.7311748],[-85.3664391,38.7311413],[-85.3669112,38.7309069],[-85.3681557,38.7305387],[-85.3693145,38.7304048],[-85.371074,38.7303043],[-85.3722756,38.7303713],[-85.3736489,38.7306056],[-85.3745501,38.7309069],[-85.3751939,38.7311413],[-85.3759234,38.7311413],[-85.3768676,38.7312417],[-85.3782408,38.7316435],[-85.3788846,38.7318108],[-85.3800433,38.7318443],[-85.3809445,38.7319448],[-85.382704,38.7324134],[-85.3837769,38.7325808],[-85.3860514,38.7328486],[-85.3881972,38.7332169],[-85.3907721,38.7339199],[-85.3930896,38.7345559],[-85.3977673,38.7355937],[-85.4018872,38.7362632],[-85.4047196,38.7367653],[-85.4078095,38.7370666],[-85.4094832,38.7370666],[-85.4111998,38.7369662],[-85.4133885,38.7368323],[-85.4148906,38.7367653],[-85.4164355,38.7364306],[-85.4183667,38.735895],[-85.4204266,38.7351585],[-85.422272,38.7347568],[-85.4230016,38.7344555],[-85.4233878,38.7339868],[-85.4235595,38.7332838],[-85.423774,38.7329825],[-85.4245894,38.7328821],[-85.4252331,38.7329491],[-85.4257052,38.7328821],[-85.4272073,38.7322795],[-85.4292672,38.7313087],[-85.4306405,38.7306391],[-85.4319279,38.7302374],[-85.4336016,38.7296013],[-85.4346316,38.7293669],[-85.4353183,38.7289987],[-85.4360907,38.7284965],[-85.4366486,38.7280278],[-85.4375928,38.7270234],[-85.4381507,38.7261529],[-85.4387515,38.7249141],[-85.4398673,38.7233405],[-85.4413264,38.7213316],[-85.4429572,38.7190548],[-85.4433624,38.7186388],[-85.4437726,38.7182177],[-85.4447167,38.7173806],[-85.4459613,38.7160412],[-85.4469698,38.7149864],[-85.4475491,38.7146013],[-85.4483431,38.7139149],[-85.4496305,38.7125419],[-85.4501884,38.7119894],[-85.4503386,38.711621],[-85.4507249,38.7098629],[-85.4508965,38.709076],[-85.4513901,38.7079039],[-85.4515403,38.7077699],[-85.4516261,38.7078536],[-85.4516046,38.7080211],[-85.4516261,38.708356],[-85.4514973,38.7093104],[-85.4514544,38.7102481],[-85.4515403,38.7103653],[-85.4516905,38.7103653],[-85.4518407,38.7101978],[-85.4519694,38.7098797],[-85.4520982,38.7093439],[-85.4523127,38.7082053],[-85.4525273,38.7068992],[-85.4527419,38.7055261],[-85.4534285,38.7034832],[-85.4541152,38.7016412],[-85.4545014,38.7006699],[-85.4546731,38.6992968],[-85.4552739,38.698091],[-85.455703,38.6969522],[-85.4561751,38.6948756],[-85.4563039,38.6936028],[-85.4566472,38.6925644],[-85.456733,38.691794],[-85.4566901,38.6902196],[-85.4569047,38.6885113],[-85.456733,38.6873388],[-85.4566472,38.6860324],[-85.456218,38.6841564],[-85.4557889,38.6828834],[-85.4551451,38.6814764],[-85.4543727,38.6804713],[-85.4533856,38.6794998],[-85.4524844,38.6786287],[-85.4518836,38.6777912],[-85.4510682,38.6768531],[-85.450124,38.6756135],[-85.449652,38.6750104],[-85.4484933,38.6738712],[-85.4465192,38.6719614],[-85.4454034,38.6708222],[-85.444588,38.669616],[-85.4434293,38.6679071],[-85.4424422,38.6659637],[-85.4416697,38.6649584],[-85.4412406,38.6638526],[-85.4408972,38.6629479],[-85.440511,38.6623447],[-85.4404252,38.6615069],[-85.4401248,38.6607697],[-85.4389661,38.6596303],[-85.4385369,38.6589601],[-85.4383652,38.6577872],[-85.4387086,38.6556759],[-85.4386657,38.6549386],[-85.4384082,38.6541343],[-85.4381078,38.6528942],[-85.4379361,38.6518553],[-85.4376357,38.6509169],[-85.4375499,38.6499114],[-85.4377215,38.649174],[-85.4384511,38.647163],[-85.4387515,38.6463251],[-85.4387086,38.6448838],[-85.4385369,38.6437107],[-85.4385798,38.6403922],[-85.4386657,38.6390849],[-85.4390948,38.6375094],[-85.4393523,38.6359004],[-85.439481,38.6345595],[-85.4395669,38.6325145],[-85.4396098,38.6314082],[-85.4396956,38.6304695],[-85.4394381,38.6285921],[-85.4394381,38.6262788],[-85.4394381,38.6250048],[-85.4391377,38.623496],[-85.4390519,38.6214172],[-85.4391377,38.6198749],[-85.439009,38.6190031],[-85.4388802,38.6182654],[-85.4383652,38.6158512],[-85.4383652,38.6153146],[-85.4384511,38.6147781],[-85.4386657,38.6140404],[-85.4388373,38.612565],[-85.4388373,38.6113242],[-85.4386657,38.6104859],[-85.4387086,38.6095804],[-85.4386227,38.6087421],[-85.4384511,38.6076689],[-85.4383223,38.6059586],[-85.4382365,38.6046842],[-85.4375928,38.6028396],[-85.436992,38.6015652],[-85.4362624,38.5997541],[-85.4360478,38.5991168],[-85.4353612,38.5980435],[-85.4346745,38.5968696],[-85.4342883,38.5961988],[-85.4337304,38.5954609],[-85.4332583,38.5947901],[-85.4331725,38.594354],[-85.4328292,38.5937167],[-85.4324858,38.5930459],[-85.4319709,38.5925092],[-85.4317563,38.5920061],[-85.4313271,38.5914694],[-85.4310267,38.5909998],[-85.4307263,38.5904631],[-85.4300826,38.5897587],[-85.4294753,38.5890257],[-85.4291857,38.5883112],[-85.4286599,38.5875129],[-85.428366,38.5867732],[-85.4278081,38.585901],[-85.4270356,38.5852972],[-85.4258769,38.583385],[-85.4253619,38.5829154],[-85.4249327,38.582278],[-85.4240315,38.5806341],[-85.4236882,38.5797618],[-85.423302,38.5790238],[-85.4224007,38.5775476],[-85.4210704,38.5754339],[-85.4202121,38.5739577],[-85.4198687,38.5737228],[-85.4189675,38.5718439],[-85.4185384,38.5712735],[-85.4179375,38.5701327],[-85.4173796,38.5692268],[-85.4172509,38.5685557],[-85.4170792,38.5674149],[-85.4167359,38.5662405],[-85.4164355,38.5652002],[-85.4161351,38.5648982],[-85.4160922,38.5644285],[-85.4157918,38.5638916],[-85.415663,38.5631198],[-85.415663,38.562348],[-85.4156201,38.5612741],[-85.4154055,38.5604688],[-85.4152768,38.5592607],[-85.4148906,38.5577505],[-85.4149335,38.5569116],[-85.4149335,38.5559719],[-85.4150622,38.5549987],[-85.4151051,38.553824],[-85.4148906,38.5526158],[-85.4149335,38.5510049],[-85.4153197,38.5494274],[-85.4153197,38.5475815],[-85.4153626,38.5461718],[-85.4154055,38.5447956],[-85.4158776,38.5430838],[-85.4163068,38.5417076],[-85.4170792,38.5404992],[-85.4178088,38.53919],[-85.4180234,38.538653],[-85.4177659,38.5382166],[-85.4177659,38.5377466],[-85.4182379,38.5375116],[-85.4190104,38.5371088],[-85.4194396,38.5367731],[-85.4194825,38.5362696],[-85.4193967,38.5355311],[-85.4195683,38.5350275],[-85.4200833,38.5346583],[-85.4204266,38.5342219],[-85.4211133,38.5336847],[-85.422272,38.5325769],[-85.4237311,38.5310327],[-85.4248469,38.5299584],[-85.4258769,38.5291862],[-85.4266064,38.5283133],[-85.428366,38.5268697],[-85.4299109,38.5257953],[-85.431885,38.5245531],[-85.432915,38.5239823],[-85.4338162,38.5234115],[-85.4348462,38.5229415],[-85.4358332,38.5224714],[-85.4370349,38.5220685],[-85.4382365,38.5217663],[-85.4393523,38.521162],[-85.4416268,38.5202554],[-85.4435151,38.5197518],[-85.4444163,38.5195167],[-85.4461758,38.5188788],[-85.4474633,38.5183751],[-85.4492228,38.5177371],[-85.450124,38.5174014],[-85.4519265,38.5162933],[-85.4533427,38.515521],[-85.4549735,38.5147487],[-85.4566472,38.5140435],[-85.4586642,38.5132712],[-85.4605096,38.5129018],[-85.4618829,38.5124653],[-85.4631703,38.5119951],[-85.4649728,38.5112228],[-85.4668181,38.5102489],[-85.4686635,38.5086706],[-85.4703801,38.5070922],[-85.4727834,38.5052116],[-85.4740279,38.5040362],[-85.4750149,38.5026928],[-85.4757874,38.5015173],[-85.4763453,38.500409],[-85.4773324,38.498864],[-85.4787057,38.4962107],[-85.4794352,38.4944977],[-85.4798215,38.4931205],[-85.4803794,38.4911052],[-85.4811089,38.4891569],[-85.4812377,38.4881828],[-85.4817527,38.487175],[-85.4835551,38.4842861],[-85.485658,38.4817329],[-85.4879754,38.4785078],[-85.4902928,38.4758873],[-85.4917948,38.4742746],[-85.4935544,38.4724267],[-85.4953997,38.4707467],[-85.4968159,38.4696043],[-85.4980176,38.4687307],[-85.499305,38.4679915],[-85.5003779,38.4675547],[-85.5016654,38.4669835],[-85.5032103,38.466177],[-85.5049269,38.4651018],[-85.5064719,38.4643289],[-85.5081027,38.4639257],[-85.5102055,38.463052],[-85.5128663,38.4619431],[-85.5141108,38.4614054],[-85.5150979,38.4610022],[-85.5158274,38.460767],[-85.5169862,38.4604645],[-85.5178874,38.4598933],[-85.5187457,38.45949],[-85.5213206,38.4587843],[-85.5232947,38.4582466],[-85.5249684,38.4575409],[-85.5265134,38.4572384],[-85.5308049,38.4564319],[-85.5336802,38.455827],[-85.537328,38.4553229],[-85.5417912,38.4547852],[-85.5436795,38.4546171],[-85.5464261,38.4543147],[-85.5490439,38.4540122],[-85.5506747,38.453945],[-85.5526488,38.4536089],[-85.556082,38.4534409],[-85.5579274,38.4533065],[-85.5600302,38.4533401],[-85.5618756,38.4533401],[-85.5636351,38.453172],[-85.5657809,38.4528023],[-85.5680983,38.4527687],[-85.5719607,38.4527687],[-85.5741923,38.4526007],[-85.5766385,38.4523654],[-85.5790417,38.4518949],[-85.5812304,38.4513572],[-85.5838053,38.4505842],[-85.5857365,38.4500128],[-85.5877106,38.4493742],[-85.590071,38.448366],[-85.5922597,38.4472904],[-85.5955212,38.4457107],[-85.5974953,38.4448032],[-85.5998986,38.4433915],[-85.602216,38.4420134],[-85.6041472,38.4408369],[-85.605778,38.4394588],[-85.6067651,38.4386856],[-85.6073659,38.438047],[-85.6083529,38.4368032],[-85.6089967,38.4356267],[-85.6095546,38.4348535],[-85.6105845,38.4337441],[-85.6125157,38.431828],[-85.613374,38.4308194],[-85.6141465,38.4302143],[-85.6145756,38.429979],[-85.6146186,38.4295419],[-85.6152194,38.4291049],[-85.6158202,38.4283653],[-85.6170647,38.4274239],[-85.6181805,38.4263145],[-85.6196397,38.4245326],[-85.6197255,38.423961],[-85.6203263,38.4231877],[-85.6206267,38.4225153],[-85.6205838,38.4219773],[-85.6205838,38.4207333],[-85.6206696,38.4198255],[-85.6210988,38.4187831],[-85.6218713,38.4167657],[-85.6227296,38.4155216],[-85.6231802,38.4141429],[-85.6235879,38.4130669],[-85.6243389,38.4116882],[-85.6249612,38.4109484],[-85.6255405,38.4102254],[-85.6259053,38.4094351],[-85.6267207,38.4079555],[-85.6278794,38.4057359],[-85.6293814,38.40355],[-85.6303256,38.4018348],[-85.6308835,38.4002541],[-85.631656,38.3987742],[-85.6319134,38.3977989],[-85.6322997,38.3965208],[-85.6329434,38.3954109],[-85.6333297,38.3942336],[-85.6338017,38.3928546],[-85.6342738,38.3911055],[-85.6353038,38.3879436],[-85.6361621,38.3859253],[-85.6367629,38.3844788],[-85.6372779,38.3830323],[-85.6377499,38.380812],[-85.6378787,38.3801391],[-85.6381147,38.3786084],[-85.6383507,38.3768926],[-85.6383507,38.3750759],[-85.6384795,38.3744871],[-85.6385868,38.3733937],[-85.6386082,38.3711899],[-85.6384366,38.3687673],[-85.6384795,38.3656045],[-85.6388228,38.3632154],[-85.6391876,38.3617516],[-85.6395524,38.3605402],[-85.6403249,38.3590595],[-85.641033,38.357175],[-85.6417411,38.3554082],[-85.642256,38.353776],[-85.6428998,38.3514034],[-85.6433075,38.349687],[-85.6437795,38.3481051],[-85.6441014,38.3470449],[-85.6449812,38.3450928],[-85.6452673,38.3445008],[-85.6453378,38.3443543],[-85.6453906,38.3442514],[-85.6457536,38.3434604],[-85.6471886,38.3404887],[-85.6480925,38.3384787],[-85.6489723,38.3365263],[-85.6499164,38.3341868],[-85.650882,38.3322343],[-85.6512683,38.3315105],[-85.6513112,38.3309214],[-85.6516545,38.3300966],[-85.6525557,38.3284133],[-85.6530962,38.3275152],[-85.6531995,38.3273024],[-85.6537788,38.3263429],[-85.6540792,38.3259052],[-85.6550234,38.3244238],[-85.6553023,38.3239357],[-85.6557744,38.3235653],[-85.6562464,38.3231445],[-85.6582206,38.3208718],[-85.6585639,38.3202489],[-85.6587785,38.3199964],[-85.6593364,38.3197271],[-85.6598943,38.3191378],[-85.6607311,38.3182119],[-85.6614821,38.3176563],[-85.6618898,38.3171176],[-85.6624477,38.316663],[-85.6634991,38.315535],[-85.6653445,38.3135316],[-85.6668036,38.3116964],[-85.6678121,38.3105009],[-85.6689494,38.3093897],[-85.6698506,38.308531],[-85.6709664,38.3070998],[-85.6714814,38.30614],[-85.6717174,38.3056349],[-85.672168,38.3046919],[-85.6725972,38.3039174],[-85.6727045,38.3035132],[-85.673198,38.302806],[-85.6740992,38.3019304],[-85.6755798,38.3006675],[-85.6766742,38.2998592],[-85.6782191,38.2987477],[-85.6795066,38.2978552],[-85.6810944,38.2968785],[-85.6837766,38.2954808],[-85.6872099,38.2937125],[-85.6890338,38.2928536],[-85.6914799,38.2916915],[-85.6934111,38.2907989],[-85.6956642,38.289839],[-85.699462,38.288169],[-85.7038396,38.2858979],[-85.7080238,38.2837925],[-85.7104271,38.2825461],[-85.711736,38.2819902],[-85.7131307,38.2813333],[-85.7219713,38.2772907],[-85.723645,38.2766338],[-85.7248252,38.2759768],[-85.7271426,38.2749324],[-85.729224,38.2739048],[-85.7299536,38.2734332],[-85.730254,38.2730289],[-85.7309621,38.2726246],[-85.7320564,38.2720855],[-85.7332151,38.2715801],[-85.7343095,38.2709905],[-85.7346957,38.2706536],[-85.7352751,38.2703167],[-85.7363909,38.269727],[-85.7378285,38.2689689],[-85.7386439,38.2686994],[-85.739867,38.2681603],[-85.741133,38.2676549],[-85.7421415,38.2673516],[-85.7439225,38.2670989],[-85.7455318,38.266981],[-85.7467549,38.2670315],[-85.7480252,38.267184],[-85.7497,38.2675607],[-85.749762,38.26757],[-85.750679,38.267779],[-85.750726,38.267794],[-85.750834,38.267828],[-85.7510797,38.2678979],[-85.7518295,38.2680513],[-85.7534272,38.2685124],[-85.7542876,38.2688704],[-85.7548412,38.2688518],[-85.75525,38.2689875],[-85.7557478,38.2694448],[-85.7566072,38.2697818],[-85.7569945,38.2700985],[-85.757782,38.2702998],[-85.7586628,38.2710217],[-85.7597325,38.2713914],[-85.7607872,38.2717797],[-85.7617281,38.2723761],[-85.7628235,38.2732639],[-85.7634683,38.2738905],[-85.7638095,38.2743908],[-85.764023,38.2745921],[-85.764347,38.2746949],[-85.7646259,38.2747454],[-85.7648051,38.2748339],[-85.7648244,38.2749804],[-85.7646528,38.275223],[-85.7647118,38.2753898],[-85.7648002,38.2754461],[-85.7648877,38.2755018],[-85.7651849,38.275762],[-85.7652031,38.2759288],[-85.7653126,38.2760964],[-85.7655089,38.2761419],[-85.7664917,38.2762809],[-85.7668157,38.2765125],[-85.7670517,38.2768696],[-85.7672019,38.2773615],[-85.7671397,38.2776655],[-85.7668983,38.2779157],[-85.7666902,38.2784395],[-85.7660915,38.2791975],[-85.7659198,38.2796852],[-85.7660614,38.2802419],[-85.7664938,38.2807472],[-85.7672062,38.2810832],[-85.7678864,38.2812794],[-85.7682963,38.2815043],[-85.7685505,38.2819212],[-85.7691578,38.2824417],[-85.7703412,38.2832215],[-85.7714774,38.2839626],[-85.771708,38.2842607],[-85.771707,38.2846683],[-85.7718185,38.2849361],[-85.7721565,38.2852258],[-85.7726983,38.2855779],[-85.7731886,38.2858128],[-85.7737433,38.2858002],[-85.7742454,38.2858322],[-85.7763257,38.2860983],[-85.7775499,38.2862886],[-85.7780134,38.2866592],[-85.7787,38.286996],[-85.7806409,38.2880857],[-85.7809767,38.288292],[-85.7814938,38.2882524],[-85.7824991,38.2883779],[-85.7837951,38.2884268],[-85.7855751,38.2885783],[-85.7868389,38.2885969],[-85.7879097,38.2883535],[-85.7896874,38.2879333],[-85.790505,38.2876823],[-85.792301,38.287455],[-85.7931453,38.2874449],[-85.7935973,38.2872489],[-85.7949435,38.2865362],[-85.795717,38.2861985],[-85.7971128,38.285764],[-85.7989003,38.2852065],[-85.8001395,38.2849892],[-85.8032358,38.2846144],[-85.8051799,38.2844502],[-85.8057399,38.2843466],[-85.8067023,38.2840595],[-85.8082333,38.2839458],[-85.8105217,38.2835104],[-85.8120281,38.2834733],[-85.8132683,38.2831828],[-85.8144957,38.2830691],[-85.8163196,38.2826143],[-85.8170728,38.2824307],[-85.8176543,38.2824139],[-85.8194921,38.2819237],[-85.8219029,38.280999],[-85.8242632,38.2800237],[-85.8255872,38.2793996],[-85.8269615,38.2783898],[-85.82819,38.2773884],[-85.8291931,38.2765504],[-85.8295762,38.2758075],[-85.8304827,38.2742047],[-85.8328849,38.2702661],[-85.8329708,38.2699983],[-85.8329911,38.269679],[-85.8335737,38.2692191],[-85.8339964,38.2686842],[-85.8352013,38.266949],[-85.8357989,38.2659735],[-85.8361486,38.2651472],[-85.8364866,38.2641675],[-85.8366797,38.2632762],[-85.8368814,38.2621086],[-85.8375252,38.2600936],[-85.8376528,38.2590161],[-85.8375638,38.2579335],[-85.8374779,38.2570742],[-85.8372205,38.2556251],[-85.8370917,38.2517496],[-85.8371775,38.2507385],[-85.8377354,38.2490197],[-85.8380358,38.2478401],[-85.8380788,38.2471324],[-85.8381217,38.2460538],[-85.8379929,38.2456831],[-85.8380788,38.2447057],[-85.8383363,38.2441664],[-85.8384221,38.2430204],[-85.8387654,38.2413688],[-85.8388942,38.2406273],[-85.8389371,38.2398858],[-85.8393662,38.2389082],[-85.8400529,38.2377285],[-85.8401816,38.2372566],[-85.8406537,38.2369195],[-85.8408253,38.2363127],[-85.8414262,38.2351666],[-85.8427994,38.2332115],[-85.8432715,38.2323687],[-85.8442157,38.2310877],[-85.8449881,38.230245],[-85.8454173,38.2296719],[-85.8461468,38.2286942],[-85.8468335,38.2276997],[-85.847842,38.2265366],[-85.8490436,38.2253229],[-85.8497732,38.2246992],[-85.8506315,38.2236372],[-85.8516615,38.2224235],[-85.8522194,38.2219178],[-85.8538931,38.2207715],[-85.8549874,38.2201309],[-85.8556526,38.2198443],[-85.8560603,38.2192542],[-85.8568113,38.2187485],[-85.8616178,38.21595],[-85.8633774,38.2148541],[-85.865566,38.2134548],[-85.8687632,38.2112462],[-85.8704584,38.210184],[-85.8715742,38.2096107],[-85.872411,38.2091049],[-85.8730119,38.2088183],[-85.8739345,38.2082787],[-85.874943,38.2076549],[-85.8759516,38.2068287],[-85.8768313,38.2062385],[-85.8773463,38.2057833],[-85.8776467,38.2051426],[-85.8782904,38.2047042],[-85.879256,38.2037599],[-85.8803289,38.2027651],[-85.881788,38.2014329],[-85.8828824,38.2003537],[-85.8846848,38.1986],[-85.8855646,38.1976725],[-85.8867877,38.1961886],[-85.8884614,38.1941481],[-85.8894484,38.1927821],[-85.8905857,38.1915509],[-85.8912723,38.1910956],[-85.8917229,38.1905222],[-85.8926242,38.1893922],[-85.8948987,38.1866432],[-85.8963149,38.1850241],[-85.899613,38.180416],[-85.9003918,38.1790363],[-85.9014218,38.1774508],[-85.9023659,38.1759158],[-85.9032457,38.174482],[-85.9036105,38.1736048],[-85.9044473,38.1718167],[-85.9050267,38.1707202],[-85.9055846,38.1691344],[-85.9064,38.1672112],[-85.9067219,38.1659122],[-85.9070008,38.1648325],[-85.9070437,38.1640733],[-85.9073656,38.1630442],[-85.9075802,38.1616438],[-85.9077304,38.1604122],[-85.9080093,38.1586744],[-85.9081381,38.1577127],[-85.9080737,38.1561604],[-85.9081166,38.1548949],[-85.9082024,38.1533426],[-85.9083097,38.1516721],[-85.9084385,38.1497822],[-85.9085243,38.1491578],[-85.908696,38.1467448],[-85.9088247,38.1449729],[-85.908932,38.1423065],[-85.9089105,38.1411927],[-85.9086745,38.1380199],[-85.9084599,38.137041],[-85.9084385,38.1339693],[-85.9081595,38.1309143],[-85.9079449,38.1296315],[-85.9076874,38.1278086],[-85.907387,38.1251247],[-85.9072583,38.1234367],[-85.9068721,38.1209721],[-85.9065717,38.1191658],[-85.9059279,38.1155025],[-85.905649,38.1126662],[-85.9053915,38.1113493],[-85.9048765,38.1093571],[-85.9045332,38.1074323],[-85.9044688,38.1053556],[-85.9043186,38.1025527],[-85.9044903,38.1015395],[-85.9043186,38.0995639],[-85.9043186,38.0983144],[-85.9045761,38.0956801],[-85.9047692,38.0937212],[-85.9050482,38.0900734],[-85.9052413,38.0889926],[-85.906164,38.0866113],[-85.9073227,38.083909],[-85.9082668,38.0816965],[-85.9092109,38.0799061],[-85.9097045,38.0786224],[-85.9103267,38.0773049],[-85.9109919,38.0756834],[-85.9125798,38.072153],[-85.9129446,38.0712577],[-85.9130948,38.0712915],[-85.9131806,38.0715617],[-85.9132664,38.0723726],[-85.9132021,38.0730145],[-85.9133308,38.0731327],[-85.9135454,38.0728793],[-85.9138458,38.0721192],[-85.9144681,38.0697036],[-85.915262,38.0668486],[-85.9161203,38.0639091],[-85.9164207,38.0621521],[-85.9163134,38.0603613],[-85.9164851,38.059111],[-85.9169572,38.0577594],[-85.9173005,38.0553602],[-85.9179657,38.0514233],[-85.9184807,38.0478917],[-85.9187167,38.044022],[-85.918824,38.0413182],[-85.9192102,38.0389522],[-85.9198969,38.0359102],[-85.9205621,38.0329018],[-85.9210341,38.031161],[-85.9218924,38.0287271],[-85.923137,38.0261072],[-85.9239309,38.0244338],[-85.9250038,38.0225913],[-85.9264415,38.0208502],[-85.9277504,38.0192781],[-85.9299176,38.0171143],[-85.9327715,38.0146292],[-85.934767,38.0131246],[-85.9362691,38.0120596],[-85.9393804,38.0099125],[-85.9405391,38.0089995],[-85.9418695,38.0075624],[-85.9425991,38.0068861],[-85.9438651,38.0062944],[-85.9455388,38.0055504],[-85.9470644,38.0050787],[-85.9491641,38.0048403],[-85.9533311,38.004705],[-85.9557934,38.0044362],[-85.9589284,38.0037582],[-85.9624292,38.0031529],[-85.96487,38.0029289],[-85.9674224,38.002895],[-85.9724049,38.0025603],[-85.9739262,38.0026423],[-85.977103,38.003333],[-85.9778948,38.0033541],[-85.9813913,38.0026279],[-85.9906224,38.0010884],[-85.9943335,38.000664],[-85.9972979,38.0000358],[-85.9989255,37.9997002],[-86.0022943,37.9991929],[-86.0055344,37.9988716],[-86.0071438,37.9987363],[-86.0089677,37.998432],[-86.0116928,37.9979247],[-86.0151046,37.9972821],[-86.018084,37.9966201],[-86.0216758,37.9955637],[-86.0249068,37.994708],[-86.0283106,37.9932227],[-86.0310595,37.9916393],[-86.032709,37.9899419],[-86.0338626,37.987888],[-86.0348893,37.9851868],[-86.0353492,37.9825478],[-86.0354177,37.9802871],[-86.0350871,37.9780296],[-86.0343993,37.974868],[-86.0338142,37.9719479],[-86.0337357,37.9688611],[-86.0342465,37.9664944],[-86.0351681,37.9632722],[-86.0363207,37.9615632],[-86.0380736,37.9601021],[-86.0397055,37.9592326],[-86.0415594,37.9587811],[-86.043516,37.9586889],[-86.0453741,37.9588403],[-86.0476771,37.9594734],[-86.050001,37.9605994],[-86.052228,37.9621263],[-86.0548424,37.9648936],[-86.0584008,37.9683859],[-86.0621529,37.9724506],[-86.064864,37.9763052],[-86.0669216,37.9795489],[-86.068132,37.9816478],[-86.0706495,37.983861],[-86.0740632,37.990385],[-86.0755151,37.9932285],[-86.0767259,37.9956884],[-86.076709,37.9959912],[-86.0765977,37.9960721],[-86.0756648,37.9951347],[-86.0745266,37.9941971],[-86.0743725,37.9941769],[-86.0742869,37.9942376],[-86.0742784,37.9944062],[-86.0761203,37.996853],[-86.0797513,38.0001913],[-86.0839149,38.002938],[-86.0891678,38.0060662],[-86.0946627,38.0086411],[-86.1002303,38.0107391],[-86.105919,38.0124365],[-86.1109298,38.0136571],[-86.1160616,38.0148396],[-86.1202736,38.0155452],[-86.1231059,38.0158504],[-86.1296109,38.0159292],[-86.141063,38.01547],[-86.1538644,38.0127431],[-86.1637172,38.0106443],[-86.16731,38.009879],[-86.169363,38.0098963],[-86.169365,38.0098963],[-86.172186,38.00992],[-86.178983,38.011308],[-86.190927,38.016438],[-86.1953348,38.0179832],[-86.196614,38.0184317],[-86.206439,38.021876],[-86.220371,38.027922],[-86.225519,38.03328],[-86.233057,38.039305],[-86.249972,38.04583],[-86.2528999,38.0476153],[-86.260343,38.0521539],[-86.261273,38.052721],[-86.266891,38.057125],[-86.2673095,38.0576545],[-86.2724333,38.0656478],[-86.273584,38.067443],[-86.27872,38.089303],[-86.278656,38.098509],[-86.2739202,38.1186441],[-86.271223,38.130112],[-86.271802,38.137874],[-86.287773,38.15805],[-86.3048962,38.1668642],[-86.3116247,38.1685773],[-86.3142103,38.1693617],[-86.3189417,38.1708209],[-86.32451,38.1741863],[-86.3310919,38.1809886],[-86.3344878,38.1830165],[-86.3367945,38.185167],[-86.3424164,38.1896701],[-86.3474161,38.1929587],[-86.3521689,38.1952522],[-86.3571149,38.1964917],[-86.3610631,38.1967278],[-86.3656229,38.1958846],[-86.3704616,38.1936333],[-86.3740236,38.1905471],[-86.3754612,38.1874101],[-86.3765878,38.1833538],[-86.3766629,38.1792467],[-86.376223,38.1750466],[-86.3752252,38.1713945],[-86.3732726,38.1680037],[-86.3703758,38.1652791],[-86.3667494,38.163398],[-86.3617069,38.1619471],[-86.3562566,38.1612385],[-86.3468045,38.160707],[-86.3391012,38.1600912],[-86.3355285,38.1594079],[-86.3307864,38.1576363],[-86.327439,38.1562359],[-86.3250293,38.1540552],[-86.3209095,38.1471031],[-86.323453,38.139032],[-86.328398,38.132877],[-86.334428,38.1296283],[-86.335145,38.129242],[-86.3360014,38.1292033],[-86.352466,38.128459],[-86.3752292,38.1300924],[-86.379775,38.129274],[-86.387216,38.124632],[-86.3931815,38.1134667],[-86.395571,38.107944],[-86.4014075,38.1050399],[-86.405068,38.105801],[-86.41876,38.117693],[-86.4314337,38.1259164],[-86.431749,38.126121],[-86.4320846,38.1261415],[-86.449793,38.127223],[-86.4541435,38.1256235],[-86.457115,38.124531],[-86.4629338,38.1194263],[-86.4648673,38.1169732],[-86.466081,38.114437],[-86.4667983,38.1107414],[-86.466217,38.106781],[-86.463858,38.101177],[-86.4599078,38.0965585],[-86.4521354,38.0926609],[-86.4465917,38.0909425],[-86.4412363,38.0898274],[-86.4371778,38.088256],[-86.4334569,38.0857841],[-86.4316137,38.0836963],[-86.4307628,38.0814292],[-86.4305165,38.0783031],[-86.4313519,38.0733392],[-86.4325288,38.0682768],[-86.432789,38.067171],[-86.4332316,38.066623],[-86.4355086,38.0633157],[-86.438236,38.060426],[-86.452192,38.05049],[-86.4719028,38.046218],[-86.480393,38.045578],[-86.4906849,38.0456717],[-86.500051,38.045757],[-86.51176,38.044448],[-86.517289,38.042634],[-86.519404,38.041241],[-86.521825,38.038327],[-86.524969,38.027879],[-86.524385,38.018609],[-86.524656,38.012894],[-86.525671,38.007145],[-86.525844,37.998385],[-86.524888,37.981834],[-86.525174,37.968228],[-86.523831,37.962169],[-86.520503,37.954438],[-86.518575,37.951798],[-86.512588,37.94695],[-86.50939,37.942492],[-86.507043,37.936439],[-86.50662,37.930719],[-86.507831,37.928829],[-86.511005,37.92612],[-86.51924,37.922163],[-86.525603,37.9196675],[-86.5261417,37.9194562],[-86.5264211,37.9193466],[-86.528279,37.918618],[-86.534156,37.917007],[-86.540722,37.916871],[-86.548507,37.917842],[-86.566256,37.922164],[-86.580322,37.923145],[-86.586542,37.922285],[-86.588581,37.921159],[-86.5959488,37.9144494],[-86.596125,37.914289],[-86.5965051,37.913746],[-86.5981037,37.9114626],[-86.598452,37.910965],[-86.599848,37.906754],[-86.5998724,37.9062093],[-86.600096,37.901218],[-86.598151,37.884553],[-86.598317,37.88042],[-86.5977093,37.8754163],[-86.597476,37.871478],[-86.59732,37.870162],[-86.598108,37.867382],[-86.604624,37.858272],[-86.6048932,37.8581021],[-86.609163,37.855408],[-86.615215,37.852857],[-86.625763,37.847266],[-86.6335091,37.8441514],[-86.6340543,37.8439321],[-86.634271,37.843845],[-86.638265,37.842718],[-86.648028,37.841425],[-86.652516,37.841636],[-86.655296,37.842508],[-86.658268,37.844144],[-86.6615755,37.8494228],[-86.662495,37.856951],[-86.661233,37.862761],[-86.658374,37.869376],[-86.648727,37.886036],[-86.644754,37.894806],[-86.644039,37.898202],[-86.644143,37.902366],[-86.6442758,37.9027696],[-86.6448884,37.9046309],[-86.645513,37.906529],[-86.6459442,37.9071043],[-86.64665,37.908046],[-86.647081,37.908621],[-86.6477331,37.9090538],[-86.6494227,37.9101751],[-86.650087,37.910616],[-86.650741,37.9107639],[-86.660888,37.913059],[-86.673038,37.914903],[-86.680929,37.91501],[-86.686015,37.913084],[-86.691994,37.908529],[-86.707816,37.898367],[-86.716138,37.894073],[-86.718462,37.893123],[-86.7199404,37.8929375],[-86.7213528,37.8927602],[-86.722247,37.892648],[-86.7231855,37.8928203],[-86.73146,37.89434],[-86.7344547,37.8964054],[-86.734718,37.896587],[-86.7358007,37.8976719],[-86.7425541,37.9044395],[-86.75099,37.912893],[-86.7559626,37.919829],[-86.765054,37.93251],[-86.7673328,37.9361728],[-86.7714502,37.9427908],[-86.7752337,37.9488722],[-86.7764216,37.9507815],[-86.779993,37.956522],[-86.788044,37.97284],[-86.790597,37.980062],[-86.794985,37.988982],[-86.803697,37.9934497],[-86.810913,37.99715],[-86.81324,37.998787],[-86.8173348,37.9990987],[-86.8190644,37.9992841],[-86.820071,37.999392],[-86.823491,37.998939],[-86.835161,37.99375],[-86.849027,37.99002],[-86.85595,37.987292],[-86.863224,37.982495],[-86.866936,37.979294],[-86.870388,37.975276],[-86.875874,37.97077],[-86.881338,37.967523],[-86.884961,37.964373],[-86.891903,37.9561436],[-86.892084,37.955929],[-86.902413,37.946161],[-86.907131,37.943023],[-86.9119603,37.9405054],[-86.9173029,37.9377202],[-86.918897,37.9368892],[-86.919329,37.936664],[-86.9196279,37.9366034],[-86.9258615,37.9353386],[-86.927747,37.934956],[-86.933357,37.934939],[-86.945198,37.9334565],[-86.9642049,37.9324171],[-86.964785,37.932384],[-86.969044,37.932858],[-86.978957,37.9302],[-87.003301,37.922395],[-87.010315,37.919668],[-87.0327025,37.9070122],[-87.033444,37.906593],[-87.0358887,37.904288],[-87.0410193,37.8994505],[-87.042249,37.898291],[-87.0426173,37.8977078],[-87.0442448,37.8951308],[-87.045101,37.893775],[-87.0453544,37.8929032],[-87.046237,37.889866],[-87.045894,37.887574],[-87.044144,37.884025],[-87.043407,37.87994],[-87.043049,37.875049],[-87.043854,37.870796],[-87.04926,37.859745],[-87.051452,37.853681],[-87.0534531,37.8443724],[-87.055404,37.835297],[-87.057836,37.827457],[-87.065388,37.810481],[-87.067836,37.806065],[-87.0680505,37.8057593],[-87.0681936,37.8055553],[-87.0687315,37.8047885],[-87.0690072,37.8043956],[-87.070732,37.801937],[-87.073825,37.7987999],[-87.0747652,37.797856],[-87.0770356,37.7958117],[-87.080383,37.7936413],[-87.0849816,37.7910887],[-87.0883478,37.7888928],[-87.0919702,37.7869941],[-87.0962617,37.785434],[-87.0999,37.78464],[-87.101802,37.7841842],[-87.1059837,37.7832743],[-87.111133,37.782512],[-87.114328,37.7825333],[-87.1192368,37.7831317],[-87.1231528,37.7838838],[-87.1292026,37.7863102],[-87.1309373,37.7880116],[-87.1329114,37.7933022],[-87.1335122,37.7964899],[-87.135143,37.8042891],[-87.1360013,37.8071373],[-87.137502,37.807264],[-87.1418702,37.816016],[-87.14195,37.816176],[-87.153486,37.832384],[-87.158878,37.837871],[-87.162319,37.840159],[-87.164863,37.841215],[-87.170831,37.842319],[-87.180063,37.841375],[-87.20224,37.843791],[-87.212416,37.846223],[-87.2198271,37.8487527],[-87.220944,37.849134],[-87.25525,37.867326],[-87.26293,37.872846],[-87.2633571,37.873276],[-87.2644285,37.8743548],[-87.2690026,37.8780319],[-87.2692208,37.8781566],[-87.2702581,37.8786788],[-87.2713695,37.8791463],[-87.2718509,37.8793388],[-87.2738504,37.8806199],[-87.274418,37.8810926],[-87.2753575,37.8819662],[-87.2755466,37.8820815],[-87.2758675,37.8823346],[-87.2765495,37.8828182],[-87.2772598,37.8833568],[-87.2782684,37.8841537],[-87.2791276,37.8847698],[-87.280778,37.8859512],[-87.2816089,37.8864236],[-87.2821244,37.8867703],[-87.2834826,37.8874625],[-87.2843648,37.887875],[-87.2847487,37.8881116],[-87.2864505,37.8892105],[-87.287585,37.8900408],[-87.2884675,37.8904635],[-87.2891034,37.8908705],[-87.2895445,37.891123],[-87.2902895,37.8914971],[-87.2908509,37.8917499],[-87.2920829,37.8924701],[-87.2927646,37.8927943],[-87.2931716,37.8930251],[-87.2942947,37.8935582],[-87.2948964,37.8938931],[-87.2976179,37.8956023],[-87.2986607,37.8961409],[-87.2992969,37.8964433],[-87.3004944,37.8969269],[-87.3012564,37.8971961],[-87.3018753,37.8973886],[-87.302919,37.897828],[-87.3045454,37.8983777],[-87.3051127,37.8986027],[-87.3066366,37.8992788],[-87.3078628,37.8998777],[-87.3086134,37.9002126],[-87.309834,37.9007187],[-87.3105101,37.9010482],[-87.3111174,37.9013007],[-87.3114668,37.9015481],[-87.3119827,37.9017293],[-87.3123435,37.9019492],[-87.3134953,37.9025428],[-87.3138392,37.9026906],[-87.3143778,37.9029875],[-87.3150767,37.9034217],[-87.3161023,37.9039214],[-87.3164462,37.9041247],[-87.3168643,37.9043225],[-87.3174029,37.9044764],[-87.3175577,37.90457],[-87.3185719,37.9050753],[-87.3188297,37.905273],[-87.3190188,37.9053444],[-87.3193169,37.9054213],[-87.3199872,37.9056797],[-87.3210186,37.9059758],[-87.3228234,37.9063057],[-87.3241471,37.9065968],[-87.3253788,37.9068765],[-87.328135,37.9073601],[-87.3293381,37.907717],[-87.3308107,37.9079964],[-87.3327533,37.908315],[-87.3333319,37.9083808],[-87.3337272,37.9083258],[-87.333985,37.9082325],[-87.3350336,37.9076058],[-87.33532,37.9075072],[-87.3360878,37.9075289],[-87.3363745,37.9075947],[-87.3379157,37.908138],[-87.3387924,37.9084896],[-87.3399269,37.9089894],[-87.3410555,37.9095113],[-87.3423906,37.9101754],[-87.3433076,37.9105049],[-87.3443676,37.9109934],[-87.3468313,37.9123995],[-87.3473355,37.9127398],[-87.3476219,37.9129101],[-87.3483556,37.9133934],[-87.3496562,37.9142117],[-87.3505615,37.9148544],[-87.3514382,37.9154911],[-87.3523549,37.9159472],[-87.3529908,37.9163808],[-87.3539936,37.9175836],[-87.3543259,37.9179844],[-87.355856,37.9193855],[-87.356131,37.9196541],[-87.3566352,37.9200443],[-87.3569216,37.9202035],[-87.3575805,37.9203846],[-87.357953,37.9204282],[-87.3582738,37.9205049],[-87.3597636,37.920609],[-87.3599928,37.9206251],[-87.361179,37.920839],[-87.3617059,37.921004],[-87.3620898,37.9212123],[-87.3623076,37.9213879],[-87.3631785,37.9219756],[-87.3645766,37.9231559],[-87.3668687,37.9249572],[-87.367986,37.9260222],[-87.368748,37.9269177],[-87.3689888,37.9271755],[-87.3703066,37.928208],[-87.3705072,37.9283455],[-87.370985,37.928851],[-87.3716931,37.9311966],[-87.3786354,37.9343317],[-87.3863044,37.9378649],[-87.387605,37.9380416],[-87.388877,37.9382946],[-87.3903667,37.9386471],[-87.390659,37.9387021],[-87.3913751,37.9388887],[-87.3916732,37.9389879],[-87.3930596,37.9393954],[-87.3959648,37.9402095],[-87.396532,37.9404786],[-87.3967956,37.9406214],[-87.3969504,37.9406764],[-87.3974373,37.9407703],[-87.3976493,37.9408253],[-87.3979071,37.9409405],[-87.3980332,37.9409569],[-87.3982968,37.9408636],[-87.3985718,37.9408861],[-87.3987496,37.9409353],[-87.3988641,37.9411111],[-87.3989041,37.9411994],[-87.3989499,37.9412269],[-87.3992135,37.9413036],[-87.4006002,37.9417822],[-87.4009439,37.9418372],[-87.40264,37.9422388],[-87.4033676,37.942508],[-87.4034134,37.9425963],[-87.4034651,37.9426788],[-87.4036312,37.9427496],[-87.4052013,37.9431899],[-87.4058143,37.9433496],[-87.4061638,37.9433879],[-87.4086106,37.9438279],[-87.4094584,37.943927],[-87.4096362,37.9439712],[-87.4100087,37.9441253],[-87.4107993,37.9442295],[-87.4110515,37.944312],[-87.4119968,37.9445103],[-87.4129938,37.9446639],[-87.4141397,37.9447794],[-87.4144033,37.9447794],[-87.416002,37.9447141],[-87.4177095,37.9447799],[-87.4206602,37.9446871],[-87.4214166,37.9446213],[-87.4225225,37.9444235],[-87.4231928,37.9443576],[-87.4238289,37.9443193],[-87.425244,37.9444459],[-87.4259373,37.9445284],[-87.4273121,37.9448106],[-87.4278469,37.944897],[-87.4283452,37.9449442],[-87.4288919,37.9449153],[-87.4299653,37.9448045],[-87.430645,37.9446844],[-87.4312656,37.9445125],[-87.4315806,37.9444636],[-87.431855,37.9444483],[-87.4343029,37.9443858],[-87.434761,37.9443033],[-87.4365905,37.9441705],[-87.4374841,37.9441216],[-87.4379894,37.9441902],[-87.4383711,37.9441385],[-87.4389053,37.9440204],[-87.4393742,37.9438607],[-87.4426526,37.9430776],[-87.4437852,37.9429245],[-87.4444452,37.9428006],[-87.4491367,37.9418611],[-87.4508023,37.941027],[-87.4518612,37.9404966],[-87.4555541,37.9388013],[-87.4598134,37.9364585],[-87.4620943,37.9354823],[-87.465023,37.9337731],[-87.4670733,37.9323289],[-87.4675244,37.932],[-87.4679736,37.9316378],[-87.4683483,37.9313139],[-87.4688419,37.9308739],[-87.4693344,37.9306783],[-87.4693117,37.9305133],[-87.4692714,37.9302714],[-87.4693,37.9300847],[-87.4697011,37.9298869],[-87.4699419,37.9298044],[-87.4705836,37.929738],[-87.4738954,37.9280066],[-87.4758607,37.9268577],[-87.476806,37.9262582],[-87.477906,37.9254832],[-87.4809255,37.923526],[-87.4821289,37.9225696],[-87.4825358,37.9222729],[-87.4840139,37.9210468],[-87.4842259,37.9208323],[-87.4861281,37.9193101],[-87.4875834,37.9180564],[-87.4879159,37.9177762],[-87.4890848,37.9168909],[-87.4909527,37.9155881],[-87.4922246,37.9145983],[-87.493531,37.9135155],[-87.4947916,37.9125805],[-87.4965391,37.9113324],[-87.4978453,37.9105899],[-87.498642,37.9101724],[-87.4999539,37.9095174],[-87.5000228,37.909518],[-87.5001717,37.9095185],[-87.5002462,37.9094963],[-87.5006473,37.9091943],[-87.5008306,37.9090899],[-87.5019709,37.9086677],[-87.5030538,37.908113],[-87.5039132,37.9077457],[-87.5049216,37.907378],[-87.5057811,37.9071694],[-87.5063655,37.9070491],[-87.506543,37.9066841],[-87.5068125,37.906628],[-87.5070186,37.9065913],[-87.5073108,37.9065007],[-87.5082909,37.9064785],[-87.5086917,37.906303],[-87.5092017,37.9061605],[-87.5096487,37.9060835],[-87.5100612,37.9060452],[-87.5105254,37.9060785],[-87.5108862,37.9061552],[-87.5110238,37.9061994],[-87.5114824,37.9064852],[-87.5116485,37.9066285],[-87.5119063,37.9068371],[-87.5119121,37.9069252],[-87.5119407,37.9069805],[-87.5119633,37.9070038],[-87.5148567,37.9089649],[-87.5179086,37.911089],[-87.5220043,37.9133157],[-87.5258537,37.9144712],[-87.5300908,37.9157893],[-87.5317726,37.9163098],[-87.5369567,37.9187273],[-87.5399138,37.9199643],[-87.5487059,37.9239801],[-87.5534389,37.9265751],[-87.5560499,37.9281751],[-87.5609015,37.93212],[-87.561928,37.93315],[-87.5646693,37.9358417],[-87.567028,37.938745],[-87.5690898,37.9415675],[-87.5727971,37.9484847],[-87.5731215,37.9498428],[-87.5733809,37.9509066],[-87.5735722,37.9517289],[-87.5775159,37.9516686],[-87.5769937,37.9522941],[-87.5765376,37.9529652],[-87.5758854,37.954213],[-87.5754384,37.9549186],[-87.5751467,37.9554963],[-87.574682,37.9574383],[-87.5745179,37.9583027],[-87.5744415,37.9590058],[-87.5744235,37.9594627],[-87.5742379,37.961153],[-87.5742654,37.9616008],[-87.5743024,37.9620055],[-87.5744097,37.9635844],[-87.5746191,37.9645799],[-87.5750514,37.9659163],[-87.5753592,37.966668],[-87.5755256,37.9670032],[-87.5766421,37.9687907],[-87.5768935,37.9691413],[-87.5778146,37.9702049],[-87.5782352,37.9705477],[-87.5795847,37.971506],[-87.5801003,37.9718243],[-87.5819768,37.9730399],[-87.5829416,37.9735935],[-87.5848915,37.9745211],[-87.5849281,37.9745385],[-87.5860375,37.9749566],[-87.5874132,37.9752832],[-87.5895696,37.9753521],[-87.5917364,37.9753268],[-87.5931653,37.9752768],[-87.5948498,37.9751157],[-87.5954107,37.9749899],[-87.5960829,37.9747274],[-87.5962621,37.9746424],[-87.5977696,37.9739038],[-87.5986958,37.9733902],[-87.6001066,37.9725146],[-87.6008597,37.9719046],[-87.6013967,37.971313],[-87.6017372,37.9707819],[-87.6022905,37.9697582],[-87.6031608,37.9676569],[-87.6032841,37.9672411],[-87.603445,37.9666983],[-87.6035033,37.9659358],[-87.6034769,37.9651322],[-87.6033263,37.9628338],[-87.6033551,37.9613963],[-87.6034701,37.9599049],[-87.6039101,37.9569941],[-87.6041851,37.9560077],[-87.6047856,37.9549552],[-87.6049123,37.954525],[-87.6048914,37.9536864],[-87.6049475,37.9525911],[-87.6050384,37.9521383],[-87.6051356,37.951868],[-87.6055461,37.9510536],[-87.6053831,37.9508927],[-87.6054406,37.9506933],[-87.6055034,37.9504755],[-87.6055264,37.9504064],[-87.605595,37.9501508],[-87.6056581,37.9499828],[-87.6057097,37.9498544],[-87.6058186,37.9496186],[-87.6058703,37.9495525],[-87.606042,37.9492408],[-87.6062139,37.9490072],[-87.606277,37.9488919],[-87.6064489,37.9486278],[-87.606575,37.9484714],[-87.6067756,37.9482389],[-87.6070161,37.9479505],[-87.6072223,37.9476766],[-87.6073025,37.9476028],[-87.6074573,37.947428],[-87.6076978,37.9472103],[-87.60791,37.9469811],[-87.6079787,37.9468991],[-87.6080531,37.9468264],[-87.6081506,37.9466992],[-87.6084084,37.9464522],[-87.6085401,37.9463189],[-87.6086317,37.9462364],[-87.6087237,37.9461405],[-87.6091131,37.9458014],[-87.6093251,37.9456294],[-87.6095256,37.9454961],[-87.6096576,37.9454039],[-87.6098409,37.9452492],[-87.610007,37.9450842],[-87.6101904,37.9448814],[-87.6102762,37.9448092],[-87.6103795,37.9447328],[-87.6104882,37.9446786],[-87.6105284,37.9446442],[-87.6105857,37.9445667],[-87.6106487,37.9445289],[-87.6107634,37.9444711],[-87.6108434,37.9444103],[-87.6109582,37.9442947],[-87.6110212,37.9442436],[-87.6114107,37.9439633],[-87.6115826,37.943815],[-87.6119149,37.9435675],[-87.6122015,37.9433286],[-87.6125968,37.9430272],[-87.6126999,37.9429597],[-87.6129807,37.9427436],[-87.6133074,37.9425111],[-87.6134332,37.9424206],[-87.6136224,37.94231],[-87.6138688,37.942135],[-87.6139891,37.9420561],[-87.6145277,37.9416572],[-87.6146538,37.9415683],[-87.6148027,37.9414792],[-87.6149574,37.9413606],[-87.6154616,37.9410194],[-87.6158055,37.9407703],[-87.6160461,37.9406219],[-87.616155,37.9405444],[-87.6163097,37.9404506],[-87.6167222,37.9402531],[-87.6168369,37.9401803],[-87.617043,37.9400153],[-87.6174328,37.93972],[-87.6177881,37.9394531],[-87.6179542,37.9393214],[-87.6182347,37.9391317],[-87.6183839,37.9390331],[-87.6185442,37.9388911],[-87.6190542,37.9385239],[-87.6191689,37.9384297],[-87.6193523,37.9383078],[-87.6195184,37.9381839],[-87.619587,37.9381411],[-87.6201028,37.9377486],[-87.6202117,37.9376483],[-87.6205667,37.9373831],[-87.6211398,37.9369608],[-87.6213345,37.9367945],[-87.6214551,37.9367236],[-87.6217243,37.9367022],[-87.6218445,37.9366828],[-87.6223546,37.9363092],[-87.6224348,37.9362103],[-87.6223773,37.9361883],[-87.6222229,37.9362158],[-87.6215637,37.9364908],[-87.6212315,37.9366503],[-87.6201428,37.9373045],[-87.6192261,37.9376736],[-87.6182519,37.9380636],[-87.6178108,37.938267],[-87.6175702,37.9383386],[-87.6174786,37.9383111],[-87.6174327,37.9382345],[-87.617513,37.9374542],[-87.6176847,37.9367836],[-87.617828,37.9358389],[-87.6180113,37.9354378],[-87.6182233,37.9350036],[-87.6184183,37.9345475],[-87.6188938,37.9337506],[-87.6192488,37.9333436],[-87.6195469,37.9329645],[-87.620538,37.9319806],[-87.62071,37.9317497],[-87.6208589,37.9314861],[-87.6222833,37.9311453],[-87.623522,37.930755],[-87.6246023,37.9302847],[-87.6252795,37.9296286],[-87.6259012,37.9288361],[-87.6264159,37.9279353],[-87.6268546,37.9267611],[-87.6271232,37.9257131],[-87.6272748,37.9248456],[-87.6273029,37.9238975],[-87.6272445,37.9222642],[-87.627322,37.9204092],[-87.6266975,37.9188434],[-87.6259066,37.9168048],[-87.6253737,37.9155242],[-87.6250243,37.9149101],[-87.6250204,37.9149462],[-87.6246862,37.9145289],[-87.6245601,37.9143256],[-87.6241875,37.9138367],[-87.6238784,37.9133481],[-87.6236089,37.9130237],[-87.6230761,37.9125959],[-87.6225947,37.9122823],[-87.622331,37.9120573],[-87.6220905,37.9117992],[-87.6217927,37.911404],[-87.621741,37.9112006],[-87.6217582,37.9109698],[-87.6218843,37.9103379],[-87.621976,37.9096731],[-87.6219529,37.9095356],[-87.621844,37.909327],[-87.6215118,37.9088326],[-87.6214029,37.9086131],[-87.6205892,37.9076465],[-87.6203714,37.907372],[-87.6201023,37.907152],[-87.6196667,37.9066742],[-87.6190478,37.9061745],[-87.6185952,37.9058618],[-87.6184347,37.9057626],[-87.6173346,37.9049393],[-87.6163318,37.904319],[-87.6151114,37.903479],[-87.613908,37.9026665],[-87.6131061,37.902172],[-87.6128824,37.9020184],[-87.6125788,37.9018648],[-87.6123268,37.9017548],[-87.6112896,37.9011568],[-87.6109801,37.9009973],[-87.6099545,37.9003329],[-87.6096681,37.9002009],[-87.6088431,37.8999104],[-87.6069235,37.8990046],[-87.6058462,37.8983343],[-87.6052848,37.8980048],[-87.6043967,37.8974176],[-87.6038409,37.8970165],[-87.6035372,37.8968573],[-87.6028036,37.8964343],[-87.6023566,37.8962093],[-87.6019899,37.8959571],[-87.6018927,37.8958746],[-87.6016519,37.8957371],[-87.6011707,37.8953201],[-87.6006951,37.8950182],[-87.6001507,37.8946937],[-87.599612,37.8943151],[-87.5991137,37.8940015],[-87.5989245,37.893804],[-87.5984892,37.8935463],[-87.598025,37.8931726],[-87.5972572,37.8927332],[-87.596518,37.892371],[-87.5958935,37.8920082],[-87.5948448,37.8911843],[-87.594289,37.890789],[-87.593762,37.8904488],[-87.5929483,37.8898443],[-87.5927019,37.8896299],[-87.592043,37.8888668],[-87.5919399,37.8887241],[-87.5907949,37.8880235],[-87.5891651,37.8863463],[-87.5871472,37.884866],[-87.5867144,37.8842696],[-87.5849962,37.8811863],[-87.5842594,37.8794672],[-87.5840022,37.8787796],[-87.5837433,37.8780874],[-87.5840113,37.8757911],[-87.5838132,37.874063],[-87.5839304,37.8724927],[-87.5863102,37.8725008],[-87.586398,37.87055],[-87.5880413,37.8689908],[-87.5880899,37.8674869],[-87.5892079,37.8637522],[-87.5902613,37.8634602],[-87.5911205,37.8621416],[-87.591438,37.8607614],[-87.5914632,37.8603764],[-87.5912032,37.8596661],[-87.5902768,37.8585944],[-87.5921096,37.8563775],[-87.5933716,37.8550503],[-87.5940018,37.8543853],[-87.5942596,37.8540883],[-87.5947469,37.8533964],[-87.5951363,37.8526708],[-87.5953827,37.8520772],[-87.5955774,37.8517806],[-87.5958469,37.8514069],[-87.5960702,37.8510333],[-87.5963738,37.8504342],[-87.5967408,37.8495219],[-87.5969355,37.8490717],[-87.5971646,37.8486047],[-87.5975371,37.8480544],[-87.5978463,37.8476592],[-87.5981272,37.8473792],[-87.5985627,37.8470158],[-87.5991186,37.8466806],[-87.6003906,37.8458011],[-87.6006597,37.8456033],[-87.6007858,37.8454878],[-87.6008372,37.8453794],[-87.6009233,37.8450975],[-87.6013531,37.8445636],[-87.6014506,37.8444353],[-87.6018459,37.8443339],[-87.6019261,37.8441911],[-87.6040576,37.8415583],[-87.6044529,37.8411242],[-87.604579,37.8409481],[-87.6050887,37.8404261],[-87.6058682,37.8394425],[-87.606269,37.8390081],[-87.6066301,37.8386397],[-87.6072604,37.8381395],[-87.6080396,37.8375128],[-87.6086355,37.8371558],[-87.6093574,37.8367322],[-87.6098444,37.8363697],[-87.6101483,37.8360672],[-87.6103316,37.8357978],[-87.6105894,37.8353636],[-87.6110019,37.8349403],[-87.6113572,37.8346383],[-87.6117525,37.8342531],[-87.6122453,37.8337806],[-87.6124514,37.8336156],[-87.6132595,37.8330986],[-87.6138839,37.8326808],[-87.614457,37.8324553],[-87.6146745,37.83234],[-87.6150987,37.8320208],[-87.6153506,37.8318892],[-87.6162618,37.8315808],[-87.6172646,37.8311908],[-87.6176027,37.8311025],[-87.6188172,37.8309861],[-87.6191552,37.8308928],[-87.6195219,37.8307278],[-87.619843,37.8305628],[-87.6205819,37.8302711],[-87.6209945,37.8301503],[-87.6214472,37.8300453],[-87.6218998,37.8299847],[-87.6229829,37.8297314],[-87.6234757,37.8296047],[-87.6245013,37.8294289],[-87.6250171,37.8292358],[-87.6250227,37.8292328],[-87.6256702,37.8290233],[-87.6272802,37.8286778],[-87.6287356,37.8284475],[-87.6291825,37.828398],[-87.6299331,37.8282777],[-87.6301968,37.8282502],[-87.6307351,37.828135],[-87.6310676,37.8280475],[-87.6327921,37.8277844],[-87.6336058,37.8276475],[-87.6342133,37.8275163],[-87.6352733,37.8273736],[-87.6357086,37.8272586],[-87.6360009,37.8272311],[-87.6368317,37.8270997],[-87.6372501,37.8269788],[-87.638121,37.8268361],[-87.6403155,37.8265355],[-87.6407166,37.8264472],[-87.6415303,37.8264035],[-87.6430945,37.8262833],[-87.643759,37.8262505],[-87.6441659,37.826196],[-87.6450312,37.8262235],[-87.6458849,37.8261469],[-87.6461827,37.8261416],[-87.6469677,37.8261258],[-87.6489503,37.8261755],[-87.6491222,37.8261646],[-87.6493573,37.8261155],[-87.6496837,37.826143],[-87.6504115,37.8261485],[-87.6518151,37.8260557],[-87.6531044,37.8260449],[-87.6538436,37.8260946],[-87.657379,37.8264471],[-87.6584676,37.8266229],[-87.6589774,37.8267113],[-87.6609255,37.8269152],[-87.6616361,37.827036],[-87.6624556,37.8271018],[-87.6635784,37.8271626],[-87.6649538,37.8273276],[-87.6666152,37.8274051],[-87.6676467,37.8275701],[-87.668352,37.8277262],[-87.6692195,37.8277946],[-87.6703493,37.8279687],[-87.6713479,37.8284196],[-87.6724336,37.8288965],[-87.6737686,37.8296301],[-87.6747042,37.8309226],[-87.676001,37.8322029],[-87.6777255,37.8341643],[-87.6781897,37.8348787],[-87.6789462,37.8359718],[-87.6792612,37.8363512],[-87.6793529,37.8364387],[-87.6794159,37.8365323],[-87.6795534,37.8369498],[-87.6796051,37.8371918],[-87.679651,37.8381037],[-87.6806021,37.8400323],[-87.6807624,37.8404993],[-87.6809286,37.8413123],[-87.6809402,37.8415048],[-87.6809344,37.8422245],[-87.6808714,37.8433617],[-87.6809117,37.8438895],[-87.6809689,37.8442848],[-87.6810778,37.8447192],[-87.6813242,37.845252],[-87.6817881,37.8459826],[-87.6819601,37.8463126],[-87.6820576,37.8465429],[-87.6821034,37.8467904],[-87.6821321,37.8473123],[-87.6820976,37.8476092],[-87.681496,37.8504059],[-87.6813874,37.8512079],[-87.6816108,37.8542406],[-87.6817083,37.8548009],[-87.6817197,37.8559331],[-87.6816794,37.8562023],[-87.6815936,37.8565592],[-87.6812269,37.8573065],[-87.6808602,37.8578834],[-87.6801497,37.8587406],[-87.6792902,37.8596687],[-87.6785168,37.8603723],[-87.6780585,37.8608554],[-87.6778349,37.8611631],[-87.6773765,37.8622179],[-87.6771302,37.863004],[-87.6767004,37.8641465],[-87.6762707,37.8648112],[-87.6757435,37.8654323],[-87.6755718,37.865674],[-87.6746607,37.8668331],[-87.6745576,37.8674042],[-87.674506,37.8675637],[-87.6744257,37.8677012],[-87.6738643,37.8684373],[-87.6735034,37.8691242],[-87.6731423,37.8696131],[-87.6728101,37.8699976],[-87.6724893,37.8705087],[-87.6722715,37.8710523],[-87.671962,37.8713548],[-87.6718418,37.8715084],[-87.6717098,37.8717392],[-87.6715609,37.8719095],[-87.6714348,37.8721787],[-87.6711484,37.8724973],[-87.6709592,37.8728217],[-87.6701745,37.8742442],[-87.6698823,37.8748487],[-87.6697045,37.8750459],[-87.6696701,37.8750809],[-87.6692978,37.8753376],[-87.6689425,37.8760898],[-87.6688337,37.8763756],[-87.6683639,37.8773262],[-87.6679053,37.8780567],[-87.6668225,37.8798587],[-87.6667195,37.8800454],[-87.6664731,37.8807434],[-87.6662725,37.8813753],[-87.6659917,37.8820176],[-87.6657511,37.8827815],[-87.6651436,37.8843856],[-87.665075,37.8846606],[-87.6650292,37.8851276],[-87.6648631,37.8855831],[-87.6647828,37.885809],[-87.6645823,37.8862259],[-87.6643875,37.8867428],[-87.6641584,37.8870998],[-87.6640609,37.8873467],[-87.6640381,37.8874842],[-87.6641067,37.8880828],[-87.664187,37.8883248],[-87.6643359,37.8890776],[-87.6643818,37.889737],[-87.6646454,37.8910553],[-87.6648346,37.8917259],[-87.6648574,37.8918031],[-87.6649777,37.8918909],[-87.6650007,37.8920009],[-87.6649835,37.8921601],[-87.6649491,37.8922478],[-87.6652644,37.8928578],[-87.6653788,37.8932481],[-87.6653788,37.8933581],[-87.6655222,37.8935834],[-87.6657111,37.8939076],[-87.6662728,37.8946489],[-87.6666453,37.8952701],[-87.6667025,37.8954678],[-87.6668459,37.8957703],[-87.6676823,37.8966001],[-87.667797,37.8967651],[-87.6682095,37.8970284],[-87.6685762,37.897347],[-87.6686507,37.8974628],[-87.6690918,37.8978473],[-87.6693324,37.8981659],[-87.6694413,37.8982042],[-87.6699971,37.8985559],[-87.6705072,37.8989903],[-87.6714811,37.8996056],[-87.6716303,37.8996773],[-87.6717678,37.8998089],[-87.6721573,37.9000289],[-87.6723578,37.9001942],[-87.6739335,37.9011664],[-87.6744207,37.9014031],[-87.6750166,37.90165],[-87.6757899,37.9018867],[-87.6765463,37.9020459],[-87.678082,37.9026228],[-87.6789873,37.9029031],[-87.6791362,37.9029581],[-87.6794112,37.9030131],[-87.6799615,37.9032273],[-87.6803624,37.9032606],[-87.6808038,37.9033814],[-87.682448,37.9036231],[-87.683405,37.9036067],[-87.6841728,37.9036397],[-87.6844192,37.9036725],[-87.6844936,37.9036559],[-87.684637,37.903535],[-87.6849806,37.9034197],[-87.6850895,37.9033431],[-87.6856912,37.9032111],[-87.6864818,37.9030022],[-87.6870548,37.9030572],[-87.6871351,37.9030461],[-87.687691,37.902832],[-87.6881838,37.9027053],[-87.6883499,37.9025845],[-87.688728,37.90248],[-87.689106,37.9022659],[-87.689301,37.9021231],[-87.6899944,37.9018431],[-87.6902291,37.9016453],[-87.6905041,37.9014861],[-87.6908077,37.901332],[-87.691163,37.9011286],[-87.6914439,37.9010075],[-87.6915011,37.9009417],[-87.69161,37.9008817],[-87.6917992,37.9008209],[-87.6927331,37.9003047],[-87.6930311,37.9002111],[-87.6944348,37.8996175],[-87.6947498,37.8994692],[-87.6951337,37.8992384],[-87.6959132,37.8988647],[-87.6967954,37.8985297],[-87.6972079,37.8984139],[-87.6979702,37.8982878],[-87.6990416,37.8978867],[-87.6996661,37.8977436],[-87.7004002,37.8975371],[-87.7008578,37.8974083],[-87.7019292,37.8970456],[-87.7032759,37.8965672],[-87.7038373,37.8964411],[-87.7039693,37.8963914],[-87.7040379,37.896342],[-87.7041926,37.8962761],[-87.7055907,37.8958308],[-87.7058085,37.8957811],[-87.7062724,37.8955342],[-87.7067194,37.8953583],[-87.7070747,37.8952808],[-87.7075389,37.8950506],[-87.7079228,37.8949072],[-87.7081405,37.8948522],[-87.7083411,37.8946931],[-87.7098937,37.8942203],[-87.710759,37.8939236],[-87.7113376,37.8937861],[-87.7115726,37.8937144],[-87.7124035,37.8935661],[-87.7127013,37.8934669],[-87.7134177,37.8932911],[-87.7140994,37.8932136],[-87.7142369,37.8932194],[-87.7152283,37.8930436],[-87.715423,37.8930269],[-87.7158814,37.8929061],[-87.7161678,37.8928894],[-87.7182134,37.8926086],[-87.7187576,37.8925478],[-87.7195771,37.892498],[-87.7203793,37.8923989],[-87.7227341,37.8923433],[-87.723972,37.892365],[-87.7249917,37.8924803],[-87.7258684,37.8925569],[-87.7271118,37.8928366],[-87.7284469,37.8930836],[-87.7305842,37.8935936],[-87.7316098,37.8938789],[-87.7319707,37.89395],[-87.7335635,37.8943344],[-87.735655,37.89463],[-87.7371389,37.8947011],[-87.7373567,37.8947394],[-87.7381304,37.8947055],[-87.7387776,37.8946289],[-87.7393565,37.8946008],[-87.7397232,37.8945075],[-87.7411213,37.8944461],[-87.7422672,37.8942094],[-87.7425022,37.8941436],[-87.7427028,37.8940611],[-87.7429089,37.8940002],[-87.7432242,37.8939344],[-87.7436481,37.8939122],[-87.7439059,37.8939177],[-87.7442267,37.8938955],[-87.7450345,37.8937905],[-87.7465701,37.8935375],[-87.7482432,37.8933386],[-87.7498877,37.8930247],[-87.7500366,37.8929047],[-87.7543226,37.8923686],[-87.7557435,37.892265],[-87.7559099,37.8921703],[-87.7571991,37.8919728],[-87.7576861,37.8919448],[-87.758133,37.8918903],[-87.7592445,37.8916689],[-87.760889,37.8912045],[-87.7617484,37.8909209],[-87.7622526,37.8907743],[-87.7623385,37.8907529],[-87.7625965,37.8907459],[-87.7636966,37.8902573],[-87.7675928,37.8881879],[-87.768332,37.8877593],[-87.7702457,37.8868099],[-87.7705665,37.8866174],[-87.7714949,37.8858927],[-87.7730591,37.8847502],[-87.777322,37.8817961],[-87.7785995,37.8809555],[-87.778932,37.8807578],[-87.7800262,37.8799614],[-87.7811321,37.8791983],[-87.7827766,37.8781717],[-87.7834527,37.8777922],[-87.7843639,37.87743],[-87.7845758,37.8773259],[-87.7866384,37.8766287],[-87.7877329,37.8763209],[-87.7914344,37.8756679],[-87.7936403,37.8754157],[-87.7938753,37.8754101],[-87.7945915,37.875344],[-87.7968663,37.875339],[-87.7977085,37.8754382],[-87.7989233,37.8756471],[-87.79988,37.8756913],[-87.8001895,37.8756857],[-87.8009114,37.8756088],[-87.8021262,37.8754277],[-87.8033351,37.8753344],[-87.8043379,37.8752902],[-87.8075464,37.8752411],[-87.80836,37.8752578],[-87.8087726,37.8753019],[-87.8101707,37.8753786],[-87.812073,37.8754562],[-87.812371,37.8754887],[-87.8127777,37.8754945],[-87.8133222,37.8755437],[-87.8165823,37.875582],[-87.8178257,37.8756207],[-87.819648,37.8757248],[-87.8200833,37.8757798],[-87.8206391,37.8757965],[-87.8212808,37.8758624],[-87.8219283,37.875906],[-87.8233551,37.8760818],[-87.825074,37.8763455],[-87.8261341,37.8764771],[-87.8282369,37.8764766],[-87.8292511,37.8764216],[-87.8297781,37.8764325],[-87.8301448,37.8764933],[-87.8308726,37.8767294],[-87.8327177,37.8770805],[-87.8331932,37.8771905],[-87.8333421,37.877245],[-87.8338863,37.8775308],[-87.8344652,37.8778878],[-87.8360809,37.8787445],[-87.8364878,37.8789806],[-87.8372556,37.8793375],[-87.8384301,37.8799145],[-87.8388657,37.8801781],[-87.8396735,37.8807876],[-87.8401491,37.8812823],[-87.8407277,37.8819251],[-87.8411978,37.8825565],[-87.8414325,37.8830726],[-87.8415645,37.883787],[-87.8441907,37.8854826],[-87.8444418,37.8859051],[-87.8446863,37.8862504],[-87.8464489,37.8879993],[-87.8465808,37.891281],[-87.8464945,37.8935413],[-87.8477984,37.8946152],[-87.850818,37.8965691],[-87.8544029,37.8991689],[-87.8548171,37.8993814],[-87.8567924,37.9001998],[-87.857883,37.9017828],[-87.8584561,37.9027631],[-87.8591723,37.9041801],[-87.8594587,37.9049629],[-87.8594873,37.9052417],[-87.859837,37.9059501],[-87.8599687,37.9061701],[-87.860324,37.9069281],[-87.8606676,37.9074443],[-87.8609026,37.9080373],[-87.8612293,37.9087021],[-87.8614643,37.9089712],[-87.8616649,37.9094823],[-87.8618366,37.9098501],[-87.862083,37.9097568],[-87.8622835,37.9101196],[-87.8626502,37.9108551],[-87.8629827,37.9113879],[-87.8637906,37.9124038],[-87.8640942,37.912684],[-87.8652804,37.914046],[-87.8660996,37.9151777],[-87.8664662,37.9155563],[-87.866644,37.9156883],[-87.8672113,37.9162102],[-87.8680019,37.9168305],[-87.8702997,37.9184772],[-87.871222,37.9193672],[-87.8717434,37.9198175],[-87.8731701,37.9211411],[-87.8738921,37.9218711],[-87.8750038,37.9227659],[-87.8750308,37.9228714],[-87.8751355,37.9228725],[-87.87674,37.9238231],[-87.8776109,37.9242848],[-87.8783901,37.9247306],[-87.8795876,37.9252309],[-87.8828078,37.9262049],[-87.8836386,37.9263649],[-87.885919,37.9266846],[-87.8871224,37.9269046],[-87.8878502,37.9270919],[-87.888459,37.9271995],[-87.8892824,37.9273452],[-87.8917234,37.9278627],[-87.892262,37.9279286],[-87.8936429,37.9280558],[-87.8944279,37.9280667],[-87.8953846,37.9280231],[-87.8968974,37.9278645],[-87.8981178,37.9275956],[-87.8993898,37.9272278],[-87.9025699,37.926059],[-87.9034235,37.9257682],[-87.9039735,37.9254879],[-87.9044721,37.9251859],[-87.9048619,37.9248618],[-87.9055091,37.924181],[-87.905893,37.9238182],[-87.9067067,37.9231921],[-87.907125,37.9228293],[-87.9080875,37.9220829],[-87.908357,37.921896],[-87.9085917,37.9216985],[-87.9089298,37.9213357],[-87.9096976,37.9204293],[-87.9100415,37.9200724],[-87.9103909,37.9195996],[-87.9114682,37.9187982],[-87.911829,37.9183696],[-87.9120124,37.9179907],[-87.9121099,37.9176499],[-87.9122704,37.9174796],[-87.9125968,37.9172321],[-87.9132616,37.9164082],[-87.9135883,37.9160846],[-87.9146425,37.9152224],[-87.9150894,37.9148263],[-87.9156622,37.9143819],[-87.9161092,37.9139424],[-87.9166822,37.9132444],[-87.9182178,37.9115308],[-87.9191862,37.9105694],[-87.9200629,37.9095255],[-87.9222916,37.907323],[-87.9226183,37.9068944],[-87.9231511,37.9061089],[-87.92373,37.9055486],[-87.9239419,37.9051916],[-87.924148,37.9046697],[-87.9244575,37.9042352],[-87.9250133,37.9035708],[-87.9255117,37.9030928],[-87.9268753,37.9019614],[-87.9270417,37.9017252],[-87.9271906,37.9014611],[-87.9274026,37.9012467],[-87.9276776,37.9010217],[-87.9278323,37.9008847],[-87.9282793,37.9005439],[-87.9293449,37.8996322],[-87.9300327,37.899072],[-87.9311671,37.8982314],[-87.9317113,37.897797],[-87.9324505,37.8971325],[-87.9332642,37.8964728],[-87.9335106,37.896215],[-87.9336481,37.8959734],[-87.9337742,37.8956381],[-87.9339058,37.8953856],[-87.9340892,37.8951545],[-87.9357051,37.8938139],[-87.9363123,37.8932259],[-87.9368051,37.8926106],[-87.9373151,37.8920778],[-87.9381688,37.891067],[-87.9384896,37.8906109],[-87.9388449,37.8899631],[-87.9394294,37.8888859],[-87.9400655,37.8876059],[-87.9404494,37.8862101],[-87.9405697,37.885694],[-87.9407472,37.8845073],[-87.9408102,37.8828973],[-87.9408102,37.88204],[-87.9407758,37.8816281],[-87.9407758,37.8811831],[-87.9408846,37.8801339],[-87.9409821,37.87948],[-87.9409477,37.8789748],[-87.9407702,37.8778975],[-87.9404835,37.876942],[-87.9403746,37.8764525],[-87.9399221,37.8750742],[-87.9400079,37.8750483],[-87.9398704,37.8744369],[-87.9395668,37.8735086],[-87.9391484,37.8724975],[-87.9388162,37.8717669],[-87.9379911,37.8702944],[-87.9368853,37.8687233],[-87.9355674,37.8671133],[-87.9352638,37.8667782],[-87.9349313,37.8664321],[-87.9341751,37.8657507],[-87.9340146,37.8656574],[-87.9331782,37.8650477],[-87.9327826,37.864641],[-87.9325651,37.8642949],[-87.931757,37.8632343],[-87.93131,37.8628062],[-87.9305194,37.861916],[-87.9297916,37.8611137],[-87.9288921,37.8601415],[-87.927901,37.8591576],[-87.927729,37.8589984],[-87.9275685,37.8588942],[-87.9270243,37.8584106],[-87.9259298,37.8573114],[-87.9254484,37.8569048],[-87.9250017,37.8566028],[-87.9245375,37.856482],[-87.9243083,37.8563886],[-87.9223085,37.8549211],[-87.9221024,37.8547786],[-87.9214776,37.8545858],[-87.9210823,37.8543825],[-87.9207846,37.8541792],[-87.9205209,37.8539764],[-87.9196728,37.8531244],[-87.918865,37.8525308],[-87.9184753,37.852355],[-87.9174038,37.8517338],[-87.9165385,37.8511349],[-87.9163782,37.8510083],[-87.9162635,37.8508824],[-87.915851,37.8505305],[-87.9152035,37.8498107],[-87.9148771,37.8493657],[-87.9142065,37.8486293],[-87.9138112,37.8482718],[-87.9134273,37.8477721],[-87.9131295,37.8472227],[-87.9129861,37.8468377],[-87.9128428,37.8465465],[-87.9125333,37.8460246],[-87.9122183,37.8456071],[-87.9117314,37.8450851],[-87.9111641,37.844574],[-87.9106369,37.8441346],[-87.9103677,37.8437551],[-87.9101555,37.8432882],[-87.9099721,37.8430357],[-87.9099035,37.8423926],[-87.9099607,37.8417276],[-87.9101843,37.8407443],[-87.9101899,37.8400357],[-87.9098632,37.8393926],[-87.909531,37.8390906],[-87.9093648,37.8389751],[-87.9091757,37.8388926],[-87.9089579,37.8387665],[-87.9085112,37.8385681],[-87.9081328,37.8382715],[-87.9079267,37.8380403],[-87.907772,37.8378101],[-87.9076572,37.8355353],[-87.9076172,37.8343981],[-87.9073364,37.8323428],[-87.9071303,37.8312556],[-87.9068722,37.8302884],[-87.9066661,37.8297497],[-87.9060874,37.8277608],[-87.9060244,37.827662],[-87.9058352,37.8272167],[-87.9052851,37.8260353],[-87.9051476,37.8254255],[-87.9050904,37.8246944],[-87.905056,37.8238814],[-87.9050615,37.823195],[-87.9048954,37.8225522],[-87.9047179,37.8211072],[-87.9044887,37.8203652],[-87.9042537,37.819343],[-87.9039614,37.8186291],[-87.9036578,37.8171727],[-87.9036464,37.8166563],[-87.9037095,37.8158652],[-87.9039958,37.8146069],[-87.9040817,37.8138655],[-87.9042078,37.8129752],[-87.9042995,37.8126513],[-87.9045345,37.8122227],[-87.9053195,37.810943],[-87.9056231,37.8103058],[-87.9060242,37.8094269],[-87.9065742,37.8080969],[-87.9068893,37.8075808],[-87.9071357,37.8073005],[-87.9074393,37.807048],[-87.909273,37.8060705],[-87.9110836,37.8051755],[-87.9135417,37.8040114],[-87.9138798,37.8038464],[-87.914934,37.8034344],[-87.9163035,37.8029897],[-87.9174952,37.8026658],[-87.9194548,37.8020289],[-87.9200851,37.8017928],[-87.9211107,37.8014525],[-87.9213743,37.8013809],[-87.9221249,37.8011225],[-87.9234255,37.8007656],[-87.9255456,37.8002876],[-87.927299,37.7999256],[-87.9281929,37.799662],[-87.9293615,37.7992226],[-87.929883,37.7990026],[-87.9309316,37.7985798],[-87.9315275,37.7982829],[-87.9338653,37.7966129],[-87.9341345,37.796421],[-87.9345012,37.7960857],[-87.9346504,37.795849],[-87.9348509,37.795366],[-87.9349309,37.7949535],[-87.9349368,37.7944482],[-87.9347992,37.7935251],[-87.9347017,37.793064],[-87.9345298,37.7924262],[-87.9345356,37.7922509],[-87.9347992,37.7915473],[-87.9349481,37.7912179],[-87.9354181,37.790344],[-87.9357618,37.7899321],[-87.9360368,37.7896737],[-87.9375666,37.7885587],[-87.938323,37.788031],[-87.9386097,37.7876357],[-87.9387183,37.787339],[-87.9387758,37.7870804],[-87.9389991,37.7864985],[-87.9391883,37.7856412],[-87.9394919,37.7848557],[-87.9397039,37.7842621],[-87.9400478,37.7837843],[-87.9403972,37.7833223],[-87.940827,37.7822626],[-87.9409817,37.7820207],[-87.9413542,37.7815262],[-87.9414917,37.7813829],[-87.9416234,37.781136],[-87.9420131,37.780334],[-87.9424256,37.7793835],[-87.9432565,37.7777018],[-87.9438407,37.7764601],[-87.9448607,37.7748173],[-87.9450957,37.7745757],[-87.9451929,37.7744054],[-87.9455482,37.7739385],[-87.9459494,37.7735868],[-87.9462185,37.7734273],[-87.94721,37.7731749],[-87.947485,37.773054],[-87.9479206,37.7727846],[-87.9489403,37.7722076],[-87.9492726,37.7721085],[-87.9501206,37.771916],[-87.9509343,37.7717843],[-87.9518454,37.7717018],[-87.9527449,37.7716793],[-87.9532033,37.7717127],[-87.9536789,37.771773],[-87.9550942,37.7720363],[-87.9585666,37.7727113],[-87.9590708,37.7728105],[-87.9595005,37.7729641],[-87.9598386,37.77314],[-87.9601822,37.7734311],[-87.9610189,37.7743483],[-87.9618326,37.7751505],[-87.9627493,37.7758753],[-87.9633165,37.7762656],[-87.9653563,37.7778692],[-87.9662217,37.7787589],[-87.9668117,37.779347],[-87.966932,37.7794128],[-87.9673731,37.7797365],[-87.9687026,37.7805054],[-87.9691093,37.7808023],[-87.969671,37.7812854],[-87.9700146,37.781637],[-87.9706335,37.7825601],[-87.9709258,37.783329],[-87.9711436,37.7838676],[-87.9714872,37.7844223],[-87.9721805,37.7849051],[-87.9728567,37.7853779],[-87.9729906,37.7853849],[-88.0013454,37.7989144],[-88.0047203,37.8001108],[-88.0055453,37.8002983],[-88.0062042,37.8004138],[-88.0075679,37.8005794],[-88.0089602,37.8008494],[-88.0096191,37.8010419],[-88.0106505,37.8013828],[-88.0120658,37.8016417],[-88.0134525,37.8018184],[-88.0146901,37.8019231],[-88.0162943,37.8019787],[-88.0185347,37.8018092],[-88.0199272,37.8016503],[-88.0211589,37.8014309],[-88.023044,37.8009704],[-88.0242991,37.8006193],[-88.0251183,37.8001579],[-88.025313,37.8000862],[-88.0259319,37.7999987],[-88.0263216,37.7998887],[-88.0279522,37.7992415],[-88.032438,37.796361],[-88.035827,37.791917],[-88.0360841,37.791252],[-88.038769,37.784307],[-88.040873,37.772082],[-88.0410418,37.7715975],[-88.0420149,37.768805],[-88.042602,37.76712],[-88.0433261,37.7658335],[-88.049942,37.754078],[-88.0505008,37.7534136],[-88.059588,37.742608],[-88.063802,37.738645],[-88.072538,37.733286],[-88.081925,37.730389],[-88.085901,37.728587],[-88.0873258,37.7278091],[-88.095759,37.723205],[-88.101844,37.718036],[-88.107088,37.715915],[-88.117803,37.712583],[-88.122412,37.709685],[-88.125033,37.707094],[-88.132341,37.697142],[-88.134282,37.691498],[-88.145434,37.68259],[-88.1461226,37.6817595],[-88.151646,37.675098],[-88.158207,37.664542],[-88.159372,37.661847],[-88.1595344,37.6609992],[-88.1598947,37.6591178],[-88.160187,37.657592],[-88.1601484,37.6565857],[-88.1601077,37.6555229],[-88.160062,37.654332],[-88.15864,37.649097],[-88.158374,37.639948],[-88.1571365,37.6342311],[-88.156827,37.632801],[-88.152691,37.622827],[-88.142225,37.603737],[-88.140752,37.599158],[-88.1404687,37.59706],[-88.140226,37.595263],[-88.1403502,37.594498],[-88.14094,37.590865],[-88.139973,37.586451],[-88.136164,37.580285],[-88.1335613,37.5750958],[-88.1331642,37.5743593],[-88.1327724,37.573989],[-88.1315934,37.5730394],[-88.129314,37.5719481],[-88.1254895,37.5705174],[-88.122151,37.5683077],[-88.1210449,37.5674424],[-88.11433,37.562189],[-88.1058883,37.5563884],[-88.1058121,37.5563361],[-88.105585,37.55618],[-88.101174,37.55133],[-88.092814,37.539637],[-88.0884809,37.535533],[-88.088049,37.535124],[-88.0877328,37.5349641],[-88.0864837,37.5343325],[-88.086194,37.534186],[-88.0847648,37.5338076],[-88.078046,37.532029],[-88.0769395,37.5314184],[-88.072242,37.528826],[-88.0696326,37.5259698],[-88.069018,37.525297],[-88.063311,37.515755],[-88.063054,37.5149968],[-88.0627206,37.5140131],[-88.062568,37.513563],[-88.062828,37.508123],[-88.0629965,37.5052375],[-88.0647767,37.4946993],[-88.0670941,37.4882977],[-88.072244,37.4819637],[-88.0777371,37.4770596],[-88.0848611,37.4727682],[-88.0927575,37.4712015],[-88.1034005,37.4702478],[-88.1080969,37.4700599],[-88.1095641,37.4700012],[-88.1136144,37.4698391],[-88.1240857,37.468681],[-88.1309522,37.4684085],[-88.1394494,37.4680679],[-88.1476033,37.4666373],[-88.158418,37.4643891],[-88.1687177,37.463231],[-88.1766141,37.4614596],[-88.1843388,37.4594157],[-88.1914628,37.457985],[-88.1990159,37.4581212],[-88.2094872,37.456963],[-88.218242,37.4555322],[-88.2244218,37.454442],[-88.2306016,37.4538969],[-88.2367837,37.4542279],[-88.2445084,37.4547049],[-88.2556664,37.4545686],[-88.2723176,37.4521157],[-88.2839905,37.449799],[-88.2976376,37.444552],[-88.3097397,37.4395773],[-88.3122422,37.4376149],[-88.316692,37.4341252],[-88.3244168,37.4296268],[-88.3305406,37.4248824],[-88.3314549,37.424174],[-88.3386058,37.4168857],[-88.3410947,37.4144462],[-88.3420529,37.413507],[-88.3466738,37.4089776],[-88.3580355,37.4032691],[-88.361557,37.402931],[-88.365471,37.401663],[-88.371214,37.40273],[-88.373445,37.404342],[-88.377507,37.409825],[-88.387669,37.416482],[-88.3890742,37.4175674],[-88.396284,37.4213848],[-88.39734,37.421644],[-88.404127,37.424146],[-88.4062403,37.424793],[-88.408808,37.425216],[-88.4121062,37.4246423],[-88.413108,37.424468],[-88.4156728,37.4230883],[-88.418594,37.421987],[-88.425981,37.419441],[-88.433182,37.418169],[-88.439333,37.416416],[-88.450127,37.411717],[-88.456,37.408482],[-88.465861,37.400547],[-88.470224,37.396255],[-88.476592,37.386875],[-88.4768286,37.3853052],[-88.4780814,37.3769944],[-88.478523,37.375052],[-88.4801483,37.3709259],[-88.482113,37.364615],[-88.4834602,37.353715],[-88.4839564,37.3497],[-88.484462,37.345609],[-88.4867184,37.340149],[-88.486947,37.339596],[-88.49031,37.335042],[-88.4942355,37.3276368],[-88.499442,37.3175279],[-88.505087,37.307858],[-88.508657,37.303353],[-88.5087319,37.3032257],[-88.511497,37.298527],[-88.5127341,37.2958677],[-88.5140569,37.2924574],[-88.5148574,37.2906895],[-88.5150539,37.2886753],[-88.5148643,37.2883511],[-88.5143992,37.2882832],[-88.5142843,37.2880792],[-88.514312,37.2879101],[-88.5150541,37.2878109],[-88.5152938,37.2862127],[-88.5159071,37.2845792],[-88.5159409,37.284192],[-88.5155817,37.2836564],[-88.5146001,37.2828135],[-88.5139674,37.281435],[-88.5138608,37.2805218],[-88.5140336,37.2797542],[-88.5140361,37.2795505],[-88.513526,37.2794848],[-88.513407,37.2793874],[-88.5133835,37.2788853],[-88.5130792,37.2784275],[-88.511977,37.2778214],[-88.510533,37.2764711],[-88.5098351,37.2753539],[-88.509587,37.273398],[-88.5090525,37.2709928],[-88.5084751,37.2694755],[-88.5072774,37.2676363],[-88.506942,37.266656],[-88.5067907,37.2660318],[-88.5068969,37.2654418],[-88.506809,37.2650473],[-88.5063326,37.2646681],[-88.505809,37.2644221],[-88.5054485,37.2645449],[-88.5051567,37.2650294],[-88.5044443,37.265213],[-88.5040923,37.2651362],[-88.5038175,37.264846],[-88.5038688,37.2642655],[-88.5043575,37.2638217],[-88.5048629,37.2634123],[-88.5062599,37.2629694],[-88.5071657,37.2624591],[-88.5074324,37.262429],[-88.5077082,37.2626079],[-88.5081311,37.2625901],[-88.5085049,37.2623495],[-88.5088661,37.2620733],[-88.5095457,37.2620673],[-88.5100465,37.2624309],[-88.5107048,37.2631241],[-88.5117639,37.2636908],[-88.5121655,37.2636628],[-88.512325,37.2634361],[-88.5123007,37.2629486],[-88.5118659,37.2620078],[-88.5111249,37.2611849],[-88.5105442,37.2609054],[-88.5089537,37.2604489],[-88.5075093,37.2599403],[-88.5063009,37.2592439],[-88.5046138,37.2576119],[-88.5032994,37.2558851],[-88.500777,37.253579],[-88.49974,37.2525745],[-88.498703,37.252014],[-88.4947837,37.2496291],[-88.492383,37.2483938],[-88.4910243,37.2472976],[-88.4896013,37.2458923],[-88.4891148,37.2454463],[-88.4877705,37.2442137],[-88.4861831,37.2426134],[-88.4857835,37.2420015],[-88.484982,37.240774],[-88.4833851,37.2374479],[-88.4813591,37.2323794],[-88.4795798,37.2289226],[-88.4780577,37.2267215],[-88.4777548,37.2262834],[-88.4759954,37.2243561],[-88.4749751,37.2231137],[-88.4735043,37.2214955],[-88.4718603,37.2200183],[-88.4696546,37.2184031],[-88.4686182,37.2179709],[-88.466745,37.2172311],[-88.4653051,37.2166995],[-88.4634576,37.2156895],[-88.4618755,37.2147742],[-88.4590275,37.2136539],[-88.4568504,37.2120284],[-88.4549423,37.210042],[-88.4538728,37.2091794],[-88.4515192,37.2075226],[-88.4500529,37.2061999],[-88.4498162,37.2059864],[-88.4479309,37.20345],[-88.4456187,37.197972],[-88.4446369,37.1962884],[-88.4441733,37.1948743],[-88.4440263,37.1929669],[-88.4436231,37.1918859],[-88.4432192,37.1912284],[-88.4423657,37.1901496],[-88.4422141,37.1896883],[-88.442192,37.1886086],[-88.4420407,37.1880837],[-88.4410095,37.1860716],[-88.4408204,37.1848824],[-88.4396199,37.1822057],[-88.4390764,37.1812442],[-88.4380199,37.1804092],[-88.4376287,37.1790783],[-88.4370818,37.1764582],[-88.4356767,37.1731712],[-88.4337329,37.1705561],[-88.4322156,37.1676096],[-88.4298787,37.1629486],[-88.4284898,37.1603781],[-88.4274533,37.1578093],[-88.4261543,37.1552497],[-88.4253273,37.1542122],[-88.4246176,37.1517268],[-88.4246976,37.1510626],[-88.4249855,37.1502962],[-88.4249691,37.1479683],[-88.4305168,37.1296232],[-88.4323958,37.1250379],[-88.4355717,37.1194149],[-88.4394449,37.1157822],[-88.4423525,37.1129878],[-88.4429595,37.1118293],[-88.4434736,37.1101161],[-88.4434676,37.1089108],[-88.4433663,37.1086881],[-88.443105,37.1087103],[-88.4429572,37.108985],[-88.4426769,37.1091449],[-88.4425453,37.1090541],[-88.4425826,37.1084276],[-88.4423997,37.1082014],[-88.4421521,37.1081047],[-88.4418617,37.1082305],[-88.4413666,37.1088243],[-88.4408057,37.1092932],[-88.440542,37.1092043],[-88.4405297,37.1087184],[-88.4412347,37.1062065],[-88.4420868,37.1041602],[-88.4437052,37.1013683],[-88.4444876,37.1004955],[-88.4455632,37.0998794],[-88.4456771,37.0995713],[-88.4456564,37.0992342],[-88.4449823,37.0982441],[-88.4445441,37.0972368],[-88.4444832,37.0960095],[-88.4448764,37.0948214],[-88.4460491,37.0922741],[-88.449124,37.0887543],[-88.4491866,37.0877615],[-88.450475,37.0864476],[-88.4559567,37.0804482],[-88.4578537,37.0770317],[-88.4591898,37.0752315],[-88.4601887,37.0744723],[-88.461738,37.0736908],[-88.4627244,37.0732924],[-88.4655991,37.072483],[-88.4696885,37.0712615],[-88.4717047,37.0702507],[-88.4737639,37.0694112],[-88.4775817,37.0686909],[-88.4797242,37.0685174],[-88.4811769,37.0679306],[-88.4821509,37.0673049],[-88.4827257,37.0673205],[-88.4837466,37.0677284],[-88.4862175,37.0665923],[-88.4860524,37.0647995],[-88.4902138,37.0638061],[-88.4987695,37.0640114],[-88.5015917,37.0658663],[-88.5029925,37.0655801],[-88.509744,37.0654712],[-88.5197357,37.0654993],[-88.523115,37.0658177],[-88.5289221,37.0668594],[-88.5360878,37.0684155],[-88.5419431,37.069893],[-88.544813,37.0703819],[-88.5463679,37.0709195],[-88.5534041,37.0731351],[-88.5585459,37.0755004],[-88.5602161,37.0763948],[-88.5617146,37.0767414],[-88.5631666,37.0768526],[-88.5647404,37.0772119],[-88.5657851,37.0777251],[-88.5660291,37.0776901],[-88.566088,37.077449],[-88.5656049,37.0768639],[-88.5650678,37.0759676],[-88.5650237,37.0754418],[-88.5652788,37.0752121],[-88.5658748,37.0751977],[-88.5703514,37.0809147],[-88.5738685,37.0832299],[-88.576718,37.085852],[-88.581635,37.090567],[-88.5837374,37.0930903],[-88.5848062,37.0943731],[-88.5899751,37.098525],[-88.593922,37.101761],[-88.601144,37.107081],[-88.605424,37.1094355],[-88.6100637,37.1119879],[-88.61144,37.112745],[-88.6116656,37.1128498],[-88.6222094,37.1177484],[-88.625889,37.119458],[-88.6272455,37.1199024],[-88.630605,37.121003],[-88.637977,37.121309],[-88.644872,37.122844],[-88.6855207,37.1385121],[-88.6872255,37.1391693],[-88.687767,37.139378],[-88.693983,37.141155],[-88.702553,37.142646],[-88.720224,37.140641],[-88.7205699,37.1407005],[-88.7206739,37.1407184],[-88.7209355,37.1407633],[-88.72344,37.141194],[-88.7289998,37.1429662],[-88.7312526,37.1436843],[-88.732105,37.143956],[-88.7345674,37.1450356],[-88.7361753,37.1457406],[-88.7371768,37.1461797],[-88.737937,37.146513],[-88.7456937,37.1513332],[-88.746065,37.151564],[-88.7466065,37.1518066],[-88.753068,37.154701],[-88.7565949,37.1569858],[-88.7609481,37.1598058],[-88.765357,37.162662],[-88.7663311,37.1632246],[-88.77595,37.16878],[-88.779466,37.172495],[-88.786947,37.178584],[-88.797373,37.184854],[-88.80572,37.188595],[-88.820935,37.192203],[-88.835051,37.196486],[-88.86953,37.209711],[-88.8948435,37.2171035],[-88.9087136,37.2217401],[-88.916934,37.224291],[-88.920878,37.224769],[-88.9236817,37.2250529],[-88.9280777,37.2265246],[-88.931745,37.227593],[-88.9381715,37.2282727],[-88.9418211,37.228847],[-88.9422054,37.228677],[-88.9410362,37.2281119],[-88.9403355,37.2278795],[-88.9366847,37.2268745],[-88.9328693,37.2257203],[-88.9325624,37.2253224],[-88.9333625,37.2249612],[-88.9374632,37.2245567],[-88.9395556,37.224388],[-88.9420432,37.2243063],[-88.9506136,37.2249399],[-88.9536823,37.2248709],[-88.9588854,37.2259263],[-88.9622478,37.2258809],[-88.9660733,37.2264389],[-88.9687783,37.2281118],[-88.9700532,37.2284704],[-88.972346,37.2283473],[-88.9730011,37.2286648],[-88.971128,37.2290764],[-88.9682132,37.2293995],[-88.966106,37.2295641],[-88.9663559,37.2300973],[-88.970181,37.2298567],[-88.9765028,37.2295162],[-88.98326,37.228685],[-89.000968,37.224401],[-89.0083969,37.2206417],[-89.0085745,37.2204885],[-89.0085193,37.2204151],[-89.0083534,37.2204004],[-89.0079543,37.2205765],[-89.0075182,37.2207574],[-89.0071436,37.2209335],[-89.0067813,37.2210851],[-89.0064435,37.2212122],[-89.0062593,37.2213247],[-89.006118,37.2213981],[-89.0059399,37.2214274],[-89.0058171,37.2213883],[-89.0057741,37.22131],[-89.0058847,37.2211829],[-89.0061288,37.2210317],[-89.0077639,37.2199261],[-89.0084456,37.2194615],[-89.014003,37.21609],[-89.029981,37.211144],[-89.037568,37.203932],[-89.041263,37.202881],[-89.058036,37.188767],[-89.076221,37.175125],[-89.086526,37.165602],[-89.092934,37.156439],[-89.095753,37.150391],[-89.096669,37.1462],[-89.0973818,37.1446314],[-89.099047,37.140967],[-89.1040308,37.1319717],[-89.111189,37.119052],[-89.115579,37.115781],[-89.120465,37.113487],[-89.12202,37.111342],[-89.125072,37.108813],[-89.134931,37.103278],[-89.135847,37.102197],[-89.138231,37.096906],[-89.14132,37.093865],[-89.146596,37.090714],[-89.149797,37.089828],[-89.151294,37.090487],[-89.154504,37.088907],[-89.168087,37.074218],[-89.1730858,37.0670969],[-89.175725,37.062069],[-89.1785813,37.0549989],[-89.179384,37.053012],[-89.181369,37.046305],[-89.1824832,37.0374797],[-89.182509,37.037275],[-89.180849,37.026843],[-89.1805496,37.025898],[-89.1796867,37.0231745],[-89.178975,37.020928],[-89.1783598,37.0198395],[-89.173595,37.011409],[-89.17112,37.008072],[-89.166687,37.0040196],[-89.160667,37.000051],[-89.1481934,36.9916556],[-89.138437,36.985089],[-89.1330128,36.9820008],[-89.128868,36.983265],[-89.125069,36.983499],[-89.1183,36.981879],[-89.11503,36.980335],[-89.1118903,36.9781942],[-89.109498,36.976563],[-89.105041,36.9719417],[-89.102879,36.9697],[-89.1018912,36.9681493],[-89.1006143,36.9661447],[-89.0993482,36.9632219],[-89.099007,36.961389],[-89.098843,36.95785],[-89.1008702,36.9440225],[-89.102137,36.939154],[-89.1035668,36.9353846],[-89.109377,36.920066],[-89.117567,36.887356],[-89.119813,36.882792],[-89.1266873,36.8720959],[-89.126702,36.872073],[-89.131944,36.857437],[-89.137969,36.847349],[-89.147674,36.847148],[-89.153513,36.8466],[-89.15733,36.843305],[-89.159466,36.842505],[-89.166841,36.842529],[-89.1704,36.841522],[-89.173419,36.839806],[-89.177177,36.835779],[-89.178153,36.834586],[-89.178888,36.831368],[-89.178574,36.816554],[-89.179229,36.812915],[-89.178749,36.809928],[-89.177417,36.807269],[-89.171069,36.798119],[-89.168458,36.795571],[-89.160877,36.790914],[-89.155891,36.789126],[-89.144208,36.788353],[-89.13321,36.788228],[-89.128923,36.787677],[-89.12353,36.785309],[-89.120437,36.782071],[-89.116847,36.775607],[-89.116067,36.772423],[-89.116563,36.767557],[-89.119198,36.759802],[-89.12243,36.754844],[-89.126134,36.751735],[-89.130399,36.751702],[-89.135518,36.751956],[-89.142313,36.755369],[-89.151756,36.756264],[-89.15699,36.755968],[-89.166888,36.759633],[-89.169106,36.759473],[-89.179545,36.756132],[-89.184523,36.753638],[-89.191553,36.747217],[-89.197808,36.739412],[-89.199798,36.734217],[-89.201047,36.725772],[-89.200732,36.720141],[-89.19948,36.716045],[-89.19604,36.712017],[-89.184356,36.701238],[-89.174836,36.69396],[-89.169522,36.688878],[-89.168016,36.685514],[-89.167961,36.678189],[-89.169467,36.674596],[-89.171882,36.672526],[-89.168723,36.671892],[-89.15908,36.666352],[-89.164601,36.660132],[-89.1747331,36.6504818],[-89.183321,36.644694],[-89.187749,36.641115],[-89.192542,36.635997],[-89.197654,36.628936],[-89.199136,36.625649],[-89.2009674,36.6231947],[-89.200902,36.618177],[-89.202607,36.601576],[-89.213563,36.580119],[-89.217447,36.576159],[-89.2201783,36.574282],[-89.227319,36.569375],[-89.2318428,36.5681238],[-89.236542,36.566824],[-89.258318,36.564948],[-89.2611014,36.5656653],[-89.268057,36.568908],[-89.27171,36.571387],[-89.278935,36.577699],[-89.294637,36.593729],[-89.301502,36.604138],[-89.313405,36.62012],[-89.3194281,36.6273903],[-89.3247212,36.6310753],[-89.3275641,36.632245],[-89.3306604,36.6327478],[-89.335371,36.6327408],[-89.3457406,36.6316045],[-89.35651,36.628439],[-89.3648598,36.6253164],[-89.365548,36.625059],[-89.371002,36.62084],[-89.375453,36.615719],[-89.376367,36.613868],[-89.3764854,36.6134526],[-89.378012,36.608096],[-89.380643,36.59113],[-89.382762,36.583603],[-89.395909,36.559649],[-89.396627,36.556429],[-89.396811,36.551975],[-89.398685,36.542329],[-89.405654,36.528165],[-89.409132,36.5201019],[-89.41822,36.499029]]]]}}]}