{"type":"FeatureCollection","licence":"Data © OpenStreetMap contributors, ODbL 1.0. http://osm.org/copyright","features":[{"type":"Feature","properties":{"place_id":345724656,"osm_type":"relation","osm_id":162112,"place_rank":8,"category":"boundary","type":"administrative","importance":0.7686056198997216,"addresstype":"state","name":"Maryland","display_name":"Maryland, United States"},"bbox":[-79.4873055,37.8865288,-74.9852049,39.7230286],"geometry":{"type":"Polygon","coordinates":[[[-79.4873055,39.2652307],[-79.4859554,39.2648835],[-79.4861307,39.2550342],[-79.4864569,39.2367144],[-79.4864652,39.2363712],[-79.4869141,39.2113043],[-79.4869503,39.2091932],[-79.4870169,39.2058766],[-79.4861367,39.2057075],[-79.4855229,39.2056818],[-79.4849921,39.2057589],[-79.4841461,39.2056689],[-79.4839138,39.2054504],[-79.4834991,39.2055018],[-79.4831673,39.2056047],[-79.4830346,39.2055275],[-79.4830014,39.2051805],[-79.4826365,39.2050776],[-79.4820061,39.2050648],[-79.4814587,39.2048977],[-79.4811601,39.204782],[-79.4807785,39.2047305],[-79.4808283,39.204512],[-79.4805463,39.2043063],[-79.480032,39.2042935],[-79.4795178,39.2041392],[-79.478257,39.2039078],[-79.4777262,39.2039593],[-79.4772285,39.2039078],[-79.4764488,39.2037022],[-79.4757882,39.2034066],[-79.4750387,39.2031237],[-79.4745908,39.2027766],[-79.4738941,39.2024681],[-79.473496,39.2021467],[-79.4730978,39.2019282],[-79.4728822,39.2020182],[-79.4726168,39.2022239],[-79.4725172,39.2024938],[-79.4721025,39.2025966],[-79.4721191,39.2028152],[-79.4724177,39.2028537],[-79.4722684,39.2030209],[-79.4718205,39.2032265],[-79.4710906,39.2031366],[-79.4708417,39.2033037],[-79.4704602,39.203098],[-79.4703441,39.203188],[-79.4703773,39.2033937],[-79.4702445,39.2035736],[-79.4697469,39.2035865],[-79.469581,39.203805],[-79.4697137,39.204075],[-79.4699791,39.2043192],[-79.4698464,39.2044349],[-79.4696473,39.2043706],[-79.469299,39.2043449],[-79.4693487,39.2046534],[-79.4692326,39.2050519],[-79.4689672,39.2053219],[-79.4689174,39.2055275],[-79.4690336,39.2057461],[-79.4689672,39.205926],[-79.4686852,39.206196],[-79.4686354,39.2064145],[-79.4689506,39.2066587],[-79.4694483,39.2068901],[-79.4695146,39.2070701],[-79.4694151,39.2072115],[-79.4691073,39.2074214],[-79.4688559,39.2076016],[-79.4681046,39.2074814],[-79.4677728,39.207777],[-79.4677064,39.2079956],[-79.4675405,39.2083555],[-79.4672088,39.2086768],[-79.4666945,39.2086768],[-79.4661968,39.208921],[-79.4659212,39.2088425],[-79.4654835,39.2089982],[-79.4653674,39.2092038],[-79.4652181,39.2093966],[-79.4646873,39.2095123],[-79.4643057,39.2095766],[-79.4640071,39.2098594],[-79.4636421,39.2102193],[-79.4630615,39.2102707],[-79.4628293,39.2104378],[-79.4626468,39.2107591],[-79.4619335,39.2108234],[-79.4615519,39.2108362],[-79.4612533,39.211029],[-79.4611372,39.2112733],[-79.4607059,39.2112347],[-79.4604405,39.2114403],[-79.460341,39.2113375],[-79.459976,39.2113889],[-79.459694,39.2112218],[-79.4589475,39.2113118],[-79.4584664,39.2115046],[-79.4580683,39.2113118],[-79.4576867,39.2113504],[-79.4575208,39.2111833],[-79.4572886,39.2110033],[-79.4570895,39.2111833],[-79.4570232,39.2109776],[-79.4568573,39.2107848],[-79.4566416,39.2109519],[-79.4560942,39.2109005],[-79.4556961,39.2110419],[-79.4554804,39.2109134],[-79.455132,39.2108876],[-79.4552316,39.2105406],[-79.4551154,39.2103349],[-79.4553311,39.210155],[-79.455132,39.2100265],[-79.4545348,39.2100907],[-79.4541367,39.2101936],[-79.4537054,39.2102835],[-79.4535229,39.2103092],[-79.4532077,39.2103092],[-79.4529755,39.2104506],[-79.4526105,39.210682],[-79.4525607,39.2109519],[-79.4524944,39.2111319],[-79.4525276,39.2112347],[-79.4527764,39.2111704],[-79.4529423,39.2111833],[-79.4530584,39.2113247],[-79.4528096,39.2114661],[-79.4525442,39.2118131],[-79.4521873,39.2119118],[-79.452146,39.2120702],[-79.4521958,39.2123786],[-79.4520963,39.2125586],[-79.4518806,39.2125586],[-79.4516152,39.2125457],[-79.4514825,39.2126871],[-79.4512502,39.2128671],[-79.4511507,39.2127771],[-79.451018,39.2126486],[-79.4508023,39.2125714],[-79.4505369,39.2128156],[-79.4504042,39.2131241],[-79.4504705,39.2135226],[-79.4505701,39.2137282],[-79.450371,39.2138825],[-79.4501553,39.2138439],[-79.4495747,39.2139339],[-79.4491932,39.214101],[-79.4485628,39.2142552],[-79.4483472,39.2144094],[-79.4481149,39.2146022],[-79.4479656,39.2149235],[-79.4478661,39.215232],[-79.4474182,39.2155533],[-79.4469869,39.215669],[-79.4465556,39.2156947],[-79.4461076,39.215759],[-79.4455602,39.2160417],[-79.4452118,39.2162345],[-79.4447142,39.2164016],[-79.4439511,39.2165944],[-79.4435032,39.2165173],[-79.4429558,39.2163373],[-79.4422756,39.2162217],[-79.4418775,39.2162602],[-79.4417448,39.2164144],[-79.4416784,39.2166715],[-79.4415955,39.2168386],[-79.4413134,39.2168129],[-79.4410646,39.2166586],[-79.440849,39.216453],[-79.4406001,39.2164016],[-79.4402518,39.2165944],[-79.4397873,39.2170442],[-79.4393821,39.2173825],[-79.4388583,39.217674],[-79.4387588,39.218021],[-79.438709,39.2183551],[-79.4383606,39.2185351],[-79.4381284,39.2185094],[-79.4378795,39.2184323],[-79.4375644,39.2184708],[-79.4374151,39.2185608],[-79.4374814,39.218715],[-79.437498,39.2188949],[-79.4371828,39.219062],[-79.4369008,39.2191006],[-79.4365524,39.2193833],[-79.4363202,39.2195632],[-79.4361543,39.219846],[-79.4360548,39.2201673],[-79.4355239,39.2207713],[-79.4348604,39.2216709],[-79.4344622,39.2221721],[-79.4336991,39.2229047],[-79.4332844,39.223393],[-79.4329692,39.2237657],[-79.4325545,39.2239842],[-79.4318909,39.2242026],[-79.431443,39.2243568],[-79.4309454,39.2244211],[-79.4305472,39.224254],[-79.4302984,39.2239713],[-79.4301491,39.22365],[-79.430177,39.2233795],[-79.4298339,39.2233801],[-79.4294358,39.2235087],[-79.4288883,39.2236886],[-79.4285234,39.2240099],[-79.4282082,39.2244339],[-79.4278598,39.2246653],[-79.4273787,39.224858],[-79.4267981,39.2249223],[-79.4263668,39.2249351],[-79.4259355,39.2250251],[-79.4257033,39.225295],[-79.4255374,39.2257062],[-79.425272,39.2261174],[-79.4246084,39.2264387],[-79.4242269,39.2267085],[-79.4240278,39.2270169],[-79.4239946,39.2273768],[-79.4242269,39.2276338],[-79.4245918,39.227955],[-79.4246913,39.2283662],[-79.4246084,39.2288546],[-79.4244093,39.2295228],[-79.4242932,39.2299597],[-79.4243927,39.2302809],[-79.4245586,39.2307178],[-79.4244757,39.2313989],[-79.4245586,39.2320028],[-79.424625,39.2324397],[-79.4248738,39.2329151],[-79.425189,39.2334676],[-79.4253051,39.2339559],[-79.4252554,39.2342514],[-79.4250729,39.2345084],[-79.424778,39.2345702],[-79.4246084,39.2344699],[-79.4244757,39.2342257],[-79.4241632,39.2339815],[-79.4236794,39.2340073],[-79.4233145,39.2341486],[-79.4226177,39.2342771],[-79.4221532,39.2344442],[-79.4218546,39.2348297],[-79.4215063,39.234971],[-79.4209257,39.2351252],[-79.4205773,39.2353436],[-79.420428,39.2357162],[-79.4203119,39.2361659],[-79.4204778,39.2365771],[-79.4207598,39.2369112],[-79.4208095,39.2372195],[-79.4208759,39.2379776],[-79.4208261,39.2383502],[-79.4203002,39.2387515],[-79.4197478,39.2388513],[-79.4191672,39.2389413],[-79.4190013,39.2390697],[-79.4187359,39.2393395],[-79.4184373,39.2394937],[-79.4178401,39.2396608],[-79.4170107,39.2397507],[-79.4160319,39.239725],[-79.4155674,39.2396222],[-79.4152522,39.2395323],[-79.4149868,39.2395708],[-79.4148043,39.2397764],[-79.4147048,39.2400205],[-79.4145057,39.2402261],[-79.4140226,39.2403134],[-79.4137261,39.2401875],[-79.4133611,39.2400462],[-79.412963,39.2399691],[-79.4125814,39.2399177],[-79.4122662,39.2400205],[-79.4121335,39.2402389],[-79.4121335,39.2405087],[-79.4122165,39.2407785],[-79.4121008,39.2410599],[-79.4118017,39.2413567],[-79.411387,39.2415623],[-79.4109059,39.2416137],[-79.4105576,39.2418835],[-79.4099438,39.242346],[-79.4094627,39.2426415],[-79.4091973,39.2430783],[-79.4091475,39.243438],[-79.409092,39.2437799],[-79.4088323,39.2442346],[-79.4084342,39.2446971],[-79.4083678,39.2449155],[-79.4082517,39.2451981],[-79.4083015,39.2454422],[-79.4086333,39.245545],[-79.4090812,39.245545],[-79.4093466,39.2457506],[-79.4094295,39.2459433],[-79.4093798,39.246136],[-79.4090646,39.2463287],[-79.4085337,39.2464058],[-79.4078536,39.24647],[-79.4074057,39.2466113],[-79.4069744,39.2468169],[-79.4063772,39.2469325],[-79.4059956,39.2471252],[-79.4057302,39.2473436],[-79.4056307,39.2476519],[-79.4055809,39.2478575],[-79.4054316,39.2481915],[-79.4050335,39.2484741],[-79.404486,39.2488466],[-79.4040215,39.2493091],[-79.4036068,39.2498872],[-79.4032916,39.2500028],[-79.4025119,39.24999],[-79.4019645,39.2500157],[-79.4014171,39.2503111],[-79.4010853,39.2503882],[-79.4006042,39.2504653],[-79.4003056,39.2505167],[-79.3999904,39.2507479],[-79.3995757,39.2513003],[-79.3991942,39.2517499],[-79.3987794,39.2524179],[-79.3983647,39.2528932],[-79.3983647,39.2531501],[-79.3983979,39.2535098],[-79.3984974,39.2539594],[-79.3985804,39.254242],[-79.3987628,39.2544218],[-79.3991444,39.2546145],[-79.3994098,39.2546916],[-79.3994098,39.2549485],[-79.3992107,39.2550513],[-79.3988292,39.2552054],[-79.398597,39.2554109],[-79.3979666,39.2560275],[-79.3977177,39.2560789],[-79.3975021,39.2560403],[-79.3970542,39.2558862],[-79.3964902,39.2558091],[-79.3961252,39.2558348],[-79.39581,39.2560147],[-79.395528,39.2562202],[-79.3950137,39.2567211],[-79.3944995,39.2573249],[-79.3942507,39.2577359],[-79.3941345,39.2582497],[-79.3940516,39.2588277],[-79.3939023,39.2594186],[-79.3937038,39.260134],[-79.3935373,39.2608571],[-79.3932885,39.261281],[-79.3930231,39.2615122],[-79.3927411,39.2616021],[-79.3925586,39.261525],[-79.3923927,39.2613195],[-79.3920111,39.2610627],[-79.3914637,39.2609342],[-79.3908997,39.2609342],[-79.3903688,39.2610883],[-79.3898878,39.2612939],[-79.3895892,39.2615507],[-79.389473,39.2617434],[-79.3892242,39.2619874],[-79.3887431,39.2622058],[-79.3884114,39.2623342],[-79.3881127,39.2625397],[-79.3878473,39.262848],[-79.3872335,39.2634003],[-79.3871506,39.2636828],[-79.3870676,39.2640553],[-79.3870511,39.2644535],[-79.3869018,39.2648645],[-79.3869681,39.2652112],[-79.3869732,39.2658226],[-79.3871838,39.266547],[-79.387499,39.2669708],[-79.3875653,39.2672148],[-79.3870511,39.2677285],[-79.3864539,39.2679597],[-79.3857571,39.2680368],[-79.3853922,39.267857],[-79.3848281,39.2674845],[-79.3842973,39.2671891],[-79.3832688,39.2668937],[-79.3825057,39.2666882],[-79.3819085,39.2665598],[-79.3814772,39.2667525],[-79.3813942,39.2669451],[-79.3812947,39.2673047],[-79.3812781,39.2674974],[-79.3809795,39.2676772],[-79.3808468,39.2680239],[-79.3807141,39.2684606],[-79.3804155,39.2688202],[-79.3798349,39.2694752],[-79.379387,39.2700274],[-79.3791713,39.2704769],[-79.3790552,39.2709264],[-79.3789472,39.2712602],[-79.3786405,39.2715685],[-79.3780599,39.2718767],[-79.3774792,39.2720694],[-79.3767659,39.2724161],[-79.3759894,39.2728864],[-79.3755236,39.2730769],[-79.374768,39.2733687],[-79.3740287,39.2736233],[-79.3734315,39.2737902],[-79.3728343,39.2738801],[-79.3725689,39.2738801],[-79.3718888,39.2738801],[-79.370711,39.273893],[-79.3696824,39.2739186],[-79.3682226,39.2739443],[-79.3673268,39.2739315],[-79.366796,39.2739957],[-79.3663647,39.2741113],[-79.3657343,39.2743681],[-79.365021,39.2745351],[-79.3639988,39.2745703],[-79.3621179,39.2746378],[-79.361388,39.2747148],[-79.3610562,39.2748689],[-79.3606912,39.2751386],[-79.3600443,39.2753826],[-79.3593191,39.2755926],[-79.3583902,39.2758358],[-79.3578082,39.2759694],[-79.3574027,39.2760626],[-79.3569753,39.2762302],[-79.3567431,39.276487],[-79.3566933,39.2767823],[-79.3565274,39.2772318],[-79.356262,39.2775913],[-79.3559136,39.2778739],[-79.3555487,39.2778995],[-79.3552003,39.2778739],[-79.3548519,39.2777711],[-79.3544372,39.2776299],[-79.3541386,39.2776941],[-79.35384,39.2778482],[-79.3536339,39.2782059],[-79.353276,39.278914],[-79.3528115,39.2794661],[-79.3521148,39.2800311],[-79.3518493,39.2803778],[-79.3517498,39.2807759],[-79.3516669,39.2811611],[-79.3514678,39.2815335],[-79.3513683,39.2818802],[-79.3512521,39.2823296],[-79.3511692,39.2830102],[-79.3511692,39.2838705],[-79.3511858,39.2844868],[-79.3510863,39.2848463],[-79.3508208,39.2851159],[-79.3504061,39.2851545],[-79.3499582,39.2851416],[-79.3490956,39.2849619],[-79.3480671,39.284628],[-79.3470717,39.2843584],[-79.346375,39.2843455],[-79.3456119,39.2844226],[-79.3450811,39.2846409],[-79.3446498,39.2848591],[-79.3444175,39.2851801],[-79.3441355,39.2856039],[-79.3438701,39.2860147],[-79.3434554,39.2865026],[-79.3433558,39.2867979],[-79.3434858,39.2871103],[-79.3437909,39.2874048],[-79.3444507,39.2880819],[-79.3450811,39.2890577],[-79.3456654,39.2900411],[-79.3460266,39.2902774],[-79.3465741,39.2905085],[-79.3468727,39.290624],[-79.3470883,39.2909964],[-79.3470386,39.2917667],[-79.3469556,39.2926269],[-79.3467565,39.2930762],[-79.3463584,39.2934614],[-79.3459271,39.2937695],[-79.345529,39.2936796],[-79.3449484,39.2934614],[-79.3446663,39.2933073],[-79.3440288,39.2933799],[-79.343306,39.2934614],[-79.3427254,39.2935384],[-79.3417633,39.2935127],[-79.3406186,39.2934742],[-79.340121,39.2935384],[-79.3397892,39.2937695],[-79.3395072,39.2941418],[-79.3391588,39.2948993],[-79.3387939,39.2955925],[-79.3382962,39.2961831],[-79.3374833,39.2969277],[-79.3363553,39.2976594],[-79.3356751,39.2979547],[-79.3350614,39.2981472],[-79.3345471,39.2982756],[-79.3340494,39.2984682],[-79.3334522,39.2988533],[-79.3329214,39.2993539],[-79.3326228,39.2996749],[-79.3322141,39.299919],[-79.3316556,39.299985],[-79.3311696,39.2999236],[-79.3302008,39.2997391],[-79.329305,39.2997006],[-79.3288073,39.2998033],[-79.3282433,39.3000472],[-79.3277788,39.3004066],[-79.3272148,39.3006248],[-79.3264185,39.3008045],[-79.3259872,39.3008559],[-79.3251246,39.3007275],[-79.3242785,39.3004451],[-79.3231173,39.3000215],[-79.3223376,39.2997391],[-79.3217404,39.2997134],[-79.3212096,39.2997904],[-79.3207617,39.2999701],[-79.3204465,39.3001884],[-79.3200484,39.3005478],[-79.3198161,39.3011126],[-79.3196336,39.301639],[-79.3193516,39.3019214],[-79.3188871,39.3021781],[-79.3184392,39.3023193],[-79.3180577,39.3026145],[-79.3173278,39.3033206],[-79.3168633,39.3038469],[-79.3164026,39.3041395],[-79.3157236,39.30425],[-79.314375,39.3044758],[-79.3133745,39.3045094],[-79.3128488,39.3044245],[-79.3125057,39.3042049],[-79.3122184,39.3037827],[-79.3117892,39.3032209],[-79.3114113,39.3029008],[-79.3108581,39.3026659],[-79.3100121,39.3024477],[-79.3088674,39.3021909],[-79.3083698,39.3020754],[-79.307756,39.3018572],[-79.3074076,39.3015876],[-79.3060639,39.3008431],[-79.3052676,39.3003553],[-79.3041894,39.2997776],[-79.3036253,39.2995722],[-79.3031277,39.2994181],[-79.3026466,39.2994181],[-79.301983,39.2994952],[-79.3009673,39.2996952],[-79.2999426,39.2998161],[-79.2981012,39.2998418],[-79.2973381,39.2998033],[-79.2966414,39.2997262],[-79.2958949,39.2994823],[-79.2949327,39.2991357],[-79.2938379,39.2988276],[-79.2930748,39.2987506],[-79.2921792,39.2987675],[-79.2912832,39.2988405],[-79.290603,39.2989688],[-79.2901385,39.2992641],[-79.2897736,39.2997519],[-79.2895745,39.3003039],[-79.2895061,39.3008249],[-79.2894916,39.3015106],[-79.289674,39.3019727],[-79.2898731,39.3025247],[-79.2899561,39.3029355],[-79.2899229,39.3034233],[-79.2896077,39.3038854],[-79.2889441,39.3045529],[-79.2879322,39.3055284],[-79.2860577,39.3071458],[-79.2847803,39.3083138],[-79.2840338,39.3090198],[-79.283702,39.309469],[-79.2835405,39.3098582],[-79.2834034,39.3105087],[-79.2833039,39.3111761],[-79.2834366,39.3116125],[-79.2835195,39.3120746],[-79.28342,39.3124596],[-79.2833371,39.3127163],[-79.2834532,39.3131784],[-79.2837352,39.3138971],[-79.2838513,39.3143335],[-79.2839011,39.3150522],[-79.2837186,39.3156939],[-79.2833868,39.316387],[-79.2829555,39.3170415],[-79.2826735,39.317542],[-79.2824413,39.3182607],[-79.2823162,39.3191188],[-79.2821758,39.3196724],[-79.2819934,39.3201088],[-79.2817777,39.3203783],[-79.2817279,39.3205195],[-79.2817445,39.3208018],[-79.2820265,39.3211996],[-79.2821427,39.3218798],[-79.2821924,39.3224701],[-79.2820929,39.3228166],[-79.2818109,39.3231503],[-79.2813132,39.3234454],[-79.2804113,39.323818],[-79.2798036,39.3240357],[-79.2791898,39.3242795],[-79.2785595,39.3245619],[-79.2781281,39.324934],[-79.2773485,39.3254986],[-79.2766517,39.3259991],[-79.275872,39.3264739],[-79.2754407,39.3267691],[-79.275109,39.3270514],[-79.2746445,39.3272438],[-79.2739477,39.3274877],[-79.2729026,39.3276416],[-79.2719105,39.3278171],[-79.2708954,39.3282499],[-79.2703135,39.3287643],[-79.2697483,39.329343],[-79.2693493,39.3299603],[-79.2692163,39.3304747],[-79.2692163,39.3310405],[-79.2692486,39.3318765],[-79.2692661,39.3327379],[-79.2692495,39.3332137],[-79.2693326,39.3335095],[-79.2692495,39.3342682],[-79.2692828,39.3348082],[-79.2691331,39.335374],[-79.2686344,39.3359141],[-79.2683019,39.3361455],[-79.2678862,39.3362098],[-79.2674374,39.3362098],[-79.2667391,39.3361584],[-79.2662403,39.3360427],[-79.2656086,39.3357855],[-79.2649436,39.3354897],[-79.2642287,39.3351811],[-79.2636634,39.3349754],[-79.2629984,39.3348082],[-79.2623002,39.3346025],[-79.2615853,39.3345125],[-79.2610533,39.334371],[-79.2604049,39.3341653],[-79.2597079,39.3342337],[-79.2589361,39.3343557],[-79.2577615,39.3347311],[-79.2567972,39.3351683],[-79.255434,39.3357598],[-79.254774,39.3362083],[-79.2541595,39.3367038],[-79.2537826,39.3370528],[-79.2536749,39.3374663],[-79.2536439,39.3380311],[-79.25386,39.3384309],[-79.2542203,39.3389872],[-79.2545861,39.3392573],[-79.2552345,39.3395658],[-79.2558995,39.3399387],[-79.2564814,39.3403373],[-79.2570466,39.3409159],[-79.2572794,39.3415845],[-79.2573292,39.3422145],[-79.2572129,39.342806],[-79.2568471,39.3434103],[-79.2563791,39.3439782],[-79.2557831,39.344336],[-79.2551513,39.3446446],[-79.2547025,39.3451203],[-79.2541538,39.3457374],[-79.2537714,39.3465345],[-79.2534968,39.3476025],[-79.2534556,39.3483859],[-79.2534998,39.349081],[-79.2537714,39.3499415],[-79.2542868,39.3509185],[-79.2548853,39.3519084],[-79.255567,39.3529626],[-79.2560158,39.3536696],[-79.2564315,39.3543638],[-79.2567474,39.3550708],[-79.2568305,39.3557393],[-79.2567806,39.3563563],[-79.2565645,39.3567934],[-79.2562652,39.3570248],[-79.2559327,39.3571919],[-79.2555568,39.3572471],[-79.2549685,39.3571662],[-79.2544863,39.3568448],[-79.2538047,39.3564978],[-79.2531397,39.3561378],[-79.2524451,39.3557452],[-79.2518376,39.3554807],[-79.2509452,39.3553408],[-79.2499809,39.3553794],[-79.2492328,39.3554951],[-79.2488338,39.3558679],[-79.2485678,39.3561635],[-79.2484348,39.3564463],[-79.2484181,39.3566906],[-79.248335,39.3569862],[-79.2477697,39.357359],[-79.2470549,39.357719],[-79.2465727,39.3579503],[-79.2461022,39.3579802],[-79.2456583,39.3581174],[-79.24501,39.358426],[-79.2445278,39.3586702],[-79.2437132,39.3588887],[-79.2423832,39.3593001],[-79.2412194,39.3594543],[-79.2401388,39.3595057],[-79.2397231,39.3594672],[-79.2394239,39.3593386],[-79.239108,39.3591201],[-79.2385095,39.3587345],[-79.238044,39.3585159],[-79.2371251,39.3583681],[-79.2364812,39.3583103],[-79.2358994,39.3583874],[-79.2351796,39.3584836],[-79.2346192,39.3587345],[-79.2338212,39.358953],[-79.2334056,39.3592101],[-79.2330066,39.35957],[-79.2326408,39.3600713],[-79.2323369,39.3605463],[-79.2321421,39.3610868],[-79.2319758,39.3616009],[-79.2319688,39.3620874],[-79.2320257,39.3627835],[-79.2319986,39.3635274],[-79.2318594,39.3640689],[-79.2315934,39.364583],[-79.231211,39.3647758],[-79.2308619,39.36493],[-79.230413,39.3648272],[-79.2299475,39.3646601],[-79.2292991,39.3644545],[-79.2288669,39.3643902],[-79.2277845,39.3643691],[-79.226556,39.3642617],[-79.2253257,39.364146],[-79.2243448,39.3640174],[-79.2237131,39.3638889],[-79.2226491,39.3635547],[-79.2218012,39.3633233],[-79.2208702,39.3631434],[-79.2202883,39.3630791],[-79.2199558,39.3631563],[-79.2196587,39.3632855],[-79.219324,39.3633233],[-79.2186424,39.3633105],[-79.2182101,39.3632719],[-79.2170962,39.3632719],[-79.2160489,39.3633233],[-79.215467,39.3633876],[-79.215068,39.3633491],[-79.214536,39.3633362],[-79.2141536,39.3634262],[-79.2138377,39.3636575],[-79.2135218,39.3641074],[-79.2133556,39.3646601],[-79.2132291,39.3653455],[-79.2131228,39.3662796],[-79.2131438,39.367215],[-79.2131561,39.3683746],[-79.2131394,39.3690044],[-79.2129399,39.3696213],[-79.2125243,39.3702768],[-79.2118759,39.3709965],[-79.2111777,39.3714207],[-79.2103963,39.3717034],[-79.2096149,39.3720504],[-79.2084345,39.3728858],[-79.2076033,39.373387],[-79.2069382,39.3740296],[-79.2061901,39.3746593],[-79.2055085,39.3754304],[-79.2045941,39.3763428],[-79.2035633,39.3773838],[-79.2027102,39.3783475],[-79.2020671,39.37926],[-79.2016016,39.3800182],[-79.2013023,39.3807121],[-79.2009199,39.3812647],[-79.2005874,39.3815731],[-79.2003713,39.3818558],[-79.2000554,39.3824212],[-79.1997229,39.3831793],[-79.19954,39.3838861],[-79.1993405,39.3846314],[-79.1992052,39.3852965],[-79.1990413,39.3858135],[-79.1987088,39.3863275],[-79.1984191,39.3868902],[-79.1981269,39.3876124],[-79.1978609,39.3881007],[-79.1974619,39.3883191],[-79.1970463,39.3884476],[-79.1963812,39.3885633],[-79.1955426,39.388702],[-79.1948019,39.3887175],[-79.1939872,39.3886532],[-79.1932161,39.3884879],[-79.1924909,39.3882806],[-79.1920254,39.3879851],[-79.1914436,39.3876381],[-79.1907287,39.3873169],[-79.1903342,39.3870229],[-79.1902632,39.38697],[-79.189732,39.3864614],[-79.1894265,39.3862606],[-79.1889826,39.3859608],[-79.1885508,39.3858521],[-79.1879523,39.3857107],[-79.1871875,39.385428],[-79.1862232,39.3851839],[-79.1854585,39.3851325],[-79.1843945,39.3851839],[-79.1836962,39.3852482],[-79.1830146,39.3853767],[-79.1824659,39.3856079],[-79.1817511,39.3860191],[-79.1809863,39.3865588],[-79.1794734,39.3877923],[-79.1788693,39.3882908],[-79.1785092,39.3885504],[-79.1780935,39.3887688],[-79.1773454,39.3889873],[-79.177096,39.3891158],[-79.1768965,39.3893727],[-79.1769963,39.3897582],[-79.1771791,39.3901308],[-79.1775948,39.3905677],[-79.1780104,39.3910816],[-79.1785503,39.3916216],[-79.179305,39.3921686],[-79.1801384,39.3931759],[-79.1811193,39.3941652],[-79.1812468,39.3945135],[-79.1814186,39.3947305],[-79.1814186,39.3950003],[-79.1812024,39.3953729],[-79.1807203,39.3957455],[-79.1801218,39.3960795],[-79.1794873,39.39628],[-79.178692,39.3965035],[-79.1781101,39.3966063],[-79.1773121,39.3966833],[-79.1769298,39.3966191],[-79.176431,39.3964264],[-79.1759987,39.3961951],[-79.1754335,39.3958996],[-79.1747851,39.3954757],[-79.174303,39.3951416],[-79.1739705,39.3945892],[-79.1733387,39.3936513],[-79.1727381,39.3929097],[-79.1723146,39.3922111],[-79.1716912,39.3914476],[-79.17013,39.3901565],[-79.1689995,39.3892957],[-79.1675531,39.3882163],[-79.1662896,39.3874839],[-79.1654251,39.387137],[-79.1647934,39.3870985],[-79.1643112,39.3871627],[-79.1637127,39.3873169],[-79.162948,39.387651],[-79.1622996,39.3880236],[-79.1618174,39.3885119],[-79.1614849,39.388923],[-79.1613519,39.389437],[-79.1613187,39.3900537],[-79.1613793,39.3903425],[-79.1614838,39.3908404],[-79.1617509,39.39139],[-79.1624492,39.3925463],[-79.1634966,39.3938697],[-79.1641616,39.3946534],[-79.164411,39.395026],[-79.1648765,39.3952701],[-79.1653087,39.3954371],[-79.1654251,39.3955913],[-79.1655914,39.3965163],[-79.165986,39.3980812],[-79.1663581,39.3993051],[-79.166539,39.4003191],[-79.166539,39.4008972],[-79.166364,39.4014789],[-79.1661067,39.4019891],[-79.1658075,39.4026828],[-79.1655082,39.4033637],[-79.165076,39.404006],[-79.1648931,39.4044942],[-79.1647499,39.4049816],[-79.1645274,39.4053805],[-79.1642281,39.4057531],[-79.1636462,39.4062412],[-79.1629313,39.4067165],[-79.1621998,39.407089],[-79.1617177,39.4071789],[-79.1614184,39.4072046],[-79.1610361,39.4074101],[-79.1605373,39.4077313],[-79.1602382,39.4079986],[-79.1597892,39.4086818],[-79.1593735,39.4093883],[-79.1591242,39.4099792],[-79.1589413,39.4105058],[-79.1588748,39.4111866],[-79.1589959,39.4120234],[-79.1590743,39.4129206],[-79.1592229,39.4136364],[-79.1595564,39.4143977],[-79.1599949,39.4151658],[-79.1601383,39.4156821],[-79.1600718,39.4161317],[-79.1599055,39.4164014],[-79.1595065,39.4167867],[-79.1586919,39.4171335],[-79.1576944,39.4174803],[-79.15678,39.41775],[-79.1562314,39.417917],[-79.1555328,39.4181455],[-79.155184,39.4181481],[-79.1547351,39.4180454],[-79.1538872,39.4179426],[-79.1532056,39.4176858],[-79.1521915,39.4174417],[-79.1512604,39.4169152],[-79.1505954,39.4163629],[-79.1500634,39.4155794],[-79.1498806,39.4149372],[-79.1496644,39.4140638],[-79.149511,39.4132146],[-79.1494982,39.4120729],[-79.1495314,39.4111738],[-79.1493818,39.4103003],[-79.1491887,39.4094869],[-79.1491823,39.4089387],[-79.149282,39.4083992],[-79.1494149,39.4078954],[-79.1497057,39.4074586],[-79.1499471,39.4070119],[-79.1500315,39.4063667],[-79.1498639,39.4058173],[-79.1495314,39.4053548],[-79.1490493,39.4049951],[-79.148351,39.4047768],[-79.1476029,39.4045712],[-79.1467883,39.4044685],[-79.1463726,39.4044942],[-79.1455414,39.4045455],[-79.1449876,39.404761],[-79.1442446,39.4049566],[-79.1432637,39.4052521],[-79.1429312,39.4054833],[-79.1425799,39.4059226],[-79.1419503,39.4066908],[-79.1414682,39.407423],[-79.1412188,39.4080524],[-79.1410193,39.4087846],[-79.1409861,39.4092856],[-79.1410027,39.409915],[-79.1411024,39.4105572],[-79.1413544,39.4113411],[-79.1415846,39.4120986],[-79.1416345,39.4128436],[-79.1417176,39.4135115],[-79.1418398,39.4143972],[-79.1419171,39.4150039],[-79.1422163,39.4157721],[-79.1422496,39.4161317],[-79.1421498,39.4167097],[-79.1417342,39.4170693],[-79.1411484,39.4174449],[-79.1406702,39.4176216],[-79.1401548,39.4177885],[-79.1396062,39.4178656],[-79.1392737,39.4179426],[-79.1389578,39.4180968],[-79.138592,39.4182894],[-79.1380434,39.4184564],[-79.1370789,39.4187025],[-79.1365139,39.4187133],[-79.1357325,39.4186747],[-79.1347849,39.4184564],[-79.1339037,39.4181995],[-79.1327706,39.4179655],[-79.132075,39.4176729],[-79.1317425,39.4176216],[-79.1314117,39.4176583],[-79.1311107,39.417583],[-79.1305122,39.4173647],[-79.1299303,39.4171207],[-79.1293484,39.4171335],[-79.1286169,39.4172106],[-79.1282013,39.4173775],[-79.1278854,39.4175702],[-79.1275363,39.4178142],[-79.1274199,39.4181225],[-79.1274033,39.4183151],[-79.1276028,39.4185078],[-79.1278522,39.4187518],[-79.1278712,39.419002],[-79.1276028,39.4193297],[-79.1273534,39.419715],[-79.1272703,39.4201389],[-79.1272204,39.4206783],[-79.1270375,39.421192],[-79.1270375,39.4216543],[-79.1271871,39.4223093],[-79.1273534,39.4227845],[-79.1275862,39.4231056],[-79.1279353,39.423234],[-79.1282922,39.423407],[-79.1284174,39.423889],[-79.1286502,39.4244925],[-79.1289328,39.4250319],[-79.128966,39.4254172],[-79.1291822,39.4256227],[-79.1292819,39.4258924],[-79.129404,39.426637],[-79.1294734,39.4278945],[-79.1294482,39.4286533],[-79.1291655,39.4293339],[-79.1288497,39.429655],[-79.1282656,39.430107],[-79.127636,39.430464],[-79.1268546,39.4307465],[-79.1260566,39.4311446],[-79.125508,39.4314784],[-79.1250924,39.4317224],[-79.1250092,39.4320178],[-79.124843,39.4323259],[-79.1246269,39.4327754],[-79.1241614,39.4332248],[-79.1238199,39.4333196],[-79.1221677,39.4332399],[-79.1214769,39.4331966],[-79.1207372,39.4330369],[-79.1199654,39.4327629],[-79.1187914,39.4324415],[-79.1176277,39.4321975],[-79.11617,39.431754],[-79.1131389,39.4309391],[-79.1125071,39.4308235],[-79.1122411,39.4308621],[-79.1118753,39.431106],[-79.111094,39.431671],[-79.1107282,39.4320049],[-79.1106451,39.4323131],[-79.1106783,39.4328139],[-79.1109942,39.4336742],[-79.1113101,39.4343291],[-79.1117611,39.4349919],[-79.1123408,39.4355746],[-79.1130225,39.4361396],[-79.1139701,39.4366403],[-79.1148014,39.436987],[-79.1156326,39.4373979],[-79.1163309,39.4378473],[-79.1167133,39.4381298],[-79.1168629,39.4384636],[-79.1168899,39.4389439],[-79.116813,39.4393239],[-79.1165803,39.4397476],[-79.116414,39.4402868],[-79.1162145,39.440993],[-79.1159534,39.441599],[-79.1155994,39.4420201],[-79.1150508,39.442431],[-79.1146019,39.4427776],[-79.1142527,39.44315],[-79.1138537,39.4435095],[-79.1131556,39.4439373],[-79.1121912,39.444421],[-79.1107947,39.4451015],[-79.1101297,39.4453454],[-79.1096143,39.4454096],[-79.1091488,39.4453839],[-79.1086833,39.4454353],[-79.1080682,39.4456664],[-79.1075694,39.4459745],[-79.107135,39.4464798],[-79.106655,39.4468346],[-79.10599,39.4472583],[-79.1049593,39.4479002],[-79.1041671,39.4485249],[-79.103813,39.448885],[-79.1036957,39.4490043],[-79.1033606,39.4495132],[-79.10318,39.4498817],[-79.1029144,39.4504549],[-79.1027647,39.4509042],[-79.1027148,39.4514049],[-79.1027148,39.4517772],[-79.1026151,39.4521495],[-79.1024655,39.4526886],[-79.1024987,39.4531764],[-79.1026483,39.4536642],[-79.1029476,39.4543318],[-79.1030806,39.4546142],[-79.1030307,39.4548837],[-79.1027481,39.4551405],[-79.102653,39.4551948],[-79.1023657,39.4553587],[-79.102133,39.4556026],[-79.1020498,39.4558337],[-79.1019501,39.4563471],[-79.1018836,39.4569633],[-79.1019667,39.45722],[-79.1022992,39.4575409],[-79.1028645,39.4576821],[-79.1034796,39.4576564],[-79.104394,39.4576051],[-79.1054913,39.4574767],[-79.1067548,39.4572072],[-79.107719,39.4569889],[-79.1082178,39.4569633],[-79.108517,39.4571045],[-79.1086833,39.4573612],[-79.1087664,39.4577078],[-79.1087498,39.4581955],[-79.1086168,39.4586576],[-79.1084505,39.4591326],[-79.1083009,39.4598642],[-79.1081513,39.4604547],[-79.1080349,39.4609039],[-79.1079352,39.4612248],[-79.1076359,39.4615329],[-79.1071039,39.4619821],[-79.1065719,39.4624698],[-79.1060233,39.4627265],[-79.1051255,39.4629576],[-79.1044106,39.4630603],[-79.1035794,39.4630859],[-79.1027647,39.4630346],[-79.102133,39.4629319],[-79.101468,39.4628677],[-79.1008196,39.4628677],[-79.1004206,39.4628164],[-79.0998387,39.4625083],[-79.0992901,39.4624442],[-79.0983757,39.46238],[-79.0974945,39.4623158],[-79.0967797,39.4623158],[-79.0960481,39.4624698],[-79.0956159,39.462688],[-79.0952501,39.4630603],[-79.0951454,39.4634469],[-79.0951171,39.4637405],[-79.0949841,39.4640101],[-79.0947878,39.4643624],[-79.0945685,39.4647545],[-79.0945851,39.4649727],[-79.0947514,39.4653962],[-79.0951063,39.4660168],[-79.0954995,39.4665385],[-79.0958985,39.4672444],[-79.0965469,39.4678476],[-79.0972285,39.4682583],[-79.0978104,39.4686562],[-79.0983399,39.4687272],[-79.0993099,39.4686584],[-79.0999218,39.4686305],[-79.1006034,39.468669],[-79.1010357,39.4687332],[-79.1013682,39.4689385],[-79.1022327,39.4692594],[-79.1031305,39.4695931],[-79.1036791,39.4699524],[-79.1043607,39.47053],[-79.1048928,39.471377],[-79.1052585,39.4720058],[-79.1054913,39.4725705],[-79.1055744,39.4730967],[-79.1055736,39.4736342],[-79.1054414,39.4740207],[-79.1051255,39.4742902],[-79.1048429,39.474765],[-79.1045104,39.4750858],[-79.1040622,39.475545],[-79.1034962,39.4758558],[-79.1026317,39.4762408],[-79.1016841,39.4766258],[-79.1009858,39.4768824],[-79.1003541,39.4770108],[-79.0999373,39.4769114],[-79.0990906,39.4766001],[-79.0977273,39.4761253],[-79.0965831,39.475571],[-79.0955328,39.4750088],[-79.0948179,39.474611],[-79.0941362,39.4740464],[-79.0934055,39.4734707],[-79.0926899,39.473071],[-79.0919085,39.4727245],[-79.0909466,39.472407],[-79.0898968,39.4721342],[-79.0888827,39.4718518],[-79.0878519,39.4716978],[-79.086605,39.4715823],[-79.085807,39.4715695],[-79.0850755,39.4715053],[-79.083679,39.4713642],[-79.0830372,39.4714047],[-79.0813681,39.4717107],[-79.0802708,39.4720187],[-79.0788909,39.472301],[-79.0777937,39.4725449],[-79.076314,39.4728272],[-79.0756656,39.4730454],[-79.0750693,39.4732122],[-79.0745185,39.4733662],[-79.0735875,39.4735972],[-79.0730056,39.4737897],[-79.0724237,39.4738282],[-79.0716756,39.4738282],[-79.0711768,39.4738282],[-79.0707113,39.4739565],[-79.0700796,39.4741619],[-79.0697304,39.4743287],[-79.0694977,39.4743672],[-79.0690654,39.4743928],[-79.0686664,39.4743672],[-79.0683838,39.4746752],[-79.0680846,39.4750345],[-79.0679682,39.4752912],[-79.067885,39.4755735],[-79.067752,39.47592],[-79.0677354,39.4764461],[-79.0677354,39.4768696],[-79.0677354,39.4773444],[-79.0677687,39.4776652],[-79.0678518,39.4779989],[-79.0681677,39.4783582],[-79.0683506,39.4786662],[-79.0683173,39.4789998],[-79.0683339,39.4792179],[-79.0682508,39.4795259],[-79.0682757,39.4797041],[-79.0679649,39.4800767],[-79.0677475,39.4801855],[-79.0666852,39.4799137],[-79.0662955,39.4798829],[-79.0662926,39.4798804],[-79.0661975,39.4798782],[-79.066019,39.4798512],[-79.0657542,39.4797224],[-79.0654211,39.4795389],[-79.064813,39.4790632],[-79.0645435,39.4788016],[-79.0645554,39.4788008],[-79.0644184,39.4786741],[-79.0640714,39.4782024],[-79.0637974,39.4777596],[-79.0633809,39.4770188],[-79.0633926,39.4770178],[-79.0632236,39.4767453],[-79.0627329,39.4759189],[-79.0625394,39.4753325],[-79.0625492,39.4753325],[-79.0623016,39.4748375],[-79.0619759,39.4743353],[-79.0614194,39.4733563],[-79.0614306,39.4733463],[-79.0612115,39.472498],[-79.0609236,39.4719564],[-79.06069,39.4717539],[-79.0602405,39.4715724],[-79.0597329,39.4714952],[-79.059637,39.4714452],[-79.0596063,39.4714426],[-79.0590963,39.4711835],[-79.058316,39.4708958],[-79.0576162,39.4707015],[-79.0572327,39.470691],[-79.0572217,39.4706961],[-79.0572162,39.4706956],[-79.0568627,39.470762],[-79.0564422,39.4708801],[-79.0562448,39.4709511],[-79.0561097,39.4710212],[-79.0560235,39.4710613],[-79.0558513,39.4711417],[-79.0555841,39.4713879],[-79.055426,39.471526],[-79.0552004,39.4717782],[-79.0551362,39.47185],[-79.0549945,39.472123],[-79.0549242,39.4722789],[-79.0547717,39.4726101],[-79.0546932,39.4729111],[-79.0546254,39.4731539],[-79.0545095,39.4734555],[-79.054411,39.4739308],[-79.0542919,39.4745514],[-79.0541191,39.4754725],[-79.0540434,39.4758701],[-79.0540254,39.4760802],[-79.0540061,39.4763056],[-79.0539902,39.4764358],[-79.0539658,39.4766349],[-79.0540097,39.4768564],[-79.0539796,39.4771082],[-79.0539719,39.4772726],[-79.0539404,39.4774761],[-79.0538848,39.4777091],[-79.0538499,39.4777966],[-79.0537765,39.4778462],[-79.053704,39.4779248],[-79.0536589,39.4780899],[-79.0536581,39.4780968],[-79.0536291,39.4783514],[-79.0536176,39.478438],[-79.0535575,39.4788938],[-79.0534585,39.4793498],[-79.0534199,39.4796233],[-79.053397,39.4801882],[-79.053366,39.4804786],[-79.0531937,39.480985],[-79.0530626,39.4812161],[-79.0528257,39.481533],[-79.0524714,39.4818748],[-79.0521838,39.4821391],[-79.0518752,39.4823581],[-79.0517886,39.4824283],[-79.0517607,39.4824821],[-79.0515755,39.4825464],[-79.0513928,39.4826945],[-79.0511103,39.4827986],[-79.0507516,39.4829879],[-79.0503822,39.4831469],[-79.0501286,39.4832276],[-79.0498059,39.4833018],[-79.049591,39.483359],[-79.0492289,39.4834339],[-79.0488855,39.4834704],[-79.0484537,39.4835161],[-79.047805,39.4835502],[-79.0471747,39.4835383],[-79.0469869,39.4835111],[-79.0467181,39.4834089],[-79.0465377,39.4832976],[-79.0462744,39.4830429],[-79.0460509,39.4828027],[-79.045867,39.4825694],[-79.0456826,39.4823209],[-79.0456277,39.4821235],[-79.0455428,39.4819114],[-79.0454604,39.4817832],[-79.0454186,39.4817],[-79.0452508,39.4813444],[-79.0449669,39.4807162],[-79.0447302,39.4803618],[-79.0444433,39.4799702],[-79.0442019,39.4797913],[-79.043952,39.4796583],[-79.0431461,39.4793596],[-79.042242,39.4790701],[-79.0418832,39.4789162],[-79.041733,39.4788272],[-79.0415153,39.4787852],[-79.0412374,39.4787061],[-79.0409005,39.4786281],[-79.040604,39.4785874],[-79.0402168,39.4784721],[-79.0400295,39.4784601],[-79.0395924,39.4783227],[-79.0393145,39.4782436],[-79.0390063,39.4781346],[-79.0387961,39.4780162],[-79.0387126,39.4778498],[-79.0385651,39.477697],[-79.0385604,39.4776922],[-79.0381894,39.4774546],[-79.0378958,39.4771698],[-79.0376459,39.4770368],[-79.0374572,39.4769791],[-79.0372195,39.4769298],[-79.0369895,39.4768041],[-79.036774,39.4764951],[-79.0366045,39.4760785],[-79.0365362,39.4757593],[-79.0363814,39.4755102],[-79.036278,39.4753366],[-79.0362358,39.4752382],[-79.0362288,39.4749942],[-79.036221,39.47495],[-79.0361699,39.4746596],[-79.0360888,39.4742338],[-79.0360205,39.4739146],[-79.0358388,39.4734143],[-79.0357721,39.4731485],[-79.0357529,39.4728209],[-79.0357721,39.472462],[-79.0358606,39.4721172],[-79.0360271,39.4717482],[-79.0361294,39.4715405],[-79.0361469,39.4714639],[-79.0360546,39.4713358],[-79.0360124,39.4712374],[-79.0360395,39.471153],[-79.0360266,39.4710465],[-79.0359846,39.4709557],[-79.0357898,39.4706844],[-79.0355193,39.470178],[-79.0352038,39.4694741],[-79.0349334,39.4689677],[-79.0347742,39.4685662],[-79.0345873,39.4682262],[-79.0344677,39.4681748],[-79.0344456,39.4680913],[-79.0343919,39.4679321],[-79.0341035,39.467487],[-79.0337489,39.4671346],[-79.0333362,39.4668137],[-79.0327558,39.4664805],[-79.0321156,39.4661178],[-79.0317261,39.4659186],[-79.0314655,39.4657553],[-79.0312939,39.4656057],[-79.0309118,39.4653224],[-79.0304331,39.4651018],[-79.0299566,39.4649575],[-79.0293735,39.4648684],[-79.0289691,39.4648372],[-79.028537,39.4648675],[-79.028086,39.4649287],[-79.0279092,39.4649394],[-79.0276838,39.4649737],[-79.0275568,39.4650064],[-79.0273212,39.4650258],[-79.0268117,39.4651032],[-79.0261571,39.465267],[-79.0255409,39.4653996],[-79.0247188,39.4655587],[-79.0242781,39.4656349],[-79.0238285,39.4657418],[-79.0229402,39.4659936],[-79.0223449,39.4661716],[-79.0219357,39.4663159],[-79.0216264,39.4665119],[-79.021405,39.4666835],[-79.0212491,39.4667396],[-79.0208587,39.4668531],[-79.0203433,39.4670679],[-79.0201105,39.4671863],[-79.0199452,39.4672578],[-79.0197627,39.4674135],[-79.019491,39.4675478],[-79.0191305,39.467676],[-79.0188385,39.4677878],[-79.0186535,39.4678596],[-79.018419,39.4679171],[-79.0182699,39.4678662],[-79.0181114,39.4678308],[-79.0179615,39.4677495],[-79.0178701,39.4676519],[-79.0176214,39.467557],[-79.0173917,39.4674389],[-79.0171303,39.467245],[-79.0168855,39.4669441],[-79.0167839,39.4668314],[-79.0166128,39.466697],[-79.0165299,39.4665535],[-79.0164176,39.4664105],[-79.0162565,39.4662836],[-79.0161324,39.4660722],[-79.0159589,39.4658539],[-79.0156485,39.4656685],[-79.0152379,39.4654162],[-79.0149487,39.4652839],[-79.0147691,39.4651954],[-79.0143184,39.4649209],[-79.0140677,39.4647574],[-79.0140251,39.4646437],[-79.0140184,39.4644073],[-79.0139168,39.4642947],[-79.0136821,39.4640012],[-79.0132299,39.4636733],[-79.0128272,39.4633522],[-79.0125057,39.4631212],[-79.0122753,39.4629802],[-79.0120236,39.4627786],[-79.0118914,39.4626283],[-79.0116908,39.4624944],[-79.0115,39.4623604],[-79.0113501,39.462279],[-79.0112135,39.4619762],[-79.0110757,39.4616277],[-79.0109899,39.4613775],[-79.0108074,39.4611899],[-79.0105076,39.4610272],[-79.0099711,39.4608457],[-79.0094448,39.4606792],[-79.0090278,39.460549],[-79.008611,39.4604265],[-79.0082043,39.4603114],[-79.0078861,39.4601947],[-79.0076567,39.4600842],[-79.0072187,39.4599086],[-79.0069093,39.4597537],[-79.0066418,39.4596896],[-79.0064919,39.4596083],[-79.0063911,39.4595261],[-79.0063415,39.4595117],[-79.0062145,39.4595444],[-79.0062554,39.459597],[-79.0063061,39.4596496],[-79.0062971,39.4596802],[-79.0061598,39.4596978],[-79.0058737,39.4596722],[-79.005577,39.4596162],[-79.0052113,39.4595614],[-79.0049729,39.4594816],[-79.0047834,39.4593933],[-79.0046241,39.4593273],[-79.0045033,39.4592302],[-79.0042745,39.4592126],[-79.0038558,39.4590214],[-79.0034003,39.4589223],[-79.0031416,39.4588199],[-79.0025005,39.4584189],[-79.0018637,39.4581704],[-79.0013043,39.4578748],[-79.0006196,39.457322],[-79.0000379,39.4569352],[-78.9996966,39.4566969],[-78.9995747,39.4565617],[-78.9995687,39.4563482],[-78.9995631,39.45615],[-78.9994378,39.4558928],[-78.9993749,39.4557566],[-78.9993098,39.4555441],[-78.9991862,39.4553479],[-78.9988838,39.4550936],[-78.9979028,39.4545001],[-78.997364,39.4542346],[-78.9966242,39.45382],[-78.9964455,39.453762],[-78.9963471,39.4537637],[-78.9963283,39.4537945],[-78.996389,39.4538545],[-78.99641,39.4538999],[-78.9963133,39.4539626],[-78.9960354,39.4538758],[-78.9958156,39.4537574],[-78.9955351,39.4535791],[-78.9952083,39.4531575],[-78.9944074,39.4526676],[-78.9937506,39.4524042],[-78.9930408,39.4523552],[-78.9921369,39.452401],[-78.9910376,39.4524958],[-78.9904488,39.4525516],[-78.9898754,39.4524545],[-78.9894421,39.4523481],[-78.9890035,39.4522404],[-78.9882497,39.4520243],[-78.9875767,39.4518831],[-78.9869635,39.4517714],[-78.9863329,39.4517363],[-78.9857197,39.4516246],[-78.9849475,39.4514545],[-78.9838965,39.4511671],[-78.9833184,39.4509022],[-78.9828408,39.450712],[-78.9825005,39.4505041],[-78.98212,39.4502664],[-78.9814641,39.4500334],[-78.9809493,39.44992],[-78.9805311,39.449744],[-78.9801921,39.4495819],[-78.9799907,39.4494175],[-78.979927,39.4492507],[-78.9799227,39.4490982],[-78.979762,39.4489789],[-78.9793665,39.4489093],[-78.978853,39.4488416],[-78.9783989,39.4487882],[-78.9779222,39.4486284],[-78.9774425,39.4483619],[-78.9769996,39.4480032],[-78.976452,39.4474174],[-78.9755867,39.4467302],[-78.9750224,39.4462515],[-78.9742986,39.4456992],[-78.9735958,39.4451922],[-78.9727763,39.4447331],[-78.9720786,39.4444091],[-78.971522,39.4442049],[-78.9707692,39.4440192],[-78.9701347,39.4438467],[-78.9697363,39.4436703],[-78.9694576,39.4435529],[-78.9692738,39.4433119],[-78.9691682,39.4430543],[-78.9691388,39.442704],[-78.9690855,39.4422014],[-78.9690121,39.4416839],[-78.9687048,39.4412467],[-78.9680769,39.4406012],[-78.9678538,39.4403608],[-78.9675734,39.4401825],[-78.9672348,39.4400356],[-78.9671515,39.4398691],[-78.9670883,39.4397176],[-78.9668635,39.4394163],[-78.9665044,39.4392392],[-78.9661834,39.4390157],[-78.9657783,39.4385953],[-78.9655569,39.438416],[-78.9651401,39.4382856],[-78.9649238,39.4382892],[-78.9646485,39.4382938],[-78.9642958,39.4383455],[-78.9639264,39.4385042],[-78.9637925,39.4386438],[-78.9637574,39.4387969],[-78.9636642,39.4389815],[-78.9636291,39.4391347],[-78.9635923,39.4392268],[-78.9635149,39.4392739],[-78.9631818,39.4393252],[-78.963048,39.4394647],[-78.9628342,39.4395598],[-78.9624016,39.439567],[-78.9618706,39.4395759],[-78.9613781,39.4395536],[-78.9610259,39.4396205],[-78.9605355,39.4396744],[-78.9599677,39.4397754],[-78.9594962,39.4397985],[-78.9588121,39.4399624],[-78.9583689,39.4400174],[-78.9582435,39.4400329],[-78.9576744,39.4400882],[-78.9573401,39.4400937],[-78.9567732,39.4402252],[-78.9564234,39.4403835],[-78.9562126,39.4405854],[-78.9557516,39.4409897],[-78.9555052,39.4413294],[-78.9553781,39.4417129],[-78.955518,39.4425039],[-78.9555327,39.4430376],[-78.9554876,39.4435417],[-78.9554015,39.4439856],[-78.9555004,39.4447162],[-78.9556031,39.4455841],[-78.955725,39.4464363],[-78.9558795,39.447044],[-78.955852,39.4474716],[-78.9558588,39.4477156],[-78.9558826,39.4478677],[-78.9559069,39.4480351],[-78.9560308,39.4482467],[-78.9562313,39.4483806],[-78.9565293,39.4484825],[-78.9568662,39.4485684],[-78.9572048,39.4487153],[-78.9573856,39.4488496],[-78.9575446,39.448908],[-78.9579037,39.4490851],[-78.9581841,39.4492635],[-78.9584871,39.4495483],[-78.9591873,39.4499638],[-78.9596469,39.4502155],[-78.9599482,39.4504393],[-78.9602282,39.4506025],[-78.9604091,39.4507368],[-78.9605137,39.4509638],[-78.9605397,39.4511922],[-78.9605427,39.451299],[-78.9604293,39.4514687],[-78.960159,39.4516562],[-78.9599863,39.4518117],[-78.9595364,39.4519107],[-78.9592816,39.4519455],[-78.9587727,39.4520455],[-78.9572089,39.4524223],[-78.9567783,39.4525058],[-78.9565239,39.4525558],[-78.9564268,39.4526031],[-78.9563895,39.45268],[-78.9555757,39.453136],[-78.9553443,39.4533076],[-78.9550128,39.4534199],[-78.9547254,39.4536993],[-78.9544379,39.4539787],[-78.9542095,39.4542571],[-78.9541384,39.4545328],[-78.954107,39.4548232],[-78.9542138,39.4551265],[-78.9546541,39.4553938],[-78.9550137,39.4555862],[-78.9552133,39.4556896],[-78.9552162,39.4557964],[-78.9551623,39.4559803],[-78.9552841,39.4561156],[-78.9555449,39.4562944],[-78.9557052,39.4563985],[-78.9559027,39.4564257],[-78.9560028,39.4564851],[-78.9562271,39.4567712],[-78.9565353,39.457239],[-78.9568798,39.4575994],[-78.9573017,39.4579128],[-78.9577672,39.4583779],[-78.9580117,39.458679],[-78.9583399,39.4591617],[-78.9586075,39.4595844],[-78.9588977,39.4601135],[-78.9591263,39.4605521],[-78.9592001,39.4610848],[-78.9591981,39.4617256],[-78.9590919,39.4621545],[-78.9590075,39.4626593],[-78.9586288,39.4631996],[-78.9581489,39.4636347],[-78.9576253,39.463918],[-78.9573094,39.4640138],[-78.957,39.4640362],[-78.9564674,39.4639935],[-78.9560667,39.4639144],[-78.9556547,39.4638268],[-78.955366,39.4637973],[-78.954979,39.4638123],[-78.9545917,39.4638187],[-78.9541596,39.4638087],[-78.9539044,39.4637872],[-78.9534971,39.4638712],[-78.9532664,39.4639351],[-78.9528151,39.4640284],[-78.9525519,39.4641186],[-78.9522206,39.4641498],[-78.9520662,39.4641695],[-78.9517267,39.4643039],[-78.950878,39.4648414],[-78.9500702,39.4652581],[-78.9497204,39.4654183],[-78.9494579,39.4655342],[-78.9491819,39.4655645],[-78.9488954,39.4656948],[-78.9487118,39.4657783],[-78.9484377,39.4658772],[-78.9476125,39.4660625],[-78.9469521,39.4662021],[-78.946622,39.4662762],[-78.9463917,39.4663573],[-78.9461961,39.4664892],[-78.9458406,39.4668469],[-78.9453756,39.4672493],[-78.9449014,39.4677205],[-78.9444922,39.4681392],[-78.9436653,39.4686677],[-78.9429721,39.4692283],[-78.9418711,39.4702591],[-78.9416771,39.4704511],[-78.9410729,39.4710274],[-78.9408806,39.4712794],[-78.940631,39.4714637],[-78.9404407,39.4717929],[-78.9402318,39.4722512],[-78.9398407,39.4729269],[-78.9392812,39.4735197],[-78.9388821,39.4739038],[-78.9387014,39.4741814],[-78.9385983,39.4746121],[-78.9385922,39.474638],[-78.9385976,39.4748352],[-78.9387247,39.4750305],[-78.9388394,39.4751745],[-78.9389305,39.4752674],[-78.9389562,39.4753957],[-78.9390353,39.4754545],[-78.9390609,39.4755828],[-78.9391653,39.4757527],[-78.9392799,39.4758967],[-78.9394137,39.4759288],[-78.9396129,39.4759255],[-78.9398145,39.476008],[-78.9399383,39.4760832],[-78.9401773,39.4763195],[-78.9402599,39.4763412],[-78.9403,39.4763518],[-78.9404243,39.4764442],[-78.9405261,39.4765197],[-78.9407922,39.4765325],[-78.9410046,39.4766062],[-78.9411866,39.4767834],[-78.9414941,39.4770958],[-78.9416698,39.4774448],[-78.9417595,39.4778895],[-78.9417536,39.4780784],[-78.9418188,39.4784377],[-78.9418725,39.4786185],[-78.9419531,39.4788903],[-78.9420835,39.4792057],[-78.9422105,39.4793924],[-78.9423487,39.4795874],[-78.9424587,39.4799632],[-78.9425232,39.4802968],[-78.9424982,39.4805975],[-78.9423716,39.4808227],[-78.9423423,39.4808633],[-78.9422649,39.4809704],[-78.9418756,39.4813115],[-78.9417027,39.4814688],[-78.9415264,39.4815256],[-78.9414503,39.4815502],[-78.9412084,39.4816142],[-78.940968,39.4817297],[-78.9405773,39.4820193],[-78.9403093,39.4823413],[-78.9400719,39.4825683],[-78.9398336,39.482761],[-78.9395611,39.4829199],[-78.9391355,39.48315],[-78.9388517,39.4833006],[-78.9383824,39.4835486],[-78.9379026,39.4838225],[-78.9373226,39.4840723],[-78.9367298,39.4842623],[-78.9362576,39.4844073],[-78.9358887,39.484688],[-78.9356398,39.484898],[-78.9354283,39.4852619],[-78.9350926,39.485542],[-78.9347167,39.4859686],[-78.9344447,39.4861447],[-78.9338735,39.4863172],[-78.9335108,39.4864175],[-78.9327843,39.4865753],[-78.9323761,39.4866335],[-78.931914,39.486744],[-78.9315954,39.4868351],[-78.9312089,39.4868757],[-78.9307993,39.4868825],[-78.9302341,39.486866],[-78.9299025,39.4868886],[-78.9296936,39.4869435],[-78.9295619,39.4869885],[-78.9289227,39.487102],[-78.9285588,39.4871594],[-78.9281396,39.4872178],[-78.9278522,39.4872396],[-78.9275423,39.4872447],[-78.9271553,39.4872682],[-78.926758,39.4873176],[-78.9264926,39.4873305],[-78.9262938,39.4873509],[-78.9260821,39.4873029],[-78.9259488,39.4872879],[-78.9257048,39.4872748],[-78.9255067,39.4873209],[-78.9252973,39.4873587],[-78.925042,39.4873371],[-78.9247872,39.4873327],[-78.9243991,39.4873133],[-78.9239438,39.4872692],[-78.9234212,39.4871919],[-78.9226848,39.4869894],[-78.9220591,39.4867851],[-78.9214018,39.4866414],[-78.9208006,39.4865225],[-78.9204118,39.4864773],[-78.9197658,39.486342],[-78.9191877,39.486257],[-78.9185311,39.486139],[-78.9181529,39.4860765],[-78.9177747,39.486014],[-78.9175309,39.4860094],[-78.9172549,39.4860396],[-78.9169699,39.4861472],[-78.9168151,39.4861583],[-78.9166959,39.4862547],[-78.9166102,39.486359],[-78.9164506,39.4866019],[-78.9162657,39.486725],[-78.9160854,39.4870197],[-78.9157805,39.4876168],[-78.9155179,39.4881445],[-78.9152313,39.4886039],[-78.915117,39.4888804],[-78.9149572,39.4891147],[-78.9147755,39.4893579],[-78.9146704,39.4895656],[-78.914554,39.4897648],[-78.9144291,39.4900586],[-78.914302,39.4902752],[-78.9141222,39.490587],[-78.9140498,39.490777],[-78.9139154,39.491131],[-78.9138906,39.4914403],[-78.9138643,39.4916982],[-78.9139165,39.4919891],[-78.9139712,39.4923743],[-78.9139796,39.4926831],[-78.9139399,39.4928554],[-78.9138777,39.4930108],[-78.9138041,39.4931579],[-78.9136773,39.4933831],[-78.913533,39.4937801],[-78.9133663,39.494169],[-78.9130979,39.4944823],[-78.912883,39.494726],[-78.9124686,39.4949644],[-78.9119991,39.4952123],[-78.9117689,39.4953019],[-78.9113289,39.495412],[-78.9108782,39.4955394],[-78.9106035,39.4956211],[-78.9099778,39.4958286],[-78.9096273,39.4959716],[-78.9093563,39.4961905],[-78.9089778,39.4965313],[-78.9085999,39.4968893],[-78.9080549,39.4976275],[-78.9077231,39.4980533],[-78.9074747,39.498289],[-78.9070773,39.4987502],[-78.9067484,39.4992876],[-78.9064046,39.4996793],[-78.9061693,39.499992],[-78.9060847,39.5001393],[-78.9057968,39.5005558],[-78.9053817,39.5011803],[-78.9050313,39.5017438],[-78.9046388,39.5023851],[-78.9042511,39.5032066],[-78.9039572,39.503812],[-78.9035919,39.5046417],[-78.903472,39.5051241],[-78.90346,39.5055019],[-78.9034782,39.5057676],[-78.9035433,39.5061269],[-78.9036932,39.5071714],[-78.9037712,39.5075992],[-78.903899,39.5082321],[-78.9040564,39.5087272],[-78.904407,39.5094081],[-78.9047097,39.5099523],[-78.9048971,39.5103269],[-78.9050592,39.5105903],[-78.905212,39.5109139],[-78.9052844,39.5111358],[-78.9053583,39.5114092],[-78.9053523,39.5115981],[-78.9051924,39.5118323],[-78.9049527,39.5119821],[-78.9039926,39.5125296],[-78.9036092,39.5126903],[-78.9033561,39.5127544],[-78.902605,39.5128352],[-78.9023178,39.5128656],[-78.9021632,39.5128852],[-78.9020409,39.5128701],[-78.9018841,39.5128039],[-78.9013618,39.5127437],[-78.9000053,39.5125597],[-78.8993824,39.5124667],[-78.8986599,39.5123754],[-78.8982163,39.5123568],[-78.8977387,39.512313],[-78.8974294,39.5123437],[-78.8969449,39.5124545],[-78.8961511,39.512596],[-78.8957432,39.5126712],[-78.8952451,39.5126878],[-78.8944469,39.5126663],[-78.8941477,39.5126625],[-78.8937629,39.5127717],[-78.8932706,39.5130027],[-78.8928354,39.5133015],[-78.8925214,39.5135725],[-78.8922431,39.5139374],[-78.8920991,39.5143516],[-78.8918882,39.5147497],[-78.8916069,39.5154149],[-78.8914956,39.5158114],[-78.8914377,39.5161298],[-78.8912874,39.5167243],[-78.8911263,39.5173276],[-78.8910067,39.5178272],[-78.8909868,39.5183252],[-78.8911095,39.5187694],[-78.8912538,39.5191962],[-78.8915066,39.5195353],[-78.8917027,39.5198239],[-78.8918884,39.5201385],[-78.8920478,39.5202989],[-78.8921634,39.5204773],[-78.8921659,39.5205716],[-78.8922457,39.5206562],[-78.8923142,39.5207323],[-78.8924406,39.5209019],[-78.89249,39.5210899],[-78.8926381,39.5212419],[-78.8927435,39.5214548],[-78.892752,39.5217721],[-78.8928489,39.5220795],[-78.8930156,39.5225144],[-78.8932032,39.5228975],[-78.893331,39.5231186],[-78.8933826,39.5233923],[-78.8933217,39.5235993],[-78.8932379,39.5237808],[-78.8930131,39.5240762],[-78.8926243,39.5244514],[-78.892211,39.5247412],[-78.8917945,39.5249109],[-78.8913658,39.5250379],[-78.890771,39.5251676],[-78.8903732,39.5252083],[-78.8900188,39.525214],[-78.8896297,39.5251687],[-78.8893637,39.5251644],[-78.8890984,39.5251859],[-78.8888639,39.525121],[-78.8886607,39.5249783],[-78.8884325,39.5247332],[-78.8882944,39.524538],[-78.888111,39.5243093],[-78.8880835,39.5241123],[-78.8879908,39.5239594],[-78.8877184,39.5237149],[-78.8875027,39.523521],[-78.8873657,39.5233687],[-78.8871739,39.5232431],[-78.8865487,39.5230643],[-78.8860905,39.5229172],[-78.8856337,39.5228215],[-78.8852216,39.5227423],[-78.8848329,39.5227056],[-78.8842353,39.5227323],[-78.8840034,39.5227618],[-78.8836585,39.5227072],[-78.8828563,39.5225399],[-78.8817087,39.5223008],[-78.8812962,39.5222044],[-78.880951,39.5221412],[-78.880605,39.5220438],[-78.8801671,39.5218277],[-78.880019,39.5216756],[-78.8798274,39.5215499],[-78.879515,39.5214691],[-78.8787723,39.5214552],[-78.8782737,39.5214546],[-78.8776883,39.521524],[-78.8771043,39.5216448],[-78.8765669,39.5218507],[-78.876227,39.5219849],[-78.8756145,39.5222864],[-78.8751449,39.5225427],[-78.8748403,39.5227535],[-78.8746701,39.5230222],[-78.8744679,39.5233343],[-78.8742706,39.5238351],[-78.8741882,39.5240681],[-78.8740201,39.524414],[-78.8739686,39.5245607],[-78.8737453,39.5249161],[-78.8736181,39.5251326],[-78.8734999,39.5252718],[-78.8733191,39.5255578],[-78.8732039,39.5258085],[-78.8731754,39.5259892],[-78.8728794,39.5265259],[-78.8725682,39.5269084],[-78.872193,39.5273863],[-78.8719026,39.527717],[-78.8716041,39.5281593],[-78.8713494,39.5285838],[-78.8710192,39.5290868],[-78.8708585,39.5292952],[-78.8708332,39.529596],[-78.8707822,39.5297598],[-78.8704495,39.5301684],[-78.8702616,39.5304332],[-78.8701552,39.530597],[-78.8699543,39.5309148],[-78.8697888,39.5311749],[-78.8695733,39.5314071],[-78.8693842,39.5317057],[-78.8692205,39.5320324],[-78.8691032,39.5322536],[-78.8690231,39.5324837],[-78.8690648,39.5326641],[-78.8691278,39.5327204],[-78.8692276,39.5327664],[-78.8693203,39.5330129],[-78.8694926,39.5334773],[-78.8696527,39.5339419],[-78.8698185,39.5341586],[-78.8700448,39.5343362],[-78.870331,39.5344864],[-78.8704904,39.5346469],[-78.8706835,39.5348241],[-78.8708097,39.5349851],[-78.8708454,39.5350789],[-78.8707565,39.5350717],[-78.87071,39.5349867],[-78.8706311,39.5349364],[-78.870566,39.5349889],[-78.8705685,39.5350833],[-78.8706169,39.535237],[-78.8706551,39.5354252],[-78.870741,39.5357413],[-78.8708263,39.5360317],[-78.8708275,39.536495],[-78.8708494,39.5369065],[-78.8708185,39.5374133],[-78.8707987,39.5379199],[-78.8707248,39.5384788],[-78.8705266,39.5389453],[-78.8702138,39.5392678],[-78.8700418,39.5393417],[-78.8696999,39.539452],[-78.8693814,39.5395142],[-78.8689891,39.5395776],[-78.8684728,39.5396144],[-78.868142,39.5396769],[-78.8678238,39.5397486],[-78.8675183,39.5398393],[-78.8672008,39.5399397],[-78.8667346,39.5400043],[-78.866196,39.5401272],[-78.8658057,39.5402669],[-78.865441,39.5404442],[-78.8649531,39.5406236],[-78.8642679,39.540787],[-78.8639255,39.5408782],[-78.8636452,39.5409875],[-78.8633256,39.5410116],[-78.8631408,39.541005],[-78.8628574,39.5409999],[-78.8627097,39.5410023],[-78.8625507,39.5410429],[-78.8622796,39.5410377],[-78.8620819,39.5410122],[-78.8618112,39.5410165],[-78.8616521,39.5410571],[-78.8614818,39.5411361],[-78.8613489,39.5412335],[-78.8611219,39.5414945],[-78.8609078,39.5417839],[-78.8606812,39.542064],[-78.8603795,39.5422976],[-78.8600665,39.5425695],[-78.8597173,39.5428705],[-78.8594656,39.5431319],[-78.8592126,39.5433457],[-78.8589378,39.5436646],[-78.8586863,39.5439356],[-78.8584356,39.5442351],[-78.8580055,39.5447376],[-78.8576447,39.5450675],[-78.8570224,39.5457542],[-78.8558742,39.5470498],[-78.8556948,39.5472529],[-78.8552629,39.5476887],[-78.854674,39.5482414],[-78.8540622,39.5488612],[-78.8530076,39.5499742],[-78.852685,39.5503511],[-78.852397,39.5506417],[-78.8520523,39.5511143],[-78.8518266,39.5514324],[-78.8518178,39.5515661],[-78.8518595,39.5517465],[-78.8518881,39.5518986],[-78.851831,39.5520712],[-78.8517114,39.5522065],[-78.8516446,39.5524745],[-78.8515548,39.5528096],[-78.8514545,39.5532116],[-78.8513414,39.5535948],[-78.8511667,39.5539789],[-78.8511348,39.5541701],[-78.8510325,39.5544958],[-78.8509804,39.5548589],[-78.8508949,39.555356],[-78.8507368,39.555902],[-78.85065,39.5563514],[-78.8506359,39.5567521],[-78.8505983,39.5572008],[-78.8506909,39.5579144],[-78.850726,39.5583143],[-78.8508102,39.5587038],[-78.8509324,39.5591405],[-78.8509774,39.5594449],[-78.8509592,39.559693],[-78.8509743,39.5597977],[-78.8509195,39.560056],[-78.8507669,39.5603444],[-78.8505023,39.5605869],[-78.8502487,39.5607815],[-78.849824,39.5610266],[-78.8488171,39.5616144],[-78.8486482,39.5617505],[-78.8483969,39.5620309],[-78.8481061,39.5622166],[-78.8478616,39.5622872],[-78.8476291,39.5623481],[-78.8474228,39.5624657],[-78.8472655,39.562573],[-78.8469476,39.5626638],[-78.8463362,39.5628355],[-78.8458816,39.5628807],[-78.8455861,39.5628854],[-78.8453258,39.5628227],[-78.8449653,39.5626949],[-78.844666,39.5625565],[-78.8444183,39.5625032],[-78.8442215,39.5625158],[-78.8437931,39.5626178],[-78.8433425,39.5628156],[-78.842857,39.5630901],[-78.8425086,39.5634292],[-78.8423412,39.5636225],[-78.8421863,39.5638252],[-78.841949,39.5641721],[-78.841808,39.5644317],[-78.8415736,39.564893],[-78.8412622,39.5652316],[-78.8407582,39.5657447],[-78.840434,39.5660644],[-78.8401828,39.5663544],[-78.8399176,39.5665778],[-78.8397377,39.5667617],[-78.839471,39.566928],[-78.8392274,39.5670367],[-78.8390819,39.5671247],[-78.8388995,39.5672134],[-78.8385325,39.5673144],[-78.8383237,39.5673368],[-78.8380774,39.5673406],[-78.837744,39.5673077],[-78.837298,39.5672097],[-78.8366017,39.5669632],[-78.8359422,39.5667065],[-78.8353075,39.5664589],[-78.8344502,39.5661767],[-78.8335696,39.5659425],[-78.8326899,39.5657465],[-78.8316132,39.5655535],[-78.8311185,39.5654753],[-78.8305112,39.5653322],[-78.8300649,39.5652247],[-78.8296172,39.5650601],[-78.8292439,39.5649133],[-78.8288686,39.5646903],[-78.8284196,39.564478],[-78.8281953,39.5643766],[-78.8280305,39.564198],[-78.8279623,39.5639416],[-78.8278815,39.5636759],[-78.827754,39.5635063],[-78.827517,39.5633956],[-78.8272068,39.563305],[-78.8269322,39.5631663],[-78.8265458,39.5629911],[-78.8260826,39.5627027],[-78.8253106,39.562381],[-78.8245384,39.5620497],[-78.8239779,39.5618105],[-78.8236418,39.5616727],[-78.823119,39.5614615],[-78.8226713,39.5612968],[-78.8221732,39.5610852],[-78.8220599,39.5609916],[-78.8218838,39.5608514],[-78.821597,39.5607128],[-78.8213367,39.5606501],[-78.8211281,39.5606819],[-78.8208834,39.5607429],[-78.8205524,39.5608052],[-78.8203074,39.5608566],[-78.8199912,39.5610141],[-78.819478,39.5611745],[-78.8189751,39.5612585],[-78.818325,39.5613639],[-78.8179566,39.5614077],[-78.8176129,39.5614512],[-78.8174432,39.5615587],[-78.8171762,39.5617153],[-78.8169223,39.5619004],[-78.8167911,39.5620645],[-78.8167076,39.5621706],[-78.8163069,39.5623961],[-78.8158872,39.5628411],[-78.8155289,39.5632757],[-78.8151244,39.5638349],[-78.8148054,39.5643641],[-78.8144495,39.564894],[-78.8140359,39.5655772],[-78.8137773,39.5660579],[-78.8135531,39.5664427],[-78.8134134,39.5667595],[-78.8132747,39.5671144],[-78.8132161,39.5672297],[-78.8132118,39.5675444],[-78.8132672,39.5677819],[-78.8134218,39.5680465],[-78.8136383,39.5683196],[-78.8140093,39.5688573],[-78.8143082,39.5694629],[-78.8144273,39.5697852],[-78.8144591,39.5700612],[-78.8144432,39.5704047],[-78.8144853,39.5706043],[-78.8145272,39.5707943],[-78.8146953,39.5711063],[-78.8149876,39.5714546],[-78.815156,39.5717762],[-78.8155099,39.5721235],[-78.8159738,39.5724405],[-78.8165767,39.5728888],[-78.8169914,39.5732066],[-78.8174231,39.5737052],[-78.8177243,39.5739199],[-78.8182308,39.5744555],[-78.818586,39.5748505],[-78.8188931,39.5752938],[-78.8192393,39.5758224],[-78.8195301,39.5761134],[-78.819807,39.576338],[-78.8201582,39.5765804],[-78.8205949,39.576793],[-78.8213269,39.5769914],[-78.8217594,39.577042],[-78.8220549,39.5770374],[-78.8223601,39.5769278],[-78.8227744,39.5767498],[-78.8231419,39.5766678],[-78.8233882,39.576664],[-78.8239298,39.5766461],[-78.8244483,39.5766858],[-78.8249305,39.5767546],[-78.8253635,39.5768242],[-78.8256758,39.5769909],[-78.8259271,39.5771777],[-78.8260808,39.5774042],[-78.8261482,39.5776319],[-78.82613,39.5778801],[-78.8260547,39.5783008],[-78.8259665,39.5787025],[-78.8258453,39.5792574],[-78.8257975,39.579792],[-78.8257613,39.5802979],[-78.825813,39.5808691],[-78.8258714,39.581221],[-78.8259369,39.5813725],[-78.826083,39.5817802],[-78.8261803,39.5822077],[-78.8262389,39.5825691],[-78.8263239,39.5829968],[-78.826327,39.583511],[-78.8263259,39.5835498],[-78.8262498,39.5839418],[-78.8261843,39.584267],[-78.8261456,39.5846775],[-78.826117,39.5850021],[-78.8259475,39.5855959],[-78.8258717,39.5859975],[-78.8258793,39.5862929],[-78.8258889,39.5866646],[-78.8258995,39.5870744],[-78.8259099,39.5874746],[-78.8259313,39.5878271],[-78.8259266,39.5881227],[-78.8258803,39.5882378],[-78.8258461,39.5883432],[-78.825836,39.5884292],[-78.8258404,39.5886007],[-78.8257165,39.5890507],[-78.825579,39.5894533],[-78.8254132,39.5897133],[-78.824908,39.5901882],[-78.8247008,39.5902772],[-78.8243956,39.5903868],[-78.8241372,39.5904004],[-78.8238775,39.5903662],[-78.8234806,39.5902675],[-78.8231954,39.5901956],[-78.8227266,39.5901743],[-78.8220356,39.5901373],[-78.8212982,39.5902154],[-78.820721,39.5902911],[-78.8204247,39.590267],[-78.8200281,39.5901778],[-78.8196563,39.5900977],[-78.8194703,39.5900529],[-78.8192976,39.5900461],[-78.8191518,39.5901246],[-78.8190185,39.5902124],[-78.818899,39.5903573],[-78.8187914,39.5904829],[-78.8185876,39.5907053],[-78.8184563,39.5908694],[-78.8182892,39.5910817],[-78.8181091,39.5912657],[-78.8180037,39.591477],[-78.8178499,39.5917273],[-78.817758,39.5919861],[-78.8177521,39.5922341],[-78.8177476,39.5925392],[-78.8178919,39.5928802],[-78.8180858,39.59323],[-78.8183289,39.593579],[-78.8183478,39.5938361],[-78.8183158,39.5940273],[-78.8182478,39.5942572],[-78.8181275,39.5943734],[-78.817909,39.5945007],[-78.8173108,39.5947197],[-78.8169947,39.5948866],[-78.8164711,39.595133],[-78.8161676,39.5953093],[-78.8154979,39.5956247],[-78.8149381,39.5959003],[-78.8142697,39.5962633],[-78.8138338,39.5965656],[-78.8134834,39.5968379],[-78.8131798,39.5970142],[-78.8125841,39.5973284],[-78.8121245,39.5976692],[-78.8118135,39.5980362],[-78.8116723,39.5982958],[-78.811641,39.5985156],[-78.8116828,39.5987056],[-78.811749,39.5988857],[-78.8119187,39.5992549],[-78.8120273,39.5996441],[-78.8121139,39.6001386],[-78.8120631,39.6005588],[-78.8120212,39.6008455],[-78.8118903,39.6010287],[-78.8118164,39.6010298],[-78.811707,39.6010887],[-78.8115985,39.6011857],[-78.8114916,39.6013399],[-78.8115327,39.6015013],[-78.8113765,39.6016562],[-78.8112806,39.6017626],[-78.8111369,39.6019269],[-78.8111164,39.6020893],[-78.8111211,39.6022703],[-78.8110801,39.6025951],[-78.8109142,39.6028551],[-78.8107069,39.6034207],[-78.8106166,39.6037463],[-78.8104882,39.6040247],[-78.8104211,39.6042927],[-78.8102927,39.6045712],[-78.8100452,39.6050135],[-78.8099178,39.6053301],[-78.809861,39.6055216],[-78.8098201,39.6058464],[-78.8097414,39.6061432],[-78.8095637,39.6064224],[-78.8094867,39.6067858],[-78.8094102,39.6071684],[-78.8093552,39.6074266],[-78.8093705,39.6075408],[-78.8094227,39.6076544],[-78.8094251,39.6077497],[-78.8093433,39.6079225],[-78.8092595,39.6080192],[-78.8090682,39.6082509],[-78.809015,39.6082804],[-78.8088738,39.6083588],[-78.8084682,39.6084031],[-78.8082454,39.6083684],[-78.8079843,39.6082771],[-78.8074476,39.6080183],[-78.8069731,39.6077777],[-78.8065112,39.6075465],[-78.806162,39.6073897],[-78.8057281,39.6072915],[-78.8051582,39.6071763],[-78.8047263,39.6071543],[-78.8044932,39.607196],[-78.80421,39.6072098],[-78.8038899,39.6072243],[-78.8035196,39.6072013],[-78.8028775,39.6071539],[-78.8022344,39.6070684],[-78.8017408,39.6070474],[-78.8015294,39.6069743],[-78.8013168,39.6068536],[-78.8011013,39.6066186],[-78.8009085,39.6063069],[-78.800841,39.6060791],[-78.8006871,39.6058431],[-78.8004709,39.6055795],[-78.8001568,39.6053459],[-78.7998949,39.605226],[-78.7995473,39.6051264],[-78.7990675,39.6051623],[-78.7987467,39.6051481],[-78.7983032,39.6051549],[-78.7981655,39.6050712],[-78.7979679,39.6050551],[-78.7976988,39.6051355],[-78.7972357,39.6053428],[-78.7968598,39.6055869],[-78.7963642,39.6059662],[-78.7960291,39.6063622],[-78.7958176,39.6067658],[-78.7957499,39.6070147],[-78.7955482,39.6073229],[-78.7952789,39.60788],[-78.7951198,39.6084067],[-78.795084,39.6089412],[-78.7950525,39.6096376],[-78.7950958,39.6108573],[-78.7951748,39.6115425],[-78.7952058,39.6117899],[-78.7953334,39.6124458],[-78.7955127,39.6131962],[-78.7956783,39.6138897],[-78.7957457,39.6140573],[-78.795823,39.6142498],[-78.7960115,39.6143899],[-78.7962517,39.6146246],[-78.796494,39.614945],[-78.7966987,39.6152375],[-78.7968807,39.6156065],[-78.7969897,39.6160148],[-78.7970622,39.6164427],[-78.7971864,39.6169652],[-78.7972641,39.6175932],[-78.7972412,39.6181465],[-78.7973521,39.6186311],[-78.7975549,39.6193335],[-78.7977149,39.6198077],[-78.7979726,39.6202423],[-78.7982176,39.6206676],[-78.7985745,39.6211293],[-78.7989694,39.6216286],[-78.7992635,39.6220436],[-78.7995734,39.6224938],[-78.7999932,39.6232725],[-78.8001796,39.6239477],[-78.8003747,39.6243611],[-78.800568,39.6247031],[-78.8008063,39.6249969],[-78.8010313,39.6253741],[-78.8012614,39.6259535],[-78.8013522,39.6264993],[-78.8015218,39.6271153],[-78.8015909,39.6274116],[-78.8015979,39.6276851],[-78.8015639,39.6281614],[-78.8013722,39.6284855],[-78.8011479,39.6287388],[-78.8007981,39.6288987],[-78.8005841,39.6289496],[-78.8003998,39.6289643],[-78.8001532,39.6289443],[-78.7997805,39.6288072],[-78.7993158,39.6286834],[-78.7989154,39.6286658],[-78.7983938,39.6287213],[-78.7978601,39.6289078],[-78.7975767,39.6292571],[-78.7972517,39.6297855],[-78.7971248,39.6302395],[-78.7970989,39.6304302],[-78.7969245,39.6314321],[-78.7968147,39.6319571],[-78.7967002,39.632292],[-78.7963857,39.6326298],[-78.79607,39.6329201],[-78.7955864,39.6332606],[-78.7950735,39.6336609],[-78.7945465,39.6341091],[-78.7941861,39.6344595],[-78.7940532,39.6346757],[-78.7940414,39.6348186],[-78.7940906,39.6349368],[-78.7942317,39.6350417],[-78.7943765,39.6352893],[-78.7945375,39.6355724],[-78.7946518,39.6358323],[-78.7947498,39.6360568],[-78.7949365,39.6361373],[-78.7951708,39.6362765],[-78.7953457,39.6364998],[-78.7953795,39.6366183],[-78.7953364,39.6367379],[-78.7952336,39.6369298],[-78.7951284,39.6370265],[-78.7949167,39.6371725],[-78.7947949,39.6372219],[-78.7946254,39.6372126],[-78.7943344,39.6372646],[-78.7940452,39.637388],[-78.7939098,39.637509],[-78.7937883,39.6375703],[-78.7935268,39.6375743],[-78.7932955,39.637554],[-78.7930024,39.6375228],[-78.7927889,39.6375974],[-78.7922114,39.6378798],[-78.7917865,39.6381122],[-78.7912377,39.6383109],[-78.7909015,39.6383992],[-78.7905631,39.6384044],[-78.7900215,39.6382817],[-78.7895559,39.6381223],[-78.7889817,39.6379287],[-78.7884549,39.6377821],[-78.7875563,39.637534],[-78.7867511,39.6373321],[-78.7856058,39.6370639],[-78.7843999,39.6368323],[-78.7835351,39.6367026],[-78.7830577,39.6366861],[-78.782489,39.6367065],[-78.781875,39.6367634],[-78.7813847,39.6368422],[-78.7809881,39.636979],[-78.7806552,39.6371981],[-78.7803146,39.6377267],[-78.7795654,39.6391298],[-78.7793168,39.639645],[-78.7787503,39.6403673],[-78.7783187,39.6409448],[-78.7782908,39.6409902],[-78.7780231,39.641425],[-78.7777878,39.6418568],[-78.7775708,39.6424073],[-78.7773291,39.643196],[-78.7769315,39.6439038],[-78.7762799,39.6449129],[-78.7759053,39.6453111],[-78.7754962,39.645567],[-78.775023,39.6457169],[-78.7742575,39.6458711],[-78.7735367,39.6459652],[-78.7725686,39.6460154],[-78.771583,39.6459827],[-78.7706601,39.6459965],[-78.7697553,39.6461171],[-78.7690061,39.6463068],[-78.7685488,39.6464802],[-78.7681406,39.6467718],[-78.7678422,39.647145],[-78.7675453,39.6475777],[-78.7672783,39.6479742],[-78.7671272,39.6480835],[-78.766916,39.6482533],[-78.7665655,39.6483893],[-78.7663049,39.6484289],[-78.7661351,39.6484077],[-78.7659951,39.6483503],[-78.7658703,39.6482808],[-78.7656233,39.6482488],[-78.7654985,39.6481793],[-78.7653674,39.6478601],[-78.7653747,39.6475388],[-78.7655087,39.6473584],[-78.7655528,39.6472744],[-78.7655196,39.6471798],[-78.7653655,39.6471702],[-78.7652877,39.6471356],[-78.7651913,39.6469705],[-78.7651125,39.6462818],[-78.7651021,39.6458656],[-78.7651038,39.6453184],[-78.7651983,39.6447936],[-78.7653264,39.6443753],[-78.7656037,39.6437764],[-78.7658554,39.6433801],[-78.7659604,39.6432715],[-78.7664377,39.6426695],[-78.7669268,39.6419247],[-78.7671648,39.6416],[-78.7674475,39.6412151],[-78.7678636,39.640626],[-78.7683083,39.6399532],[-78.768622,39.6395797],[-78.7690118,39.6391694],[-78.7691286,39.6389179],[-78.7692942,39.6387726],[-78.7696827,39.6383148],[-78.7698459,39.6380744],[-78.7700085,39.6378103],[-78.7703678,39.6374123],[-78.7707401,39.636919],[-78.7710085,39.6365819],[-78.7711567,39.6363537],[-78.7713642,39.6360413],[-78.7719286,39.6352358],[-78.7724487,39.6345024],[-78.773191,39.6334325],[-78.7739487,39.6323625],[-78.7742606,39.6319176],[-78.7747679,39.6312914],[-78.7750502,39.6308946],[-78.7751513,39.6306314],[-78.7754747,39.6300318],[-78.7758598,39.6294431],[-78.776324,39.6289365],[-78.7764615,39.6288987],[-78.7764898,39.6288032],[-78.7764853,39.6286248],[-78.776603,39.6284089],[-78.7769733,39.6278442],[-78.7770175,39.6277701],[-78.7774309,39.627076],[-78.7776954,39.6265843],[-78.7779318,39.6262001],[-78.7781602,39.6254948],[-78.7783581,39.6248019],[-78.7784993,39.6243002],[-78.7786103,39.6238227],[-78.7785721,39.6235258],[-78.7785968,39.6232876],[-78.7785763,39.6230856],[-78.7784467,39.6228259],[-78.7780672,39.6224153],[-78.7777327,39.6219564],[-78.7775425,39.6218391],[-78.777282,39.6217763],[-78.777008,39.621666],[-78.7768218,39.6216116],[-78.7765639,39.6216536],[-78.776368,39.6217043],[-78.7760983,39.6217655],[-78.7757665,39.6218086],[-78.7754357,39.6218899],[-78.7751651,39.621913],[-78.7750291,39.621896],[-78.77467,39.6218347],[-78.7743728,39.6217819],[-78.773964,39.6217023],[-78.773704,39.6216585],[-78.7734685,39.6216049],[-78.7733059,39.621512],[-78.7730696,39.6214297],[-78.7728231,39.6214334],[-78.7725134,39.6213713],[-78.7722408,39.6213182],[-78.7721778,39.621262],[-78.7719173,39.6211991],[-78.7717069,39.6211642],[-78.7715595,39.6211854],[-78.7713983,39.6211497],[-78.7713471,39.6210742],[-78.7713457,39.621017],[-78.7713165,39.6208363],[-78.7711527,39.6206958],[-78.7709263,39.6205181],[-78.7705163,39.6203907],[-78.7702533,39.6202231],[-78.7700262,39.6200167],[-78.7698614,39.6198381],[-78.7692142,39.6195904],[-78.7687566,39.6195305],[-78.7684862,39.6195631],[-78.7680467,39.6197318],[-78.7676801,39.6198612],[-78.7672753,39.6199436],[-78.7669557,39.6199769],[-78.7664983,39.6199266],[-78.7660397,39.6198286],[-78.7654672,39.6196083],[-78.7646434,39.6192012],[-78.7644929,39.6190986],[-78.7641945,39.6189981],[-78.7640464,39.6189908],[-78.7637507,39.6189953],[-78.7634189,39.6190383],[-78.7629033,39.6191223],[-78.7623421,39.6193595],[-78.761563,39.6197525],[-78.760967,39.620076],[-78.7606393,39.6202811],[-78.7600694,39.6206614],[-78.7595706,39.6209262],[-78.7587928,39.6213764],[-78.758307,39.6216696],[-78.7576904,39.6221555],[-78.7570103,39.622566],[-78.7564898,39.6229551],[-78.756054,39.6232762],[-78.7554817,39.6235612],[-78.7551779,39.6236542],[-78.7548381,39.6238223],[-78.7546748,39.6239449],[-78.7544768,39.6240165],[-78.7541799,39.6241238],[-78.7534641,39.6243404],[-78.7528059,39.6246419],[-78.7518968,39.6251187],[-78.7512934,39.6253937],[-78.7507885,39.6256157],[-78.7503945,39.625836],[-78.7500562,39.6260641],[-78.7498254,39.6261533],[-78.7495057,39.6262353],[-78.7493636,39.6263232],[-78.7491891,39.6264459],[-78.7491134,39.6265243],[-78.7489585,39.6265437],[-78.7488372,39.6265713],[-78.7487152,39.6265731],[-78.7485831,39.6266179],[-78.7484411,39.6267058],[-78.7483649,39.626767],[-78.7482557,39.6268373],[-78.7480782,39.6268399],[-78.747658,39.6268976],[-78.7473916,39.626893],[-78.7471917,39.6268874],[-78.7470574,39.6268379],[-78.7469121,39.6267971],[-78.7464663,39.6267179],[-78.7460521,39.6265696],[-78.7456503,39.6264726],[-78.7452365,39.6263414],[-78.7447882,39.6261593],[-78.7445192,39.6260517],[-78.7442383,39.62591],[-78.7439913,39.6257935],[-78.74352,39.6255774],[-78.7430938,39.6253949],[-78.742634,39.6251958],[-78.7419726,39.6249224],[-78.7414676,39.6246896],[-78.7408967,39.6244835],[-78.7404695,39.6242582],[-78.7401314,39.6240486],[-78.7397497,39.6238655],[-78.739257,39.623684],[-78.7384831,39.6233436],[-78.7375746,39.6229451],[-78.7373822,39.6227935],[-78.7371014,39.6226518],[-78.7367056,39.6223487],[-78.7364227,39.6220604],[-78.7361559,39.6217401],[-78.7359247,39.6213622],[-78.7356947,39.6210319],[-78.7354526,39.6207113],[-78.7353221,39.6204177],[-78.7351424,39.6201248],[-78.7350607,39.6198114],[-78.734919,39.6195656],[-78.7347414,39.6193585],[-78.7346248,39.6191314],[-78.7345211,39.6189232],[-78.7344657,39.6186761],[-78.7342111,39.6183462],[-78.7340355,39.6182248],[-78.7338848,39.6181126],[-78.733819,39.617942],[-78.7337771,39.6177424],[-78.7337176,39.6173238],[-78.7336594,39.6169624],[-78.7335389,39.6165733],[-78.7333667,39.6160896],[-78.7332799,39.6155665],[-78.7332178,39.6150431],[-78.7331949,39.6146144],[-78.733309,39.6142409],[-78.733524,39.6139613],[-78.7341026,39.6134284],[-78.7346117,39.6130777],[-78.7352284,39.612592],[-78.7358327,39.6121064],[-78.7365352,39.6116003],[-78.7370064,39.611212],[-78.7377195,39.6106391],[-78.738397,39.6101238],[-78.7389928,39.6097909],[-78.7393478,39.6096903],[-78.7396792,39.6096377],[-78.7400854,39.6096127],[-78.7406152,39.6096049],[-78.7410957,39.6095978],[-78.7414412,39.6096118],[-78.7418361,39.6096345],[-78.7423131,39.6094845],[-78.7428117,39.6092102],[-78.7435022,39.6087233],[-78.7437188,39.6085104],[-78.7441416,39.6081609],[-78.7444804,39.607908],[-78.7448788,39.6075684],[-78.7454672,39.6069401],[-78.7456615,39.6068228],[-78.7462264,39.6062424],[-78.746638,39.6059408],[-78.74677,39.6057958],[-78.7471614,39.6056756],[-78.7474817,39.6056709],[-78.747767,39.6057429],[-78.7480397,39.6058056],[-78.7482245,39.6058029],[-78.7485853,39.6059405],[-78.7489094,39.6060883],[-78.749099,39.6062761],[-78.749153,39.606466],[-78.7492434,39.607132],[-78.7493327,39.6077504],[-78.7495077,39.6083484],[-78.7497565,39.6089358],[-78.7500761,39.6093982],[-78.7504412,39.6097074],[-78.7509918,39.6100425],[-78.7515887,39.6102529],[-78.7518979,39.610296],[-78.7523296,39.6103086],[-78.7525765,39.610324],[-78.7527355,39.610274],[-78.7530935,39.6102973],[-78.7533904,39.6103405],[-78.7540702,39.6104162],[-78.7545031,39.6104765],[-78.7550592,39.610535],[-78.7553051,39.6105123],[-78.7556873,39.6105161],[-78.7561174,39.610462],[-78.7564726,39.610371],[-78.7569133,39.61025],[-78.7572329,39.6102166],[-78.7576026,39.6102111],[-78.7581572,39.6102124],[-78.7587001,39.6102329],[-78.759119,39.6102267],[-78.7594645,39.6102406],[-78.7598706,39.6102155],[-78.7606584,39.6101751],[-78.7612494,39.6101472],[-78.7618157,39.6101197],[-78.7624305,39.6100628],[-78.7629219,39.6099983],[-78.7633143,39.6099162],[-78.763706,39.6098055],[-78.7640498,39.6097526],[-78.7643936,39.6096998],[-78.764712,39.6096188],[-78.765215,39.6095255],[-78.7655344,39.6094826],[-78.7658038,39.6094118],[-78.7661583,39.6092921],[-78.7665625,39.6091907],[-78.7670401,39.6090691],[-78.7676161,39.6089366],[-78.7679459,39.6088172],[-78.7682987,39.6086308],[-78.7686367,39.6083493],[-78.7689129,39.6080591],[-78.7690906,39.6077704],[-78.7692585,39.6075868],[-78.7694727,39.6072785],[-78.7697025,39.6071034],[-78.7699431,39.606871],[-78.77028,39.6065418],[-78.7704854,39.6063767],[-78.7705943,39.6062988],[-78.770691,39.606221],[-78.770935,39.606122],[-78.7710681,39.6060247],[-78.7712039,39.6060322],[-78.7714143,39.6060672],[-78.7717209,39.6060054],[-78.77248,39.6058033],[-78.7730182,39.6056427],[-78.7733721,39.6055039],[-78.7738735,39.6053438],[-78.7744105,39.6051355],[-78.7751549,39.6048383],[-78.7758149,39.6046186],[-78.7762415,39.6044311],[-78.7766665,39.6041768],[-78.7769443,39.6039533],[-78.7772195,39.6036251],[-78.7774689,39.6032495],[-78.7776905,39.6027504],[-78.7778809,39.6024806],[-78.777958,39.6021171],[-78.7780231,39.6017634],[-78.7779035,39.601422],[-78.7776511,39.6011874],[-78.777386,39.600934],[-78.7771215,39.6007092],[-78.7768686,39.6004556],[-78.7766892,39.6001818],[-78.7763117,39.5998729],[-78.7760574,39.5995621],[-78.7756418,39.5992061],[-78.7752288,39.5987885],[-78.7751866,39.5987458],[-78.7750117,39.5986531],[-78.7747714,39.5984088],[-78.7746313,39.5982298],[-78.7745273,39.5980121],[-78.7743959,39.5976899],[-78.7742692,39.5975488],[-78.7739943,39.5974004],[-78.7735577,39.5971877],[-78.7730746,39.5970901],[-78.7727256,39.5969332],[-78.7722133,39.5966549],[-78.7719231,39.5963828],[-78.7716219,39.596168],[-78.7712694,39.5958682],[-78.7709554,39.5956346],[-78.7705026,39.5952696],[-78.7700956,39.5947609],[-78.7696972,39.594109],[-78.7693503,39.5935422],[-78.7689877,39.5928421],[-78.7686557,39.59238],[-78.768419,39.5917829],[-78.7682834,39.5912892],[-78.7681784,39.5910333],[-78.7681577,39.5906999],[-78.7682271,39.5905178],[-78.768247,39.5903268],[-78.7680287,39.5894816],[-78.767959,39.5891584],[-78.7677777,39.5888084],[-78.7675083,39.5883834],[-78.7672515,39.5879678],[-78.7668321,39.5874593],[-78.7667307,39.5873464],[-78.7666307,39.5872907],[-78.7663685,39.5871516],[-78.7661911,39.586954],[-78.7656862,39.5864754],[-78.7652198,39.5860533],[-78.7648252,39.5858415],[-78.7644169,39.5858199],[-78.7640273,39.5857711],[-78.7637131,39.5855862],[-78.7633141,39.5852759],[-78.7633403,39.585015],[-78.7636589,39.5850624],[-78.7639717,39.5852885],[-78.7642547,39.5853353],[-78.764519,39.5854091],[-78.7642748,39.5852189],[-78.7638139,39.5850161],[-78.7635275,39.5848964],[-78.763252,39.5847194],[-78.763076,39.584579],[-78.7625871,39.5842431],[-78.7622979,39.5840091],[-78.7619215,39.5837383],[-78.7617566,39.58355],[-78.7614937,39.5833824],[-78.7612443,39.5832621],[-78.7609804,39.5830563],[-78.7606791,39.582832],[-78.7604666,39.5827113],[-78.760117,39.5825258],[-78.7599055,39.5824431],[-78.7597305,39.5823409],[-78.7592963,39.5822234],[-78.759059,39.5820935],[-78.758797,39.5819639],[-78.7582729,39.5816953],[-78.757986,39.5815565],[-78.7578719,39.5814248],[-78.7576097,39.5812857],[-78.7571732,39.5810729],[-78.7567757,39.5809453],[-78.7563672,39.5808656],[-78.7561192,39.5808026],[-78.7558968,39.5807773],[-78.7557116,39.580761],[-78.7555273,39.5807828],[-78.7549515,39.5809153],[-78.7543769,39.5810954],[-78.7539973,39.5811869],[-78.753656,39.581335],[-78.7532299,39.5815415],[-78.7527538,39.5817202],[-78.7525089,39.581781],[-78.7521908,39.5818716],[-78.7520558,39.5818926],[-78.7516996,39.5819361],[-78.7513796,39.5819503],[-78.7512193,39.5819432],[-78.751008,39.5818701],[-78.7506468,39.5817133],[-78.7502835,39.5814709],[-78.7495962,39.5810806],[-78.7490844,39.5808117],[-78.7487467,39.580607],[-78.7483346,39.5803843],[-78.7479227,39.5801711],[-78.7474372,39.5799686],[-78.7469029,39.5797858],[-78.7465804,39.5796953],[-78.7462592,39.5796619],[-78.7459274,39.5796954],[-78.7456084,39.5797478],[-78.7451545,39.5798308],[-78.7447519,39.5799893],[-78.7444828,39.5800695],[-78.7440683,39.5802473],[-78.7437284,39.5804525],[-78.7432682,39.5807739],[-78.7430782,39.5810627],[-78.7429962,39.5812355],[-78.7429505,39.5813792],[-78.7429405,39.5814747],[-78.742945,39.5816558],[-78.7428686,39.5820573],[-78.7427105,39.5826412],[-78.7425347,39.5830061],[-78.742282,39.5832482],[-78.7419188,39.583511],[-78.7417625,39.5836658],[-78.7417158,39.5837714],[-78.7416347,39.5839823],[-78.7414701,39.5842994],[-78.7413179,39.5846257],[-78.7412125,39.5848466],[-78.7410699,39.5850584],[-78.7409282,39.5853084],[-78.740848,39.5855575],[-78.7406185,39.585742],[-78.7403901,39.5859742],[-78.7400613,39.5861316],[-78.7398919,39.586258],[-78.7397469,39.5863745],[-78.7394179,39.5865224],[-78.7390881,39.5866417],[-78.7387191,39.5866662],[-78.7381902,39.5867026],[-78.7377349,39.5867283],[-78.7374519,39.586742],[-78.7371669,39.5866795],[-78.7370196,39.5867007],[-78.7367614,39.5867236],[-78.7365144,39.5866986],[-78.7362787,39.5866354],[-78.7361309,39.5866376],[-78.7359717,39.586678],[-78.7357898,39.5867951],[-78.7355929,39.5868075],[-78.7353717,39.5868299],[-78.7351009,39.5868434],[-78.7348423,39.5868472],[-78.7343496,39.5868544],[-78.7339417,39.5868032],[-78.7335452,39.5867137],[-78.7332461,39.5865751],[-78.7331194,39.586434],[-78.7330392,39.5861777],[-78.7329764,39.5856257],[-78.7329461,39.5853973],[-78.7328966,39.5848832],[-78.7328107,39.5843983],[-78.7327259,39.5839514],[-78.7326521,39.5834568],[-78.7325307,39.5830295],[-78.7324526,39.5823538],[-78.7323434,39.5814211],[-78.7322267,39.5806792],[-78.732149,39.5800225],[-78.7321134,39.5795749],[-78.7320887,39.57907],[-78.7320521,39.5785843],[-78.7320149,39.57807],[-78.7318867,39.5773664],[-78.7318528,39.5769856],[-78.7318204,39.5766714],[-78.7317994,39.576319],[-78.7317532,39.5759383],[-78.731722,39.5756718],[-78.7316641,39.5753199],[-78.7315583,39.5750259],[-78.7314788,39.5747983],[-78.7312053,39.5741921],[-78.730961,39.5737762],[-78.7307312,39.5734459],[-78.7304288,39.5731739],[-78.7298762,39.5727434],[-78.7293104,39.572275],[-78.7289314,39.5718897],[-78.7285524,39.5715044],[-78.7282225,39.5711088],[-78.7276608,39.5703067],[-78.7273271,39.5697586],[-78.727033,39.5693148],[-78.7267632,39.5688611],[-78.7265585,39.5685495],[-78.7263628,39.5681043],[-78.7261186,39.5676884],[-78.7259759,39.5673949],[-78.7257617,39.5671979],[-78.7256081,39.5669618],[-78.7254903,39.5666775],[-78.7254617,39.5665158],[-78.7254422,39.5662205],[-78.7252191,39.5656613],[-78.7249817,39.5650165],[-78.7247998,39.5646283],[-78.7245965,39.5643738],[-78.7243932,39.5641194],[-78.7242287,39.5639406],[-78.7240047,39.5638486],[-78.7236567,39.5637202],[-78.7234216,39.563676],[-78.7228294,39.563637],[-78.7219926,39.5636683],[-78.721267,39.563717],[-78.7206395,39.5637452],[-78.7199237,39.5636889],[-78.7190955,39.5635675],[-78.7174665,39.5634387],[-78.7172197,39.5634232],[-78.7169616,39.5634461],[-78.7166408,39.5634221],[-78.7162819,39.5633511],[-78.7160472,39.5633259],[-78.7157866,39.5632439],[-78.7154279,39.5631824],[-78.7152183,39.5631759],[-78.7150822,39.5631493],[-78.7147602,39.5630777],[-78.7143385,39.5629599],[-78.7138052,39.5628055],[-78.7133691,39.5626021],[-78.7130813,39.5624156],[-78.7127935,39.5622291],[-78.7127034,39.5620684],[-78.7125247,39.5618136],[-78.7123805,39.5614534],[-78.7121952,39.5609222],[-78.712012,39.5604767],[-78.7119042,39.560097],[-78.711754,39.5599943],[-78.7116051,39.5599488],[-78.7114304,39.559856],[-78.7111881,39.5595162],[-78.7109865,39.5593285],[-78.7104846,39.5589449],[-78.7100219,39.5586561],[-78.7096102,39.5584428],[-78.709361,39.5583224],[-78.7092584,39.5581523],[-78.7091897,39.5578578],[-78.7090982,39.5576398],[-78.7089953,39.5574602],[-78.7087528,39.5571109],[-78.7083749,39.5567636],[-78.7077971,39.5562953],[-78.7074336,39.5560336],[-78.7072101,39.5559606],[-78.7069372,39.5558788],[-78.7067133,39.5557867],[-78.706428,39.555705],[-78.7062185,39.5556985],[-78.7058633,39.5557799],[-78.7055692,39.5558413],[-78.7054951,39.5558329],[-78.7052477,39.5557888],[-78.7048291,39.5557948],[-78.7041887,39.5557946],[-78.703869,39.5558183],[-78.7034251,39.5557961],[-78.7030902,39.555696],[-78.7025945,39.5555697],[-78.7019618,39.5553786],[-78.7014775,39.555214],[-78.7009426,39.5549929],[-78.7005573,39.554846],[-78.6996774,39.5546203],[-78.6989469,39.5544592],[-78.6982916,39.5543542],[-78.6978965,39.5543123],[-78.6975021,39.5542989],[-78.6969109,39.5542979],[-78.6966902,39.5543392],[-78.6964212,39.5544193],[-78.6963346,39.5544015],[-78.6961107,39.5543094],[-78.6959011,39.5543028],[-78.6953932,39.5541767],[-78.6948332,39.5539369],[-78.6944579,39.5536944],[-78.6941175,39.5533656],[-78.6938663,39.5531594],[-78.6937009,39.5529425],[-78.6934248,39.5527272],[-78.6932105,39.5525206],[-78.6928578,39.552192],[-78.6926419,39.5519186],[-78.6922897,39.551609],[-78.6920138,39.5514032],[-78.6918246,39.5512153],[-78.6917186,39.5509022],[-78.6916973,39.5505307],[-78.6917625,39.5501674],[-78.6917555,39.549872],[-78.6917397,39.5497292],[-78.6917468,39.5495098],[-78.6916814,39.5493487],[-78.6914611,39.5488942],[-78.6912279,39.5484114],[-78.691173,39.5481738],[-78.6910054,39.5478616],[-78.6904772,39.5468872],[-78.6903106,39.5466131],[-78.6901453,39.5463962],[-78.6900685,39.5462734],[-78.6898683,39.5461427],[-78.6895444,39.5459853],[-78.689246,39.5458657],[-78.6888614,39.5457472],[-78.6883043,39.5456217],[-78.68766,39.5454593],[-78.6873865,39.5453489],[-78.6870144,39.5452398],[-78.6867653,39.5451194],[-78.6864058,39.5450197],[-78.6854887,39.5447754],[-78.684646,39.5445491],[-78.6835429,39.5442502],[-78.6832454,39.5441687],[-78.6830113,39.5441625],[-78.6828768,39.5442025],[-78.6827166,39.5441953],[-78.6826286,39.5441203],[-78.682456,39.5441132],[-78.6821971,39.5440978],[-78.6819374,39.5440539],[-78.6816044,39.54403],[-78.6814193,39.5440136],[-78.6812089,39.5439689],[-78.6811337,39.5439128],[-78.6810705,39.5438469],[-78.6807952,39.5436602],[-78.6806188,39.5434911],[-78.6803571,39.5433614],[-78.6799087,39.5431485],[-78.6796849,39.5430563],[-78.6793861,39.5429176],[-78.6788356,39.5425536],[-78.6783472,39.5422078],[-78.6777331,39.5417589],[-78.6771444,39.5413383],[-78.6765564,39.5409462],[-78.6761438,39.5406851],[-78.675918,39.5405072],[-78.6755695,39.5403501],[-78.6752976,39.5403063],[-78.6750388,39.5403004],[-78.6746579,39.5403344],[-78.6740199,39.5404293],[-78.6737507,39.5404999],[-78.6731746,39.5406129],[-78.6725361,39.5406887],[-78.6720563,39.5407051],[-78.6715145,39.5407032],[-78.6707005,39.540648],[-78.6699975,39.5406008],[-78.6691582,39.5405173],[-78.6685897,39.54043],[-78.6680081,39.5403048],[-78.6676475,39.5401573],[-78.6675472,39.5400825],[-78.6673724,39.5399801],[-78.6671589,39.539802],[-78.6668319,39.539511],[-78.6665033,39.5391534],[-78.6661627,39.5388055],[-78.6659223,39.5385324],[-78.6657329,39.5383349],[-78.6652423,39.5378937],[-78.6649028,39.5375934],[-78.6646383,39.5373397],[-78.6641763,39.5370698],[-78.6636536,39.5368293],[-78.663393,39.5367472],[-78.6623517,39.5364472],[-78.6609152,39.5360957],[-78.6605193,39.5360154],[-78.6597153,39.5358551],[-78.6587118,39.5355928],[-78.6577446,39.5353013],[-78.6575,39.5352474],[-78.6574599,39.5352386],[-78.6571999,39.5351755],[-78.6567546,39.5350864],[-78.6558256,39.5348516],[-78.6549838,39.5346537],[-78.654391,39.5345762],[-78.6538234,39.534527],[-78.6532329,39.5345448],[-78.6531722,39.5345838],[-78.653052,39.5347094],[-78.6528945,39.5348165],[-78.6527855,39.5348943],[-78.6526629,39.5349151],[-78.6525644,39.5349164],[-78.652405,39.5349473],[-78.6522343,39.5350164],[-78.6518789,39.5350881],[-78.6515743,39.5352259],[-78.6512069,39.5353073],[-78.6506798,39.53541],[-78.6502495,39.5354351],[-78.6500517,39.5353997],[-78.6496587,39.5354434],[-78.649082,39.5355277],[-78.6486901,39.535619],[-78.6484206,39.5356799],[-78.6480892,39.5357227],[-78.6477338,39.5357944],[-78.6472184,39.5358684],[-78.6467635,39.5358938],[-78.646161,39.5359308],[-78.6456816,39.5359661],[-78.6454979,39.5360068],[-78.6453887,39.5360751],[-78.6445906,39.536172],[-78.6438666,39.5362774],[-78.6433255,39.536304],[-78.6426848,39.5362844],[-78.6420087,39.5363319],[-78.641259,39.53639],[-78.6406561,39.536408],[-78.6399055,39.5364279],[-78.6394371,39.5364058],[-78.6388221,39.5364335],[-78.6378139,39.5364952],[-78.6372251,39.5365891],[-78.6362569,39.5367837],[-78.6353254,39.5369682],[-78.634308,39.5371635],[-78.6334115,39.5372617],[-78.6327477,39.5373091],[-78.6324013,39.5372376],[-78.6321287,39.5371651],[-78.6317948,39.537103],[-78.63145,39.5370982],[-78.630933,39.5371054],[-78.6303435,39.5371707],[-78.629732,39.5373508],[-78.6292691,39.5375669],[-78.6287829,39.5378406],[-78.628719,39.537916],[-78.628645,39.538116],[-78.62863,39.538303],[-78.628779,39.539247],[-78.62875,39.539324],[-78.628651,39.53939],[-78.627885,39.539539],[-78.627069,39.539637],[-78.626786,39.539615],[-78.626531,39.539533],[-78.626148,39.53951],[-78.624971,39.539471],[-78.624818,39.53951],[-78.624737,39.539526],[-78.624207,39.539673],[-78.623895,39.539695],[-78.623101,39.539695],[-78.622335,39.539564],[-78.621981,39.539531],[-78.621796,39.539542],[-78.621385,39.539498],[-78.620477,39.539301],[-78.61991,39.539236],[-78.618747,39.53894],[-78.617967,39.538665],[-78.617194,39.538435],[-78.617137,39.538435],[-78.616144,39.538112],[-78.61518,39.537838],[-78.614315,39.537542],[-78.613648,39.537268],[-78.613357,39.537173],[-78.6129606,39.5371844],[-78.612726,39.5370894],[-78.6125013,39.5369616],[-78.6123929,39.5368404],[-78.6121695,39.5367699],[-78.61204,39.536649],[-78.6119092,39.5364708],[-78.6116528,39.5363435],[-78.6110966,39.5360403],[-78.6104256,39.535796],[-78.6099249,39.5356065],[-78.6097005,39.5354951],[-78.6091696,39.5353715],[-78.6088521,39.5353431],[-78.6085991,39.5353629],[-78.6084933,39.5353562],[-78.6083658,39.5353252],[-78.6082293,39.5353598],[-78.6080078,39.535371],[-78.6077542,39.5353662],[-78.6073933,39.5352894],[-78.6069997,39.5351639],[-78.6064256,39.535],[-78.6061588,39.5348809],[-78.6059665,39.5347854],[-78.6059336,39.5347286],[-78.6059004,39.5346636],[-78.6057494,39.5345266],[-78.6055534,39.5342676],[-78.605367,39.5339675],[-78.6050953,39.5336277],[-78.6047709,39.5332968],[-78.6043306,39.5329757],[-78.6040837,39.5327991],[-78.6037423,39.5326484],[-78.6031026,39.5323872],[-78.6026032,39.5322549],[-78.6023283,39.5322423],[-78.602149,39.5322529],[-78.601908,39.532338],[-78.6016148,39.5324483],[-78.6013651,39.5326153],[-78.6010843,39.5328072],[-78.6005858,39.533182],[-78.6000669,39.5335898],[-78.5994745,39.5340149],[-78.5990379,39.5343234],[-78.5986741,39.5345819],[-78.5984674,39.534781],[-78.5982399,39.5349967],[-78.5980422,39.5351303],[-78.5975715,39.5353329],[-78.5970806,39.5355768],[-78.5966729,39.5357622],[-78.5961404,39.5360393],[-78.5957005,39.5362007],[-78.5953018,39.5363205],[-78.5949759,39.5363904],[-78.59483,39.5364741],[-78.5947366,39.536549],[-78.5937924,39.5368317],[-78.5930986,39.5369801],[-78.5927094,39.5370508],[-78.5923404,39.5370803],[-78.5919073,39.537078],[-78.5915049,39.5370343],[-78.5912078,39.5369729],[-78.5908997,39.5368953],[-78.5905372,39.5367448],[-78.590153,39.53657],[-78.589991,39.5364087],[-78.5898713,39.5362549],[-78.5898025,39.5360105],[-78.5898091,39.5358386],[-78.5898471,39.53565],[-78.5899189,39.5355509],[-78.5900217,39.5354268],[-78.5901349,39.5352944],[-78.5903402,39.53503],[-78.5906155,39.5345928],[-78.5911699,39.533882],[-78.5918026,39.5329002],[-78.5919953,39.5325459],[-78.5920713,39.5321686],[-78.5920973,39.5319148],[-78.5920506,39.5317191],[-78.5920039,39.5315235],[-78.5918091,39.5313134],[-78.5915393,39.5310554],[-78.5913568,39.530927],[-78.5909708,39.5306705],[-78.5906919,39.530478],[-78.5903256,39.5301558],[-78.58996,39.5298663],[-78.5896912,39.5296573],[-78.5893779,39.5293425],[-78.5890012,39.5290286],[-78.5885732,39.5287809],[-78.5882196,39.5285566],[-78.5881765,39.5285163],[-78.5882702,39.5284578],[-78.5883638,39.5283911],[-78.5879669,39.5281184],[-78.5874105,39.5277987],[-78.587254,39.5278826],[-78.587224,39.5279567],[-78.5872487,39.5281199],[-78.5872611,39.5282015],[-78.5872309,39.5282673],[-78.5870526,39.5283188],[-78.586917,39.5283942],[-78.5867588,39.5284046],[-78.5866734,39.5283648],[-78.5866721,39.5283076],[-78.5867338,39.5282331],[-78.5868061,39.5281586],[-78.5868466,39.5280844],[-78.5867722,39.5280609],[-78.5866247,39.5280792],[-78.586298,39.5281082],[-78.5859918,39.5281123],[-78.5850192,39.5280681],[-78.5845738,39.5279841],[-78.5835884,39.527842],[-78.5822221,39.5276641],[-78.5811734,39.5275227],[-78.5803147,39.5273789],[-78.5794229,39.52717],[-78.5786464,39.5269187],[-78.5780386,39.5266569],[-78.5773878,39.526363],[-78.5768735,39.5260346],[-78.5764325,39.5256725],[-78.5760883,39.5253908],[-78.5758178,39.5251],[-78.5756215,39.5248246],[-78.5754046,39.5245657],[-78.5749646,39.5242527],[-78.5746528,39.5240033],[-78.5743748,39.5238516],[-78.5738816,39.5235147],[-78.5733433,39.5230557],[-78.5726245,39.5225501],[-78.5721959,39.5222695],[-78.5717041,39.521998],[-78.571171,39.521768],[-78.5704659,39.5214011],[-78.5696117,39.5209791],[-78.5689272,39.5205874],[-78.5683828,39.5203248],[-78.5676589,39.5200645],[-78.5668498,39.5197645],[-78.5662229,39.5195929],[-78.5657776,39.5195089],[-78.5654184,39.5195055],[-78.5651136,39.5195667],[-78.5649765,39.5195767],[-78.5648091,39.5196444],[-78.564591,39.5198109],[-78.5642765,39.5199132],[-78.5637413,39.5200675],[-78.5632477,39.5201885],[-78.5627025,39.5203675],[-78.562503,39.5204192],[-78.5621252,39.5205224],[-78.5618099,39.520592],[-78.5614652,39.5207601],[-78.5608566,39.5209399],[-78.5601005,39.5211299],[-78.5594589,39.5212447],[-78.558964,39.5213085],[-78.5581744,39.5214171],[-78.5575322,39.5215073],[-78.5569002,39.5215811],[-78.5564891,39.5216111],[-78.556119,39.5215914],[-78.5556746,39.5215482],[-78.5554314,39.5215351],[-78.5550739,39.5216052],[-78.5545801,39.5217181],[-78.5541807,39.5218051],[-78.5538316,39.521777],[-78.5532914,39.5217023],[-78.5528151,39.5216514],[-78.5522845,39.5215357],[-78.5520186,39.5214492],[-78.5515071,39.5212351],[-78.5511862,39.5210513],[-78.5508989,39.5209487],[-78.5505286,39.5209209],[-78.5501905,39.520909],[-78.5498317,39.5209219],[-78.5496744,39.520973],[-78.5495272,39.5209995],[-78.5493044,39.5209533],[-78.5486587,39.52088],[-78.5480345,39.520831],[-78.5475595,39.5208372],[-78.5471589,39.520867],[-78.5468017,39.5209535],[-78.546478,39.5211213],[-78.5463329,39.5212459],[-78.546094,39.521429],[-78.5459259,39.5214639],[-78.545704,39.5214586],[-78.5455462,39.5214852],[-78.5453466,39.5215369],[-78.5450614,39.5215325],[-78.5447866,39.5215197],[-78.5446606,39.5215541],[-78.5444178,39.5215572],[-78.5442799,39.5215263],[-78.5440582,39.5215292],[-78.5436357,39.5215266],[-78.5430869,39.521542],[-78.5426128,39.5215891],[-78.5422028,39.5216762],[-78.5412061,39.5219755],[-78.5401883,39.5222751],[-78.5385414,39.5227791],[-78.5373554,39.5231135],[-78.536704,39.5232692],[-78.5360827,39.5233509],[-78.5354924,39.5233995],[-78.5347949,39.5233759],[-78.5340019,39.523329],[-78.5323412,39.5232034],[-78.5310302,39.5231304],[-78.5303438,39.5231312],[-78.530017,39.5231599],[-78.5297228,39.5232292],[-78.5295768,39.5233129],[-78.529526,39.5234035],[-78.5294961,39.5234857],[-78.5293295,39.5235942],[-78.5293201,39.5236515],[-78.5294801,39.5237231],[-78.5295021,39.5237637],[-78.5294622,39.5238705],[-78.52939,39.5239532],[-78.5292742,39.5239711],[-78.5292012,39.5240129],[-78.5292347,39.5240943],[-78.5293834,39.5241332],[-78.5293737,39.5241742],[-78.5292375,39.5242251],[-78.5291008,39.5242514],[-78.5290177,39.5243179],[-78.5290193,39.5243915],[-78.5290102,39.524457],[-78.528959,39.5245313],[-78.5287702,39.524591],[-78.5284973,39.5246681],[-78.5280238,39.5247479],[-78.5278445,39.5247584],[-78.5276546,39.524769],[-78.5274761,39.5248122],[-78.5272132,39.5248647],[-78.5270758,39.5248583],[-78.5268528,39.524804],[-78.5264722,39.5247844],[-78.5258277,39.5247682],[-78.5252157,39.5247924],[-78.5241907,39.5247648],[-78.5239907,39.5247919],[-78.5238242,39.5249086],[-78.5236778,39.5249759],[-78.523551,39.5249694],[-78.5234767,39.524954],[-78.5232868,39.5249646],[-78.523087,39.5249999],[-78.5229925,39.5250256],[-78.5228974,39.5250269],[-78.5228651,39.5249946],[-78.5228003,39.52493],[-78.5226416,39.5249157],[-78.5223977,39.5248698],[-78.5220268,39.5248091],[-78.5217094,39.5247805],[-78.5213393,39.5247608],[-78.5209156,39.5247008],[-78.5198967,39.5244604],[-78.5194828,39.5243676],[-78.5188027,39.5241719],[-78.518069,39.523936],[-78.5175376,39.5237793],[-78.516625,39.5235702],[-78.5160514,39.523414],[-78.5156588,39.5233291],[-78.5149383,39.5232157],[-78.5142792,39.5230115],[-78.5137894,39.5228215],[-78.5134167,39.5226791],[-78.5131304,39.5226255],[-78.5126716,39.5224024],[-78.5118851,39.5221672],[-78.5115119,39.5220002],[-78.5108409,39.5217307],[-78.5102543,39.5214602],[-78.5095305,39.5211914],[-78.5092105,39.5210401],[-78.5080822,39.5206211],[-78.5078582,39.5205176],[-78.5071656,39.5202239],[-78.5066421,39.5199362],[-78.506182,39.5196558],[-78.5058623,39.5195209],[-78.5048627,39.5191901],[-78.5039283,39.5189485],[-78.5032914,39.5187931],[-78.5030476,39.5187471],[-78.5025819,39.5186958],[-78.5022237,39.5187331],[-78.5017083,39.5188296],[-78.5012256,39.5189748],[-78.5007015,39.5191532],[-78.5003225,39.5192071],[-78.4995181,39.5191192],[-78.4985008,39.5189522],[-78.4974301,39.5187532],[-78.4963281,39.5185709],[-78.4957772,39.5184879],[-78.4947084,39.5183788],[-78.4937876,39.518276],[-78.4936083,39.5182865],[-78.4934508,39.5183293],[-78.4933784,39.5184039],[-78.4932531,39.5184709],[-78.4930529,39.5184898],[-78.4929366,39.5184831],[-78.4928619,39.5184431],[-78.4927982,39.5184276],[-78.4921956,39.5183943],[-78.4916875,39.5183353],[-78.4912735,39.5182342],[-78.4909335,39.5181322],[-78.4906132,39.5179645],[-78.4901561,39.5178231],[-78.4898073,39.517803],[-78.4895333,39.517831],[-78.4887867,39.5179794],[-78.4884512,39.51809],[-78.4881789,39.5181998],[-78.4878446,39.5183675],[-78.4875533,39.5185757],[-78.4872724,39.5187755],[-78.4871811,39.5189566],[-78.4869944,39.5191143],[-78.486827,39.51919],[-78.4865335,39.5192919],[-78.4862068,39.5193205],[-78.485703,39.5194659],[-78.4852717,39.519545],[-78.4850083,39.5195728],[-78.4847125,39.5195684],[-78.4841113,39.5196005],[-78.4834772,39.5195757],[-78.4827656,39.5193802],[-78.482161,39.5192488],[-78.4817147,39.5191154],[-78.4814058,39.5189884],[-78.4806933,39.518752],[-78.4801818,39.5185295],[-78.4792865,39.5181318],[-78.478263,39.5176621],[-78.4774736,39.5172794],[-78.4769293,39.517],[-78.476238,39.5167633],[-78.4752504,39.5164976],[-78.4746031,39.5163422],[-78.4739668,39.5162111],[-78.4732679,39.5161135],[-78.4726226,39.5160561],[-78.4721688,39.51607],[-78.4713671,39.5161045],[-78.4708406,39.5161765],[-78.4701148,39.5163083],[-78.4695788,39.5164295],[-78.4687087,39.5167347],[-78.4678816,39.5170722],[-78.4673796,39.5173074],[-78.4668049,39.5176008],[-78.4661163,39.5180019],[-78.4652718,39.5185195],[-78.4646576,39.5189442],[-78.464513,39.5191014],[-78.4645057,39.5192569],[-78.464476,39.5193554],[-78.4644144,39.5194379],[-78.4643735,39.5195039],[-78.4642807,39.5196114],[-78.4642073,39.5196368],[-78.4640918,39.5196709],[-78.4640615,39.5197368],[-78.4640416,39.5197943],[-78.4640859,39.5198918],[-78.4640663,39.5199657],[-78.4638892,39.5200824],[-78.463796,39.5201735],[-78.4636491,39.5202162],[-78.4635644,39.5202091],[-78.4634704,39.5202593],[-78.4634289,39.5202926],[-78.4633657,39.5203015],[-78.4631032,39.5203702],[-78.4627592,39.5205871],[-78.4624906,39.5208767],[-78.4623557,39.5209929],[-78.4622949,39.5211163],[-78.4622663,39.5212639],[-78.462175,39.5214449],[-78.4620393,39.5215202],[-78.4617832,39.5218996],[-78.4616019,39.5223271],[-78.4614118,39.5228365],[-78.461113,39.5237071],[-78.4609057,39.5244049],[-78.4607179,39.5250287],[-78.4605828,39.5256438],[-78.4605383,39.5260451],[-78.4605075,39.5266016],[-78.4604841,39.5270026],[-78.4605112,39.5278038],[-78.4605712,39.5286617],[-78.4606906,39.5293309],[-78.4607869,39.5299022],[-78.4609749,39.5303088],[-78.4610639,39.5305285],[-78.4612295,39.5308781],[-78.4613935,39.5311459],[-78.461543,39.5312259],[-78.4618006,39.5314271],[-78.4620058,39.5316454],[-78.4621044,39.5318159],[-78.4623027,39.5322142],[-78.4623886,39.5322786],[-78.4624437,39.5323924],[-78.462584,39.5325378],[-78.4626724,39.5327248],[-78.4626874,39.5329373],[-78.4627364,39.5332638],[-78.4628397,39.5336633],[-78.4629244,39.5341856],[-78.4629521,39.5345043],[-78.4629579,39.5347822],[-78.4629529,39.5350522],[-78.4628553,39.5354378],[-78.462796,39.5356348],[-78.4626217,39.5358905],[-78.4624974,39.5360065],[-78.4623618,39.53609],[-78.4623223,39.5362213],[-78.4622303,39.5363697],[-78.4621601,39.5365505],[-78.4619129,39.5368561],[-78.4617789,39.5370132],[-78.4616218,39.5370806],[-78.4615493,39.5371469],[-78.4614038,39.5372632],[-78.4612364,39.5373389],[-78.4610373,39.5374149],[-78.4609543,39.5374896],[-78.4605147,39.5376831],[-78.4597075,39.5379794],[-78.4592572,39.5381649],[-78.4586392,39.5384179],[-78.4580926,39.5385473],[-78.4576924,39.5386013],[-78.4568691,39.5386278],[-78.4563728,39.538634],[-78.4556829,39.5384707],[-78.4555652,39.5383986],[-78.4553208,39.538328],[-78.4549808,39.538277],[-78.4545156,39.5382071],[-78.4540288,39.538164],[-78.4535003,39.538146],[-78.4529509,39.5381364],[-78.4524638,39.538077],[-78.4520939,39.5380652],[-78.4515021,39.538048],[-78.450953,39.5380547],[-78.450521,39.5381091],[-78.4502372,39.538178],[-78.4497968,39.5383306],[-78.449419,39.5384498],[-78.4491992,39.5385506],[-78.4489503,39.5387745],[-78.4488097,39.5391279],[-78.4487291,39.539317],[-78.4485373,39.5397528],[-78.448451,39.5401791],[-78.4484461,39.5404572],[-78.4484486,39.5405799],[-78.4483859,39.5406134],[-78.4483234,39.540655],[-78.4482656,39.5409256],[-78.4482195,39.5412533],[-78.4482242,39.5414823],[-78.4482699,39.5416534],[-78.4483807,39.5419056],[-78.4484039,39.5420035],[-78.4483202,39.5420454],[-78.4483239,39.5422253],[-78.4484996,39.5425502],[-78.4487488,39.5428579],[-78.4490388,39.5430915],[-78.4493724,39.54339],[-78.4496713,39.5435418],[-78.4499705,39.5437098],[-78.4503217,39.5438364],[-78.4506189,39.5439063],[-78.4509682,39.5439429],[-78.4512647,39.5439801],[-78.451393,39.5440522],[-78.4517433,39.5441378],[-78.4521029,39.5441579],[-78.4524301,39.5441457],[-78.4526307,39.5441432],[-78.4528223,39.5442145],[-78.4531192,39.5442681],[-78.4533623,39.5442733],[-78.4535628,39.5442626],[-78.4537413,39.5442113],[-78.4539431,39.5442661],[-78.454133,39.5442556],[-78.4544726,39.5443332],[-78.4547056,39.544363],[-78.4548322,39.5443533],[-78.4549055,39.5443196],[-78.4549695,39.5443516],[-78.4550127,39.5444001],[-78.45514,39.5444231],[-78.4553946,39.5444772],[-78.455841,39.5446107],[-78.4564891,39.5447908],[-78.4569983,39.544899],[-78.4578484,39.545142],[-78.4580405,39.5452378],[-78.4580732,39.5452864],[-78.4580327,39.5453687],[-78.458055,39.5454257],[-78.4581183,39.5454249],[-78.4582231,39.5453827],[-78.4582643,39.5453331],[-78.4584016,39.5453314],[-78.4585502,39.5453623],[-78.4588377,39.5454733],[-78.4592434,39.5456809],[-78.4594133,39.5457278],[-78.4595952,39.5458401],[-78.4598288,39.5458944],[-78.4599468,39.5459829],[-78.4600851,39.5460303],[-78.4603188,39.5460928],[-78.4604056,39.5462063],[-78.4605034,39.5463359],[-78.4605694,39.5464659],[-78.4606892,39.5466362],[-78.4609484,39.546911],[-78.4610786,39.5470812],[-78.4611962,39.5471451],[-78.4613276,39.5473725],[-78.4614366,39.5475347],[-78.461494,39.5477548],[-78.4616174,39.548105],[-78.4616954,39.5483003],[-78.4616765,39.5484068],[-78.461702,39.5486191],[-78.4617433,39.5490848],[-78.4617598,39.5493708],[-78.4617537,39.5495835],[-78.4616546,39.5499037],[-78.4615021,39.5501918],[-78.4613905,39.550414],[-78.4611941,39.5506209],[-78.4611113,39.5507037],[-78.4610711,39.5508024],[-78.4609777,39.5508853],[-78.4606428,39.5510367],[-78.4602435,39.5511398],[-78.4597721,39.5513337],[-78.4593833,39.5514366],[-78.4588464,39.5515251],[-78.4581502,39.5515746],[-78.4578122,39.5515788],[-78.4574407,39.5514934],[-78.4566021,39.5512993],[-78.4555627,39.5510995],[-78.4549059,39.5510095],[-78.4538063,39.5509658],[-78.4531908,39.5508343],[-78.4525226,39.5507035],[-78.4517377,39.5505496],[-78.451238,39.5503922],[-78.4508541,39.550217],[-78.450565,39.5500325],[-78.4502341,39.5498648],[-78.4500418,39.5497609],[-78.4496787,39.549569],[-78.4493148,39.5493364],[-78.4489302,39.5491284],[-78.4485341,39.5488716],[-78.4481918,39.5486632],[-78.4478697,39.5484136],[-78.4477723,39.5483003],[-78.4476763,39.5482524],[-78.4475591,39.5482048],[-78.4474723,39.5480913],[-78.4472455,39.5478488],[-78.4469962,39.5475411],[-78.4466386,39.5471038],[-78.4464125,39.546894],[-78.4460347,39.5464979],[-78.4457423,39.5461498],[-78.4453987,39.5458759],[-78.4449986,39.5454229],[-78.4445638,39.544823],[-78.4442162,39.5443529],[-78.4440622,39.5440522],[-78.4440585,39.5438723],[-78.4439698,39.543669],[-78.4438907,39.5434164],[-78.4437606,39.5432544],[-78.4435216,39.5429302],[-78.4431765,39.5425828],[-78.4426665,39.5419184],[-78.4424064,39.5415945],[-78.442129,39.5414588],[-78.4419054,39.5413716],[-78.4417138,39.5413003],[-78.4415963,39.5412364],[-78.4415417,39.5411471],[-78.4415078,39.5410412],[-78.4413877,39.5408464],[-78.4409568,39.5404345],[-78.4405899,39.5400546],[-78.4402656,39.5396906],[-78.4398255,39.5393443],[-78.4395042,39.5391274],[-78.4391407,39.538911],[-78.438747,39.5387686],[-78.4383968,39.5386911],[-78.4379627,39.5386392],[-78.4374875,39.538645],[-78.4371391,39.5386492],[-78.4367185,39.5387443],[-78.4363318,39.5389453],[-78.4358941,39.5392368],[-78.4355826,39.5395023],[-78.4352418,39.5398827],[-78.4348414,39.5404519],[-78.4346975,39.5406499],[-78.4345494,39.5411588],[-78.4343685,39.5416108],[-78.434332,39.5418974],[-78.4342587,39.5424463],[-78.4342991,39.5428792],[-78.4343614,39.5433446],[-78.4344456,39.5438507],[-78.4345729,39.5443971],[-78.4346875,39.5448373],[-78.4349219,39.545456],[-78.4351787,39.5461398],[-78.4353546,39.5464812],[-78.435673,39.5470743],[-78.4360467,39.5477894],[-78.4364107,39.5485456],[-78.4366791,39.5487549],[-78.4368814,39.5488343],[-78.4370949,39.5489462],[-78.4372966,39.5489928],[-78.4375851,39.5491528],[-78.4377257,39.5493147],[-78.4379072,39.5494106],[-78.4381104,39.5495308],[-78.4381446,39.549653],[-78.438272,39.5496842],[-78.4384319,39.5497559],[-78.4386169,39.5500235],[-78.4387384,39.5502837],[-78.4388266,39.5504625],[-78.4388941,39.5506662],[-78.4389826,39.5508614],[-78.43905,39.5510568],[-78.4391261,39.5511622],[-78.4391701,39.5512516],[-78.439172,39.5513416],[-78.439067,39.5513756],[-78.4389619,39.5514014],[-78.4389217,39.5515],[-78.4388931,39.5516558],[-78.4388668,39.5519178],[-78.4386528,39.5523048],[-78.4385716,39.5524693],[-78.4384057,39.5526186],[-78.4381562,39.5528179],[-78.4378954,39.5529846],[-78.4376781,39.5532081],[-78.4374173,39.5533667],[-78.437072,39.5535344],[-78.4366524,39.5536786],[-78.4362306,39.5537164],[-78.4357967,39.5536808],[-78.4355853,39.5536752],[-78.4354052,39.5536529],[-78.4352554,39.5535565],[-78.4351057,39.5534684],[-78.4347233,39.5533667],[-78.434233,39.5531519],[-78.43386,39.5529929],[-78.4330309,39.5527412],[-78.4327425,39.5525894],[-78.4323674,39.552324],[-78.4320268,39.5521973],[-78.4314312,39.5520001],[-78.4310587,39.5518656],[-78.4305699,39.5517243],[-78.4303885,39.5516366],[-78.4302264,39.5514586],[-78.4298388,39.5510953],[-78.4295997,39.5507629],[-78.4294448,39.5504213],[-78.4292468,39.5500311],[-78.4290473,39.5495674],[-78.4286969,39.5489583],[-78.4285113,39.5486579],[-78.427972,39.5481083],[-78.427799,39.5479141],[-78.4274317,39.5475097],[-78.4272366,39.5472667],[-78.427085,39.5470804],[-78.4263959,39.5464345],[-78.4260615,39.5460951],[-78.4255358,39.5456925],[-78.4250655,39.5454201],[-78.4247251,39.5453016],[-78.4241834,39.5451527],[-78.423695,39.5450278],[-78.4227102,39.5449088],[-78.4219277,39.5448692],[-78.4211992,39.5448861],[-78.4209999,39.544954],[-78.4205063,39.545099],[-78.4202253,39.5453068],[-78.4199223,39.545474],[-78.4196069,39.5455514],[-78.4195008,39.5455282],[-78.4192906,39.5455798],[-78.4186949,39.5458977],[-78.4180394,39.5463963],[-78.4175834,39.5468352],[-78.4172246,39.5473793],[-78.4170519,39.5477248],[-78.416943,39.548086],[-78.4168019,39.548423],[-78.4167553,39.5487343],[-78.4167708,39.5489795],[-78.4167979,39.5492818],[-78.4168978,39.5495177],[-78.4170598,39.5496957],[-78.417189,39.5498168],[-78.4173284,39.5499215],[-78.4175554,39.5501804],[-78.4179023,39.5506179],[-78.4180211,39.5507473],[-78.4183234,39.5510708],[-78.4184544,39.5512819],[-78.4187274,39.5517284],[-78.4189444,39.552012],[-78.419203,39.5522624],[-78.4195586,39.5526098],[-78.4198918,39.552892],[-78.4201056,39.5530203],[-78.4202787,39.5532227],[-78.4205695,39.5534972],[-78.420885,39.5539514],[-78.4213087,39.5545351],[-78.4217414,39.5550369],[-78.4220857,39.5553436],[-78.4223415,39.555455],[-78.4223647,39.555561],[-78.4223878,39.5556589],[-78.4225367,39.5557062],[-78.4225812,39.5558201],[-78.4226799,39.5559988],[-78.4230123,39.5562402],[-78.4232933,39.5565557],[-78.4236716,39.5569764],[-78.4239439,39.5573821],[-78.4241815,39.5576409],[-78.4244058,39.5577608],[-78.4247603,39.558051],[-78.4250922,39.5582678],[-78.4253401,39.5585101],[-78.4256416,39.5587927],[-78.42606,39.5591066],[-78.426455,39.5593063],[-78.4266992,39.5593688],[-78.4269527,39.5593657],[-78.4271749,39.5593794],[-78.4274414,39.5594988],[-78.4279754,39.5597786],[-78.4282002,39.5599231],[-78.4284047,39.5601087],[-78.4285882,39.5603027],[-78.4289946,39.5605432],[-78.4293682,39.5607349],[-78.4298149,39.5608767],[-78.4303671,39.5610172],[-78.4306531,39.5610546],[-78.4308961,39.5610517],[-78.4310656,39.5610742],[-78.4313741,39.5611767],[-78.4315334,39.5612157],[-78.4317238,39.5612297],[-78.4322979,39.5614027],[-78.4328086,39.5615764],[-78.4332879,39.5617669],[-78.4336182,39.5619019],[-78.4340021,39.5620771],[-78.4342904,39.562229],[-78.4348333,39.5624269],[-78.435451,39.5626647],[-78.4359519,39.5628794],[-78.4362598,39.5629493],[-78.436836,39.5632285],[-78.4371457,39.5633883],[-78.4373487,39.5635003],[-78.4375729,39.563612],[-78.4377658,39.5637487],[-78.437957,39.5637955],[-78.4382355,39.5639802],[-78.4385379,39.5643036],[-78.4388512,39.5646433],[-78.4393034,39.5650548],[-78.4399085,39.5657099],[-78.4401226,39.5658463],[-78.4403258,39.5659665],[-78.4405104,39.5662096],[-78.4407585,39.5664601],[-78.4409721,39.566572],[-78.4413576,39.5668208],[-78.4416871,39.5669149],[-78.441973,39.5669441],[-78.4423036,39.5670954],[-78.4427853,39.5674003],[-78.4432349,39.5676811],[-78.44364,39.567856],[-78.4442151,39.568078],[-78.4448533,39.5682828],[-78.4455564,39.5685604],[-78.4459409,39.5687601],[-78.4463457,39.5689187],[-78.4466991,39.5691516],[-78.4476596,39.5696141],[-78.4484503,39.5700379],[-78.4490602,39.5704066],[-78.4495864,39.5708172],[-78.4502922,39.5712256],[-78.4512363,39.5719173],[-78.4516789,39.5723698],[-78.4519189,39.5727349],[-78.4521693,39.5730917],[-78.4524059,39.5732932],[-78.4527267,39.5734774],[-78.4529923,39.5735477],[-78.4535801,39.5738676],[-78.4539556,39.574141],[-78.4542377,39.5744974],[-78.4546406,39.575073],[-78.4549465,39.57556],[-78.4551211,39.5758277],[-78.4554494,39.5763716],[-78.4557763,39.5768501],[-78.4559499,39.5770687],[-78.456071,39.5773044],[-78.456343,39.5776854],[-78.4566476,39.5781069],[-78.4569732,39.57852],[-78.4570711,39.5786578],[-78.4573197,39.5789246],[-78.4574158,39.5789725],[-78.4574821,39.5791107],[-78.4574942,39.5791842],[-78.4575276,39.5792655],[-78.4575599,39.5792978],[-78.4576342,39.5793133],[-78.4577557,39.5795653],[-78.4578144,39.5798508],[-78.4578285,39.5800224],[-78.457812,39.5802434],[-78.4578731,39.5806434],[-78.4579467,39.5811413],[-78.4579785,39.5816561],[-78.457957,39.5826623],[-78.4579057,39.5832518],[-78.4577968,39.58412],[-78.4577042,39.5847509],[-78.4575894,39.5853329],[-78.4574991,39.5855712],[-78.4574311,39.5858583],[-78.4573243,39.5863176],[-78.4572537,39.586482],[-78.457139,39.5870723],[-78.4570269,39.5872699],[-78.4566634,39.5875852],[-78.4556205,39.5882687],[-78.4553493,39.5884438],[-78.4546385,39.5888287],[-78.4537496,39.5892895],[-78.4531325,39.5896079],[-78.4525877,39.5898436],[-78.4520417,39.590022],[-78.4518208,39.5900738],[-78.450928,39.5903465],[-78.4494344,39.5907083],[-78.4485921,39.5908659],[-78.4476557,39.5910818],[-78.4471824,39.5911939],[-78.4468898,39.5913611],[-78.4465955,39.5914383],[-78.4461199,39.5914441],[-78.4450969,39.5915548],[-78.444368,39.5915801],[-78.4437326,39.5915224],[-78.4431593,39.5913986],[-78.4425541,39.591267],[-78.4419993,39.5910121],[-78.441116,39.5907203],[-78.4402653,39.5904689],[-78.4398084,39.5903519],[-78.4390433,39.5901567],[-78.4380972,39.5898902],[-78.4373084,39.5895645],[-78.4364342,39.589199],[-78.435923,39.5890089],[-78.4355716,39.5888824],[-78.43537,39.5888439],[-78.4346696,39.5887052],[-78.43399,39.5885499],[-78.4325033,39.5882082],[-78.431292,39.5878957],[-78.4293998,39.5873626],[-78.4290062,39.5872365],[-78.4282181,39.5869434],[-78.4270044,39.5865083],[-78.4263325,39.5862139],[-78.4257362,39.5859921],[-78.4254391,39.5859384],[-78.4253214,39.5858663],[-78.4251081,39.5857707],[-78.4247885,39.5856437],[-78.4244464,39.5854516],[-78.4242329,39.5853478],[-78.4236808,39.5852236],[-78.4235631,39.5851515],[-78.423305,39.5849338],[-78.4232388,39.5847955],[-78.4230235,39.5846019],[-78.4225723,39.5842393],[-78.4220028,39.5837718],[-78.4214428,39.5832552],[-78.4209587,39.5828357],[-78.4206256,39.5825617],[-78.419907,39.5820388],[-78.4193394,39.5816694],[-78.4185057,39.5812051],[-78.4180045,39.5809821],[-78.4173126,39.5807369],[-78.4163979,39.5804453],[-78.4157392,39.5802733],[-78.4151762,39.5801329],[-78.4142189,39.5798254],[-78.4130181,39.5794963],[-78.4124765,39.5793638],[-78.4116068,39.5792106],[-78.4111399,39.5791181],[-78.4108644,39.5790805],[-78.4104509,39.5790118],[-78.4101861,39.5789823],[-78.4091797,39.5788635],[-78.4086594,39.5787388],[-78.4083632,39.578726],[-78.4081296,39.5786715],[-78.407791,39.578651],[-78.4071888,39.5786582],[-78.4068934,39.5786863],[-78.406661,39.5786891],[-78.4059749,39.57873],[-78.4053412,39.5787539],[-78.4051732,39.5788049],[-78.4049224,39.5789469],[-78.4047244,39.5790883],[-78.4045261,39.5792134],[-78.4044628,39.5792223],[-78.4044724,39.5791731],[-78.4045451,39.5791068],[-78.4045014,39.5790337],[-78.4045633,39.5789594],[-78.4044992,39.5789274],[-78.4044258,39.5789529],[-78.4044159,39.5789857],[-78.4043747,39.5790434],[-78.4043551,39.5791173],[-78.4041975,39.5791682],[-78.4038598,39.5791886],[-78.4036283,39.5792404],[-78.4034173,39.5792593],[-78.4031754,39.5793194],[-78.4029453,39.5794366],[-78.4027783,39.5795449],[-78.4027045,39.579554],[-78.4026512,39.5795301],[-78.4025343,39.5794988],[-78.4024395,39.5795162],[-78.401988,39.5796606],[-78.4016421,39.5798038],[-78.4014007,39.5798884],[-78.4012973,39.5800041],[-78.4011423,39.5801859],[-78.4010165,39.5802365],[-78.4009643,39.5802698],[-78.4009021,39.5803278],[-78.4007132,39.5803955],[-78.4005984,39.5804704],[-78.4004503,39.580464],[-78.4004177,39.5804153],[-78.4003752,39.5804076],[-78.4002489,39.5804337],[-78.3998294,39.580594],[-78.3994202,39.5807461],[-78.3990853,39.5809136],[-78.3988888,39.5811286],[-78.3985655,39.5813451],[-78.3983658,39.5814047],[-78.3981025,39.5814487],[-78.3976527,39.581683],[-78.3972558,39.5819249],[-78.3969744,39.5821245],[-78.3966321,39.5824475],[-78.3965514,39.5826447],[-78.3963864,39.5828511],[-78.3961793,39.5830662],[-78.3960549,39.5831903],[-78.3958552,39.5832499],[-78.3956582,39.5834404],[-78.395442,39.5837292],[-78.3950822,39.5842405],[-78.39495,39.5845037],[-78.3949002,39.5846597],[-78.3949343,39.584782],[-78.3949255,39.584872],[-78.3948003,39.5849553],[-78.3947192,39.585128],[-78.3946635,39.5855212],[-78.3946514,39.5859793],[-78.3946815,39.5864287],[-78.3947963,39.5868935],[-78.3949205,39.5872928],[-78.3950537,39.5876183],[-78.3952823,39.5879509],[-78.3955155,39.5885206],[-78.3958113,39.5890487],[-78.3960311,39.5894714],[-78.3962484,39.5897714],[-78.3965717,39.5900865],[-78.3969484,39.5904255],[-78.397378,39.5907721],[-78.3977857,39.591078],[-78.3983,39.5914236],[-78.3987277,39.591672],[-78.3989847,39.5918407],[-78.3996165,39.5922503],[-78.400623,39.5929008],[-78.4008797,39.5930531],[-78.4013396,39.5933257],[-78.4019173,39.5936705],[-78.4022476,39.5938056],[-78.4025881,39.5939161],[-78.402769,39.5939793],[-78.4032162,39.5941376],[-78.4036317,39.5943044],[-78.4044102,39.5946468],[-78.4048272,39.5948871],[-78.405254,39.5950865],[-78.4055735,39.5952054],[-78.4061591,39.5954192],[-78.4064998,39.5955378],[-78.4074259,39.5958621],[-78.4077673,39.5960216],[-78.4079919,39.5961497],[-78.4082481,39.5962775],[-78.4084725,39.5963975],[-78.408579,39.5964371],[-78.4088123,39.5964752],[-78.4090044,39.5965629],[-78.4095894,39.596744],[-78.4100908,39.5969752],[-78.4105936,39.5972718],[-78.4112238,39.5975995],[-78.4117152,39.5978553],[-78.4122933,39.5982164],[-78.412777,39.5986195],[-78.413388,39.5990375],[-78.4139347,39.5994153],[-78.414984,39.6000815],[-78.4156688,39.6004904],[-78.4161617,39.6008198],[-78.4166334,39.6011494],[-78.4173526,39.6016887],[-78.417749,39.6019538],[-78.4181252,39.60226],[-78.4183706,39.6023716],[-78.4185828,39.6024099],[-78.4188492,39.602513],[-78.4195114,39.6028485],[-78.4198968,39.6030892],[-78.4201546,39.6032906],[-78.4204756,39.603483],[-78.4205626,39.6036046],[-78.421248,39.604038],[-78.4221194,39.6047881],[-78.4223883,39.6050138],[-78.4225835,39.6052568],[-78.4226188,39.6054363],[-78.4226331,39.6056242],[-78.4227535,39.6058272],[-78.4228833,39.6059728],[-78.4231078,39.6060928],[-78.4235175,39.6064886],[-78.4240551,39.6069319],[-78.4244513,39.6071806],[-78.4246234,39.6073258],[-78.4248494,39.6075275],[-78.4250215,39.6076726],[-78.4251811,39.6077197],[-78.425353,39.6078567],[-78.4255066,39.6081329],[-78.4258214,39.608538],[-78.4261172,39.6090496],[-78.4264104,39.6094305],[-78.4267465,39.6098435],[-78.4270041,39.6100366],[-78.4271021,39.6101745],[-78.4271262,39.6103214],[-78.4275143,39.6106929],[-78.4277741,39.6109923],[-78.4282492,39.6114773],[-78.4287749,39.6118553],[-78.4292395,39.6123485],[-78.4295629,39.6126553],[-78.4298223,39.6129303],[-78.4300702,39.6131644],[-78.4303317,39.6135456],[-78.4308292,39.6140957],[-78.431,39.6141754],[-78.4311837,39.6143694],[-78.431262,39.6145811],[-78.4313719,39.6147842],[-78.4315002,39.6148563],[-78.4316389,39.61492],[-78.4316949,39.6150747],[-78.431762,39.6152538],[-78.4319226,39.61535],[-78.4319797,39.6155619],[-78.4321963,39.6158128],[-78.4323721,39.6161378],[-78.4325631,39.6166916],[-78.4327043,39.616878],[-78.432815,39.617122],[-78.4329559,39.617292],[-78.4331312,39.6175925],[-78.4331783,39.6178291],[-78.4331385,39.6179522],[-78.4333938,39.6185461],[-78.4335195,39.6190107],[-78.433545,39.6192231],[-78.4335268,39.6193705],[-78.4334975,39.6194853],[-78.4335128,39.6197223],[-78.4334869,39.6200088],[-78.4333959,39.6202144],[-78.4332722,39.6203713],[-78.4331404,39.6206509],[-78.4330075,39.6208734],[-78.4326065,39.6214343],[-78.4321289,39.6218736],[-78.4316413,39.6223374],[-78.4310364,39.6227537],[-78.4302508,39.623123],[-78.4295491,39.6234587],[-78.4288359,39.6237535],[-78.4282896,39.6239319],[-78.4273849,39.6241636],[-78.4266056,39.6243284],[-78.4255301,39.6244804],[-78.4246005,39.6245325],[-78.4235221,39.6245456],[-78.4226426,39.624458],[-78.4218999,39.6243361],[-78.4213582,39.62422],[-78.4201794,39.6239725],[-78.4191912,39.623739],[-78.4185115,39.6235918],[-78.4180217,39.623426],[-78.416721,39.6229018],[-78.4152165,39.6222329],[-78.4149298,39.6221709],[-78.4146523,39.6220434],[-78.4143645,39.6219324],[-78.4142991,39.621835],[-78.4134569,39.6214935],[-78.4128076,39.6212804],[-78.412349,39.6210897],[-78.4117537,39.6209332],[-78.4106902,39.620627],[-78.4101041,39.620405],[-78.4099135,39.6203909],[-78.4098185,39.6204002],[-78.4096931,39.6204753],[-78.4095558,39.6204852],[-78.4093753,39.6204464],[-78.4091087,39.6203351],[-78.4087893,39.6202244],[-78.4081392,39.6199705],[-78.4072113,39.6195727],[-78.4068909,39.6194129],[-78.4060926,39.6191526],[-78.4051019,39.6187882],[-78.4042294,39.6185123],[-78.4026651,39.6180157],[-78.4008042,39.6174899],[-78.3986777,39.6169018],[-78.3981025,39.6166878],[-78.396972,39.6162023],[-78.3967159,39.6160827],[-78.3966934,39.6160175],[-78.3965759,39.6159535],[-78.3964363,39.6158488],[-78.3963713,39.6157678],[-78.3963487,39.6156945],[-78.3955982,39.6151718],[-78.3951053,39.6148423],[-78.394536,39.6143911],[-78.3940852,39.6140529],[-78.3936774,39.613747],[-78.3933024,39.6134979],[-78.3930652,39.6132635],[-78.3928199,39.6131601],[-78.392551,39.6129261],[-78.3922724,39.6127413],[-78.3920036,39.6125155],[-78.3917269,39.6124206],[-78.3914072,39.6122936],[-78.3912039,39.6121733],[-78.3909883,39.6119632],[-78.3907748,39.6118594],[-78.3902001,39.6116699],[-78.389594,39.6114971],[-78.389296,39.6113943],[-78.3890507,39.6112909],[-78.3886032,39.6111162],[-78.3881991,39.6109983],[-78.3873892,39.6106726],[-78.3868877,39.6104413],[-78.386311,39.6101455],[-78.3855425,39.6097783],[-78.3846796,39.609445],[-78.384009,39.6092157],[-78.3835951,39.6091387],[-78.3830852,39.6090139],[-78.3827772,39.6089439],[-78.382491,39.6089064],[-78.3818853,39.6087499],[-78.3815365,39.608754],[-78.3811223,39.6086607],[-78.3807714,39.6085585],[-78.3802721,39.6084335],[-78.3794013,39.6082392],[-78.3788821,39.6081798],[-78.3786494,39.6081744],[-78.378437,39.6081278],[-78.3782574,39.6081299],[-78.3781097,39.608148],[-78.3779827,39.6081413],[-78.3776017,39.6081212],[-78.3771776,39.6080607],[-78.3765539,39.608068],[-78.3758891,39.608133],[-78.3754575,39.608228],[-78.3749215,39.6083896],[-78.3742704,39.608618],[-78.3738205,39.6088604],[-78.3733083,39.6091608],[-78.372892,39.6095009],[-78.3726238,39.6098475],[-78.3724076,39.6101444],[-78.372212,39.6104166],[-78.3720189,39.6108195],[-78.3719181,39.6110742],[-78.3718489,39.6113204],[-78.3718128,39.6116397],[-78.3717665,39.6119756],[-78.3718656,39.6121789],[-78.3720472,39.6122749],[-78.3722085,39.612412],[-78.3723825,39.6126635],[-78.3725985,39.6128982],[-78.3730186,39.613294],[-78.3732322,39.613406],[-78.3735096,39.6135336],[-78.3736499,39.6136792],[-78.3736946,39.6138013],[-78.3736649,39.613908],[-78.3737426,39.6140952],[-78.3738963,39.6143878],[-78.3741008,39.6145735],[-78.3743801,39.6147993],[-78.374519,39.6148712],[-78.3746276,39.6150172],[-78.3747885,39.615138],[-78.3749929,39.6153155],[-78.3753262,39.6155979],[-78.3755924,39.6156929],[-78.3756577,39.6157903],[-78.375872,39.615935],[-78.3761715,39.6161114],[-78.3763648,39.6162645],[-78.3766323,39.616425],[-78.3767925,39.6165049],[-78.3772209,39.6167861],[-78.3777035,39.6171321],[-78.377876,39.6173018],[-78.3780613,39.6175859],[-78.3782235,39.6177721],[-78.3784276,39.6179333],[-78.3785663,39.6179971],[-78.3788572,39.6182717],[-78.3791051,39.6185142],[-78.3793958,39.6187806],[-78.3796875,39.6190962],[-78.3800543,39.6194681],[-78.3803557,39.6197426],[-78.3805702,39.6198955],[-78.3808612,39.6201783],[-78.3810679,39.6204703],[-78.3812181,39.620583],[-78.3813057,39.6207374],[-78.3814667,39.6208581],[-78.3818124,39.6212303],[-78.3820501,39.6214892],[-78.3821919,39.6217083],[-78.3823564,39.622009],[-78.3824743,39.6220894],[-78.3826785,39.6222587],[-78.3830147,39.6226882],[-78.3831906,39.6230296],[-78.3833678,39.6234365],[-78.3834687,39.6237297],[-78.383475,39.6240486],[-78.3834287,39.6243844],[-78.3833692,39.6245895],[-78.383267,39.6247706],[-78.383041,39.6251086],[-78.3828782,39.6254376],[-78.3827576,39.625758],[-78.3827099,39.6260202],[-78.3827139,39.6262246],[-78.3827067,39.6263964],[-78.3826088,39.6267983],[-78.38255,39.6270362],[-78.382425,39.6271358],[-78.3823355,39.627423],[-78.3821934,39.6277273],[-78.3819057,39.6281559],[-78.3815439,39.6285854],[-78.3812743,39.6288584],[-78.3808453,39.6290924],[-78.3804685,39.6292931],[-78.3798691,39.6294718],[-78.3785833,39.6296995],[-78.3778773,39.6298304],[-78.3768018,39.6299983],[-78.375822,39.6301896],[-78.374809,39.6303716],[-78.3741782,39.6303942],[-78.3734865,39.630326],[-78.3724592,39.6302464],[-78.3715303,39.6301505],[-78.3706004,39.6300087],[-78.3698469,39.629804],[-78.3688935,39.6294642],[-78.3680175,39.6290473],[-78.3668993,39.6283434],[-78.3661019,39.6279103],[-78.3656222,39.6275803],[-78.3650841,39.6272967],[-78.3635919,39.6266276],[-78.3622212,39.6261248],[-78.3607331,39.6256691],[-78.3593283,39.6254413],[-78.3583818,39.6254522],[-78.3573793,39.6256315],[-78.3563786,39.6259023],[-78.3555957,39.6262163],[-78.3547948,39.6266221],[-78.3545437,39.6268995],[-78.3543149,39.627314],[-78.3541248,39.6276822],[-78.3538934,39.6279594],[-78.3535825,39.628207],[-78.3533552,39.6286977],[-78.3532875,39.6292781],[-78.3532621,39.6300105],[-78.353375,39.6307566],[-78.3536837,39.6314242],[-78.3541902,39.63212],[-78.3547364,39.6328306],[-78.35528,39.6334039],[-78.3561047,39.6342334],[-78.3566274,39.6347459],[-78.3570077,39.6350314],[-78.3574251,39.6351943],[-78.3577633,39.635343],[-78.3581216,39.6355066],[-78.3585007,39.6357311],[-78.3588033,39.6360784],[-78.3590505,39.6366246],[-78.3592201,39.6372328],[-78.3592495,39.6377358],[-78.3590846,39.6383936],[-78.3588388,39.6389455],[-78.3584722,39.6393768],[-78.3581042,39.6397318],[-78.357461,39.6401358],[-78.3567368,39.6404339],[-78.3561289,39.6406239],[-78.3561202,39.6406252],[-78.3555583,39.6407067],[-78.3548866,39.6406534],[-78.3524953,39.6404368],[-78.3521789,39.6403947],[-78.3515877,39.6404319],[-78.3508956,39.6403484],[-78.3490912,39.6398657],[-78.3468893,39.6392349],[-78.3460752,39.6389544],[-78.3446902,39.6387414],[-78.3441176,39.6387174],[-78.3431895,39.638667],[-78.3424974,39.6385833],[-78.3417262,39.6384853],[-78.3412902,39.6383835],[-78.340695,39.6382072],[-78.3397428,39.6379283],[-78.3391303,39.6378742],[-78.3382413,39.637808],[-78.3374129,39.6378174],[-78.3366814,39.6377342],[-78.3361858,39.6376025],[-78.3358708,39.6376366],[-78.3353362,39.6375359],[-78.3349192,39.6373881],[-78.3347311,39.6373211],[-78.3339725,39.6367733],[-78.3331052,39.6364342],[-78.331934,39.636054],[-78.3308881,39.6356382],[-78.3294545,39.6352274],[-78.3279208,39.6348808],[-78.3266539,39.634624],[-78.3262372,39.6344957],[-78.3257537,39.6342389],[-78.3250536,39.6341619],[-78.3245202,39.6340078],[-78.3237033,39.6339051],[-78.3226619,39.633594],[-78.321803,39.6335841],[-78.3211195,39.6334429],[-78.3203027,39.633122],[-78.3199192,39.6328138],[-78.3193025,39.6326084],[-78.3182022,39.632249],[-78.3160351,39.631453],[-78.3150516,39.6310935],[-78.3142014,39.6310293],[-78.3134679,39.6311192],[-78.3125496,39.6309882],[-78.3120677,39.6308239],[-78.3114675,39.6306826],[-78.3110008,39.6306441],[-78.3104673,39.6304387],[-78.3097339,39.6302975],[-78.3089504,39.630015],[-78.3079853,39.6297216],[-78.3074167,39.6294629],[-78.30705,39.6293859],[-78.3061498,39.6289109],[-78.3054663,39.6285385],[-78.3046162,39.6282946],[-78.3029658,39.6276269],[-78.3009988,39.626985],[-78.2981982,39.6261247],[-78.2976981,39.6259835],[-78.2973147,39.6257139],[-78.2970647,39.6255084],[-78.2965979,39.6252645],[-78.2947975,39.6246995],[-78.2938807,39.6243785],[-78.2930639,39.6239933],[-78.292673,39.623686],[-78.29246,39.623615],[-78.292325,39.623455],[-78.292212,39.623395],[-78.291147,39.623049],[-78.290785,39.622906],[-78.290501,39.622999],[-78.290324,39.62301],[-78.290054,39.622983],[-78.28982,39.622906],[-78.289607,39.622796],[-78.289536,39.622725],[-78.289515,39.622648],[-78.289458,39.622615],[-78.288564,39.62234],[-78.287975,39.622066],[-78.287932,39.622033],[-78.287932,39.621934],[-78.288046,39.621786],[-78.287904,39.621703],[-78.287691,39.621692],[-78.287017,39.62144],[-78.28652,39.621335],[-78.28603,39.621192],[-78.285562,39.621137],[-78.283355,39.620774],[-78.283326,39.620785],[-78.283007,39.620703],[-78.2825222,39.620547],[-78.2810948,39.6204622],[-78.2796945,39.6203338],[-78.2784109,39.6202183],[-78.275677,39.620154],[-78.2749269,39.620077],[-78.2744268,39.62],[-78.2728931,39.6197046],[-78.2724931,39.6196276],[-78.2723097,39.6197046],[-78.272093,39.619756],[-78.2717929,39.6197431],[-78.2700718,39.6194751],[-78.2684422,39.6192552],[-78.2675587,39.6191396],[-78.2670086,39.6189855],[-78.2665752,39.6188571],[-78.2663329,39.6189079],[-78.2659584,39.6190241],[-78.2652916,39.6192552],[-78.2649713,39.6194666],[-78.2644748,39.6197175],[-78.2643247,39.6200256],[-78.264058,39.620565],[-78.2639413,39.6209758],[-78.2634912,39.6215922],[-78.2631209,39.6219575],[-78.2629078,39.6223498],[-78.2628578,39.622979],[-78.2629245,39.624019],[-78.2630578,39.6252773],[-78.2630773,39.626417],[-78.2630412,39.6273702],[-78.2629078,39.6283203],[-78.2627744,39.6289622],[-78.2628078,39.629617],[-78.2624057,39.6304512],[-78.2620243,39.6309009],[-78.2615575,39.6313374],[-78.2610574,39.6316712],[-78.2602239,39.6323517],[-78.2597738,39.6328524],[-78.2583736,39.6344186],[-78.2572733,39.635972],[-78.2556063,39.6380389],[-78.2548062,39.6389888],[-78.2546728,39.6394253],[-78.2542061,39.6400286],[-78.2536936,39.6404869],[-78.2530058,39.640863],[-78.2526057,39.6409786],[-78.2524224,39.6410941],[-78.2520223,39.6414664],[-78.2510221,39.6420569],[-78.2498385,39.6426473],[-78.249055,39.6430324],[-78.2479215,39.6437256],[-78.246922,39.6444243],[-78.2457377,39.6453558],[-78.2447875,39.6461645],[-78.2435539,39.6472427],[-78.242387,39.6482439],[-78.2411384,39.6490786],[-78.2403533,39.6496301],[-78.2398365,39.6500665],[-78.2394266,39.650554],[-78.2392197,39.6509264],[-78.2386529,39.6515553],[-78.2377089,39.6523249],[-78.237186,39.6522998],[-78.2359024,39.6529287],[-78.2347521,39.6535832],[-78.2337686,39.6540324],[-78.2327851,39.6545971],[-78.2322016,39.6548923],[-78.2313348,39.655149],[-78.230468,39.6554699],[-78.2292344,39.6559832],[-78.2285176,39.6562784],[-78.2275936,39.6567703],[-78.2268672,39.6572281],[-78.2262504,39.6576388],[-78.2254503,39.6585115],[-78.2246082,39.659494],[-78.22395,39.6603339],[-78.2235832,39.6608857],[-78.2235303,39.6614178],[-78.2235166,39.662169],[-78.2237806,39.6627867],[-78.2242802,39.6633695],[-78.2249002,39.6638886],[-78.225567,39.6643121],[-78.2263838,39.6645815],[-78.2266672,39.6646457],[-78.2270839,39.6651077],[-78.2276507,39.6657493],[-78.2279841,39.6660573],[-78.2290242,39.6668715],[-78.2310086,39.6687658],[-78.2313068,39.669008],[-78.231466,39.6691986],[-78.2317718,39.6693941],[-78.2320447,39.6695507],[-78.2323947,39.6699397],[-78.2326537,39.6702373],[-78.2329406,39.6706108],[-78.233187,39.6709609],[-78.2333108,39.671243],[-78.2333803,39.6715017],[-78.2333904,39.6717886],[-78.2333474,39.67213],[-78.233312,39.6724081],[-78.2332489,39.6726124],[-78.2331036,39.6728244],[-78.2329974,39.6729664],[-78.2329469,39.6731288],[-78.2328041,39.6732863],[-78.2327106,39.6734595],[-78.232631,39.673616],[-78.2324351,39.6737648],[-78.2321925,39.6739506],[-78.2318628,39.6741957],[-78.2315469,39.6744087],[-78.2312499,39.6746109],[-78.2310174,39.6747743],[-78.230747,39.6749212],[-78.2305348,39.675068],[-78.2299763,39.6752587],[-78.2295441,39.6754629],[-78.2291903,39.6756409],[-78.228853,39.6758081],[-78.2284069,39.6759696],[-78.22799,39.676096],[-78.2275237,39.676167],[-78.2272912,39.6762146],[-78.2270663,39.6762117],[-78.2265596,39.6761368],[-78.2261389,39.676096],[-78.2256928,39.6760124],[-78.2253378,39.6759355],[-78.2247982,39.6759102],[-78.2241652,39.6758869],[-78.2235587,39.6758354],[-78.2230962,39.6758159],[-78.2225352,39.6757848],[-78.2220285,39.6757751],[-78.221508,39.6757537],[-78.2210872,39.6757653],[-78.2205969,39.6758013],[-78.2201282,39.6757858],[-78.2196467,39.675777],[-78.2190706,39.6757634],[-78.218531,39.6757702],[-78.218157,39.6757614],[-78.2176706,39.6757624],[-78.2173711,39.6757653],[-78.2170034,39.6757877],[-78.2166964,39.6758363],[-78.2164247,39.6759277],[-78.216129,39.6759569],[-78.2158157,39.675991],[-78.215314,39.6760522],[-78.2146203,39.6761271],[-78.2139949,39.6761378],[-78.2133366,39.6761154],[-78.2126846,39.6761057],[-78.2120793,39.6760707],[-78.2116674,39.6760746],[-78.2111292,39.6760104],[-78.2105707,39.6759569],[-78.2099414,39.6759725],[-78.2094423,39.6759861],[-78.208966,39.6760182],[-78.2085869,39.6760104],[-78.208065,39.6760114],[-78.2076266,39.6759948],[-78.2070744,39.6759647],[-78.2065273,39.6759501],[-78.2060813,39.6759579],[-78.2057679,39.6759657],[-78.2054647,39.675988],[-78.2050666,39.6760415],[-78.2046257,39.6761047],[-78.2041531,39.6762049],[-78.2036995,39.6763138],[-78.2032661,39.6764208],[-78.2029249,39.676521],[-78.2026558,39.6766348],[-78.2023197,39.6767602],[-78.2020265,39.6768798],[-78.2017511,39.6770714],[-78.2014756,39.6772571],[-78.2011522,39.677545],[-78.2008438,39.6778659],[-78.2005267,39.6782257],[-78.2002702,39.6785058],[-78.1999606,39.678853],[-78.1996422,39.6792468],[-78.1993983,39.679522],[-78.1990724,39.679805],[-78.19885,39.6800773],[-78.1985543,39.6803943],[-78.198174,39.6807366],[-78.1978492,39.6810264],[-78.1975333,39.6812763],[-78.197268,39.6815739],[-78.1969546,39.6818073],[-78.1966577,39.6820465],[-78.1963684,39.6823791],[-78.196012,39.6828167],[-78.1958478,39.6831113],[-78.1957214,39.6834079],[-78.1956494,39.6836948],[-78.1955685,39.6839437],[-78.195499,39.6841683],[-78.1954674,39.6843288],[-78.1952868,39.6846039],[-78.1950454,39.6849073],[-78.1948167,39.6851689],[-78.1945931,39.6854898],[-78.1944579,39.6857232],[-78.1943075,39.6859721],[-78.194123,39.6862142],[-78.1937907,39.6866401],[-78.1935178,39.6870495],[-78.1932461,39.6874267],[-78.1930199,39.6876494],[-78.1928633,39.6879644],[-78.1926699,39.6882805],[-78.1924968,39.6885391],[-78.1922176,39.6889028],[-78.1919434,39.6892285],[-78.191625,39.6895377],[-78.191371,39.6898342],[-78.1911347,39.6901279],[-78.1909389,39.6903398],[-78.1907026,39.6905625],[-78.1904979,39.6907774],[-78.1904671,39.6907903],[-78.1903799,39.6907986],[-78.1903236,39.6907789],[-78.1901626,39.6907119],[-78.1900312,39.6906943],[-78.1898864,39.6906933],[-78.189767,39.6907243],[-78.1896973,39.6907759],[-78.1896061,39.6908182],[-78.189429,39.6908512],[-78.1892265,39.6909152],[-78.1890736,39.6909709],[-78.1888939,39.6909998],[-78.1887531,39.6910493],[-78.1885949,39.6911154],[-78.1884004,39.6912103],[-78.1882529,39.6913145],[-78.1880893,39.6914693],[-78.1879753,39.691589],[-78.1878747,39.6916757],[-78.1876615,39.6917727],[-78.1875153,39.691846],[-78.1873356,39.6919461],[-78.18707,39.6921215],[-78.1869037,39.6922072],[-78.186783,39.6923125],[-78.1865792,39.6924435],[-78.1863861,39.6925405],[-78.1862024,39.6926608],[-78.1861165,39.692717],[-78.1858925,39.6928264],[-78.1855988,39.6929935],[-78.1853816,39.6931267],[-78.1851992,39.6932309],[-78.1850329,39.6934094],[-78.1848666,39.6935302],[-78.1846775,39.6936499],[-78.1845219,39.6937376],[-78.1843476,39.693782],[-78.1841786,39.6938408],[-78.18396,39.693977],[-78.1838246,39.6941153],[-78.1836596,39.694203],[-78.1834517,39.6943227],[-78.1832761,39.6944744],[-78.1830937,39.6945951],[-78.1829005,39.6947097],[-78.1826806,39.6948552],[-78.18247,39.6950089],[-78.1821683,39.6951327],[-78.1819014,39.6952339],[-78.1816211,39.6953257],[-78.1813516,39.6954062],[-78.1810981,39.6954661],[-78.180846,39.6955197],[-78.1806368,39.6955662],[-78.180563,39.6956002],[-78.1804517,39.6956312],[-78.1803731,39.6956212],[-78.1801873,39.6955201],[-78.1800976,39.6954832],[-78.1798348,39.6955026],[-78.1794254,39.6955765],[-78.1788581,39.6956242],[-78.1783906,39.6956504],[-78.1778561,39.695665],[-78.1775339,39.6956767],[-78.1770449,39.6956475],[-78.1768124,39.6956417],[-78.1763967,39.6956417],[-78.1760416,39.6956689],[-78.1756777,39.6957399],[-78.1753871,39.6957836],[-78.1752216,39.6957924],[-78.1749158,39.695734],[-78.1746631,39.6956679],[-78.174471,39.6955697],[-78.1742095,39.6955221],[-78.1738557,39.6954948],[-78.1734134,39.6955143],[-78.1730584,39.6954628],[-78.1726363,39.6954112],[-78.1724797,39.6953801],[-78.1724183,39.6953784],[-78.1723382,39.6953762],[-78.1722421,39.6954093],[-78.172112,39.6954637],[-78.1719667,39.6954832],[-78.1716786,39.6954161],[-78.1713993,39.6953801],[-78.1710139,39.69535],[-78.1706614,39.695278],[-78.1702305,39.695141],[-78.1698515,39.6950155],[-78.1693473,39.6948998],[-78.1687989,39.6948201],[-78.1682771,39.6947384],[-78.1678538,39.6946587],[-78.1671639,39.6945139],[-78.1663628,39.6943738],[-78.165841,39.6942825],[-78.1653836,39.6942144],[-78.1648706,39.6941288],[-78.1643045,39.6940345],[-78.1639368,39.6939772],[-78.1633947,39.6939042],[-78.1629171,39.6938547],[-78.1624938,39.6937701],[-78.1620352,39.6936038],[-78.1617155,39.6935056],[-78.1611785,39.6933296],[-78.1606667,39.6931235],[-78.1603193,39.6930156],[-78.1599857,39.6929281],[-78.1597582,39.6929145],[-78.1593817,39.6927959],[-78.1590178,39.6926646],[-78.158731,39.6925732],[-78.1584201,39.6925324],[-78.1581093,39.6924546],[-78.1577239,39.6923311],[-78.1574813,39.6922504],[-78.1573474,39.6921561],[-78.1571351,39.6919636],[-78.1570125,39.6918284],[-78.1569254,39.6917254],[-78.1567687,39.6916408],[-78.1566828,39.6915844],[-78.1565602,39.6914755],[-78.1564023,39.6913316],[-78.1562064,39.6911663],[-78.1558956,39.6909699],[-78.155605,39.6908396],[-78.1552549,39.6907084],[-78.154704,39.6905674],[-78.1541102,39.6904653],[-78.1535327,39.6903748],[-78.1531625,39.6903204],[-78.1527784,39.6902961],[-78.1523235,39.6902601],[-78.1518939,39.6902698],[-78.1514769,39.6902747],[-78.1512369,39.6903068],[-78.1509538,39.6903525],[-78.1507605,39.6903953],[-78.1505343,39.6904342],[-78.1498103,39.6904478],[-78.1492392,39.6904468],[-78.1488209,39.690439],[-78.148385,39.6904692],[-78.1480135,39.6905314],[-78.1476977,39.6905538],[-78.1472175,39.6905489],[-78.1466615,39.6904886],[-78.1460424,39.6904099],[-78.1454207,39.6903379],[-78.14489,39.6903116],[-78.1445489,39.6902747],[-78.1441344,39.6902455],[-78.1436265,39.6901532],[-78.1432133,39.6901162],[-78.1426851,39.6900783],[-78.1423819,39.6900375],[-78.1420016,39.6899723],[-78.1414178,39.6898712],[-78.1410943,39.6897827],[-78.1408846,39.6897438],[-78.1404651,39.6897428],[-78.1401745,39.689739],[-78.13987,39.6897156],[-78.1395869,39.6896398],[-78.1391674,39.6894959],[-78.1387934,39.6894278],[-78.138403,39.6893432],[-78.1380239,39.6892149],[-78.1377472,39.6891419],[-78.1373896,39.6890535],[-78.1370712,39.6889193],[-78.1364836,39.6886636],[-78.1358632,39.6884302],[-78.1354551,39.6882892],[-78.1351455,39.6881648],[-78.1348233,39.6880043],[-78.1345441,39.6878235],[-78.1342825,39.6876387],[-78.134069,39.6875201],[-78.1336305,39.6873431],[-78.1330746,39.6871778],[-78.1325881,39.686997],[-78.1322368,39.6868462],[-78.1319387,39.6866907],[-78.1316986,39.6865856],[-78.1314888,39.6865273],[-78.1312374,39.6864923],[-78.1311186,39.6865137],[-78.1310289,39.6866002],[-78.1309923,39.6866683],[-78.1309417,39.6867257],[-78.130804,39.686751],[-78.1305298,39.6867276],[-78.1302101,39.6866741],[-78.1298449,39.6866041],[-78.1294052,39.6865108],[-78.1287608,39.6863698],[-78.1281695,39.6862346],[-78.127678,39.6861578],[-78.1271965,39.6860965],[-78.1270171,39.6860771],[-78.1267631,39.6860508],[-78.1264245,39.6860285],[-78.1261604,39.6860168],[-78.1258976,39.6860246],[-78.1254933,39.6859701],[-78.12519,39.6859497],[-78.124931,39.6859011],[-78.1245797,39.6858],[-78.1242019,39.6857348],[-78.1237003,39.6856493],[-78.1232492,39.6855802],[-78.1226212,39.6854392],[-78.122227,39.6853605],[-78.1218543,39.6852593],[-78.121292,39.6851057],[-78.1206337,39.6849384],[-78.12018,39.684847],[-78.1195698,39.6846963],[-78.1189304,39.6845281],[-78.1182847,39.6843881],[-78.117639,39.6842072],[-78.1172284,39.6841002],[-78.1166724,39.6839806],[-78.1161354,39.6838562],[-78.1156136,39.683757],[-78.1151334,39.6836481],[-78.1148314,39.6835742],[-78.114398,39.6834215],[-78.11388,39.6832873],[-78.1134011,39.683159],[-78.1127744,39.6829995],[-78.1123776,39.6828721],[-78.1118217,39.6827184],[-78.1112783,39.6825969],[-78.110855,39.6825347],[-78.110433,39.6824812],[-78.1101007,39.6824374],[-78.1098619,39.6824219],[-78.1096029,39.6824063],[-78.1094424,39.6824044],[-78.1091606,39.6823732],[-78.1089003,39.6823275],[-78.1086426,39.6822536],[-78.1083115,39.6822313],[-78.1080285,39.6821681],[-78.1076949,39.6821311],[-78.1073537,39.6820689],[-78.1069166,39.6819697],[-78.1065729,39.6819055],[-78.1061913,39.6817937],[-78.1059146,39.6816925],[-78.1055557,39.6816478],[-78.105303,39.6816352],[-78.1050212,39.6815768],[-78.1045853,39.6814485],[-78.1041835,39.6813211],[-78.1036996,39.6811577],[-78.1032207,39.6809622],[-78.1027355,39.6807989],[-78.1022098,39.6806306],[-78.1019104,39.6805276],[-78.1015907,39.6803836],[-78.1013178,39.6802718],[-78.1008679,39.6800666],[-78.1006102,39.6799596],[-78.1002172,39.6798031],[-78.0998078,39.6796621],[-78.09943,39.679453],[-78.0991078,39.6792779],[-78.0987085,39.679098],[-78.0983004,39.6789142],[-78.0978632,39.6786838],[-78.0975322,39.6785418],[-78.0971796,39.6783483],[-78.0968309,39.6781275],[-78.0964771,39.6778192],[-78.0961991,39.6775722],[-78.0959275,39.6773233],[-78.0956659,39.6770529],[-78.0953955,39.6767116],[-78.095096,39.6763809],[-78.0948181,39.6760755],[-78.0944946,39.675704],[-78.0941964,39.6753899],[-78.0939917,39.6751721],[-78.093696,39.6748706],[-78.0934016,39.6746012],[-78.0931211,39.6743532],[-78.0927357,39.6740459],[-78.0923592,39.6736792],[-78.0920724,39.673439],[-78.0917375,39.6731404],[-78.0914027,39.672836],[-78.0911816,39.6726435],[-78.0909187,39.6724237],[-78.0906863,39.6722291],[-78.0904715,39.6720521],[-78.0901947,39.671881],[-78.0899142,39.6717166],[-78.089707,39.6716155],[-78.0894657,39.6714725],[-78.0892117,39.6713888],[-78.0889956,39.6713091],[-78.0888225,39.671242],[-78.0886014,39.6711856],[-78.088355,39.671172],[-78.0881516,39.6711262],[-78.0878054,39.6710942],[-78.0876373,39.6710835],[-78.0875375,39.6711097],[-78.0874857,39.6711729],[-78.0874048,39.6712935],[-78.0872658,39.6713674],[-78.0869853,39.6713548],[-78.0867099,39.6713334],[-78.0861754,39.6712741],[-78.085833,39.6712128],[-78.0855992,39.6711622],[-78.0852656,39.6711068],[-78.0849257,39.6711029],[-78.0847109,39.6711146],[-78.0845378,39.6710854],[-78.0843587,39.6710381],[-78.0841474,39.6709823],[-78.0840248,39.6711311],[-78.0838795,39.6712313],[-78.0836483,39.6713704],[-78.0834663,39.6714676],[-78.0833261,39.6715201],[-78.0832686,39.6715249],[-78.0831037,39.6715386],[-78.082942,39.6715094],[-78.082779,39.6714346],[-78.0823873,39.6712721],[-78.0818755,39.6710825],[-78.0814611,39.6709103],[-78.0811616,39.670711],[-78.0809658,39.6706312],[-78.0807547,39.6705806],[-78.0804047,39.670427],[-78.0801533,39.6703083],[-78.0798475,39.6701819],[-78.0795417,39.6700379],[-78.0791058,39.669858],[-78.0787621,39.6696839],[-78.0783831,39.6694612],[-78.0780419,39.6693026],[-78.0778322,39.6691635],[-78.0776704,39.6690867],[-78.0774493,39.6689729],[-78.0771877,39.6687871],[-78.0768188,39.6685333],[-78.0764776,39.6683038],[-78.076339,39.6682146],[-78.0762085,39.6681306],[-78.0761753,39.6681049],[-78.0760641,39.6680188],[-78.0760465,39.6680052],[-78.0759886,39.6679604],[-78.0759416,39.6679302],[-78.0758059,39.6678429],[-78.0757511,39.6678077],[-78.0756705,39.6677513],[-78.0755653,39.6676609],[-78.0753139,39.6674741],[-78.0751004,39.6673088],[-78.0749096,39.6671308],[-78.074744,39.666982],[-78.0746202,39.6668633],[-78.0744597,39.6666814],[-78.0742159,39.6664966],[-78.0739619,39.6662379],[-78.0736713,39.665984],[-78.0733617,39.6657311],[-78.0730534,39.665451],[-78.0727603,39.6652331],[-78.0725063,39.665059],[-78.0723281,39.6649053],[-78.0721083,39.6647478],[-78.0718341,39.6645309],[-78.0715662,39.6643324],[-78.0713009,39.6641077],[-78.0710911,39.6639317],[-78.0709269,39.6638052],[-78.0707474,39.6636671],[-78.0705958,39.6635144],[-78.0704429,39.6633568],[-78.070199,39.6631428],[-78.0699388,39.6629609],[-78.0697808,39.6628452],[-78.069633,39.6627129],[-78.0694915,39.6626195],[-78.0693221,39.662461],[-78.0691996,39.6623199],[-78.0690694,39.6622217],[-78.0689001,39.6620369],[-78.0687106,39.6618248],[-78.0685943,39.6616857],[-78.0685173,39.6615709],[-78.0682848,39.6613589],[-78.0681167,39.6612237],[-78.0679916,39.6610846],[-78.0678387,39.6609153],[-78.06772,39.6607996],[-78.0676189,39.6607509],[-78.0675115,39.6607393],[-78.0673674,39.6607159],[-78.0672992,39.6606731],[-78.0671943,39.6605729],[-78.0670136,39.6604358],[-78.0669075,39.6603784],[-78.0666649,39.6601809],[-78.0665651,39.6600885],[-78.0663604,39.6598949],[-78.0662429,39.6598122],[-78.066047,39.6596498],[-78.0658777,39.6594903],[-78.0657059,39.6592996],[-78.0655656,39.6591644],[-78.0653887,39.6590457],[-78.0652712,39.6589776],[-78.0652105,39.658858],[-78.0651638,39.6587374],[-78.0649161,39.6584446],[-78.0647291,39.6582802],[-78.0646243,39.6582121],[-78.0645447,39.6581109],[-78.0643488,39.6579115],[-78.0640759,39.6576498],[-78.0638472,39.6574416],[-78.0635641,39.657214],[-78.0632596,39.6569815],[-78.0629096,39.6567714],[-78.0626746,39.6565836],[-78.0623991,39.6564076],[-78.0621224,39.6562519],[-78.0618773,39.6560856],[-78.0616789,39.6559202],[-78.0614389,39.655749],[-78.0611432,39.6555768],[-78.0608576,39.6554027],[-78.0606327,39.6552655],[-78.0603838,39.6551069],[-78.0601336,39.6549134],[-78.0599428,39.6547499],[-78.0597811,39.6545641],[-78.0595688,39.6543306],[-78.0593843,39.6541604],[-78.0591152,39.653961],[-78.0588145,39.6537469],[-78.058376,39.6535057],[-78.0580374,39.6533335],[-78.0576153,39.6531311],[-78.0572148,39.6529405],[-78.0568762,39.6527566],[-78.0564996,39.6525377],[-78.0561762,39.6523402],[-78.055854,39.6521145],[-78.0555419,39.6519452],[-78.0553346,39.6518022],[-78.0550908,39.651632],[-78.0548419,39.6514452],[-78.0546978,39.6513343],[-78.0544767,39.6511592],[-78.0542745,39.6509656],[-78.0541456,39.650844],[-78.0539877,39.6506465],[-78.0537261,39.6504052],[-78.0535038,39.6501532],[-78.0533231,39.6499343],[-78.0531247,39.6496717],[-78.052992,39.6494839],[-78.0528341,39.6492523],[-78.0526913,39.6489828],[-78.052522,39.6486978],[-78.052311,39.6483582],[-78.0521442,39.6480605],[-78.0519875,39.647827],[-78.0517967,39.6475498],[-78.0517032,39.6473698],[-78.0515415,39.6471042],[-78.0513684,39.6469086],[-78.0512155,39.646679],[-78.0510322,39.6464523],[-78.0508149,39.6462042],[-78.0506431,39.6460291],[-78.0504384,39.6457246],[-78.0501692,39.645421],[-78.0500189,39.6452274],[-78.0498647,39.6450474],[-78.0497017,39.6448975],[-78.0495615,39.6447409],[-78.0494162,39.644559],[-78.0492898,39.6444334],[-78.0491445,39.6443079],[-78.0490118,39.6442058],[-78.0488691,39.64409],[-78.0487528,39.6439431],[-78.0485999,39.6437893],[-78.0484698,39.6436833],[-78.0483068,39.6435344],[-78.0481185,39.6433982],[-78.0479403,39.6432445],[-78.0477495,39.6430791],[-78.0475676,39.6429341],[-78.0474172,39.6428222],[-78.0472037,39.6426879],[-78.0470306,39.6425566],[-78.0469093,39.6424982],[-78.0468221,39.6424642],[-78.0466856,39.6424175],[-78.0465365,39.6423377],[-78.0464557,39.6422715],[-78.0463963,39.6422014],[-78.0463167,39.6421246],[-78.0461929,39.6420526],[-78.046021,39.6419893],[-78.0458567,39.6419057],[-78.0456862,39.6418152],[-78.0455611,39.6417762],[-78.0453602,39.6416702],[-78.0451845,39.6416011],[-78.0450203,39.6415612],[-78.0449306,39.6415213],[-78.0447992,39.6414717],[-78.0446387,39.6414162],[-78.0444959,39.6413705],[-78.0443999,39.6412761],[-78.0442975,39.6411915],[-78.0440448,39.6410368],[-78.0437896,39.6408665],[-78.0435583,39.6407118],[-78.0431287,39.6404335],[-78.0427345,39.6401718],[-78.0423934,39.6399305],[-78.0420421,39.6396882],[-78.0418033,39.6395432],[-78.0415291,39.6393729],[-78.0412802,39.639224],[-78.0409895,39.6390596],[-78.0406332,39.6388484],[-78.0402782,39.6386402],[-78.0400747,39.638503],[-78.0399294,39.638397],[-78.0397045,39.6382753],[-78.0395175,39.6381722],[-78.0393305,39.638069],[-78.0391587,39.6379552],[-78.0389944,39.637852],[-78.0389186,39.6377616],[-78.0388276,39.6376769],[-78.0386949,39.6376088],[-78.0384915,39.6375066],[-78.0383487,39.6374006],[-78.0381832,39.6372634],[-78.0379987,39.6371281],[-78.0378054,39.6370318],[-78.0376639,39.6369442],[-78.0374781,39.6368119],[-78.0373568,39.6366805],[-78.0372671,39.6365472],[-78.0372115,39.6364713],[-78.0371016,39.6363856],[-78.0370549,39.6362796],[-78.0370384,39.6362017],[-78.0369702,39.6361151],[-78.0368186,39.6360081],[-78.0367175,39.6359205],[-78.0366177,39.635868],[-78.0364951,39.6358359],[-78.0363776,39.6357668],[-78.0363207,39.6356617],[-78.036303,39.6355653],[-78.0361388,39.6352861],[-78.0359707,39.6351099],[-78.0357344,39.6348229],[-78.0355702,39.6344813],[-78.0353806,39.6342108],[-78.0351595,39.6338673],[-78.0349422,39.6336007],[-78.0347527,39.6333389],[-78.0345315,39.6330236],[-78.0343281,39.6327832],[-78.0342018,39.6325993],[-78.0340299,39.6324057],[-78.033944,39.6322617],[-78.033853,39.6321128],[-78.0337292,39.6319318],[-78.0336155,39.6317868],[-78.0334221,39.6316262],[-78.0332541,39.6314335],[-78.0331151,39.6312155],[-78.0329925,39.6310783],[-78.03287,39.6309265],[-78.0327942,39.6308496],[-78.0327285,39.630729],[-78.0325882,39.6306005],[-78.0324555,39.6305003],[-78.0323456,39.6304244],[-78.0322357,39.630328],[-78.0321144,39.6302336],[-78.0319766,39.6300701],[-78.0318389,39.6299115],[-78.0317479,39.6298161],[-78.0317075,39.6297597],[-78.0316961,39.6297101],[-78.0317265,39.6296419],[-78.0317492,39.6295865],[-78.0317201,39.6294921],[-78.0316418,39.6294132],[-78.0315407,39.6293792],[-78.0313739,39.6292935],[-78.0311857,39.6290853],[-78.0311225,39.6290249],[-78.0310682,39.6289967],[-78.0310328,39.6289656],[-78.0310302,39.6289276],[-78.0309494,39.6288508],[-78.0307687,39.6286386],[-78.0307194,39.6285277],[-78.0307384,39.6283972],[-78.0306777,39.6282289],[-78.0306272,39.6281111],[-78.0304844,39.6279467],[-78.0302898,39.627753],[-78.0300649,39.6275554],[-78.0298577,39.627355],[-78.0296833,39.6271545],[-78.0294091,39.6269073],[-78.0291943,39.6266815],[-78.0289075,39.6264363],[-78.0286927,39.6262377],[-78.0285562,39.6260732],[-78.0283401,39.6259292],[-78.0280584,39.62572],[-78.0278587,39.625539],[-78.0275887,39.6252985],[-78.0272057,39.6249034],[-78.0269892,39.6247109],[-78.0263728,39.6242233],[-78.0257231,39.6238255],[-78.0253233,39.6235176],[-78.0248902,39.6230043],[-78.0246403,39.6225296],[-78.0241905,39.6221318],[-78.0237241,39.6218751],[-78.0235242,39.6216955],[-78.0234908,39.6215415],[-78.0233909,39.6212977],[-78.0227412,39.620669],[-78.0223081,39.62013],[-78.0220482,39.619541],[-78.0215539,39.6189457],[-78.0213211,39.6183309],[-78.0208389,39.6175496],[-78.0204066,39.6169347],[-78.019808,39.6163583],[-78.0191262,39.6155129],[-78.0184112,39.6145778],[-78.0178957,39.6137067],[-78.0172306,39.6129125],[-78.0167151,39.6123745],[-78.0163991,39.6118108],[-78.0160832,39.6111575],[-78.0151188,39.6099277],[-78.0146864,39.6091206],[-78.0129571,39.606456],[-78.0123917,39.605572],[-78.0118097,39.6047777],[-78.0111435,39.6038268],[-78.0104296,39.6032147],[-78.0097356,39.6027649],[-78.0090162,39.6024716],[-78.0081182,39.6022153],[-78.0072868,39.6019463],[-78.0068378,39.6016004],[-78.0064846,39.601337],[-78.0057322,39.6011375],[-78.0046429,39.6008957],[-78.0035288,39.6006523],[-78.0026807,39.6005241],[-78.0019143,39.6005521],[-78.0012507,39.6006266],[-78.0001366,39.6008188],[-77.9996544,39.6009213],[-77.9990558,39.600806],[-77.9985403,39.6007291],[-77.9979749,39.6007035],[-77.9976091,39.6006394],[-77.9972266,39.6004729],[-77.9967943,39.6003704],[-77.9951647,39.6004216],[-77.9943499,39.6003319],[-77.9932192,39.6002551],[-77.9921882,39.6001398],[-77.9913871,39.5999762],[-77.9904755,39.5998963],[-77.9895942,39.5998579],[-77.988979,39.599781],[-77.987948,39.5996785],[-77.987233,39.5995248],[-77.9860856,39.5993198],[-77.9851545,39.5992045],[-77.9845489,39.5992406],[-77.9839073,39.5993198],[-77.9829928,39.5994479],[-77.9821613,39.5994351],[-77.9806814,39.5994863],[-77.9781207,39.5994991],[-77.9772726,39.5995376],[-77.9766029,39.5996928],[-77.9756597,39.5999604],[-77.9747617,39.6002935],[-77.9738173,39.600866],[-77.9732153,39.6012032],[-77.9728495,39.6016772],[-77.972467,39.6022666],[-77.9720014,39.6027662],[-77.9712199,39.6034453],[-77.9702721,39.6043293],[-77.9699671,39.6047838],[-77.9697949,39.6053409],[-77.9696568,39.6056104],[-77.9691987,39.6058744],[-77.9685095,39.6062638],[-77.9672956,39.6069428],[-77.9658808,39.6074668],[-77.964236,39.608083],[-77.9625399,39.6085313],[-77.9605932,39.6088336],[-77.95958,39.6088132],[-77.9585657,39.6087363],[-77.9576179,39.6085313],[-77.9569361,39.608352],[-77.9560474,39.6082235],[-77.9553065,39.608083],[-77.9547578,39.6078652],[-77.9539929,39.6075065],[-77.9532347,39.6070274],[-77.9523301,39.6065072],[-77.9514238,39.6057552],[-77.9511328,39.6052901],[-77.9507504,39.6045343],[-77.9504677,39.6037015],[-77.9504141,39.6027761],[-77.9506173,39.6020103],[-77.9509499,39.6008829],[-77.9516982,39.5987304],[-77.9519809,39.5980641],[-77.952018,39.5975238],[-77.9520359,39.5969264],[-77.9521305,39.5965522],[-77.952179,39.5958196],[-77.9522137,39.5948481],[-77.9520884,39.5937724],[-77.951931,39.5927338],[-77.951615,39.5915037],[-77.9513157,39.5907092],[-77.951216,39.5901326],[-77.95084,39.5889235],[-77.9502848,39.5878773],[-77.9498026,39.5870187],[-77.9492372,39.5864676],[-77.9486219,39.5858782],[-77.9479402,39.5854681],[-77.9469893,39.5849652],[-77.9462108,39.584712],[-77.945396,39.584571],[-77.9443152,39.5844044],[-77.9433341,39.5844172],[-77.9423825,39.5847074],[-77.9415383,39.5850708],[-77.94079,39.5854681],[-77.940075,39.5860447],[-77.9389276,39.5870699],[-77.9382791,39.5880567],[-77.9375999,39.5894093],[-77.9371317,39.5904786],[-77.9369156,39.5915037],[-77.9367327,39.592721],[-77.9364666,39.5936436],[-77.9362006,39.5957578],[-77.9359511,39.5969366],[-77.9358347,39.5981154],[-77.9357414,39.600195],[-77.9354993,39.6026091],[-77.9353359,39.6042908],[-77.9352679,39.605944],[-77.9353192,39.6069812],[-77.9354024,39.6079677],[-77.935735,39.609095],[-77.9363336,39.6101071],[-77.9368159,39.6107514],[-77.9376472,39.6115418],[-77.9380463,39.6121439],[-77.938462,39.612541],[-77.9388611,39.6128741],[-77.9395211,39.6132819],[-77.9400786,39.6134294],[-77.9407734,39.613553],[-77.9422533,39.6136427],[-77.9427854,39.6136683],[-77.9430182,39.6138732],[-77.9435669,39.6141294],[-77.9440676,39.6145371],[-77.9443983,39.6149108],[-77.9447808,39.6154488],[-77.9447974,39.6160253],[-77.9446311,39.6166785],[-77.943966,39.6175367],[-77.9432757,39.6180077],[-77.94222,39.6185615],[-77.9410671,39.6189054],[-77.9398255,39.6190226],[-77.9388445,39.619061],[-77.9374005,39.6190162],[-77.9363835,39.6189329],[-77.9357516,39.6188305],[-77.9346541,39.618459],[-77.9332622,39.617883],[-77.9325922,39.6173958],[-77.9313617,39.6164223],[-77.9292166,39.6144241],[-77.9284684,39.6137708],[-77.9282236,39.6133293],[-77.9277201,39.6123489],[-77.9274041,39.611324],[-77.9270882,39.6101711],[-77.9265727,39.6089413],[-77.9261349,39.6082067],[-77.9256887,39.6075908],[-77.9252591,39.6069684],[-77.9246106,39.6063279],[-77.9239621,39.6055079],[-77.9236129,39.6049699],[-77.923298,39.604852],[-77.9222161,39.6044702],[-77.9220498,39.604483],[-77.9217671,39.6045086],[-77.9214346,39.6043549],[-77.9211851,39.6041371],[-77.9200877,39.6036246],[-77.9190567,39.6033043],[-77.9183251,39.6032018],[-77.9176267,39.6030737],[-77.9168365,39.6029421],[-77.9160969,39.6027662],[-77.9153292,39.6027007],[-77.9144673,39.602715],[-77.9137024,39.6027791],[-77.9128377,39.6027534],[-77.9117402,39.6026381],[-77.9108423,39.6025356],[-77.9100608,39.6022922],[-77.9080126,39.6016426],[-77.9075665,39.601421],[-77.9074002,39.6014466],[-77.9072339,39.601421],[-77.9072339,39.6013313],[-77.9072173,39.6011776],[-77.9060866,39.6009598],[-77.9052718,39.6007548],[-77.9044404,39.6007548],[-77.9031932,39.6006779],[-77.9020791,39.6005626],[-77.9007821,39.6004473],[-77.9002001,39.6002551],[-77.8996015,39.6000116],[-77.8987036,39.5996016],[-77.897789,39.5993198],[-77.8970408,39.598961],[-77.8963756,39.5987048],[-77.8952983,39.5984102],[-77.8942139,39.5982307],[-77.8930666,39.5978976],[-77.89157,39.5976285],[-77.8900735,39.5974363],[-77.8893252,39.5973466],[-77.8886767,39.5973851],[-77.8882776,39.5974235],[-77.8879948,39.5973814],[-77.8865815,39.5974619],[-77.8857168,39.5975388],[-77.885077,39.5976807],[-77.8843866,39.5979488],[-77.8837381,39.5982051],[-77.8829936,39.5985205],[-77.8824411,39.5988457],[-77.8818923,39.5993838],[-77.8814405,39.6001415],[-77.8811274,39.6009341],[-77.8809611,39.6017797],[-77.8808614,39.6021],[-77.8807602,39.6028776],[-77.8807616,39.6040218],[-77.880878,39.6051108],[-77.88111,39.606214],[-77.8820524,39.6081889],[-77.8825743,39.6089165],[-77.8829898,39.6094537],[-77.8835053,39.6099789],[-77.8846859,39.610991],[-77.8857834,39.6119261],[-77.886648,39.6127972],[-77.8869424,39.6134059],[-77.8869972,39.6138348],[-77.886884,39.6143515],[-77.8865316,39.614834],[-77.886066,39.6152311],[-77.8856004,39.6154104],[-77.885085,39.6155001],[-77.8851348,39.615641],[-77.8850351,39.6157691],[-77.8847249,39.6157878],[-77.8842369,39.6156794],[-77.8835385,39.6155129],[-77.8829066,39.6154873],[-77.8819089,39.6154104],[-77.8812937,39.6152311],[-77.880296,39.6150133],[-77.879132,39.6147955],[-77.8784669,39.6147571],[-77.8780678,39.6146674],[-77.8774027,39.6145906],[-77.8775689,39.61436],[-77.8774858,39.6142832],[-77.8768373,39.6143856],[-77.8759227,39.6143344],[-77.8749508,39.6141521],[-77.8738608,39.6138604],[-77.8730294,39.6135786],[-77.8724308,39.6132071],[-77.8713832,39.6125794],[-77.8716659,39.6124001],[-77.8703023,39.6117596],[-77.8690947,39.6110996],[-77.8684233,39.610581],[-77.8678164,39.6102037],[-77.8671651,39.6099161],[-77.8663614,39.6095306],[-77.8652141,39.609095],[-77.8639337,39.6086979],[-77.8622708,39.6084289],[-77.8608741,39.6082751],[-77.8598764,39.6082111],[-77.8585137,39.6079479],[-77.8577667,39.6078159],[-77.8569747,39.6076915],[-77.8564509,39.6076218],[-77.8558523,39.6074424],[-77.8545851,39.6071327],[-77.8539733,39.6070068],[-77.8532583,39.6069556],[-77.8527761,39.606994],[-77.8524549,39.6070658],[-77.8520444,39.606994],[-77.8513576,39.6069374],[-77.8507973,39.60693],[-77.8497996,39.6068915],[-77.8489848,39.6069172],[-77.848752,39.6070197],[-77.8482531,39.6069812],[-77.8480037,39.6069172],[-77.8475381,39.6068659],[-77.8468511,39.6067921],[-77.8462079,39.6068147],[-77.845576,39.6067122],[-77.8447279,39.6067891],[-77.8433145,39.60693],[-77.8422861,39.6069219],[-77.8413856,39.6068275],[-77.8400554,39.6064432],[-77.8379249,39.6058303],[-77.8373449,39.6055848],[-77.8369791,39.6052389],[-77.8367297,39.6049442],[-77.8349338,39.603804],[-77.8340003,39.6031154],[-77.833456,39.6026827],[-77.8328885,39.6020744],[-77.8322522,39.6014295],[-77.831946,39.6008231],[-77.8317461,39.6003041],[-77.8316984,39.6000789],[-77.8316081,39.5996529],[-77.8312756,39.597116],[-77.8311592,39.5966675],[-77.8307102,39.5959884],[-77.8305273,39.595335],[-77.8305606,39.5948096],[-77.8305273,39.5944893],[-77.8300783,39.5935539],[-77.830095,39.5933873],[-77.8298289,39.5928235],[-77.8298622,39.5926185],[-77.8298455,39.5922469],[-77.8297624,39.5920675],[-77.8296699,39.5907809],[-77.8297125,39.5892228],[-77.8297641,39.5871727],[-77.8298455,39.5864036],[-77.8300783,39.5854809],[-77.8304841,39.5841133],[-77.8310262,39.5820592],[-77.831076,39.5817388],[-77.8307767,39.5813928],[-77.8308083,39.5809986],[-77.8310594,39.5805469],[-77.8312756,39.5799446],[-77.8317079,39.578586],[-77.8321901,39.5770609],[-77.8324063,39.5759843],[-77.8327293,39.5748907],[-77.8331047,39.5736259],[-77.8333708,39.572498],[-77.8334705,39.5715111],[-77.8333042,39.5712803],[-77.8333209,39.5709599],[-77.8335163,39.5704648],[-77.8337532,39.5705754],[-77.8338031,39.5701524],[-77.8342489,39.5692285],[-77.8346411,39.5685399],[-77.8354826,39.5672683],[-77.8359707,39.566627],[-77.8362635,39.5663828],[-77.8366261,39.5661069],[-77.8370456,39.5658967],[-77.8378438,39.5656403],[-77.8389246,39.565384],[-77.8400478,39.5649881],[-77.8408369,39.5646276],[-77.8415519,39.5644738],[-77.8425398,39.5643715],[-77.8435639,39.5643713],[-77.8445284,39.5644354],[-77.8451104,39.5644225],[-77.8457392,39.5643021],[-77.8472222,39.5642174],[-77.8484028,39.5642687],[-77.8494005,39.5643072],[-77.8505146,39.5643456],[-77.8510134,39.5642559],[-77.8515456,39.5642815],[-77.8523799,39.5644186],[-77.8532583,39.5644995],[-77.8547715,39.5645123],[-77.856562,39.5645173],[-77.8581969,39.5643841],[-77.8592944,39.5643456],[-77.8602754,39.5642174],[-77.8615059,39.5640252],[-77.8621378,39.5638585],[-77.8642164,39.5637303],[-77.865601,39.5635983],[-77.8666607,39.5636149],[-77.86899,39.563845],[-77.870167,39.563943],[-77.872699,39.564035],[-77.873266,39.564007],[-77.874231,39.564072],[-77.874707,39.564007],[-77.875058,39.564005],[-77.875257,39.563983],[-77.875484,39.563928],[-77.876023,39.563863],[-77.876519,39.563748],[-77.877314,39.563638],[-77.877668,39.563561],[-77.877952,39.563529],[-77.878548,39.563408],[-77.879214,39.563227],[-77.879895,39.563019],[-77.880392,39.562811],[-77.880562,39.562811],[-77.880746,39.562855],[-77.880817,39.562833],[-77.880973,39.562734],[-77.881158,39.56257],[-77.881364,39.56246],[-77.881747,39.562345],[-77.881832,39.562268],[-77.881846,39.56218],[-77.881889,39.562158],[-77.88213,39.562169],[-77.882385,39.561961],[-77.883194,39.561533],[-77.884357,39.561193],[-77.88457,39.561111],[-77.885123,39.56087],[-77.886215,39.56031],[-77.886776,39.560047],[-77.886918,39.55997],[-77.887599,39.559405],[-77.887854,39.559054],[-77.8879846,39.558698],[-77.8884771,39.5581794],[-77.8885316,39.557913],[-77.8888097,39.5569359],[-77.8888263,39.5565513],[-77.8887266,39.5559487],[-77.8887122,39.5552705],[-77.8884938,39.555],[-77.8882444,39.5543589],[-77.8880116,39.5537435],[-77.8873797,39.5528332],[-77.886436,39.551947],[-77.8857501,39.5514486],[-77.8850516,39.5509784],[-77.8844531,39.5507562],[-77.8836882,39.5504357],[-77.8821916,39.5497946],[-77.8807283,39.5491022],[-77.8799967,39.5487304],[-77.8794646,39.5484739],[-77.8786498,39.5478713],[-77.8777519,39.5472943],[-77.8771865,39.5469096],[-77.8763384,39.5464224],[-77.875507,39.546089],[-77.8748253,39.5457941],[-77.8740105,39.5453325],[-77.8736114,39.5450504],[-77.8729296,39.5447683],[-77.8722479,39.5445503],[-77.871663,39.5442395],[-77.8709176,39.5437297],[-77.8703023,39.5432552],[-77.8697536,39.5426525],[-77.8680076,39.5410497],[-77.8668769,39.5399725],[-77.8656661,39.5388502],[-77.8651681,39.5382399],[-77.8650004,39.5376997],[-77.8647786,39.5371963],[-77.8644839,39.5359444],[-77.86443,39.535261],[-77.8644314,39.5347361],[-77.8645872,39.5334915],[-77.8646487,39.5324191],[-77.8646653,39.5316111],[-77.8647875,39.5303984],[-77.8648322,39.5296736],[-77.8648815,39.5287767],[-77.8650447,39.527931],[-77.865081,39.5275198],[-77.8654052,39.5266156],[-77.8657295,39.5255574],[-77.8659385,39.5245987],[-77.8659956,39.5239028],[-77.8661565,39.5229867],[-77.8662949,39.5219404],[-77.8663444,39.5210011],[-77.8663018,39.5202571],[-77.8662339,39.5195058],[-77.8661951,39.5189773],[-77.8660476,39.518268],[-77.8658659,39.5177123],[-77.8656124,39.5171204],[-77.865081,39.5163476],[-77.8648815,39.5160013],[-77.8646487,39.5156934],[-77.8638962,39.5151603],[-77.8633097,39.5148043],[-77.8628528,39.5145517],[-77.8622043,39.5143465],[-77.86119,39.5142054],[-77.8601784,39.5141197],[-77.8598265,39.5140642],[-77.8590948,39.5140514],[-77.8583299,39.5141669],[-77.857565,39.5143465],[-77.856826,39.5144574],[-77.8562015,39.5145004],[-77.855686,39.51468],[-77.8548047,39.5148211],[-77.8534612,39.5149143],[-77.8525599,39.5149494],[-77.8516453,39.5150905],[-77.8505811,39.5152316],[-77.8501602,39.515197],[-77.8497663,39.5152701],[-77.8491241,39.5155029],[-77.8485026,39.515578],[-77.8481169,39.5157053],[-77.8474217,39.5160398],[-77.8465737,39.5163733],[-77.8460416,39.5164246],[-77.8451527,39.516614],[-77.8444785,39.5168351],[-77.8434642,39.5174123],[-77.8429487,39.517887],[-77.8425829,39.5180922],[-77.8421694,39.5183546],[-77.8416351,39.5190671],[-77.8411695,39.5196443],[-77.840787,39.5203113],[-77.840518,39.5211975],[-77.8404046,39.5219404],[-77.8404212,39.5227741],[-77.8405542,39.5234282],[-77.8405376,39.5240824],[-77.8405376,39.5245313],[-77.8406207,39.5250572],[-77.8406706,39.5260576],[-77.8405832,39.527105],[-77.8403713,39.5279687],[-77.8400205,39.528901],[-77.8395066,39.5297258],[-77.8389246,39.5304055],[-77.8382795,39.5310144],[-77.837744,39.5313546],[-77.8367355,39.5318879],[-77.8358816,39.5321369],[-77.8351001,39.5322395],[-77.8341855,39.5322908],[-77.8331099,39.5321535],[-77.8320904,39.5320215],[-77.8306936,39.5316239],[-77.8290308,39.5310468],[-77.8280404,39.5306152],[-77.8271547,39.5301887],[-77.8265649,39.5299227],[-77.8258764,39.5294589],[-77.8254069,39.5290487],[-77.8250086,39.528684],[-77.8244247,39.5279302],[-77.8240256,39.5270837],[-77.8236622,39.525907],[-77.8234935,39.5249674],[-77.823422,39.5240257],[-77.8235268,39.5233128],[-77.8237429,39.5222225],[-77.824142,39.5206192],[-77.8247905,39.5187336],[-77.8251065,39.5176176],[-77.8255336,39.5169078],[-77.8257716,39.5165016],[-77.8260875,39.5161039],[-77.8271517,39.5152829],[-77.8278501,39.5147826],[-77.8288953,39.5142839],[-77.8301449,39.5137692],[-77.8312257,39.5132817],[-77.8324396,39.5126018],[-77.8338197,39.5118193],[-77.8350003,39.5110239],[-77.8365634,39.5100874],[-77.8391574,39.5085607],[-77.8402549,39.508086],[-77.8422503,39.5070982],[-77.8449533,39.5056141],[-77.845709,39.5050711],[-77.8463741,39.5045707],[-77.8468397,39.5041216],[-77.8473449,39.5033382],[-77.847588,39.502813],[-77.8477377,39.5022997],[-77.8477961,39.5019134],[-77.8478042,39.5014529],[-77.8476545,39.500991],[-77.8475108,39.5005945],[-77.8471889,39.5001827],[-77.8467947,39.4996173],[-77.8463908,39.4990407],[-77.8459751,39.4986045],[-77.8455926,39.4984377],[-77.8454596,39.4983094],[-77.8453999,39.4980121],[-77.8451935,39.4980912],[-77.8448152,39.4980213],[-77.8444785,39.4978603],[-77.8437635,39.4977191],[-77.8433644,39.4977705],[-77.8431316,39.497732],[-77.8426826,39.4975395],[-77.8423501,39.4974882],[-77.8420508,39.4974112],[-77.8416683,39.4973855],[-77.8414023,39.4973085],[-77.8411861,39.4971289],[-77.8407039,39.4968979],[-77.8394567,39.4964488],[-77.8387583,39.496205],[-77.838326,39.496128],[-77.8375112,39.4959484],[-77.835998,39.4955634],[-77.8342188,39.4950117],[-77.8331546,39.4947165],[-77.831776,39.4943205],[-77.8306437,39.4939466],[-77.8294631,39.4936002],[-77.8282825,39.4933949],[-77.8278834,39.4932922],[-77.827767,39.4931639],[-77.8277337,39.4930227],[-77.8270187,39.4929201],[-77.8264866,39.4930227],[-77.8259046,39.493151],[-77.8251314,39.493305],[-77.8248275,39.493442],[-77.8247405,39.4935136],[-77.8246071,39.4935449],[-77.8245376,39.4935046],[-77.8244738,39.4934912],[-77.8243346,39.4936478],[-77.8241781,39.4936657],[-77.8240969,39.4936612],[-77.8241085,39.4935941],[-77.8241317,39.4935136],[-77.8240679,39.4934957],[-77.8239984,39.4935181],[-77.823894,39.4937418],[-77.8237114,39.4937999],[-77.8223159,39.4938768],[-77.821668,39.4938256],[-77.8208207,39.493723],[-77.8200897,39.4937102],[-77.8199236,39.4936204],[-77.8195747,39.4934666],[-77.8188438,39.4933128],[-77.8175479,39.4930307],[-77.8164515,39.4927999],[-77.8162853,39.4926846],[-77.8156208,39.4926076],[-77.8150726,39.4924923],[-77.81381,39.4919794],[-77.8122061,39.4913368],[-77.8111021,39.4909923],[-77.8102382,39.4907871],[-77.8091567,39.4904852],[-77.8075552,39.4900487],[-77.8068159,39.4900435],[-77.8062502,39.4898231],[-77.8037924,39.4894281],[-77.802845,39.489339],[-77.8016971,39.4893309],[-77.799843,39.4893759],[-77.7980111,39.4893512],[-77.7968286,39.4893915],[-77.795631,39.489623],[-77.7944725,39.4899538],[-77.7934851,39.4902134],[-77.7929099,39.4903746],[-77.7923299,39.49054],[-77.791765,39.490789],[-77.7912869,39.4909624],[-77.7908005,39.4913179],[-77.7896573,39.4922455],[-77.7888241,39.4932102],[-77.7881429,39.494223],[-77.7871129,39.495646],[-77.7862898,39.496598],[-77.7859334,39.4968126],[-77.7855015,39.4973254],[-77.7843922,39.4980225],[-77.7834197,39.4984239],[-77.7828766,39.4987099],[-77.7821967,39.4989045],[-77.781608,39.499067],[-77.7806264,39.4991258],[-77.7789892,39.4992355],[-77.7772614,39.4992739],[-77.7759063,39.4992695],[-77.7748059,39.499218],[-77.7743055,39.4992341],[-77.7739056,39.4991457],[-77.772643,39.498774],[-77.7717625,39.4987227],[-77.7714469,39.4988124],[-77.7711977,39.4989022],[-77.7703685,39.4987665],[-77.7694222,39.4983214],[-77.7687742,39.4978832],[-77.7681879,39.4975575],[-77.7676923,39.4972741],[-77.7668617,39.4966459],[-77.765993,39.495724],[-77.7656655,39.4950947],[-77.7657652,39.4949665],[-77.7653831,39.494505],[-77.7654695,39.4943073],[-77.7654467,39.4939917],[-77.7655342,39.4931804],[-77.765551,39.493025],[-77.7657316,39.4928261],[-77.7663143,39.4920048],[-77.7669375,39.491333],[-77.7679478,39.49085],[-77.769125,39.490281],[-77.7709319,39.4895179],[-77.772753,39.488989],[-77.7751516,39.488505],[-77.776763,39.4881845],[-77.778308,39.4879152],[-77.7809163,39.4873896],[-77.78176,39.487128],[-77.7828434,39.4867228],[-77.7843718,39.4862484],[-77.7860165,39.485851],[-77.7870132,39.4855176],[-77.7876612,39.4854022],[-77.7886851,39.4849967],[-77.7943396,39.4822608],[-77.795436,39.4815813],[-77.796515,39.4807854],[-77.796695,39.480498],[-77.7971638,39.4800682],[-77.7974462,39.4795296],[-77.7978117,39.4790167],[-77.7978535,39.4783753],[-77.7980941,39.4776447],[-77.798227,39.4769009],[-77.7981678,39.4757446],[-77.7977951,39.4745799],[-77.7974296,39.4737592],[-77.7966387,39.472448],[-77.7956174,39.4713231],[-77.7943064,39.4703223],[-77.7924955,39.469245],[-77.7897115,39.4676988],[-77.7886579,39.4672187],[-77.7858171,39.4660901],[-77.7848203,39.4657438],[-77.7827603,39.4652693],[-77.7815642,39.4649486],[-77.7808,39.4647178],[-77.7800192,39.4644484],[-77.7794543,39.4640252],[-77.7784555,39.4635347],[-77.777815,39.4628288],[-77.7776601,39.4623322],[-77.7776489,39.4617188],[-77.7780422,39.4611137],[-77.7789694,39.4603407],[-77.7798364,39.4599209],[-77.780687,39.4597516],[-77.7820293,39.4597285],[-77.7831424,39.4598824],[-77.7837882,39.4601884],[-77.7870797,39.4609854],[-77.7905518,39.4616909],[-77.7924426,39.4619522],[-77.7940904,39.4619217],[-77.7950705,39.461832],[-77.7964286,39.4614655],[-77.797629,39.460947],[-77.7981856,39.460452],[-77.7988085,39.4596002],[-77.7990743,39.4589974],[-77.799078,39.4582547],[-77.7986922,39.4569194],[-77.7984098,39.4562652],[-77.7979114,39.4555962],[-77.7968481,39.4545592],[-77.7951868,39.4530841],[-77.7949271,39.4528962],[-77.7945341,39.452589],[-77.7942242,39.4523455],[-77.7940073,39.452045],[-77.7928674,39.4513419],[-77.7922297,39.450929],[-77.7915818,39.4506083],[-77.7905684,39.4500182],[-77.789472,39.4494794],[-77.7883091,39.4487738],[-77.7871295,39.4481196],[-77.7861266,39.4473381],[-77.7857008,39.4468752],[-77.7853353,39.4464134],[-77.7852024,39.4457463],[-77.7852976,39.4450976],[-77.7856344,39.4445403],[-77.7861018,39.4440829],[-77.7869634,39.4434113],[-77.7880931,39.4428982],[-77.7888092,39.4426879],[-77.7896713,39.4425133],[-77.7908176,39.442231],[-77.7914323,39.4421156],[-77.7923959,39.4419873],[-77.7935422,39.4418718],[-77.7939741,39.441782],[-77.7957018,39.441705],[-77.7970973,39.4415511],[-77.7989248,39.4412688],[-77.800561,39.4407127],[-77.8012174,39.4403964],[-77.8019649,39.4397805],[-77.8028328,39.4388744],[-77.8031777,39.4382922],[-77.803294,39.4378431],[-77.803209,39.437137],[-77.803205,39.437111],[-77.80283,39.436343],[-77.802726,39.436178],[-77.801273,39.434817],[-77.801216,39.434773],[-77.801174,39.434641],[-77.800077,39.433823],[-77.799567,39.433543],[-77.798909,39.433175],[-77.798484,39.432918],[-77.79801,39.432555],[-77.797557,39.432281],[-77.797062,39.432023],[-77.796786,39.431792],[-77.796361,39.431594],[-77.796118,39.431513],[-77.795002,39.431161],[-77.794772,39.431082],[-77.7938246,39.4307604],[-77.7929836,39.430593],[-77.7919971,39.4302471],[-77.7909505,39.4299391],[-77.7899704,39.4297595],[-77.7892394,39.4295029],[-77.7885749,39.4292975],[-77.7873158,39.4289372],[-77.7864982,39.4288099],[-77.7855513,39.4288484],[-77.7843552,39.4290409],[-77.7830594,39.4290794],[-77.7816472,39.4290537],[-77.7813981,39.4291564],[-77.7813981,39.4290024],[-77.7811821,39.4289126],[-77.7795291,39.4289639],[-77.779419,39.4289102],[-77.7794712,39.4288431],[-77.779587,39.4287894],[-77.779532,39.4287222],[-77.7787021,39.4286703],[-77.7779379,39.428619],[-77.7775392,39.428619],[-77.7771737,39.4284778],[-77.7756952,39.4279902],[-77.7747503,39.4277808],[-77.7738678,39.4277079],[-77.7724391,39.4278362],[-77.7713759,39.4279004],[-77.7710602,39.4279902],[-77.7707114,39.42808],[-77.7703957,39.4279646],[-77.7689504,39.4281057],[-77.7683523,39.428157],[-77.7680533,39.4282982],[-77.7680035,39.4281314],[-77.767422,39.4281955],[-77.7653122,39.4281827],[-77.7643071,39.4281185],[-77.7641746,39.428234],[-77.764053,39.4282609],[-77.7640067,39.4281446],[-77.7639198,39.4281267],[-77.7638387,39.4281938],[-77.7636968,39.4282832],[-77.7635604,39.428251],[-77.763468,39.4281982],[-77.7635433,39.4281267],[-77.7636939,39.428073],[-77.7636464,39.4279977],[-77.763356,39.4280221],[-77.7621105,39.427958],[-77.7612469,39.4278297],[-77.7602837,39.4275218],[-77.7584709,39.4267074],[-77.7561652,39.4253283],[-77.7544485,39.4243116],[-77.753724,39.42393],[-77.7532062,39.4232492],[-77.7527737,39.4227914],[-77.7527608,39.4224291],[-77.7528605,39.4219416],[-77.7530431,39.4212103],[-77.7530099,39.4207742],[-77.7528439,39.420415],[-77.7525305,39.4200072],[-77.752246,39.4195811],[-77.7519637,39.4190038],[-77.7503196,39.4165277],[-77.7495723,39.4150138],[-77.74929,39.4142055],[-77.7491073,39.4137051],[-77.7487918,39.4133202],[-77.7481939,39.4119345],[-77.7482105,39.4117164],[-77.7477788,39.4113186],[-77.7475278,39.4107889],[-77.746882,39.4098816],[-77.7465,39.4093427],[-77.7462343,39.4089064],[-77.7456033,39.4083675],[-77.7451217,39.4078671],[-77.7447065,39.4075848],[-77.7442581,39.4071101],[-77.7419165,39.4045181],[-77.7414515,39.4039791],[-77.7408952,39.4033118],[-77.7409155,39.4031955],[-77.7408199,39.4030555],[-77.7406549,39.4030255],[-77.7406066,39.4029619],[-77.740634,39.4028177],[-77.7403223,39.4023212],[-77.7399457,39.4017709],[-77.7396363,39.4012145],[-77.7390748,39.4002029],[-77.738627,39.3992288],[-77.7382952,39.3985494],[-77.7380796,39.3978957],[-77.7377976,39.3972805],[-77.7376981,39.3967293],[-77.7375488,39.3963447],[-77.7370821,39.3949758],[-77.7367858,39.3938836],[-77.7363592,39.3926968],[-77.7360891,39.3920248],[-77.7360497,39.3915891],[-77.7358403,39.3909737],[-77.7358659,39.3903222],[-77.7356562,39.3898317],[-77.7356984,39.3890555],[-77.7359503,39.3882937],[-77.7361014,39.3877825],[-77.7363335,39.3872646],[-77.73672,39.38687],[-77.7372485,39.386411],[-77.7379181,39.3859931],[-77.7387274,39.3856124],[-77.7399893,39.3853301],[-77.7410967,39.3851782],[-77.7437193,39.3849227],[-77.7468377,39.3846022],[-77.748314,39.3844612],[-77.7493922,39.3842176],[-77.7500799,39.3838889],[-77.7512334,39.3834355],[-77.7522422,39.3827382],[-77.7527255,39.3820684],[-77.7529419,39.3814483],[-77.7528423,39.3812688],[-77.752975,39.3811278],[-77.7531907,39.3801277],[-77.753058,39.3798328],[-77.7530078,39.3791753],[-77.75271,39.3782431],[-77.7522286,39.377307],[-77.7515153,39.3766531],[-77.7505864,39.3755504],[-77.7498732,39.3744733],[-77.7492097,39.373345],[-77.7489775,39.3724346],[-77.7479822,39.3710369],[-77.747468,39.3703701],[-77.7470036,39.3699854],[-77.746705,39.3692673],[-77.7450297,39.3669847],[-77.7437293,39.3650492],[-77.7434041,39.3640993],[-77.7433544,39.3631247],[-77.7432051,39.3620987],[-77.7432714,39.3615344],[-77.7434759,39.3595494],[-77.7439681,39.3574689],[-77.7445486,39.3558913],[-77.7451624,39.3548012],[-77.74593,39.353221],[-77.7470368,39.3517742],[-77.7484799,39.3503632],[-77.7499889,39.3493474],[-77.7507191,39.3489266],[-77.7519466,39.3484007],[-77.7534229,39.3478107],[-77.7547333,39.3474002],[-77.7559442,39.3470026],[-77.7571882,39.3464125],[-77.7580673,39.3458353],[-77.7590496,39.3450831],[-77.7595104,39.3447193],[-77.7599042,39.3439658],[-77.7603066,39.3432056],[-77.7606859,39.3425112],[-77.7608449,39.3416794],[-77.7609038,39.3410119],[-77.7607335,39.3399623],[-77.7602071,39.3387156],[-77.7596482,39.3376004],[-77.7590958,39.3368939],[-77.7587143,39.3363551],[-77.7583327,39.3360856],[-77.7581503,39.3356494],[-77.7580342,39.3354313],[-77.7576195,39.3352902],[-77.757155,39.334931],[-77.7563423,39.3342895],[-77.75559,39.3338862],[-77.7548826,39.3334812],[-77.754371,39.3333268],[-77.7542025,39.333276],[-77.7535888,39.3333016],[-77.7525272,39.3333145],[-77.7517641,39.3332375],[-77.7510841,39.3330835],[-77.750404,39.3328397],[-77.7497073,39.3324933],[-77.749077,39.3322239],[-77.748596,39.3321598],[-77.7478993,39.3317235],[-77.7474183,39.3314669],[-77.7422264,39.3291575],[-77.7414634,39.3288495],[-77.7409492,39.3287084],[-77.7404018,39.3286314],[-77.7400037,39.3285416],[-77.7395227,39.3282978],[-77.7390582,39.3281823],[-77.7387762,39.3280155],[-77.7384777,39.3278616],[-77.7378971,39.3277846],[-77.7360227,39.3273996],[-77.7351768,39.3271943],[-77.7340635,39.3267584],[-77.7320917,39.3256848],[-77.7311094,39.3250281],[-77.7300259,39.3242956],[-77.7285674,39.323332],[-77.726767,39.321818],[-77.7265165,39.32182],[-77.7262528,39.3216896],[-77.7256888,39.32151],[-77.7247433,39.3213303],[-77.7237315,39.3212277],[-77.7221723,39.3212149],[-77.720779,39.321202],[-77.7199994,39.3212533],[-77.719029,39.321125],[-77.7171983,39.3206976],[-77.7156941,39.3207071],[-77.7154556,39.3211073],[-77.7143451,39.3212263],[-77.7138155,39.3210941],[-77.7130466,39.3212527],[-77.7120557,39.3212924],[-77.7116457,39.321451],[-77.7113381,39.3213585],[-77.7105693,39.3212659],[-77.7098859,39.3213585],[-77.7097662,39.3213585],[-77.7094075,39.3213585],[-77.7089633,39.3214774],[-77.7082628,39.321636],[-77.707699,39.3216757],[-77.7068718,39.3214004],[-77.706411,39.3212433],[-77.7046074,39.3206285],[-77.7042709,39.3205137],[-77.7029494,39.3200632],[-77.7018037,39.3197327],[-77.6989173,39.3189],[-77.6982168,39.318834],[-77.697461,39.318633],[-77.6962008,39.3183052],[-77.694851,39.3183846],[-77.6933646,39.318292],[-77.6923689,39.3184368],[-77.6911777,39.3187546],[-77.6905114,39.319138],[-77.6897939,39.3192833],[-77.6891104,39.319323],[-77.6881537,39.3194948],[-77.6867481,39.3199537],[-77.6860522,39.3203275],[-77.6853712,39.3209022],[-77.6853005,39.3209619],[-77.6842412,39.3218607],[-77.6836261,39.3224951],[-77.6826694,39.3230899],[-77.6821829,39.3235213],[-77.6819689,39.3237111],[-77.6808869,39.3238841],[-77.6773622,39.3244371],[-77.6764338,39.3244316],[-77.6754872,39.324377],[-77.6749055,39.3239647],[-77.6735494,39.3228872],[-77.6726781,39.3224378],[-77.6712897,39.3217411],[-77.670457,39.3213144],[-77.6700128,39.3207328],[-77.6691927,39.3198208],[-77.6676893,39.3184198],[-77.6664535,39.3175739],[-77.6650195,39.3167436],[-77.6637255,39.3161199],[-77.6613101,39.3153932],[-77.6575578,39.3141107],[-77.6555489,39.3135147],[-77.6539016,39.312617],[-77.6517489,39.3113216],[-77.6506042,39.310687],[-77.6492543,39.3102949],[-77.6477195,39.3099814],[-77.6470505,39.3096692],[-77.6462304,39.3093387],[-77.6455128,39.3091007],[-77.6448465,39.3090214],[-77.6444023,39.3088496],[-77.6439581,39.308572],[-77.6437438,39.3085948],[-77.6434626,39.3086248],[-77.6428134,39.3087306],[-77.6419541,39.3086817],[-77.6405895,39.3084261],[-77.639805,39.3082473],[-77.6389455,39.3081013],[-77.6378488,39.3079801],[-77.636101,39.307782],[-77.6353472,39.307673],[-77.6348859,39.3078317],[-77.6345442,39.3079903],[-77.6342709,39.3078845],[-77.6340146,39.307554],[-77.6333653,39.3075012],[-77.6329724,39.3076201],[-77.6325794,39.3078449],[-77.6318106,39.3078581],[-77.6306952,39.3076245],[-77.6303584,39.3073293],[-77.6298458,39.3069459],[-77.6291282,39.3066419],[-77.6285815,39.3062453],[-77.6279494,39.3059148],[-77.6270439,39.3058355],[-77.6263092,39.3057297],[-77.6255062,39.305386],[-77.6245494,39.305029],[-77.6239515,39.3050423],[-77.6230289,39.3050158],[-77.6220892,39.3047514],[-77.6214229,39.3043548],[-77.6199023,39.3039846],[-77.6192189,39.3037599],[-77.6180571,39.3032311],[-77.6167245,39.3027816],[-77.6161607,39.3026494],[-77.6154777,39.302603],[-77.6147939,39.3027155],[-77.6141617,39.3027287],[-77.6135637,39.3027287],[-77.6126924,39.3030195],[-77.6122653,39.303284],[-77.6115135,39.3034029],[-77.6109497,39.3032972],[-77.61001,39.3029667],[-77.609805,39.3025833],[-77.6088483,39.3024511],[-77.6086945,39.3026361],[-77.6085578,39.302927],[-77.6081478,39.3030195],[-77.6080453,39.3031914],[-77.6074473,39.303165],[-77.6072594,39.3035616],[-77.6065759,39.3037599],[-77.6059,39.303688],[-77.6053096,39.3034168],[-77.6045599,39.3030724],[-77.6032785,39.302689],[-77.6018164,39.3025082],[-77.6004556,39.3021445],[-77.598892,39.301883],[-77.5973671,39.3016975],[-77.5962224,39.3017107],[-77.5953169,39.3015785],[-77.5937451,39.3012612],[-77.5925169,39.3012107],[-77.5915069,39.3013537],[-77.5905502,39.3014463],[-77.5891663,39.3015124],[-77.5879275,39.3018096],[-77.5869794,39.3022131],[-77.5861593,39.3025568],[-77.5848437,39.302927],[-77.5833061,39.3033897],[-77.5826929,39.3036871],[-77.5819734,39.3041433],[-77.5795474,39.305029],[-77.5785423,39.3051619],[-77.5771384,39.3051745],[-77.5754128,39.3054124],[-77.5741485,39.305505],[-77.573448,39.3056504],[-77.5723204,39.3059544],[-77.570041,39.3062575],[-77.5681687,39.3065229],[-77.5671806,39.3062532],[-77.5663675,39.3059713],[-77.5655985,39.30554],[-77.5643417,39.3047514],[-77.5631246,39.3036518],[-77.5622573,39.3027287],[-77.5618943,39.301794],[-77.5615568,39.3006266],[-77.5616593,39.2999788],[-77.5621548,39.2985376],[-77.5627167,39.2946332],[-77.5626502,39.2939364],[-77.5619497,39.2933547],[-77.5615055,39.2927596],[-77.5616251,39.2920985],[-77.5618985,39.2902738],[-77.561608,39.2891895],[-77.5615568,39.2880787],[-77.5612663,39.287682],[-77.5605636,39.2858479],[-77.5574393,39.2829214],[-77.5560383,39.2820222],[-77.5551157,39.281956],[-77.5542444,39.2815329],[-77.5537147,39.2810303],[-77.5531168,39.2800781],[-77.5531482,39.2794796],[-77.5519379,39.2773405],[-77.5509128,39.2762428],[-77.5507465,39.2756572],[-77.5489822,39.2746028],[-77.5473935,39.2730506],[-77.5468278,39.2726173],[-77.5466724,39.2724982],[-77.5455897,39.2714292],[-77.544258,39.26966],[-77.5440104,39.26918],[-77.5437541,39.2677382],[-77.543228,39.266937],[-77.5404443,39.2649867],[-77.5396879,39.264643],[-77.5393884,39.2647032],[-77.5391036,39.2647314],[-77.5387163,39.2647011],[-77.5383723,39.2645636],[-77.5379814,39.2643212],[-77.5373814,39.2639287],[-77.5361342,39.2632408],[-77.5343243,39.2625197],[-77.533076,39.2621826],[-77.5320338,39.2617461],[-77.5304961,39.2610582],[-77.5290097,39.2607672],[-77.5277967,39.2606481],[-77.526566,39.2601845],[-77.5260644,39.2600141],[-77.5251827,39.2600396],[-77.5245164,39.2598412],[-77.5233062,39.2594957],[-77.522076,39.2589405],[-77.5206272,39.2583323],[-77.5204504,39.2579922],[-77.519634,39.257232],[-77.5163155,39.255965],[-77.5130864,39.254404],[-77.5112242,39.2534382],[-77.5100624,39.2530942],[-77.5090885,39.2527238],[-77.5083587,39.2525638],[-77.5064403,39.252221],[-77.5043901,39.2519961],[-77.5035017,39.2519829],[-77.4996132,39.2513639],[-77.4980003,39.2513478],[-77.4964864,39.2511112],[-77.4945864,39.2505159],[-77.4922085,39.2496543],[-77.4898337,39.2488472],[-77.4876126,39.2474448],[-77.4873905,39.2475903],[-77.4869326,39.2474802],[-77.484664,39.246123],[-77.4839735,39.2451293],[-77.4834097,39.2445868],[-77.4825042,39.2439782],[-77.4819233,39.2432901],[-77.4808981,39.2417693],[-77.4803457,39.2412141],[-77.4782158,39.2397704],[-77.4757043,39.2378119],[-77.4748159,39.2373223],[-77.47082,39.2342046],[-77.4699637,39.233961],[-77.4693487,39.2336567],[-77.4686311,39.2330876],[-77.4649749,39.2310099],[-77.4620533,39.2296468],[-77.4608556,39.2288969],[-77.4601246,39.2284119],[-77.4595422,39.2278977],[-77.4590086,39.2273419],[-77.4586407,39.2269049],[-77.45812,39.22614],[-77.4577479,39.2254646],[-77.4575797,39.2250853],[-77.4575,39.2246387],[-77.4574448,39.2242492],[-77.4574264,39.2239784],[-77.4574877,39.2234083],[-77.4575797,39.2228429],[-77.4576901,39.2222015],[-77.4579293,39.2214984],[-77.4585912,39.2208114],[-77.4590652,39.2200945],[-77.4598365,39.2186002],[-77.4603885,39.2180538],[-77.4612532,39.2174171],[-77.4623448,39.2166901],[-77.4635407,39.2159679],[-77.4644974,39.2153978],[-77.4664966,39.2140958],[-77.4686718,39.2127268],[-77.4694035,39.2122332],[-77.4699187,39.2119006],[-77.4704154,39.2114729],[-77.4712863,39.2106081],[-77.471918,39.2100189],[-77.4725803,39.2093727],[-77.4730586,39.2088737],[-77.4734879,39.2083367],[-77.4739601,39.2077332],[-77.4741687,39.2073008],[-77.4742668,39.2070299],[-77.474279,39.2068161],[-77.4741993,39.2066165],[-77.4740153,39.2063029],[-77.4740092,39.2061603],[-77.4741257,39.2057231],[-77.4742913,39.2053382],[-77.4748065,39.2045398],[-77.4751867,39.2038983],[-77.4754688,39.2033328],[-77.475824,39.2024779],[-77.4759226,39.2019689],[-77.4759533,39.2014556],[-77.4758858,39.2007998],[-77.4757386,39.1999586],[-77.4754075,39.1986231],[-77.4752725,39.19801],[-77.4750763,39.1974967],[-77.4748984,39.1971118],[-77.4748003,39.1967743],[-77.4748065,39.1964511],[-77.4749107,39.1958998],[-77.475064,39.1953342],[-77.4752173,39.1947639],[-77.4755056,39.1939416],[-77.4757877,39.1933285],[-77.4762722,39.1924397],[-77.4767505,39.1916317],[-77.4776402,39.1904262],[-77.4783818,39.1896972],[-77.4788847,39.1892313],[-77.4794612,39.1888368],[-77.480099,39.1884376],[-77.4809698,39.1879099],[-77.4814604,39.1876865],[-77.4825657,39.1871659],[-77.4842531,39.1863712],[-77.4851646,39.1859706],[-77.4854406,39.185885],[-77.4859557,39.1857709],[-77.4871025,39.1856188],[-77.4883291,39.1854952],[-77.4890466,39.1853906],[-77.4892597,39.1853523],[-77.4902363,39.1851767],[-77.4918002,39.1848773],[-77.4945512,39.184214],[-77.4961863,39.1838606],[-77.4976692,39.183551],[-77.4983683,39.1834227],[-77.4990981,39.1833228],[-77.4996255,39.1832753],[-77.5001161,39.1830186],[-77.5004841,39.1828665],[-77.5009256,39.1827809],[-77.5015512,39.1827096],[-77.5031757,39.1825392],[-77.5048293,39.182341],[-77.5059139,39.1819114],[-77.506672,39.1814499],[-77.5069173,39.1812883],[-77.5071258,39.1812502],[-77.5072607,39.1811884],[-77.5072852,39.1811029],[-77.5073098,39.181003],[-77.5073772,39.1808652],[-77.5074753,39.1807368],[-77.5077268,39.1805847],[-77.5079721,39.1804468],[-77.5081132,39.1804183],[-77.5082726,39.1804231],[-77.5083401,39.1804849],[-77.5083523,39.1805372],[-77.5084198,39.1805514],[-77.5084934,39.1804991],[-77.5086222,39.1804088],[-77.5092232,39.1799287],[-77.5100879,39.179111],[-77.5108667,39.1782933],[-77.5120381,39.1770335],[-77.5127188,39.1761968],[-77.5134416,39.175245],[-77.5143929,39.1740024],[-77.5152052,39.1726477],[-77.5159753,39.1715851],[-77.517349,39.1695122],[-77.5178089,39.1686849],[-77.5181646,39.1679622],[-77.5185019,39.1671872],[-77.518774,39.1664294],[-77.5198757,39.164301],[-77.5206484,39.1628507],[-77.5210777,39.1618427],[-77.5213353,39.1612007],[-77.5215315,39.1605397],[-77.521648,39.1594936],[-77.5217093,39.1589325],[-77.5218749,39.1582667],[-77.5225127,39.1561458],[-77.5230095,39.1541105],[-77.5236123,39.1518791],[-77.5238803,39.1507101],[-77.5241455,39.1499118],[-77.5243719,39.1493662],[-77.5246289,39.1488632],[-77.5248797,39.1484931],[-77.5252774,39.1481562],[-77.5258036,39.1478146],[-77.5265684,39.1473401],[-77.5269966,39.1470175],[-77.5271802,39.1468656],[-77.5272842,39.1466474],[-77.5273576,39.1464386],[-77.527376,39.1461112],[-77.527312,39.1433989],[-77.5269765,39.140249],[-77.5269727,39.1382786],[-77.5269722,39.1380158],[-77.5269232,39.1372375],[-77.5267825,39.1365826],[-77.526654,39.1357948],[-77.5262607,39.1343929],[-77.525773,39.133123],[-77.5257228,39.1329761],[-77.5253631,39.1315236],[-77.5251734,39.1310632],[-77.5250816,39.1307073],[-77.5250204,39.1301567],[-77.5248308,39.1290082],[-77.5245616,39.1280352],[-77.524378,39.1275321],[-77.5240276,39.1268943],[-77.5233754,39.1259197],[-77.5224569,39.1242163],[-77.5219674,39.1232983],[-77.5214671,39.1226065],[-77.521297,39.1223295],[-77.5208967,39.1217794],[-77.5205479,39.1213475],[-77.5201074,39.120982],[-77.5196241,39.1206118],[-77.5188838,39.1201418],[-77.5180032,39.1196253],[-77.516205,39.1188117],[-77.5143766,39.1181974],[-77.5135385,39.1182226],[-77.5124429,39.118137],[-77.5120251,39.1180485],[-77.5115724,39.1178918],[-77.5104344,39.1174551],[-77.5102334,39.1173851],[-77.5098897,39.1172832],[-77.5096428,39.1171647],[-77.5093701,39.1170299],[-77.5091801,39.1169425],[-77.5073324,39.1161165],[-77.5066043,39.1159124],[-77.5048877,39.1155299],[-77.5037655,39.115224],[-77.5036614,39.1151956],[-77.5029762,39.114944],[-77.5015927,39.1145042],[-77.5008715,39.1142746],[-77.5002168,39.1140942],[-77.499452,39.1138759],[-77.4992012,39.1138236],[-77.4988157,39.1138141],[-77.498161,39.1137619],[-77.4976471,39.1137572],[-77.4967416,39.113629],[-77.4964479,39.113591],[-77.496295,39.1135341],[-77.4960258,39.1134913],[-77.4954323,39.1133727],[-77.4946686,39.1131387],[-77.4922202,39.1124042],[-77.4914982,39.1121384],[-77.491125,39.1120007],[-77.4908619,39.1118535],[-77.4905132,39.1117491],[-77.4898131,39.1115133],[-77.4881209,39.1108234],[-77.487711,39.110624],[-77.4872749,39.1103697],[-77.4868238,39.1102157],[-77.4864628,39.1100828],[-77.4859856,39.1098122],[-77.4853778,39.1094224],[-77.4846142,39.1087141],[-77.4840767,39.1084449],[-77.4839115,39.1084259],[-77.4837402,39.1082835],[-77.4835628,39.1080841],[-77.4831406,39.1076141],[-77.4828653,39.1073909],[-77.4823391,39.1069874],[-77.4817229,39.1064528],[-77.4807544,39.1056486],[-77.4805036,39.1053589],[-77.4802466,39.1050503],[-77.4793717,39.1041008],[-77.4789373,39.1035928],[-77.4783867,39.1028663],[-77.4780685,39.1023726],[-77.477836,39.1020544],[-77.4776115,39.1018391],[-77.4773282,39.1014515],[-77.4771006,39.1011481],[-77.4769495,39.1009746],[-77.4767747,39.1007738],[-77.4765145,39.100198],[-77.4762208,39.0997327],[-77.4758904,39.0993053],[-77.4756438,39.098985],[-77.475002,39.0974422],[-77.4745627,39.0965276],[-77.4743669,39.096048],[-77.4741834,39.0955589],[-77.4738469,39.0949749],[-77.4733329,39.0942341],[-77.4730288,39.0936628],[-77.4726966,39.09318],[-77.4724403,39.0929055],[-77.4719991,39.0925674],[-77.4717544,39.0923395],[-77.4715953,39.0921163],[-77.4711671,39.0917079],[-77.4703839,39.0910241],[-77.4702554,39.0911998],[-77.4702004,39.0912235],[-77.4701025,39.0912188],[-77.4699985,39.0911808],[-77.4695457,39.0908864],[-77.4693499,39.0906584],[-77.4690256,39.0902928],[-77.4689278,39.0901266],[-77.4688543,39.0898084],[-77.4687381,39.0895662],[-77.4685056,39.0892101],[-77.4681079,39.088569],[-77.4680712,39.088436],[-77.4680895,39.0883458],[-77.4681997,39.0880751],[-77.4685761,39.087347],[-77.4688421,39.0868166],[-77.46894,39.0864509],[-77.4689889,39.0861138],[-77.46894,39.0858146],[-77.4688237,39.0854916],[-77.4686463,39.0851972],[-77.4684566,39.0849265],[-77.4676796,39.0840242],[-77.467184,39.0834542],[-77.4668047,39.0830031],[-77.4663397,39.0825329],[-77.4658013,39.0819392],[-77.4651548,39.0810992],[-77.4646074,39.0803316],[-77.464131,39.079745],[-77.4640331,39.079536],[-77.4639964,39.0793271],[-77.4638128,39.0790658],[-77.4636354,39.0788854],[-77.4633111,39.0784722],[-77.4631947,39.0781932],[-77.4628558,39.0773973],[-77.462528,39.0766768],[-77.4622466,39.0761923],[-77.4618427,39.0757554],[-77.4614206,39.0754086],[-77.460885,39.0750826],[-77.4606531,39.0749473],[-77.4605516,39.0748881],[-77.4585304,39.0739964],[-77.4577985,39.073656],[-77.457085,39.0734364],[-77.4554851,39.073058],[-77.4538182,39.072655],[-77.4532037,39.072573],[-77.4526225,39.072459],[-77.4522554,39.0724067],[-77.451876,39.0723925],[-77.4514967,39.0723782],[-77.4505422,39.0723735],[-77.4501323,39.0723117],[-77.4497652,39.0723022],[-77.4494593,39.0722785],[-77.4490799,39.0721882],[-77.4480643,39.0719792],[-77.4475565,39.0718842],[-77.4472995,39.071813],[-77.4461064,39.071604],[-77.4452254,39.0714567],[-77.4448828,39.0714045],[-77.4444239,39.071281],[-77.4441364,39.0712525],[-77.443702,39.0712715],[-77.4433104,39.071281],[-77.4429739,39.0713047],[-77.4426924,39.0713],[-77.4423192,39.0712525],[-77.4419154,39.071224],[-77.4408753,39.071129],[-77.4402206,39.0710102],[-77.4398597,39.070977],[-77.439566,39.0709295],[-77.4392968,39.0708297],[-77.4389297,39.0707585],[-77.4386238,39.0707395],[-77.4382934,39.0707347],[-77.4378161,39.0707015],[-77.4372043,39.0705637],[-77.4361091,39.070369],[-77.4336863,39.0699035],[-77.4329888,39.0697705],[-77.4326645,39.0696945],[-77.4319426,39.0694569],[-77.4313307,39.0692954],[-77.4310554,39.0692337],[-77.4306822,39.0690959],[-77.4297033,39.0687634],[-77.429018,39.0685259],[-77.4286387,39.0683216],[-77.428033,39.0680604],[-77.4276781,39.0679464],[-77.4273722,39.0678704],[-77.4271764,39.0678419],[-77.4269378,39.0677754],[-77.4267175,39.0676804],[-77.4254325,39.0674359],[-77.4245883,39.0672861],[-77.4240744,39.0671911],[-77.4236155,39.0671151],[-77.4233035,39.0670343],[-77.4232272,39.0670094],[-77.422967,39.0669251],[-77.4224102,39.0667683],[-77.4218045,39.06664],[-77.4214558,39.0665973],[-77.4211009,39.0665735],[-77.420795,39.0665118],[-77.4205013,39.0664168],[-77.4201097,39.0664025],[-77.4197243,39.066412],[-77.4192287,39.06645],[-77.4182498,39.06645],[-77.4171118,39.0664453],[-77.4162246,39.0664595],[-77.4158086,39.0664215],[-77.4152518,39.0663598],[-77.4148052,39.0663028],[-77.4140587,39.0661603],[-77.413245,39.0659892],[-77.4125475,39.0658325],[-77.4120642,39.0657517],[-77.4116359,39.0656472],[-77.4111587,39.065538],[-77.4107793,39.0654335],[-77.4103021,39.0653337],[-77.4099595,39.0652387],[-77.409366,39.0651247],[-77.4086746,39.0650107],[-77.4078792,39.0648777],[-77.4071512,39.0647589],[-77.4061172,39.0646164],[-77.4047528,39.0644739],[-77.4039574,39.0644359],[-77.4024095,39.0645024],[-77.4018099,39.0644976],[-77.401247,39.0645214],[-77.4007575,39.0645879],[-77.4004027,39.0646781],[-77.3999805,39.0647446],[-77.3997358,39.0647494],[-77.3993564,39.0647589],[-77.3990138,39.0647304],[-77.3985549,39.0646449],[-77.3979431,39.0645594],[-77.3972953,39.0644334],[-77.3965542,39.0641983],[-77.3959137,39.0640549],[-77.3948228,39.063728],[-77.3943822,39.0636425],[-77.3940886,39.0635523],[-77.3937949,39.063443],[-77.393593,39.0634145],[-77.393336,39.0633812],[-77.3930546,39.0632815],[-77.3928221,39.0631817],[-77.3926385,39.0631722],[-77.3922837,39.063158],[-77.3919716,39.063101],[-77.390639,39.0628042],[-77.3884597,39.0625024],[-77.3878112,39.0623931],[-77.3872299,39.0622981],[-77.3865814,39.0622316],[-77.3862449,39.0622126],[-77.3859818,39.0621556],[-77.385786,39.0621081],[-77.385578,39.0621271],[-77.3854006,39.0620938],[-77.3849356,39.0621223],[-77.3846725,39.0621793],[-77.3841769,39.0621746],[-77.3839628,39.0622173],[-77.3836385,39.0622934],[-77.3834794,39.0623171],[-77.3833509,39.0622839],[-77.3831368,39.0622744],[-77.3830083,39.0623219],[-77.3828982,39.0623979],[-77.3827758,39.0624644],[-77.3825372,39.0624929],[-77.382164,39.0624976],[-77.3820416,39.0625451],[-77.3819682,39.0626164],[-77.3818581,39.0626497],[-77.381754,39.0626497],[-77.38165,39.0625879],[-77.3815338,39.0625546],[-77.3811422,39.0625831],[-77.3807812,39.0625736],[-77.3803285,39.0626116],[-77.3799553,39.0625974],[-77.3795453,39.0625404],[-77.3790742,39.0625119],[-77.3785297,39.0624929],[-77.3779056,39.0623979],[-77.3776425,39.0623599],[-77.3772754,39.0622981],[-77.3770246,39.0623029],[-77.3768105,39.0622744],[-77.3767126,39.0622078],[-77.3765841,39.0621223],[-77.3763026,39.0620701],[-77.3759417,39.0620511],[-77.3755746,39.0619846],[-77.3751279,39.061842],[-77.3744916,39.061709],[-77.3739165,39.0616378],[-77.3733414,39.0616568],[-77.3726622,39.061652],[-77.372234,39.0616568],[-77.3719586,39.0616188],[-77.3717384,39.061519],[-77.3712795,39.0614762],[-77.3708023,39.0614287],[-77.37027,39.0614097],[-77.3697132,39.0614192],[-77.3691687,39.0614335],[-77.3687465,39.0614335],[-77.3683794,39.061462],[-77.3679756,39.061557],[-77.3677659,39.0616144],[-77.3674062,39.0617129],[-77.3664399,39.0619038],[-77.3657424,39.0620273],[-77.3653692,39.0620606],[-77.3650205,39.0621081],[-77.3648691,39.0621417],[-77.3648063,39.0621556],[-77.3647145,39.0622031],[-77.3645249,39.0622696],[-77.3644753,39.0622787],[-77.3643169,39.0623076],[-77.3642128,39.0622934],[-77.3641761,39.0622849],[-77.3639865,39.0622411],[-77.363601,39.0622601],[-77.3624018,39.0623266],[-77.3617166,39.0623646],[-77.3604378,39.0624216],[-77.3596058,39.0624596],[-77.3587614,39.0625261],[-77.3580884,39.0625499],[-77.3573848,39.0625309],[-77.3566996,39.0624786],[-77.3552556,39.0623409],[-77.3541727,39.0622886],[-77.3528695,39.0622126],[-77.3520741,39.0621841],[-77.3512726,39.0621983],[-77.3504161,39.0622411],[-77.3492903,39.0623551],[-77.3476077,39.0624691],[-77.3465615,39.0625451],[-77.3452889,39.0626687],[-77.3439306,39.0627827],[-77.3424874,39.0628681],[-77.3420615,39.0628634],[-77.3409143,39.0628539],[-77.3404065,39.0628254],[-77.3399354,39.0627732],[-77.3395805,39.0627019],[-77.3375737,39.0622031],[-77.3365153,39.0619656],[-77.336087,39.0618563],[-77.3355547,39.0616805],[-77.3343983,39.0612815],[-77.3341169,39.0611627],[-77.3339762,39.0610772],[-77.3338966,39.0609869],[-77.3338354,39.0608301],[-77.3337598,39.0605215],[-77.3336987,39.0602365],[-77.333717,39.0600892],[-77.3337904,39.0600037],[-77.3337843,39.0598564],[-77.3337354,39.0597092],[-77.3337415,39.0595429],[-77.3337843,39.0594336],[-77.3337476,39.0593339],[-77.3335396,39.0593101],[-77.3330746,39.0591961],[-77.3328115,39.0590963],[-77.3324383,39.0589301],[-77.3319733,39.0587638],[-77.3315084,39.0586023],[-77.3309027,39.0584787],[-77.3303153,39.0583552],[-77.3297341,39.0582602],[-77.3294832,39.0582269],[-77.3289995,39.058057],[-77.328437,39.0578231],[-77.3282748,39.0577059],[-77.328174,39.0576331],[-77.3280455,39.0575333],[-77.3278558,39.0574145],[-77.3276906,39.057386],[-77.3275499,39.0574526],[-77.3274275,39.0574383],[-77.3272807,39.057386],[-77.3271155,39.0573433],[-77.3269014,39.0573243],[-77.3267301,39.0573053],[-77.3265649,39.0572578],[-77.3263324,39.0570915],[-77.3262467,39.0569965],[-77.3260754,39.0568492],[-77.3258185,39.0567352],[-77.3255615,39.0566212],[-77.3253535,39.0564264],[-77.3251455,39.0562411],[-77.32476,39.0560273],[-77.3244725,39.0558943],[-77.3240197,39.0556947],[-77.3234324,39.0554477],[-77.323206,39.0554097],[-77.3228328,39.0554097],[-77.3225024,39.0554477],[-77.3220803,39.0555189],[-77.3216581,39.0555284],[-77.3212421,39.0554904],[-77.3208383,39.0553907],[-77.3202754,39.0552576],[-77.3196452,39.0550296],[-77.3190334,39.0547968],[-77.3184522,39.0545402],[-77.3178832,39.0542267],[-77.317253,39.053723],[-77.3168309,39.0534712],[-77.3162435,39.0530341],[-77.3153503,39.0524117],[-77.3150321,39.0521314],[-77.3148914,39.0520791],[-77.3147385,39.0520174],[-77.3142857,39.0519746],[-77.3138574,39.0519794],[-77.313576,39.0519319],[-77.3128418,39.0517893],[-77.3122239,39.0517466],[-77.3114775,39.0517703],[-77.3107984,39.0518606],[-77.3101315,39.0519984],[-77.3094891,39.0521077],[-77.3091097,39.0521314],[-77.3086325,39.0521314],[-77.3078433,39.0520934],[-77.3072131,39.0519889],[-77.3062954,39.0517798],[-77.3057876,39.0516563],[-77.3051941,39.0514662],[-77.3045762,39.0512287],[-77.3039399,39.0509293],[-77.3032914,39.0505777],[-77.3022023,39.0500979],[-77.301511,39.0497938],[-77.3010276,39.0495229],[-77.3007768,39.0493757],[-77.3003913,39.0492236],[-77.3000548,39.0490953],[-77.2998285,39.0489813],[-77.299492,39.0487437],[-77.2992044,39.0485964],[-77.2986232,39.0484206],[-77.2967939,39.0478694],[-77.2959618,39.0476129],[-77.294732,39.047171],[-77.2936002,39.0466673],[-77.2932392,39.0464867],[-77.2928905,39.0462919],[-77.2923031,39.0459593],[-77.2920768,39.0458025],[-77.291624,39.0455792],[-77.2910122,39.0452133],[-77.2903843,39.0448547],[-77.2901801,39.0447381],[-77.2897151,39.0445196],[-77.2892563,39.044263],[-77.2887118,39.0439351],[-77.2883263,39.043536],[-77.2874881,39.0428422],[-77.2873168,39.0427472],[-77.2871149,39.0424193],[-77.2869497,39.0421152],[-77.2866193,39.0418633],[-77.2862523,39.0416305],[-77.2858362,39.0413596],[-77.2854997,39.0410982],[-77.2851143,39.0407276],[-77.2845086,39.0403854],[-77.2839641,39.0401193],[-77.2836949,39.039953],[-77.2831075,39.0397059],[-77.2826854,39.0394873],[-77.2821837,39.0392212],[-77.2817248,39.0388791],[-77.2811681,39.0384941],[-77.2805256,39.0380094],[-77.2796691,39.0373584],[-77.2791307,39.0369307],[-77.2784577,39.0364792],[-77.2778861,39.0359757],[-77.2772708,39.035505],[-77.2766284,39.0351295],[-77.2759737,39.0347113],[-77.2755332,39.0344785],[-77.27474,39.0341571],[-77.2743035,39.0339795],[-77.2739547,39.0338607],[-77.2736549,39.0338179],[-77.2733062,39.0338131],[-77.2729819,39.0337846],[-77.2727189,39.0337133],[-77.2721621,39.0334662],[-77.2708925,39.0330414],[-77.2701064,39.0327866],[-77.2693906,39.0325632],[-77.268306,39.0323144],[-77.2673961,39.0321545],[-77.2667231,39.03205],[-77.2658237,39.0319026],[-77.2650344,39.0317505],[-77.2645633,39.0316745],[-77.2638659,39.0315652],[-77.2632602,39.0314559],[-77.2627095,39.0313181],[-77.2622751,39.031166],[-77.2614431,39.0309996],[-77.2601277,39.0307287],[-77.2590937,39.0305529],[-77.2582043,39.0303586],[-77.2573745,39.0301774],[-77.2565363,39.0300063],[-77.2559612,39.0298352],[-77.2547131,39.0294313],[-77.2540034,39.0291841],[-77.2534466,39.0289512],[-77.2529816,39.0287326],[-77.2524004,39.0283191],[-77.2518008,39.0279531],[-77.2512899,39.027688],[-77.250371,39.027146],[-77.2498736,39.0271119],[-77.2491456,39.0269645],[-77.2486622,39.026822],[-77.2482328,39.0266182],[-77.2476955,39.0262088],[-77.2471266,39.0257335],[-77.2465637,39.0252107],[-77.2462333,39.0248067],[-77.2460987,39.0245358],[-77.2460375,39.0243694],[-77.2458295,39.0241888],[-77.2456827,39.0240747],[-77.2455909,39.0239131],[-77.245542,39.0236184],[-77.245493,39.0234378],[-77.245285,39.0230908],[-77.2448873,39.0223826],[-77.2447772,39.0221402],[-77.2447282,39.0215555],[-77.2446181,39.0211277],[-77.2445263,39.0204908],[-77.2445569,39.0201486],[-77.244612,39.0199584],[-77.2446426,39.0196827],[-77.2446242,39.0194973],[-77.2445175,39.0193464],[-77.2446487,39.0189222],[-77.2447038,39.0186275],[-77.2447527,39.0184611],[-77.2448445,39.0183375],[-77.244984,39.0181969],[-77.2449974,39.0177338],[-77.245062,39.0174823],[-77.2452177,39.0171349],[-77.2454624,39.0167641],[-77.2457133,39.0165169],[-77.2459213,39.0164076],[-77.2460436,39.0163838],[-77.2461599,39.016303],[-77.2463006,39.0159655],[-77.2463618,39.0156993],[-77.2463801,39.0154141],[-77.2464352,39.0152144],[-77.2465943,39.0148626],[-77.2470409,39.0143255],[-77.2473835,39.0140307],[-77.2479709,39.0135886],[-77.248546,39.0132131],[-77.2496904,39.0126037],[-77.2510544,39.0118915],[-77.2514827,39.0114161],[-77.2517091,39.0110025],[-77.2520089,39.0105984],[-77.2523943,39.0100802],[-77.2528715,39.0095383],[-77.2530489,39.0092768],[-77.2533854,39.0087253],[-77.2537403,39.0080978],[-77.2541625,39.0073514],[-77.2544255,39.0068236],[-77.2545173,39.0065574],[-77.2547592,39.0062552],[-77.2549242,39.0058516],[-77.2550831,39.0053861],[-77.2553887,39.0047355],[-77.2555232,39.0045027],[-77.2556821,39.0041323],[-77.2557921,39.0036383],[-77.2558777,39.0025175],[-77.255896,39.0022847],[-77.2559021,39.0021137],[-77.2558532,39.0019475],[-77.2557126,39.0016625],[-77.2553887,39.0012968],[-77.2551198,39.0008266],[-77.2548998,39.0004561],[-77.2546736,39.0001046],[-77.2546064,38.9998672],[-77.254527,38.9996819],[-77.2543436,38.9993922],[-77.2542214,38.9991499],[-77.2541725,38.9988365],[-77.2540747,38.9982522],[-77.2539402,38.997744],[-77.2537324,38.9971123],[-77.2535369,38.9967513],[-77.2532129,38.9963665],[-77.2531151,38.996205],[-77.2529685,38.9958108],[-77.2529257,38.995616],[-77.2528829,38.995426],[-77.2527912,38.995331],[-77.2525101,38.995236],[-77.2521678,38.9951695],[-77.2516483,38.9949843],[-77.2513794,38.9949273],[-77.2511961,38.9949415],[-77.2510249,38.994951],[-77.2508966,38.9949083],[-77.2506949,38.9947705],[-77.2503588,38.9946518],[-77.2500471,38.9945663],[-77.2498637,38.9942813],[-77.2498637,38.9941673],[-77.2499248,38.9940723],[-77.249937,38.9939583],[-77.2498698,38.9938775],[-77.2497048,38.9938823],[-77.2495092,38.9938918],[-77.2493381,38.9938015],[-77.2491425,38.9936258],[-77.2488553,38.9931032],[-77.2485436,38.992728],[-77.2483847,38.9924857],[-77.2482808,38.9921722],[-77.2482563,38.9918587],[-77.248183,38.9915642],[-77.2480852,38.9913599],[-77.2480302,38.9911081],[-77.2480363,38.9908849],[-77.2479691,38.9906426],[-77.2478163,38.9902341],[-77.247529,38.9896023],[-77.2473273,38.9891462],[-77.2471684,38.9885904],[-77.2468628,38.9878446],[-77.2465878,38.9873648],[-77.2462333,38.9865524],[-77.2460805,38.9860631],[-77.2460194,38.9858256],[-77.2458483,38.9855025],[-77.2457138,38.9853173],[-77.2455121,38.984923],[-77.2454449,38.9846997],[-77.2453349,38.9844194],[-77.2451393,38.9841676],[-77.2450782,38.9838398],[-77.2449926,38.9836878],[-77.2449193,38.9833172],[-77.2447787,38.9828659],[-77.2447237,38.9827091],[-77.244577,38.9825998],[-77.2444243,38.9825333],[-77.2442287,38.9824715],[-77.2441614,38.9823955],[-77.2441003,38.98231],[-77.2440209,38.9822625],[-77.2439536,38.982272],[-77.2438986,38.9823195],[-77.243807,38.9823575],[-77.2436786,38.9823243],[-77.2435808,38.9822482],[-77.2434342,38.9821912],[-77.2431958,38.9821485],[-77.2428352,38.9821152],[-77.2425907,38.982101],[-77.242334,38.982044],[-77.2420896,38.9818777],[-77.2417718,38.9817399],[-77.2415028,38.9815926],[-77.2412461,38.9814358],[-77.2409589,38.9812505],[-77.240745,38.981184],[-77.2405922,38.9811508],[-77.2404333,38.9811745],[-77.2403233,38.981165],[-77.2401766,38.9810558],[-77.2399443,38.980842],[-77.2397549,38.9807089],[-77.2396082,38.9804904],[-77.2395349,38.9803811],[-77.2394371,38.9802243],[-77.2394126,38.9801103],[-77.2392965,38.9800818],[-77.2392109,38.9800628],[-77.2390826,38.9800675],[-77.2389848,38.9799868],[-77.2384898,38.9795354],[-77.2381719,38.9792551],[-77.2379214,38.978913],[-77.237628,38.9786327],[-77.2372857,38.9783286],[-77.2370107,38.9780341],[-77.2366379,38.9775542],[-77.2362834,38.9771979],[-77.2360512,38.976946],[-77.2358311,38.9768463],[-77.2356722,38.976813],[-77.2354339,38.9767132],[-77.2351955,38.9765374],[-77.2350672,38.9763379],[-77.2350061,38.9762143],[-77.2349144,38.9760861],[-77.2347799,38.9761146],[-77.2345844,38.9762191],[-77.2344316,38.9763236],[-77.2343121,38.9764799],[-77.2341688,38.976699],[-77.233961,38.9769745],[-77.2336881,38.9773229],[-77.2335706,38.9773918],[-77.2335667,38.977519],[-77.2334839,38.977796],[-77.2332037,38.9780071],[-77.233066,38.978085],[-77.2329485,38.9782137],[-77.2328907,38.9783919],[-77.2328608,38.9785424],[-77.2327936,38.9787325],[-77.2326692,38.9789968],[-77.2325036,38.9791795],[-77.2323842,38.9792902],[-77.2321415,38.9793861],[-77.2320722,38.979425],[-77.2320471,38.9794549],[-77.2320414,38.9794894],[-77.2320394,38.9795972],[-77.2319816,38.9797229],[-77.2318622,38.9798053],[-77.2317255,38.9798697],[-77.2314944,38.9798816],[-77.2312228,38.9797933],[-77.2311169,38.9797125],[-77.2310302,38.9795942],[-77.2310707,38.9795223],[-77.2312113,38.97941],[-77.2311708,38.9793876],[-77.2310784,38.979413],[-77.2309339,38.979419],[-77.2308222,38.9794609],[-77.2307471,38.9795223],[-77.2306423,38.9795877],[-77.2305275,38.9797559],[-77.230306,38.9798337],[-77.2300114,38.9798083],[-77.2298534,38.9797738],[-77.2296493,38.979681],[-77.229371,38.9794547],[-77.2291082,38.9792029],[-77.2287721,38.9788655],[-77.2284726,38.9784237],[-77.2282159,38.9780768],[-77.2281609,38.977882],[-77.2279776,38.9776492],[-77.2278187,38.9774782],[-77.2276109,38.9771313],[-77.2274581,38.9767275],[-77.227238,38.9762001],[-77.2270914,38.9757202],[-77.2269325,38.9753258],[-77.2268286,38.9750978],[-77.2267002,38.9747414],[-77.2265596,38.9744468],[-77.2262846,38.9741903],[-77.2260951,38.9739764],[-77.2258507,38.9737009],[-77.2251234,38.9731402],[-77.2248056,38.9728883],[-77.2243655,38.9725842],[-77.2239071,38.9722706],[-77.2236627,38.9721328],[-77.2234121,38.9720283],[-77.2228498,38.9718668],[-77.2221225,38.9716624],[-77.2217436,38.9715151],[-77.2213463,38.9713821],[-77.220998,38.9713346],[-77.220674,38.9713441],[-77.2203257,38.9713488],[-77.2199467,38.9714629],[-77.2195923,38.9715959],[-77.21936,38.9716387],[-77.2191217,38.9716482],[-77.2188222,38.9715674],[-77.2185349,38.9714344],[-77.2181254,38.9712395],[-77.217771,38.9711445],[-77.2174226,38.9711112],[-77.2168603,38.9709735],[-77.2164875,38.9708927],[-77.2160719,38.9707691],[-77.2158824,38.9706313],[-77.2156807,38.9705601],[-77.2155279,38.970541],[-77.2153813,38.9706028],[-77.2151979,38.9706266],[-77.2148801,38.9705933],[-77.2145012,38.9704603],[-77.2142323,38.9702654],[-77.214055,38.9700611],[-77.2138717,38.9699328],[-77.2136578,38.9698425],[-77.2132972,38.969776],[-77.2130527,38.9697998],[-77.2127838,38.9697903],[-77.2126671,38.9697717],[-77.2125533,38.9697535],[-77.2123498,38.9696525],[-77.2119098,38.9694149],[-77.2116776,38.9693531],[-77.2113842,38.9693151],[-77.2111764,38.9693294],[-77.2109564,38.9694909],[-77.2107791,38.9696952],[-77.2105713,38.9699233],[-77.2103513,38.9700374],[-77.2100274,38.9701229],[-77.2095262,38.9702037],[-77.2090006,38.9702559],[-77.2084628,38.9702512],[-77.2079922,38.9702654],[-77.2075277,38.9701847],[-77.2072282,38.9701181],[-77.2066843,38.9699898],[-77.2062564,38.9697855],[-77.2059997,38.9696097],[-77.2057064,38.9693103],[-77.2055597,38.969049],[-77.2054558,38.9689207],[-77.2053123,38.9688794],[-77.2047713,38.9688779],[-77.2045207,38.9688684],[-77.2040807,38.9687924],[-77.2033717,38.9684693],[-77.2031028,38.9683362],[-77.2030417,38.9682602],[-77.2030172,38.9681794],[-77.20306,38.9681271],[-77.203005,38.9680749],[-77.202675,38.9680084],[-77.2023633,38.9679228],[-77.2019843,38.9678325],[-77.2017765,38.9678135],[-77.2015932,38.9677375],[-77.2012081,38.9674999],[-77.2010187,38.9674001],[-77.2005481,38.9673241],[-77.2002119,38.9672148],[-77.1999919,38.9671768],[-77.1998147,38.967134],[-77.1997291,38.9670675],[-77.1995824,38.9670437],[-77.1993318,38.9670865],[-77.1989101,38.9670722],[-77.1984701,38.9669914],[-77.1979995,38.9668536],[-77.1976572,38.9667206],[-77.1975533,38.9666826],[-77.1974128,38.9666826],[-77.1973272,38.9667586],[-77.1971377,38.9668489],[-77.1968566,38.9669249],[-77.1965632,38.967077],[-77.1963799,38.9671815],[-77.1961965,38.9672195],[-77.1960621,38.967172],[-77.1959276,38.9672243],[-77.1957809,38.9673668],[-77.1955853,38.9674191],[-77.1953286,38.9674476],[-77.1950536,38.9675047],[-77.1947847,38.9675854],[-77.1945586,38.9676995],[-77.1944852,38.967861],[-77.1944608,38.9680274],[-77.1943324,38.9681557],[-77.1941919,38.9682269],[-77.1939596,38.9682174],[-77.193764,38.9681842],[-77.1936174,38.9681034],[-77.1933301,38.9680654],[-77.1930245,38.9680654],[-77.1924622,38.9680986],[-77.191955,38.9681271],[-77.1914844,38.9681224],[-77.1910076,38.9680559],[-77.190427,38.9679846],[-77.1898709,38.9678278],[-77.1895286,38.967766],[-77.189168,38.9677042],[-77.1889297,38.967633],[-77.1887585,38.967633],[-77.1885568,38.9676852],[-77.1882757,38.9677708],[-77.1878907,38.9678088],[-77.1873773,38.967766],[-77.1868394,38.967747],[-77.1865889,38.9677803],[-77.1863199,38.9678468],[-77.1859043,38.9679133],[-77.1856354,38.9679323],[-77.1852809,38.9679181],[-77.1850609,38.9678896],[-77.1848287,38.9678943],[-77.1845964,38.9679751],[-77.1843336,38.9681129],[-77.1841564,38.9681271],[-77.1840097,38.9681224],[-77.1839486,38.9680274],[-77.1838325,38.9680226],[-77.1837225,38.9681699],[-77.1835208,38.968341],[-77.1833374,38.9684978],[-77.1831174,38.9686594],[-77.1829035,38.9686831],[-77.182604,38.9686736],[-77.1822862,38.9687259],[-77.1818828,38.9687781],[-77.1815528,38.9687877],[-77.1812839,38.9687591],[-77.1810272,38.9686974],[-77.1806238,38.968493],[-77.180361,38.9684313],[-77.1801043,38.9684265],[-77.1798293,38.968474],[-77.179635,38.9684862],[-77.1793953,38.968436],[-77.1792364,38.9683505],[-77.1790653,38.9682174],[-77.1788514,38.9681842],[-77.1784602,38.9682174],[-77.1781363,38.9682317],[-77.1777818,38.9682127],[-77.177542,38.968165],[-77.1774824,38.9681271],[-77.1772135,38.9680749],[-77.1767245,38.9680844],[-77.1763028,38.9681224],[-77.1759972,38.9681319],[-77.1756611,38.9680464],[-77.1753371,38.9680274],[-77.1748543,38.9680796],[-77.1745976,38.9680796],[-77.1744815,38.9680084],[-77.1742431,38.9679323],[-77.1739865,38.9678753],[-77.1734853,38.9677755],[-77.1731614,38.967728],[-77.1726296,38.9676044],[-77.1722324,38.9674904],[-77.1719818,38.9673859],[-77.1717312,38.9672433],[-77.1714806,38.9671815],[-77.170955,38.9671102],[-77.1703377,38.9670675],[-77.1697877,38.9670342],[-77.1692437,38.967077],[-77.1686387,38.967134],[-77.1681742,38.9672623],[-77.1678014,38.9674144],[-77.1674591,38.9676425],[-77.1672208,38.967861],[-77.1671107,38.9679656],[-77.1669641,38.9679656],[-77.1668357,38.9679466],[-77.1667013,38.9679466],[-77.166524,38.9680131],[-77.1662612,38.9680939],[-77.1660106,38.9681557],[-77.1658273,38.9681557],[-77.1656867,38.9680986],[-77.165375,38.9679228],[-77.1651367,38.9678468],[-77.1648066,38.9677945],[-77.1645071,38.967804],[-77.1641527,38.9677565],[-77.1636759,38.967652],[-77.1632481,38.9675332],[-77.1627592,38.9673288],[-77.1623436,38.9670675],[-77.161873,38.9667966],[-77.1614146,38.9665543],[-77.1609807,38.9664117],[-77.1605528,38.9663309],[-77.1599845,38.9662406],[-77.1596422,38.9662311],[-77.1593672,38.9661789],[-77.1590616,38.9660791],[-77.1587988,38.9660458],[-77.1584015,38.966003],[-77.1581326,38.9660553],[-77.1578698,38.9661646],[-77.1575703,38.9662644],[-77.1572586,38.9662929],[-77.1568369,38.9662691],[-77.1562135,38.9661979],[-77.1557918,38.9660886],[-77.1552234,38.965965],[-77.1547284,38.9659032],[-77.1541477,38.9658937],[-77.1535243,38.9659127],[-77.1524262,38.9658894],[-77.1517336,38.9658415],[-77.151033,38.9657658],[-77.150389,38.9655849],[-77.1499062,38.9654375],[-77.1489344,38.9651619],[-77.1481766,38.9649338],[-77.1476937,38.9647723],[-77.147162,38.9645869],[-77.1468381,38.9644491],[-77.1464653,38.9641925],[-77.1459213,38.9638218],[-77.1454686,38.963455],[-77.1446839,38.9627934],[-77.1440634,38.9622726],[-77.1428802,38.9610204],[-77.1422115,38.9601578],[-77.1412825,38.9590078],[-77.1406851,38.9583741],[-77.1400895,38.9578713],[-77.1394246,38.9574442],[-77.1388133,38.9569054],[-77.1378905,38.95618],[-77.1373588,38.9557095],[-77.1373099,38.9555811],[-77.1373221,38.9555241],[-77.1373894,38.9555004],[-77.1373894,38.9554433],[-77.1372121,38.9553863],[-77.1368663,38.955221],[-77.1364543,38.954949],[-77.135947,38.954526],[-77.1356654,38.954206],[-77.1349874,38.9532713],[-77.134236,38.952102],[-77.1337101,38.9510374],[-77.1328947,38.9495896],[-77.1316117,38.9473703],[-77.1312752,38.9469939],[-77.1310716,38.9466733],[-77.1309738,38.9463978],[-77.1305297,38.9454438],[-77.130302,38.9448825],[-77.1302287,38.944721],[-77.1299722,38.9444312],[-77.1297778,38.9441485],[-77.1294958,38.9435571],[-77.1290438,38.9426023],[-77.1285918,38.9416617],[-77.1283353,38.9412294],[-77.1281154,38.9409158],[-77.1278772,38.9407353],[-77.1274924,38.9405263],[-77.1271748,38.94036],[-77.1269488,38.940322],[-77.1267106,38.9401937],[-77.1263197,38.9399657],[-77.1260172,38.9396751],[-77.1255501,38.9393623],[-77.125147,38.9390678],[-77.1248601,38.9388678],[-77.1245028,38.9384045],[-77.1239583,38.9379016],[-77.1236323,38.9374668],[-77.1233513,38.9372577],[-77.1228505,38.937063],[-77.1225451,38.9368539],[-77.1222152,38.9365166],[-77.1220076,38.9363456],[-77.1216961,38.9361935],[-77.1214518,38.9360463],[-77.121238,38.9358135],[-77.1210548,38.9354619],[-77.120521,38.9350426],[-77.1197949,38.9343511],[-77.113952,38.9389201],[-77.112058,38.9404011],[-77.1010614,38.9489992],[-77.0913681,38.9565774],[-77.0836144,38.9626386],[-77.0828749,38.9632134],[-77.0822227,38.9637264],[-77.0804738,38.9650935],[-77.0717398,38.9719201],[-77.0693818,38.9737631],[-77.0692172,38.9738918],[-77.0670781,38.9755637],[-77.0544877,38.9854029],[-77.0535876,38.9861063],[-77.052422,38.987017],[-77.0510684,38.9880747],[-77.0495365,38.9892718],[-77.0471058,38.9911711],[-77.0409665,38.995968],[-77.0365676,38.9925206],[-77.0363255,38.9922366],[-77.0362416,38.992147],[-77.0359356,38.9918496],[-77.0356622,38.9916276],[-77.0349584,38.9910737],[-77.0341744,38.9904636],[-77.033531,38.989963],[-77.0334515,38.9899019],[-77.0310604,38.9880431],[-77.0283236,38.9858959],[-77.028103,38.9857228],[-77.0277084,38.9854197],[-77.0272925,38.9851045],[-77.027073,38.9849385],[-77.0266306,38.9845722],[-77.0242332,38.982721],[-77.0223779,38.9812776],[-77.0202675,38.9796581],[-77.0182145,38.9781112],[-77.0171196,38.9772535],[-77.0162072,38.9765392],[-77.0146256,38.9753],[-77.0141166,38.9749013],[-77.0128387,38.9738795],[-77.0128199,38.9738653],[-77.0114948,38.9728627],[-77.0101953,38.9718694],[-77.0100263,38.9717123],[-77.0099091,38.9716045],[-77.0097799,38.9714834],[-77.0096791,38.9713897],[-77.0095776,38.9712951],[-77.0094794,38.9712057],[-77.0094134,38.9711476],[-77.0093392,38.9710842],[-77.0092399,38.9710024],[-77.0091027,38.9708878],[-77.0084621,38.970393],[-77.0077797,38.9698591],[-77.007202,38.9694078],[-77.0064058,38.9687828],[-77.0050684,38.9677389],[-77.0036933,38.9666655],[-77.003555,38.9665502],[-77.002471,38.9656933],[-77.0022334,38.965526],[-77.0020766,38.9654058],[-77.0018843,38.965249],[-77.0014849,38.9649368],[-76.9996726,38.9635203],[-76.9991331,38.9630962],[-76.9972244,38.9615957],[-76.9931128,38.9583925],[-76.991668,38.957238],[-76.9903556,38.956237],[-76.987833,38.954265],[-76.9875107,38.9540148],[-76.9872919,38.953845],[-76.9857503,38.9526486],[-76.9856481,38.9525693],[-76.9853758,38.952358],[-76.9776907,38.9463933],[-76.9744257,38.9438276],[-76.9737806,38.9433222],[-76.9720711,38.9419828],[-76.972056,38.941971],[-76.9719689,38.9419026],[-76.963879,38.9355484],[-76.9624152,38.9344129],[-76.9620494,38.9341113],[-76.958748,38.9315222],[-76.9577613,38.9307366],[-76.957647,38.9306581],[-76.9576017,38.930627],[-76.9561863,38.9295348],[-76.9557887,38.929228],[-76.944666,38.920644],[-76.9439103,38.9200921],[-76.94291,38.919308],[-76.9419069,38.9185218],[-76.9415501,38.9182344],[-76.940164,38.9171177],[-76.9340149,38.9121635],[-76.933942,38.9121048],[-76.9327521,38.9111747],[-76.9314062,38.9101174],[-76.9236673,38.9040368],[-76.9235982,38.903983],[-76.9164432,38.8983753],[-76.9134149,38.8960109],[-76.9107681,38.8939442],[-76.9105255,38.8937505],[-76.9101106,38.8934252],[-76.9095907,38.8930177],[-76.909366,38.8928623],[-76.910548,38.8919594],[-76.9126725,38.8903105],[-76.9126908,38.8902965],[-76.9127952,38.8902164],[-76.9134836,38.889687],[-76.9144908,38.888881],[-76.918566,38.8857117],[-76.9209656,38.8838434],[-76.9226513,38.8825306],[-76.9264771,38.8795509],[-76.9310141,38.8760135],[-76.9343173,38.8734379],[-76.9350144,38.8728943],[-76.9413717,38.8679454],[-76.9456766,38.8645799],[-76.945874,38.8644322],[-76.9467576,38.8637409],[-76.9520725,38.8596034],[-76.9522756,38.8594452],[-76.9581062,38.8549047],[-76.9623466,38.8516037],[-76.9823975,38.835993],[-76.9873561,38.832132],[-76.9890379,38.8308215],[-77.0013047,38.8212644],[-77.0044933,38.8187477],[-77.0055927,38.8178802],[-77.006294,38.8173123],[-77.0114619,38.8132202],[-77.0142906,38.8109802],[-77.0149921,38.8104248],[-77.0226573,38.8043503],[-77.0243426,38.8030325],[-77.0244028,38.8029854],[-77.0262742,38.8015201],[-77.0372755,38.7929273],[-77.0374389,38.7927996],[-77.0377254,38.7925758],[-77.0379043,38.7924361],[-77.0389358,38.7916303],[-77.0392977,38.7914009],[-77.0394045,38.7904032],[-77.0403701,38.7902611],[-77.0405456,38.7851837],[-77.041364,38.768554],[-77.0416155,38.7610371],[-77.0416837,38.7589984],[-77.0418829,38.7531016],[-77.042282,38.741285],[-77.042268,38.741155],[-77.04229,38.741024],[-77.042332,38.74087],[-77.0426758,38.7402509],[-77.042724,38.740162],[-77.04282,38.740045],[-77.042972,38.739907],[-77.043079,38.739797],[-77.043133,38.739742],[-77.0431836,38.7396993],[-77.043184,38.739699],[-77.043241,38.739661],[-77.043311,38.739574],[-77.043354,38.739538],[-77.043421,38.739463],[-77.043452,38.739401],[-77.043465,38.739352],[-77.043478,38.739241],[-77.043467,38.739147],[-77.04342,38.739004],[-77.043353,38.73886],[-77.0433105,38.7387955],[-77.0433054,38.7387878],[-77.043299,38.738778],[-77.043295,38.738772],[-77.043231,38.738712],[-77.0431734,38.7386745],[-77.043125,38.738643],[-77.042956,38.738507],[-77.042856,38.738407],[-77.042835,38.738376],[-77.042809,38.738383],[-77.04265,38.738206],[-77.04253,38.738073],[-77.042566,38.738053],[-77.042382,38.737785],[-77.042308,38.737701],[-77.042279,38.737677],[-77.042155,38.737593],[-77.041889,38.737326],[-77.041827,38.737251],[-77.041765,38.737163],[-77.041752,38.737139],[-77.041741,38.73712],[-77.041638,38.736938],[-77.04159,38.736817],[-77.041588,38.736787],[-77.041607,38.736743],[-77.041637,38.736705],[-77.041706,38.736633],[-77.041764,38.736522],[-77.041834,38.736434],[-77.04184,38.736413],[-77.041831,38.736353],[-77.041816,38.736301],[-77.041814,38.736226],[-77.041798,38.73606],[-77.041795,38.735888],[-77.04177,38.735813],[-77.041753,38.73578],[-77.041742,38.73572],[-77.041741,38.735592],[-77.04175,38.735543],[-77.041761,38.735515],[-77.041764,38.735428],[-77.041712,38.735308],[-77.041696,38.735246],[-77.041653,38.734687],[-77.041714,38.734674],[-77.041734,38.734652],[-77.041734,38.734627],[-77.041699,38.734523],[-77.041681,38.734425],[-77.041678,38.734285],[-77.0416366,38.7340134],[-77.041623,38.733811],[-77.041606,38.733662],[-77.041614,38.733507],[-77.041658,38.733238],[-77.0416717,38.7331083],[-77.0417147,38.7329219],[-77.041765,38.732458],[-77.041761,38.732323],[-77.041742,38.732261],[-77.041707,38.731513],[-77.041663,38.731362],[-77.041694,38.731061],[-77.04175,38.730852],[-77.041746,38.730827],[-77.04171,38.730637],[-77.041663,38.730388],[-77.0416704,38.7303035],[-77.04168,38.730194],[-77.041678,38.730023],[-77.041658,38.729829],[-77.0416532,38.7296783],[-77.041686,38.729327],[-77.041704,38.729049],[-77.04171,38.72881],[-77.041694,38.728614],[-77.041688,38.728567],[-77.041688,38.728564],[-77.041684,38.728536],[-77.041669,38.728421],[-77.041656,38.728211],[-77.041634,38.727996],[-77.04163,38.727879],[-77.041633,38.727718],[-77.041663,38.727212],[-77.041676,38.727121],[-77.04167,38.726899],[-77.041633,38.726541],[-77.041623,38.726496],[-77.041549,38.726262],[-77.041487,38.72591],[-77.041469,38.725847],[-77.041479,38.725821],[-77.041485,38.725765],[-77.041495,38.725738],[-77.041526,38.725698],[-77.041634,38.725562],[-77.041662,38.725517],[-77.0417,38.725427],[-77.041725,38.725369],[-77.041746,38.725309],[-77.041803,38.725097],[-77.041826,38.725037],[-77.041895,38.724927],[-77.042021,38.724677],[-77.042053,38.724592],[-77.042065,38.724498],[-77.042151,38.724255],[-77.042229,38.723903],[-77.042268,38.723727],[-77.042288,38.723585],[-77.042296,38.723441],[-77.042318,38.723215],[-77.042397,38.72277],[-77.042386,38.72267],[-77.042393,38.722631],[-77.042421,38.722542],[-77.042434,38.722464],[-77.042432,38.722338],[-77.04244,38.722273],[-77.042473,38.722198],[-77.042476,38.722135],[-77.042492,38.722078],[-77.042524,38.722019],[-77.042544,38.721875],[-77.042534,38.721843],[-77.042554,38.721805],[-77.042567,38.721769],[-77.042573,38.721654],[-77.042612,38.721553],[-77.042635,38.721484],[-77.042623,38.721447],[-77.042618,38.721405],[-77.042623,38.721363],[-77.042646,38.72131],[-77.042664,38.721236],[-77.0426745,38.7210986],[-77.0427292,38.7210775],[-77.04276,38.72099],[-77.042836,38.720804],[-77.042851,38.720654],[-77.042883,38.720582],[-77.042945,38.7203988],[-77.042968,38.72034],[-77.042984,38.720314],[-77.042993,38.720261],[-77.043016,38.720195],[-77.043019,38.720155],[-77.043038,38.720096],[-77.04307,38.720038],[-77.043082,38.719983],[-77.043178,38.719779],[-77.043185,38.7196502],[-77.043204,38.719565],[-77.04323,38.719462],[-77.0432244,38.7193368],[-77.043263,38.719275],[-77.0432865,38.7192363],[-77.0433252,38.7191666],[-77.0433474,38.7191145],[-77.0433617,38.7190534],[-77.04329,38.71903],[-77.043301,38.718981],[-77.043302,38.718944],[-77.043289,38.718863],[-77.0432812,38.7187882],[-77.043246,38.718734],[-77.043251,38.718716],[-77.043298,38.718672],[-77.043324,38.718579],[-77.043366,38.718535],[-77.043338,38.718468],[-77.043384,38.718435],[-77.043409,38.718381],[-77.0434366,38.7183338],[-77.0434492,38.7183123],[-77.0434942,38.7182383],[-77.0435534,38.7181208],[-77.0435988,38.7180245],[-77.04366,38.717926],[-77.0437265,38.7178721],[-77.043799,38.717799],[-77.043848,38.717743],[-77.043858,38.717711],[-77.043892,38.717655],[-77.043965,38.717608],[-77.044093,38.717459],[-77.044152,38.717417],[-77.044173,38.717342],[-77.044218,38.717273],[-77.044307,38.717172],[-77.044343,38.71714],[-77.044383,38.717085],[-77.044465,38.717007],[-77.044511,38.716933],[-77.044561,38.716882],[-77.044636,38.716779],[-77.044682,38.716724],[-77.044699,38.716685],[-77.044775,38.716599],[-77.044817,38.716538],[-77.044847,38.716504],[-77.044885,38.716477],[-77.044929,38.716428],[-77.044956,38.716372],[-77.045042,38.716271],[-77.04509,38.716197],[-77.045134,38.716142],[-77.045207,38.716049],[-77.04528,38.715973],[-77.045298,38.715933],[-77.045359,38.715874],[-77.045443,38.715766],[-77.04547,38.715707],[-77.045492,38.715619],[-77.045541,38.715565],[-77.045559,38.715552],[-77.045596,38.715511],[-77.045629,38.715466],[-77.045645,38.715433],[-77.045726,38.715342],[-77.045767,38.715279],[-77.045801,38.715255],[-77.045837,38.715197],[-77.045875,38.715154],[-77.045883,38.715115],[-77.045903,38.715087],[-77.04595,38.715017],[-77.04599,38.714969],[-77.046036,38.714805],[-77.0460809,38.7147236],[-77.046065,38.714671],[-77.046075,38.714611],[-77.046098,38.714568],[-77.046132,38.714523],[-77.046143,38.714495],[-77.046165,38.71446],[-77.046196,38.714431],[-77.046415,38.714301],[-77.046582,38.714221],[-77.046679,38.714162],[-77.046756,38.714127],[-77.046919,38.714029],[-77.047164,38.713822],[-77.047233,38.713751],[-77.047307,38.713685],[-77.047352,38.713656],[-77.047441,38.713576],[-77.047558,38.713481],[-77.047604,38.713456],[-77.047681,38.713404],[-77.047752,38.713331],[-77.0479031,38.7132526],[-77.0479295,38.7132043],[-77.048015,38.7131162],[-77.048073,38.7130684],[-77.0480931,38.7130178],[-77.048091,38.712973],[-77.0481575,38.7129531],[-77.0482378,38.7129383],[-77.048262,38.712879],[-77.048315,38.712807],[-77.048335,38.712797],[-77.048409,38.712773],[-77.048454,38.712756],[-77.048578,38.71272],[-77.048619,38.71269],[-77.048668,38.712669],[-77.0487066,38.7126335],[-77.0487635,38.7125994],[-77.0487879,38.7125596],[-77.0488844,38.7125007],[-77.0489461,38.7125114],[-77.049033,38.712487],[-77.049324,38.712372],[-77.049412,38.712328],[-77.04949,38.712301],[-77.049616,38.712238],[-77.0497064,38.7121808],[-77.049807,38.712137],[-77.049897,38.712092],[-77.050045,38.712021],[-77.050089,38.712007],[-77.050261,38.711882],[-77.050308,38.711874],[-77.050337,38.711849],[-77.0504112,38.7117846],[-77.050517,38.711758],[-77.050681,38.71169],[-77.050781,38.71163],[-77.050891,38.711567],[-77.050919,38.711541],[-77.051032,38.711502],[-77.051139,38.711447],[-77.051269,38.711409],[-77.051317,38.711388],[-77.051495,38.711296],[-77.051652,38.711227],[-77.051736,38.711178],[-77.051773,38.711148],[-77.051896,38.711087],[-77.051971,38.711027],[-77.052051,38.710974],[-77.052096,38.710928],[-77.0522101,38.7108354],[-77.0522852,38.7107519],[-77.052332,38.710686],[-77.052351,38.710659],[-77.0523891,38.7105949],[-77.052472,38.710506],[-77.052505,38.710462],[-77.052548,38.710426],[-77.0525937,38.7104049],[-77.0526044,38.7103712],[-77.05262,38.7103224],[-77.052668,38.710256],[-77.052699,38.710207],[-77.052781,38.710126],[-77.052826,38.710088],[-77.052844,38.710055],[-77.052897,38.710012],[-77.053017,38.709932],[-77.053068,38.709922],[-77.053142,38.709891],[-77.053237,38.709914],[-77.0533085,38.7099046],[-77.0534269,38.7098748],[-77.0534833,38.7098892],[-77.0535451,38.7098536],[-77.05373,38.709823],[-77.053956,38.709828],[-77.054053,38.709837],[-77.054201,38.709858],[-77.054322,38.709857],[-77.054374,38.709867],[-77.054477,38.709866],[-77.054552,38.709896],[-77.054609,38.709897],[-77.054781,38.709919],[-77.05484,38.709946],[-77.054991,38.709976],[-77.055057,38.709987],[-77.055108,38.710005],[-77.055203,38.710007],[-77.055241,38.709995],[-77.055278,38.709993],[-77.055351,38.710027],[-77.055399,38.710042],[-77.05549,38.710051],[-77.055521,38.710066],[-77.055622,38.710079],[-77.055724,38.710091],[-77.055775,38.710086],[-77.055888,38.710082],[-77.056107,38.710151],[-77.056298,38.710184],[-77.05638,38.710183],[-77.056508,38.710216],[-77.056608,38.710197],[-77.056704,38.71019],[-77.05695,38.710118],[-77.057056,38.710098],[-77.057118,38.710076],[-77.057218,38.710029],[-77.057367,38.709998],[-77.057525,38.709943],[-77.057638,38.709916],[-77.057794,38.709898],[-77.05788,38.709902],[-77.057948,38.709896],[-77.057983,38.709913],[-77.058065,38.709915],[-77.058121,38.709932],[-77.058159,38.709969],[-77.058201,38.709993],[-77.058239,38.710002],[-77.058312,38.709999],[-77.058364,38.71003],[-77.058466,38.710027],[-77.058528,38.710018],[-77.05871,38.71001],[-77.058771,38.710019],[-77.058835,38.710015],[-77.0589,38.710023],[-77.058983,38.710025],[-77.059066,38.710019],[-77.0591074,38.7100471],[-77.0591398,38.7100528],[-77.0591795,38.7100249],[-77.059198,38.709981],[-77.059683,38.709938],[-77.059916,38.709928],[-77.060849,38.709873],[-77.061176,38.709854],[-77.061204,38.70985],[-77.061324,38.709834],[-77.061388,38.709837],[-77.061412,38.709844],[-77.06148,38.709825],[-77.061792,38.70981],[-77.061858,38.709813],[-77.061897,38.709823],[-77.061926,38.709843],[-77.061961,38.709853],[-77.0619928,38.7098566],[-77.062059,38.709864],[-77.062097,38.709857],[-77.062117,38.709848],[-77.062196,38.709829],[-77.062223,38.709817],[-77.062269,38.709807],[-77.062329,38.709803],[-77.06239,38.709805],[-77.062425,38.709811],[-77.062639,38.7098],[-77.062705,38.709811],[-77.062804,38.709809],[-77.062834,38.709814],[-77.063039,38.709807],[-77.063098,38.709813],[-77.063159,38.709826],[-77.063537,38.709848],[-77.063599,38.709857],[-77.064074,38.709891],[-77.064793,38.709917],[-77.065149,38.709917],[-77.065267,38.709913],[-77.065286,38.709901],[-77.065449,38.709902],[-77.065538,38.709912],[-77.065648,38.709914],[-77.065765,38.709927],[-77.065811,38.70992],[-77.065952,38.709928],[-77.066088,38.709928],[-77.066233,38.709937],[-77.066467,38.709931],[-77.066508,38.709935],[-77.066599,38.709928],[-77.066743,38.709933],[-77.066805,38.709926],[-77.066936,38.709947],[-77.066986,38.709949],[-77.067161,38.709937],[-77.067244,38.709943],[-77.067326,38.709959],[-77.067681,38.709955],[-77.067768,38.709968],[-77.067982,38.709944],[-77.068156,38.709977],[-77.068286,38.709986],[-77.068314,38.709983],[-77.068384,38.709993],[-77.068481,38.709992],[-77.068539,38.710007],[-77.068581,38.710012],[-77.06873,38.71001],[-77.068773,38.710018],[-77.068885,38.710053],[-77.068963,38.710069],[-77.06908,38.710082],[-77.069118,38.710082],[-77.069237,38.710066],[-77.069402,38.710045],[-77.069593,38.710053],[-77.069634,38.710045],[-77.069818,38.710043],[-77.070005,38.710024],[-77.070181,38.710025],[-77.070239,38.710006],[-77.070437,38.710007],[-77.07068,38.709997],[-77.0707594,38.7099732],[-77.070849,38.709985],[-77.070896,38.709995],[-77.070959,38.709987],[-77.071032,38.709988],[-77.071089,38.709973],[-77.071143,38.70997],[-77.071196,38.709973],[-77.071239,38.709981],[-77.071321,38.709973],[-77.071377,38.709974],[-77.071433,38.709981],[-77.0715266,38.7099853],[-77.071631,38.710026],[-77.071834,38.710085],[-77.071894,38.710121],[-77.072004,38.710174],[-77.072107,38.710207],[-77.072226,38.710253],[-77.072329,38.710298],[-77.072365,38.710327],[-77.072405,38.710343],[-77.072451,38.710371],[-77.072516,38.710419],[-77.072582,38.710455],[-77.072649,38.710493],[-77.072697,38.710529],[-77.072803,38.710568],[-77.07283,38.710583],[-77.072859,38.710624],[-77.07301,38.710702],[-77.073157,38.710811],[-77.073208,38.710876],[-77.073229,38.71091],[-77.073248,38.71098],[-77.07326,38.711018],[-77.073273,38.711039],[-77.073272,38.711061],[-77.073291,38.71109],[-77.073336,38.711143],[-77.073352,38.711173],[-77.073408,38.711212],[-77.073433,38.711244],[-77.073501,38.711314],[-77.073528,38.711332],[-77.073621,38.711436],[-77.0736885,38.7115176],[-77.0737184,38.7115584],[-77.079948,38.70901],[-77.079978,38.708988],[-77.080004,38.708947],[-77.0800318,38.7089276],[-77.080037,38.708924],[-77.080266,38.708822],[-77.080344,38.708769],[-77.080412,38.70874],[-77.080605,38.708626],[-77.080777,38.708552],[-77.080869,38.708501],[-77.080909,38.70847],[-77.080926,38.708449],[-77.081046,38.708385],[-77.081106,38.708348],[-77.08117,38.708323],[-77.081254,38.708269],[-77.081329,38.708207],[-77.081421,38.708143],[-77.081465,38.7081],[-77.08155,38.708048],[-77.081556,38.708017],[-77.081607,38.707975],[-77.081614,38.707926],[-77.081638,38.707911],[-77.081677,38.707899],[-77.081771,38.707839],[-77.081843,38.707812],[-77.081931,38.70776],[-77.081963,38.707752],[-77.082046,38.707721],[-77.082087,38.7077],[-77.082146,38.70768],[-77.082246,38.707628],[-77.082345,38.707599],[-77.082392,38.707593],[-77.082485,38.707563],[-77.082603,38.707506],[-77.082673,38.707482],[-77.082734,38.707449],[-77.0828606,38.7073791],[-77.0829458,38.7073396],[-77.0829987,38.7072682],[-77.0830594,38.7072176],[-77.0831539,38.7071883],[-77.083223,38.707134],[-77.083244,38.707117],[-77.083397,38.707062],[-77.083648,38.706995],[-77.08414,38.706834],[-77.084296,38.70682],[-77.084807,38.706805],[-77.084851,38.706801],[-77.0851565,38.706694],[-77.085753,38.706485],[-77.0857807,38.7064755],[-77.0857935,38.7064705],[-77.08608,38.70636],[-77.086891,38.706014],[-77.087607,38.705671],[-77.087728,38.705606],[-77.087853,38.705524],[-77.088036,38.705376],[-77.0882293,38.7052239],[-77.0880552,38.7049024],[-77.0880026,38.70488],[-77.0879672,38.7048197],[-77.0879952,38.704718],[-77.088119,38.7047629],[-77.0881563,38.7048254],[-77.0881436,38.7048718],[-77.0882427,38.705018],[-77.0883282,38.7051894],[-77.088662,38.705186],[-77.08869,38.705151],[-77.0892278,38.7048513],[-77.0893126,38.704827],[-77.0896264,38.7045952],[-77.0896912,38.7045473],[-77.0898257,38.7044685],[-77.0899066,38.7043834],[-77.090015,38.704333],[-77.090152,38.704224],[-77.090265,38.704126],[-77.090358,38.704068],[-77.0904,38.704049],[-77.09045,38.704019],[-77.0904938,38.7039827],[-77.090613,38.703884],[-77.090976,38.703648],[-77.091013,38.703624],[-77.091167,38.703539],[-77.091397,38.703422],[-77.091511,38.703373],[-77.0917569,38.7033011],[-77.0919717,38.7032389],[-77.0921053,38.7031998],[-77.0922648,38.7031398],[-77.0924237,38.7030853],[-77.092889,38.702897],[-77.093051,38.702803],[-77.0931,38.702779],[-77.093158,38.702757],[-77.093298,38.702719],[-77.093349,38.702693],[-77.093384,38.702656],[-77.093425,38.70255],[-77.093557,38.702406],[-77.093575,38.702313],[-77.093581,38.702279],[-77.093641,38.702229],[-77.0937073,38.7021881],[-77.093804,38.702123],[-77.093862,38.702093],[-77.093931,38.702144],[-77.094025,38.702075],[-77.09417,38.701986],[-77.09424,38.701951],[-77.094262,38.701964],[-77.094458,38.701892],[-77.09452,38.701865],[-77.094701,38.701762],[-77.09492,38.701611],[-77.09507,38.701492],[-77.095128,38.701435],[-77.095181,38.701344],[-77.095231,38.701302],[-77.095247,38.701289],[-77.095435,38.701131],[-77.095478,38.701095],[-77.095673,38.700911],[-77.095765,38.700808],[-77.095796,38.70074],[-77.09587,38.70064],[-77.095877,38.700615],[-77.09585,38.700576],[-77.0958983,38.7005476],[-77.0959421,38.7005219],[-77.0960417,38.7004937],[-77.0961753,38.7004828],[-77.09625,38.700409],[-77.0964048,38.7003603],[-77.0964752,38.7002963],[-77.0965469,38.7002358],[-77.096775,38.700118],[-77.096968,38.70001],[-77.097153,38.699852],[-77.097309,38.69977],[-77.097436,38.699686],[-77.097605,38.699547],[-77.097672,38.699464],[-77.097744,38.699375],[-77.097804,38.699327],[-77.098002,38.699238],[-77.098043,38.699214],[-77.098272,38.699053],[-77.098339,38.699037],[-77.098429,38.698991],[-77.098546,38.698934],[-77.098826,38.698836],[-77.0989479,38.6987774],[-77.0990581,38.6987355],[-77.0991651,38.6987053],[-77.099321,38.698658],[-77.099572,38.698568],[-77.099674,38.698531],[-77.099739,38.698499],[-77.099834,38.69846],[-77.1001889,38.6983557],[-77.100366,38.698338],[-77.100446,38.698307],[-77.100554,38.698257],[-77.100644,38.698231],[-77.100749,38.698177],[-77.100879,38.698106],[-77.101062,38.698068],[-77.101128,38.698066],[-77.10125,38.698069],[-77.101323,38.698058],[-77.101391,38.698056],[-77.10151,38.698092],[-77.101586,38.698112],[-77.101759,38.698138],[-77.101934,38.69817],[-77.102007,38.698176],[-77.102098,38.698174],[-77.102193,38.698162],[-77.102273,38.698195],[-77.10241,38.69816],[-77.102471,38.698125],[-77.102541,38.698104],[-77.103226,38.697957],[-77.103305,38.697933],[-77.103389,38.697914],[-77.103534,38.697872],[-77.103571,38.697918],[-77.103577,38.697926],[-77.103601,38.697915],[-77.103596,38.697907],[-77.103561,38.697855],[-77.103611,38.697853],[-77.1037225,38.6978016],[-77.1037892,38.6977834],[-77.103851,38.697809],[-77.103863,38.697793],[-77.103861,38.697786],[-77.103856,38.697763],[-77.103837,38.697726],[-77.103839,38.697708],[-77.103864,38.697671],[-77.103916,38.697597],[-77.104006,38.697518],[-77.104029,38.697489],[-77.104098,38.697468],[-77.10408,38.697429],[-77.1041441,38.6973717],[-77.1043277,38.6972796],[-77.1045364,38.6971998],[-77.1047463,38.697145],[-77.1050071,38.6970992],[-77.112928,38.6912613],[-77.122632,38.685256],[-77.122886,38.684927],[-77.122931,38.684869],[-77.123039,38.684759],[-77.12315,38.684624],[-77.12317,38.684593],[-77.123277,38.684471],[-77.123375,38.684312],[-77.123408,38.684231],[-77.123435,38.684124],[-77.123443,38.68409],[-77.123482,38.684001],[-77.123524,38.683907],[-77.12352,38.683816],[-77.123524,38.683787],[-77.123558,38.683712],[-77.123592,38.683675],[-77.123701,38.683578],[-77.123789,38.683489],[-77.123818,38.683422],[-77.123978,38.683265],[-77.124055,38.683205],[-77.12411,38.683113],[-77.12418,38.683013],[-77.124258,38.682926],[-77.124391,38.682704],[-77.124442,38.682645],[-77.124494,38.682598],[-77.124556,38.682425],[-77.124697,38.68203],[-77.124719,38.68197],[-77.124904,38.68164],[-77.124935,38.681568],[-77.124971,38.681512],[-77.125038,38.681435],[-77.125194,38.681311],[-77.125251,38.681263],[-77.125326,38.681203],[-77.125417,38.681143],[-77.125618,38.680978],[-77.12575,38.680864],[-77.125804,38.680804],[-77.125923,38.680672],[-77.125951,38.680641],[-77.12607,38.680476],[-77.126113,38.680388],[-77.12615,38.680334],[-77.126226,38.680253],[-77.126264,38.680198],[-77.126287,38.680141],[-77.12642,38.679928],[-77.126476,38.679825],[-77.126575,38.679734],[-77.126594,38.679709],[-77.126645,38.679661],[-77.126696,38.679585],[-77.126797,38.679486],[-77.126899,38.679354],[-77.126908,38.679315],[-77.126889,38.679273],[-77.1269108,38.6792478],[-77.126967,38.679229],[-77.127043,38.679187],[-77.127061,38.679163],[-77.127112,38.679049],[-77.12718,38.678955],[-77.127244,38.678818],[-77.127261,38.67876],[-77.127265,38.678681],[-77.127311,38.678629],[-77.127318,38.678602],[-77.127382,38.678564],[-77.127463,38.678494],[-77.127517,38.678458],[-77.127566,38.678415],[-77.12766,38.67835],[-77.127741,38.678297],[-77.127848,38.67822],[-77.127939,38.678157],[-77.128013,38.678109],[-77.128078,38.678067],[-77.128108,38.67804],[-77.128159,38.677994],[-77.128228,38.677924],[-77.1283,38.677822],[-77.12836,38.677777],[-77.128407,38.677709],[-77.128428,38.677661],[-77.128492,38.677572],[-77.128533,38.677538],[-77.128582,38.677498],[-77.128633,38.677447],[-77.128743,38.677384],[-77.128914,38.677256],[-77.128949,38.677223],[-77.128997,38.677193],[-77.129084,38.677099],[-77.129137,38.677068],[-77.129182,38.677028],[-77.129239,38.676986],[-77.129362,38.676905],[-77.129405,38.676867],[-77.129484,38.676829],[-77.129514,38.676789],[-77.129553,38.676769],[-77.129575,38.676762],[-77.129652,38.676664],[-77.129679,38.676618],[-77.129716,38.676578],[-77.129729,38.676543],[-77.129814,38.676468],[-77.129833,38.676451],[-77.129877,38.676391],[-77.129902,38.676357],[-77.129969,38.67624],[-77.129998,38.676177],[-77.130073,38.676059],[-77.130164,38.675956],[-77.130262,38.67588],[-77.13034,38.67583],[-77.130444,38.675752],[-77.130558,38.67565],[-77.130716,38.675541],[-77.130944,38.67541],[-77.131035,38.675381],[-77.131087,38.67535],[-77.131163,38.675294],[-77.131193,38.675263],[-77.131277,38.675193],[-77.131429,38.675008],[-77.131479,38.674947],[-77.131593,38.674865],[-77.131708,38.674746],[-77.131759,38.674694],[-77.131826,38.674642],[-77.131905,38.674568],[-77.131943,38.674541],[-77.13207,38.674418],[-77.132226,38.674277],[-77.132341,38.674192],[-77.132439,38.674143],[-77.132479,38.67412],[-77.132752,38.674013],[-77.1328461,38.6735213],[-77.1349152,38.6601241],[-77.1363968,38.6505295],[-77.1363852,38.6502259],[-77.1363084,38.6499372],[-77.1363019,38.6497039],[-77.1363615,38.6495727],[-77.1363722,38.6493717],[-77.1362756,38.6491873],[-77.1363245,38.6489753],[-77.1362971,38.6487516],[-77.1363137,38.6485396],[-77.1363566,38.6483972],[-77.1364688,38.6481064],[-77.136458,38.6479807],[-77.1364473,38.6477796],[-77.1364151,38.6476372],[-77.1363937,38.6474696],[-77.1363615,38.6472769],[-77.1362864,38.6471931],[-77.1361898,38.6470758],[-77.1360611,38.6470171],[-77.1359538,38.6468076],[-77.1358465,38.6466065],[-77.1355139,38.6463635],[-77.134076,38.645618],[-77.1336042,38.645358],[-77.1333789,38.6452072],[-77.1332394,38.6450731],[-77.132939,38.644696],[-77.1329068,38.6444697],[-77.1328639,38.6441178],[-77.1330463,38.6437826],[-77.1332072,38.6436402],[-77.1332501,38.6435564],[-77.1332501,38.6433972],[-77.1333145,38.6432715],[-77.1334635,38.643217],[-77.1335603,38.6430028],[-77.133684,38.6427697],[-77.1335485,38.6426358],[-77.1334844,38.6424952],[-77.133293,38.6422072],[-77.1330463,38.6419139],[-77.1330463,38.641805],[-77.1330463,38.6416374],[-77.133057,38.6414279],[-77.1330141,38.6412351],[-77.1326922,38.6406904],[-77.1321665,38.6401206],[-77.1318875,38.639886],[-77.1319471,38.6397494],[-77.1319519,38.6396346],[-77.1319305,38.6394921],[-77.1315764,38.6387462],[-77.1314477,38.6386038],[-77.1313833,38.6382853],[-77.1314262,38.6382015],[-77.1314798,38.6380842],[-77.1313903,38.6377737],[-77.1312819,38.6374951],[-77.1311542,38.6370953],[-77.1306639,38.6362999],[-77.1301361,38.6356378],[-77.1301226,38.6355097],[-77.130164,38.635318],[-77.130278,38.6351284],[-77.1303635,38.6348975],[-77.1687273,38.6254955],[-77.1691959,38.6253453],[-77.169764,38.6252451],[-77.170048,38.6252313],[-77.1702035,38.6251986],[-77.1703283,38.625202],[-77.1711107,38.6250075],[-77.1713706,38.624872],[-77.1717209,38.6247594],[-77.1718467,38.6246764],[-77.172069,38.6246257],[-77.1728492,38.6243442],[-77.1729267,38.6243152],[-77.1731691,38.6242828],[-77.1747077,38.6243356],[-77.1748715,38.6243122],[-77.1752091,38.6241804],[-77.1756282,38.6241836],[-77.176106,38.6241552],[-77.1765448,38.6240468],[-77.1767296,38.6239669],[-77.1771165,38.6238415],[-77.1772311,38.6238066],[-77.1773015,38.6237556],[-77.1774113,38.6237557],[-77.1775564,38.6237145],[-77.1775918,38.6236929],[-77.1777132,38.623676],[-77.1781463,38.6236075],[-77.178268,38.6235603],[-77.1783895,38.6235467],[-77.1787238,38.623551],[-77.1788736,38.6235213],[-77.1790619,38.6234453],[-77.17965,38.623379],[-77.1797767,38.6233364],[-77.1798465,38.6233423],[-77.1799456,38.623307],[-77.1801816,38.6232583],[-77.1804964,38.6231009],[-77.1806391,38.6229815],[-77.1809503,38.6226462],[-77.1812185,38.6224366],[-77.1817764,38.6221181],[-77.1819802,38.6220259],[-77.1822592,38.6219589],[-77.1824201,38.6219421],[-77.1826025,38.6217996],[-77.1831143,38.6217996],[-77.1831604,38.6217996],[-77.1833428,38.6217325],[-77.1842998,38.621686],[-77.184839,38.6216805],[-77.1853491,38.6216822],[-77.1858351,38.6215435],[-77.1859499,38.6214475],[-77.1861859,38.6214643],[-77.1864617,38.6214442],[-77.1867224,38.6213721],[-77.186937,38.6211709],[-77.1871912,38.6212095],[-77.1874305,38.6210033],[-77.1875485,38.6210284],[-77.1879776,38.62102],[-77.1885034,38.6207518],[-77.1890505,38.6207518],[-77.1897065,38.6205104],[-77.1900054,38.620207],[-77.1903165,38.6197375],[-77.1904453,38.6196034],[-77.1907993,38.6195699],[-77.1912392,38.6194777],[-77.1914736,38.6192358],[-77.1917113,38.619243],[-77.1934708,38.6194693],[-77.1939,38.6195028],[-77.1941253,38.6194861],[-77.1958059,38.6195341],[-77.1963148,38.6195146],[-77.1964583,38.6195464],[-77.196639,38.6195374],[-77.1969364,38.619588],[-77.1970259,38.6194987],[-77.1975015,38.6195174],[-77.1978741,38.6194281],[-77.1982808,38.6193762],[-77.1985799,38.6193191],[-77.1989534,38.6192933],[-77.1996829,38.619134],[-77.2004415,38.6189014],[-77.2009919,38.6185556],[-77.2016216,38.6182057],[-77.2017751,38.6179856],[-77.2020862,38.6178766],[-77.2031752,38.617026],[-77.2104475,38.6130799],[-77.2272701,38.6039507],[-77.2425645,38.5954286],[-77.2464297,38.5932767],[-77.2464102,38.5927222],[-77.2465548,38.5913554],[-77.2466386,38.5910674],[-77.2467558,38.5908055],[-77.2467223,38.590583],[-77.2466553,38.5902557],[-77.2466218,38.5899677],[-77.2467056,38.5897451],[-77.2516988,38.5749823],[-77.2564702,38.5608725],[-77.2563865,38.560676],[-77.2563027,38.5604534],[-77.2563195,38.5603355],[-77.2566712,38.5602831],[-77.2571067,38.5601915],[-77.2578269,38.5601784],[-77.2588151,38.5599033],[-77.2598535,38.5596807],[-77.2610259,38.5591961],[-77.2614614,38.5589472],[-77.2615954,38.5586329],[-77.2615786,38.558371],[-77.2615619,38.5579911],[-77.2615619,38.5575589],[-77.2616289,38.5571005],[-77.2617461,38.5564587],[-77.2619974,38.5559741],[-77.2625166,38.5556336],[-77.2629521,38.5553454],[-77.2635463,38.5554172],[-77.2639277,38.5553647],[-77.2644534,38.5553144],[-77.2649662,38.5551877],[-77.2654812,38.5550031],[-77.2665434,38.5544662],[-77.267391,38.5540383],[-77.2678523,38.5539124],[-77.2679295,38.553779],[-77.2685711,38.5535013],[-77.2688629,38.5533427],[-77.2696547,38.5531069],[-77.2701483,38.5528217],[-77.2707062,38.5526203],[-77.2715881,38.5521765],[-77.2721546,38.5518903],[-77.2725515,38.5516806],[-77.272661,38.551564],[-77.2728648,38.5513961],[-77.2733691,38.5510018],[-77.2737231,38.5507081],[-77.2740986,38.5502299],[-77.2742992,38.5500604],[-77.2744634,38.549911],[-77.2745492,38.5496845],[-77.2746329,38.5494739],[-77.2747724,38.5492641],[-77.2749011,38.5491215],[-77.2749784,38.5489461],[-77.2750728,38.5487271],[-77.2751694,38.5485593],[-77.2754805,38.5482992],[-77.2755663,38.5482069],[-77.27562,38.54793],[-77.275738,38.5478041],[-77.2760298,38.5476539],[-77.2763088,38.5474441],[-77.2765748,38.5470657],[-77.2768345,38.5465127],[-77.276927,38.5461255],[-77.2767699,38.5453904],[-77.2767365,38.5448795],[-77.2764517,38.544421],[-77.2763345,38.5439363],[-77.2762842,38.5433861],[-77.2762507,38.5429276],[-77.276167,38.5425477],[-77.2761167,38.5421547],[-77.2758823,38.5419451],[-77.2758488,38.5415783],[-77.2759827,38.5413163],[-77.2761502,38.5410412],[-77.2762005,38.5405827],[-77.2762172,38.5402159],[-77.2762507,38.5397574],[-77.2763847,38.5394429],[-77.2765857,38.5392726],[-77.2768537,38.539063],[-77.2770212,38.5387617],[-77.2772389,38.538408],[-77.2774567,38.5381722],[-77.2775739,38.5379494],[-77.2777246,38.5376481],[-77.2779424,38.537373],[-77.2782606,38.5370848],[-77.2786626,38.5368097],[-77.2789808,38.5363642],[-77.2791818,38.5357484],[-77.2793158,38.535172],[-77.2793158,38.534661],[-77.2792153,38.5343204],[-77.2790813,38.5341239],[-77.2789808,38.5338356],[-77.2790646,38.5336129],[-77.281803,38.529119],[-77.282715,38.527691],[-77.282629,38.527585],[-77.282754,38.526253],[-77.282759,38.525957],[-77.282809,38.52578],[-77.282914,38.525558],[-77.283037,38.525451],[-77.283215,38.525355],[-77.283329,38.525188],[-77.28341,38.525098],[-77.28375,38.524998],[-77.284303,38.5248],[-77.284419,38.524732],[-77.284612,38.52463],[-77.285791,38.523431],[-77.286059,38.522641],[-77.286131,38.522266],[-77.286386,38.522151],[-77.286674,38.521953],[-77.28706,38.521797],[-77.287294,38.521463],[-77.287336,38.521237],[-77.287472,38.520905],[-77.28553,38.520278],[-77.285365,38.520375],[-77.285006,38.520277],[-77.285309,38.519695],[-77.285688,38.519759],[-77.285639,38.519952],[-77.287121,38.520401],[-77.287494,38.519806],[-77.287885,38.519584],[-77.288229,38.519186],[-77.288618,38.519151],[-77.289738,38.518056],[-77.29072,38.515716],[-77.290892,38.515708],[-77.291088,38.515743],[-77.295406,38.509239],[-77.295362,38.50827],[-77.295776,38.507384],[-77.29693,38.506308],[-77.298172,38.505078],[-77.299403,38.50322],[-77.300886,38.501712],[-77.302285,38.500121],[-77.302209,38.500121],[-77.303084,38.499188],[-77.303444,38.498914],[-77.303855,38.498633],[-77.304635,38.498312],[-77.305242,38.497958],[-77.305981,38.497701],[-77.306834,38.497316],[-77.30747,38.497115],[-77.308251,38.496633],[-77.30897,38.496175],[-77.309237,38.49599],[-77.309422,38.495821],[-77.309638,38.495636],[-77.309864,38.495298],[-77.310091,38.494911],[-77.310246,38.49446],[-77.310284,38.494226],[-77.310344,38.49411],[-77.310558,38.493993],[-77.31047,38.493889],[-77.310506,38.49367],[-77.310318,38.493507],[-77.310247,38.493356],[-77.310196,38.493074],[-77.310166,38.4928],[-77.310156,38.492591],[-77.310136,38.492413],[-77.310177,38.492051],[-77.310311,38.49164],[-77.310538,38.491149],[-77.310712,38.490716],[-77.310732,38.490657],[-77.310816,38.490488],[-77.310888,38.490271],[-77.311179,38.489492],[-77.311447,38.488743],[-77.3116,38.488421],[-77.312114,38.48764],[-77.312413,38.487093],[-77.312794,38.486376],[-77.313985,38.484235],[-77.315189,38.481409],[-77.315406,38.481039],[-77.315621,38.480572],[-77.315663,38.480419],[-77.315653,38.480145],[-77.315613,38.479814],[-77.31554,38.479298],[-77.315295,38.478904],[-77.315283,38.47881],[-77.315603,38.478893],[-77.315716,38.478956],[-77.315853,38.479074],[-77.3157117,38.4788523],[-77.315795,38.4784202],[-77.3165655,38.4778302],[-77.3167832,38.4775942],[-77.3168335,38.4773582],[-77.3169507,38.4770959],[-77.317001,38.4769255],[-77.316934,38.4766108],[-77.3168502,38.4764403],[-77.3168837,38.4762043],[-77.3170847,38.4759945],[-77.3183241,38.4744079],[-77.3185921,38.4741325],[-77.3186591,38.4739227],[-77.3185419,38.4736998],[-77.3184079,38.4733982],[-77.3182236,38.4732671],[-77.3181902,38.4730704],[-77.3182906,38.4729786],[-77.3185084,38.4729131],[-77.3186424,38.4727688],[-77.3187596,38.4724803],[-77.3187931,38.4720869],[-77.3231775,38.4353668],[-77.323394,38.4349706],[-77.3235196,38.4347234],[-77.3234832,38.434447],[-77.3234403,38.4341864],[-77.323502,38.4339801],[-77.3235261,38.4337242],[-77.3234512,38.4334644],[-77.3233759,38.4332031],[-77.3232579,38.432993],[-77.323266,38.4327195],[-77.3232579,38.4324888],[-77.3233116,38.4322703],[-77.3232579,38.4319005],[-77.3231828,38.4316315],[-77.3230552,38.4313984],[-77.3230053,38.4313073],[-77.3229548,38.4312151],[-77.3230192,38.4311142],[-77.3229897,38.4309508],[-77.3225605,38.4302196],[-77.3224828,38.4297443],[-77.3223245,38.4297405],[-77.3219597,38.4289925],[-77.3217237,38.4280007],[-77.3214635,38.4277523],[-77.3213375,38.4275805],[-77.3212838,38.4274628],[-77.3213482,38.4273367],[-77.3211953,38.4270884],[-77.3212838,38.4270173],[-77.3212731,38.4268913],[-77.3211738,38.426853],[-77.3211336,38.4266895],[-77.3210156,38.4264626],[-77.3208976,38.4261096],[-77.3208976,38.425849],[-77.320919,38.4256557],[-77.320919,38.4253615],[-77.3209727,38.4252102],[-77.3210585,38.4251178],[-77.3211417,38.4250711],[-77.3211417,38.4248946],[-77.3210907,38.4247648],[-77.3208547,38.4246891],[-77.3207554,38.4244996],[-77.3207045,38.4243445],[-77.3205087,38.4241213],[-77.3203504,38.4238822],[-77.3202077,38.4236662],[-77.3201978,38.4235302],[-77.3202109,38.4234659],[-77.3202431,38.4233186],[-77.3202378,38.4232388],[-77.3202565,38.4232136],[-77.3202941,38.4231675],[-77.3203209,38.4230877],[-77.3203665,38.422995],[-77.3203665,38.4229236],[-77.320396,38.4228563],[-77.3204255,38.4226042],[-77.3204067,38.4225708],[-77.3203719,38.422539],[-77.3203397,38.4225012],[-77.3201707,38.4221967],[-77.3201492,38.4221337],[-77.3201466,38.4220914],[-77.3202029,38.4220515],[-77.3202485,38.4220034],[-77.3202887,38.4219359],[-77.3203263,38.4218918],[-77.3203906,38.4218582],[-77.3204255,38.421833],[-77.3204228,38.4217783],[-77.3204175,38.4217321],[-77.320388,38.4216735],[-77.3203853,38.4216165],[-77.3203477,38.4214211],[-77.3203048,38.4213034],[-77.3202994,38.4212175],[-77.3202753,38.4211122],[-77.3202458,38.4210197],[-77.320219,38.4209527],[-77.3201627,38.4208726],[-77.320168,38.4208348],[-77.3201439,38.4207402],[-77.320101,38.4206898],[-77.3201117,38.4206478],[-77.3200956,38.4205807],[-77.3200446,38.4204775],[-77.3200205,38.4203685],[-77.3200044,38.4202443],[-77.3200607,38.4202109],[-77.3200661,38.4201268],[-77.32005,38.4200785],[-77.3200017,38.4200238],[-77.3199749,38.4199587],[-77.3199239,38.4198219],[-77.3198462,38.4197359],[-77.3198435,38.4196454],[-77.3197684,38.419347],[-77.3197308,38.4192293],[-77.3197094,38.4191431],[-77.3197228,38.4190677],[-77.3197228,38.4189857],[-77.3196477,38.4189057],[-77.3195887,38.4187501],[-77.3195913,38.4186787],[-77.3195726,38.4186369],[-77.3195323,38.4184982],[-77.3195028,38.4184162],[-77.3194867,38.4183448],[-77.3194706,38.418229],[-77.3194385,38.418147],[-77.3194304,38.4180695],[-77.3194385,38.4179791],[-77.3193741,38.4178633],[-77.3193392,38.4177984],[-77.3193419,38.4176996],[-77.3193312,38.4176111],[-77.3192534,38.4174766],[-77.3191836,38.4173697],[-77.3191434,38.4172917],[-77.3190656,38.4171574],[-77.3189422,38.417008],[-77.3189396,38.4169471],[-77.3189396,38.4168863],[-77.3189074,38.4167749],[-77.3188698,38.4166888],[-77.3188752,38.4166404],[-77.318835,38.4165291],[-77.3187786,38.4164387],[-77.3187196,38.4163775],[-77.3187196,38.4163502],[-77.3187169,38.4163061],[-77.3186901,38.4162496],[-77.318607,38.4161676],[-77.3185506,38.4160982],[-77.3185104,38.4160226],[-77.3184541,38.4159238],[-77.3183763,38.4158397],[-77.3183495,38.4157935],[-77.3182905,38.415705],[-77.3182824,38.4156609],[-77.3181161,38.415373],[-77.3180464,38.4152765],[-77.3180223,38.4152196],[-77.3179927,38.4151525],[-77.3179525,38.4150746],[-77.3179418,38.4150243],[-77.3178613,38.4149424],[-77.3178238,38.4148814],[-77.3178023,38.4148352],[-77.3177513,38.4147908],[-77.3177245,38.4146816],[-77.3177084,38.4143852],[-77.3176923,38.4141898],[-77.317628,38.4140156],[-77.317526,38.4138787],[-77.3174053,38.4137337],[-77.3173196,38.4136057],[-77.3172632,38.4135509],[-77.317223,38.413408],[-77.3172069,38.4133155],[-77.3172122,38.4132695],[-77.3171774,38.4131665],[-77.3171747,38.4131161],[-77.3171371,38.4130719],[-77.3170964,38.4130331],[-77.3170003,38.4129416],[-77.3168877,38.412826],[-77.3167804,38.4127123],[-77.3167241,38.412618],[-77.3166704,38.4125549],[-77.3166275,38.4124582],[-77.316657,38.412458],[-77.3166892,38.412433],[-77.3166919,38.412391],[-77.3166677,38.4123342],[-77.3166329,38.4122922],[-77.3165685,38.4122523],[-77.3165041,38.4122502],[-77.3164451,38.4121682],[-77.3164451,38.4121283],[-77.3164076,38.4120904],[-77.3163727,38.4120125],[-77.31637,38.411977],[-77.3163405,38.4119538],[-77.3162869,38.411838],[-77.3162869,38.4117771],[-77.3161608,38.4116363],[-77.3160937,38.411605],[-77.3160481,38.4115417],[-77.316083,38.4115293],[-77.3161152,38.4114871],[-77.3161125,38.4114515],[-77.3160964,38.4114032],[-77.3160418,38.4113833],[-77.3159843,38.4114035],[-77.3159194,38.4113065],[-77.3159543,38.4112601],[-77.3159248,38.411193],[-77.315855,38.411193],[-77.3158121,38.411214],[-77.3157397,38.4111298],[-77.3158014,38.4111006],[-77.3158336,38.4110375],[-77.315796,38.4109997],[-77.3157263,38.4109871],[-77.3156136,38.4107475],[-77.3155332,38.4105205],[-77.3154688,38.4102052],[-77.3154312,38.4101001],[-77.3154259,38.4100203],[-77.3153561,38.409953],[-77.3152998,38.4098561],[-77.3153454,38.4098395],[-77.3153722,38.4097765],[-77.3153293,38.4097092],[-77.3152596,38.4097092],[-77.3152381,38.4096714],[-77.3152596,38.4096293],[-77.3152435,38.4095747],[-77.3151737,38.409499],[-77.3151469,38.4094234],[-77.3152435,38.4092973],[-77.3153508,38.4092006],[-77.315454,38.4091804],[-77.3155567,38.4090089],[-77.3154454,38.4087642],[-77.3153024,38.408551],[-77.3151959,38.4083443],[-77.315104,38.4077798],[-77.3150608,38.4076297],[-77.3149806,38.407351],[-77.3148841,38.4071324],[-77.314845,38.4070536],[-77.314809,38.4069811],[-77.3146588,38.4067583],[-77.3146266,38.4066028],[-77.3145676,38.4065355],[-77.3144817,38.4063926],[-77.3144817,38.4062202],[-77.3144549,38.4060605],[-77.3144656,38.4058545],[-77.3144308,38.4056609],[-77.314243,38.4051691],[-77.3141143,38.4049463],[-77.3140197,38.4048452],[-77.3139963,38.4048202],[-77.3139587,38.4047403],[-77.3139292,38.4045009],[-77.3138407,38.4043115],[-77.3137897,38.4042361],[-77.313661,38.4041057],[-77.3134893,38.4037989],[-77.3134893,38.4036307],[-77.3134537,38.4035414],[-77.3133552,38.4032944],[-77.3132319,38.4029415],[-77.3130789,38.4025038],[-77.3131165,38.4024198],[-77.3130226,38.4022644],[-77.3129234,38.4021003],[-77.3127142,38.4018228],[-77.3125291,38.4016086],[-77.31224,38.401399],[-77.3121697,38.401348],[-77.311794,38.4010425],[-77.3114562,38.4007678],[-77.3113087,38.4006457],[-77.3109546,38.400158],[-77.3108392,38.399932],[-77.3108286,38.3997841],[-77.3108795,38.3995526],[-77.3108634,38.3993677],[-77.3108768,38.3991619],[-77.3109412,38.399061],[-77.3109895,38.398918],[-77.3110002,38.3987835],[-77.3110566,38.3986782],[-77.31107,38.3981823],[-77.3111075,38.3977703],[-77.3110914,38.3975012],[-77.3111091,38.3973688],[-77.3111628,38.3971433],[-77.3050087,38.3753928],[-77.3051407,38.3752909],[-77.3044476,38.3749379],[-77.3043055,38.374877],[-77.3042395,38.3748893],[-77.3041537,38.3748788],[-77.3040963,38.3748559],[-77.3040346,38.3748097],[-77.3039273,38.3747424],[-77.3037771,38.3746814],[-77.3034928,38.3745531],[-77.3030207,38.3743597],[-77.3029805,38.3743345],[-77.3029268,38.3743281],[-77.3028651,38.374284],[-77.3028303,38.3742503],[-77.3028115,38.374202],[-77.3027417,38.3741746],[-77.3027015,38.374162],[-77.3026184,38.3740947],[-77.3025164,38.374059],[-77.3024547,38.3740148],[-77.3024011,38.3739833],[-77.3022976,38.3739472],[-77.302252,38.3739493],[-77.3022241,38.373916],[-77.302208,38.3738571],[-77.3021651,38.3738256],[-77.3020873,38.3737856],[-77.302031,38.3736952],[-77.3019666,38.3736553],[-77.3019156,38.3735711],[-77.3018834,38.3735501],[-77.3015857,38.3734345],[-77.3014516,38.373384],[-77.3013202,38.3733482],[-77.3011887,38.3733062],[-77.3011405,38.3732831],[-77.3010852,38.3732785],[-77.301001,38.3732536],[-77.3009527,38.373201],[-77.3008964,38.3730686],[-77.3008427,38.3730202],[-77.300765,38.3729403],[-77.3006845,38.3728583],[-77.3006174,38.3728288],[-77.3005611,38.3727784],[-77.3004699,38.37273],[-77.3004136,38.3727216],[-77.3003653,38.3726838],[-77.3003331,38.3726627],[-77.3002966,38.3726645],[-77.3002741,38.3725975],[-77.3002339,38.3725597],[-77.3002097,38.3725387],[-77.3001641,38.3725092],[-77.3001169,38.3724605],[-77.3000713,38.3724479],[-77.3000408,38.3724398],[-77.2999844,38.3723641],[-77.299963,38.3723452],[-77.2999426,38.3723028],[-77.2999174,38.3722905],[-77.2999254,38.3722485],[-77.2998798,38.3721791],[-77.2998852,38.3721391],[-77.2998396,38.3720823],[-77.2998047,38.3719898],[-77.2997645,38.3719667],[-77.2997323,38.3719057],[-77.2996545,38.3718594],[-77.2994882,38.3718006],[-77.298595,38.3715314],[-77.2985038,38.3715125],[-77.2982839,38.3714178],[-77.2981857,38.3713944],[-77.2981122,38.3713779],[-77.2980559,38.3713527],[-77.298005,38.3712917],[-77.2979755,38.3712307],[-77.2979245,38.3712097],[-77.2978896,38.3712412],[-77.297777,38.3711697],[-77.2976536,38.3711024],[-77.297608,38.3710688],[-77.2976026,38.3709825],[-77.2975597,38.3709657],[-77.29749,38.3709594],[-77.2974685,38.37089],[-77.2973505,38.370787],[-77.2972593,38.3707744],[-77.2972164,38.3707512],[-77.2971681,38.370705],[-77.2970984,38.3706272],[-77.2970635,38.3705283],[-77.2970179,38.37048],[-77.2969428,38.3704505],[-77.2968757,38.3704127],[-77.2968328,38.3703538],[-77.2968194,38.370255],[-77.2967363,38.3701814],[-77.296688,38.370154],[-77.2966746,38.3701204],[-77.2966075,38.3700531],[-77.296578,38.3700447],[-77.2965029,38.3700047],[-77.2964493,38.3699563],[-77.2964359,38.3698785],[-77.2963554,38.3697839],[-77.2962427,38.3697292],[-77.2961516,38.369664],[-77.2960952,38.3695715],[-77.2960845,38.3694243],[-77.2960469,38.3694075],[-77.2960148,38.3693738],[-77.296004,38.3693128],[-77.2959504,38.3692329],[-77.2958951,38.3691464],[-77.2958592,38.3691257],[-77.2958109,38.3691068],[-77.2957557,38.3690602],[-77.2956607,38.3688839],[-77.2956312,38.3688607],[-77.295591,38.368703],[-77.2955749,38.3686504],[-77.2955776,38.3685642],[-77.2955722,38.368478],[-77.295481,38.3683497],[-77.2954381,38.368314],[-77.29543,38.3682551],[-77.2953871,38.3681667],[-77.2952637,38.3679291],[-77.2952262,38.3677567],[-77.2951699,38.3676957],[-77.2951028,38.3675464],[-77.295076,38.3674097],[-77.295017,38.3671784],[-77.2949365,38.3668987],[-77.2949016,38.3668314],[-77.2947219,38.3666547],[-77.2946415,38.3665369],[-77.2945878,38.3664402],[-77.2945315,38.3662341],[-77.294443,38.36611],[-77.2944028,38.3659544],[-77.294266,38.3658072],[-77.294223,38.3657315],[-77.2941919,38.3656744],[-77.2941211,38.365639],[-77.2940621,38.3655822],[-77.2940326,38.3655044],[-77.294046,38.3654665],[-77.2939977,38.3654392],[-77.2939816,38.3653908],[-77.2939629,38.3653214],[-77.2936866,38.3650859],[-77.2936383,38.3650228],[-77.2936088,38.3649555],[-77.2935927,38.3647998],[-77.2935686,38.3647031],[-77.2934935,38.3646043],[-77.2933674,38.3645075],[-77.2932226,38.3644024],[-77.293008,38.3643245],[-77.2929249,38.3642467],[-77.2928068,38.3641437],[-77.2928122,38.3640722],[-77.2927586,38.3640322],[-77.2927317,38.3639817],[-77.2927049,38.3639775],[-77.2926845,38.3639436],[-77.2926523,38.3639394],[-77.2925896,38.3638682],[-77.2925011,38.3638387],[-77.2924796,38.363803],[-77.292368,38.3637501],[-77.2921551,38.3635548],[-77.2920263,38.363437],[-77.2916642,38.3631342],[-77.2915703,38.3630732],[-77.291447,38.3629702],[-77.2913799,38.3629428],[-77.291322,38.3628815],[-77.291286,38.3628335],[-77.2913048,38.3627767],[-77.2912469,38.3627027],[-77.2911358,38.3625579],[-77.2911224,38.3625096],[-77.2911197,38.3624044],[-77.2910929,38.3623582],[-77.2910929,38.362314],[-77.2910527,38.3622761],[-77.2910017,38.3621626],[-77.2909507,38.3620006],[-77.2909105,38.3618387],[-77.2908166,38.3617882],[-77.2906611,38.361702],[-77.2905967,38.3616494],[-77.2904358,38.3614769],[-77.2903902,38.3614286],[-77.290358,38.3613634],[-77.2903338,38.3613108],[-77.2903446,38.3612561],[-77.2902829,38.361233],[-77.2902024,38.3611741],[-77.2900254,38.3610794],[-77.2896418,38.3606988],[-77.2894997,38.3605642],[-77.2893843,38.3604758],[-77.2893656,38.3604443],[-77.2893012,38.3603854],[-77.2892449,38.3603602],[-77.2892003,38.3603556],[-77.2892046,38.3603097],[-77.2891456,38.3602403],[-77.2890582,38.3601411],[-77.2889632,38.3600258],[-77.2888935,38.3599837],[-77.2888506,38.3599837],[-77.2888345,38.3599521],[-77.2887621,38.3599185],[-77.2887031,38.3598911],[-77.2886977,38.359847],[-77.2886387,38.3597797],[-77.2885754,38.3597058],[-77.2884831,38.3596282],[-77.2883463,38.3595399],[-77.2883007,38.3594137],[-77.2882498,38.3593906],[-77.2882015,38.3593022],[-77.2882176,38.3592139],[-77.2880792,38.3591274],[-77.2880566,38.3590015],[-77.2880593,38.3589153],[-77.2880593,38.3588185],[-77.2881854,38.3585703],[-77.2882954,38.3584063],[-77.2883973,38.3582338],[-77.2884751,38.3580508],[-77.2885448,38.3579057],[-77.2885609,38.3577984],[-77.288526,38.3577564],[-77.288585,38.3577332],[-77.2886145,38.3576617],[-77.2886548,38.3575566],[-77.2886387,38.3574619],[-77.2885824,38.3574072],[-77.288577,38.3573757],[-77.2885824,38.3572768],[-77.2885609,38.3572474],[-77.2884402,38.3570455],[-77.2884134,38.3570118],[-77.2883785,38.3569298],[-77.2883839,38.3568793],[-77.2883866,38.3568162],[-77.2883544,38.3567489],[-77.2882793,38.3566669],[-77.2881452,38.3565512],[-77.2880379,38.3564923],[-77.2880298,38.3564145],[-77.2880218,38.3563325],[-77.2879923,38.3562315],[-77.2880915,38.356221],[-77.2881076,38.3561137],[-77.2880352,38.3557183],[-77.2879762,38.3556804],[-77.2879896,38.3556552],[-77.287995,38.355611],[-77.2879896,38.355569],[-77.2879628,38.3554428],[-77.2879359,38.3553944],[-77.2878903,38.3553607],[-77.2879601,38.355325],[-77.2880486,38.3552892],[-77.2880808,38.3552598],[-77.2881157,38.3552093],[-77.2881237,38.3551083],[-77.2880808,38.3549989],[-77.2880245,38.3548265],[-77.2879145,38.3547949],[-77.2878421,38.3546077],[-77.2878528,38.3545425],[-77.2878528,38.3544731],[-77.287834,38.3544079],[-77.2878152,38.3543343],[-77.2877777,38.3542312],[-77.2878474,38.3542312],[-77.2878394,38.3541976],[-77.2878152,38.3541723],[-77.2877777,38.3541681],[-77.2877267,38.3541071],[-77.2876141,38.3540167],[-77.2875738,38.3539704],[-77.287547,38.353941],[-77.2875926,38.3539304],[-77.2876221,38.353901],[-77.2876248,38.3537811],[-77.2876168,38.3536423],[-77.2875497,38.3535287],[-77.2874022,38.3533099],[-77.2873995,38.3531985],[-77.2873995,38.3529902],[-77.2874451,38.3529313],[-77.2874961,38.3528977],[-77.2875202,38.3528577],[-77.2875256,38.3528009],[-77.2874827,38.3525759],[-77.2874827,38.3524791],[-77.2874719,38.352395],[-77.2874585,38.352334],[-77.2875363,38.3522646],[-77.2878072,38.3521215],[-77.2879011,38.3520437],[-77.287952,38.3520016],[-77.2880245,38.3519406],[-77.2880406,38.3518944],[-77.2880513,38.3518376],[-77.2881106,38.3518158],[-77.2862128,38.3469441],[-77.284642,38.3426642],[-77.2838792,38.3426214],[-77.2835842,38.3425566],[-77.2834002,38.3424051],[-77.2830354,38.3422032],[-77.282735,38.3420938],[-77.2824775,38.341917],[-77.2816836,38.3412523],[-77.2810951,38.3409073],[-77.2806965,38.340638],[-77.2804175,38.3404444],[-77.2802781,38.3402593],[-77.2800973,38.3402509],[-77.2800651,38.3401415],[-77.2800099,38.3399479],[-77.2801922,38.3397628],[-77.2802888,38.3396198],[-77.2803854,38.3394514],[-77.2803532,38.3392916],[-77.2802244,38.3391485],[-77.2800313,38.3389886],[-77.2797046,38.3388586],[-77.2794627,38.3388371],[-77.2790764,38.3387109],[-77.2787975,38.338652],[-77.2784649,38.3385679],[-77.2783683,38.338753],[-77.2781216,38.3386604],[-77.2780465,38.3388035],[-77.2772847,38.3383154],[-77.2774349,38.3380461],[-77.277392,38.3378273],[-77.2771989,38.3375664],[-77.2769736,38.3373396],[-77.2767697,38.337306],[-77.2765015,38.3371797],[-77.2761797,38.3371713],[-77.2760187,38.3371292],[-77.2759222,38.3370451],[-77.2758363,38.3368852],[-77.275729,38.3367001],[-77.2753965,38.3365233],[-77.2751497,38.3363466],[-77.2748498,38.3362625],[-77.2746889,38.3361699],[-77.2744743,38.3361699],[-77.2741632,38.336111],[-77.2738091,38.3359932],[-77.2736267,38.3360016],[-77.2730688,38.3358248],[-77.2726504,38.3356818],[-77.2718887,38.3355724],[-77.2713308,38.3355135],[-77.2712878,38.335362],[-77.2711484,38.3352526],[-77.2709456,38.3352353],[-77.2709982,38.3349917],[-77.2709874,38.3347897],[-77.2708587,38.3346972],[-77.2707085,38.3346298],[-77.2707085,38.3345036],[-77.2705905,38.3343774],[-77.2705057,38.3342339],[-77.2702257,38.3340155],[-77.2697429,38.3339145],[-77.2695401,38.3338636],[-77.2693148,38.3338299],[-77.2688524,38.3337209],[-77.2687773,38.3336368],[-77.2687247,38.3334849],[-77.2686879,38.3334235],[-77.2686593,38.3333759],[-77.2685413,38.3333422],[-77.2684447,38.3334432],[-77.2678761,38.3334095],[-77.267212,38.3333081],[-77.2669867,38.3332745],[-77.2665242,38.3330729],[-77.2657625,38.3327699],[-77.2655275,38.3326096],[-77.265387,38.3324585],[-77.2633485,38.3323744],[-77.2629945,38.3323491],[-77.2620943,38.3322056],[-77.2619323,38.3321387],[-77.2616818,38.3319477],[-77.2602552,38.331964],[-77.2586364,38.3318784],[-77.2574542,38.3318641],[-77.2563265,38.3318071],[-77.2559446,38.3315788],[-77.2527617,38.331536],[-77.2520705,38.3315503],[-77.2516158,38.3314932],[-77.2513066,38.3314219],[-77.250761,38.3312649],[-77.2496334,38.331322],[-77.249015,38.3313505],[-77.2484693,38.3313505],[-77.2479601,38.3312079],[-77.247669,38.3310652],[-77.2461413,38.3310081],[-77.2454319,38.3309225],[-77.2449227,38.3309368],[-77.2439405,38.3311222],[-77.2436131,38.3309938],[-77.2432312,38.3309938],[-77.2428856,38.3309082],[-77.2425218,38.3308797],[-77.2414669,38.3310652],[-77.2409759,38.3309082],[-77.2406121,38.3310366],[-77.2402301,38.3310509],[-77.2396299,38.331108],[-77.2390661,38.3311365],[-77.2387751,38.3312221],[-77.2384841,38.3311793],[-77.2378475,38.3313648],[-77.2375201,38.3313363],[-77.2372655,38.3314647],[-77.2367199,38.3315217],[-77.2360469,38.3317072],[-77.2342281,38.3320924],[-77.2309906,38.3328914],[-77.2279714,38.3338045],[-77.2248249,38.3348602],[-77.2221513,38.3359017],[-77.2208599,38.3364153],[-77.2203325,38.3364438],[-77.2198596,38.3364295],[-77.219514,38.336401],[-77.2189502,38.3365722],[-77.2186592,38.3365579],[-77.2158764,38.3376422],[-77.2149488,38.3377848],[-77.2141849,38.3380987],[-77.2137848,38.3384125],[-77.2132209,38.3383697],[-77.2109474,38.339026],[-77.208874,38.3396536],[-77.2081829,38.3395538],[-77.2076009,38.3394397],[-77.2067278,38.3397107],[-77.2058002,38.3401529],[-77.2047271,38.3405239],[-77.2037086,38.3406522],[-77.2027083,38.3405239],[-77.200944,38.3402813],[-77.1993981,38.3401529],[-77.1982886,38.34021],[-77.1968335,38.3404383],[-77.1956877,38.3404668],[-77.1946328,38.3405666],[-77.1936143,38.3403812],[-77.1923411,38.3403241],[-77.1908315,38.3404097],[-77.1895765,38.3404811],[-77.1875031,38.3407521],[-77.1857207,38.340852],[-77.184011,38.3410659],[-77.1827197,38.3412229],[-77.1815556,38.3412086],[-77.1800824,38.3411943],[-77.1787547,38.3413085],[-77.177336,38.341608],[-77.1758446,38.3420788],[-77.1727526,38.3431344],[-77.1718068,38.343491],[-77.1702427,38.3441187],[-77.1696061,38.3443754],[-77.1685512,38.3443754],[-77.1680237,38.3444896],[-77.167369,38.3447035],[-77.1668233,38.3447749],[-77.1659685,38.3449318],[-77.1652046,38.3449746],[-77.1641861,38.3453027],[-77.1632039,38.3456593],[-77.1615306,38.3463154],[-77.1598755,38.3472569],[-77.1580931,38.3484408],[-77.1566562,38.3495676],[-77.1546919,38.3513649],[-77.1535279,38.3526486],[-77.1530186,38.3529053],[-77.1526003,38.3531478],[-77.1521092,38.3535757],[-77.151218,38.3545313],[-77.1503268,38.355601],[-77.1490536,38.3572839],[-77.1475804,38.359138],[-77.1463982,38.3606212],[-77.1447795,38.36219],[-77.1428333,38.3638585],[-77.1413783,38.3649851],[-77.1403787,38.3658875],[-77.1398303,38.3665949],[-77.1392642,38.3672607],[-77.1386274,38.367663],[-77.1378136,38.3677323],[-77.1365399,38.3677323],[-77.1351423,38.3676352],[-77.1335679,38.3675243],[-77.1311973,38.3673439],[-77.1290922,38.3670665],[-77.1273939,38.3669972],[-77.1257487,38.3669694],[-77.124298,38.366914],[-77.122812,38.3669972],[-77.1200346,38.3672885],[-77.1187963,38.3674549],[-77.1175756,38.3677323],[-77.1171157,38.3680513],[-77.1165319,38.3683148],[-77.1161073,38.3682871],[-77.1155412,38.3684119],[-77.1121269,38.36905],[-77.1086773,38.3695354],[-77.1058291,38.369688],[-77.1034939,38.369577],[-77.1011411,38.3693412],[-77.0996728,38.3690361],[-77.0982575,38.3687448],[-77.0972846,38.3684397],[-77.0965416,38.3682178],[-77.0957986,38.3680652],[-77.0941003,38.3674688],[-77.0928619,38.3671775],[-77.0915174,38.3670943],[-77.0901199,38.3671914],[-77.0892,38.3672607],[-77.0871302,38.3677046],[-77.0851842,38.3682732],[-77.084282,38.3685784],[-77.083999,38.368939],[-77.0836805,38.3691609],[-77.0832737,38.369147],[-77.0826545,38.3694383],[-77.0811154,38.3701041],[-77.0791518,38.3711027],[-77.0770466,38.3724341],[-77.0746937,38.3742094],[-77.0729247,38.3757904],[-77.0708018,38.3777181],[-77.0695812,38.3792297],[-77.0680421,38.3807968],[-77.0649639,38.3841388],[-77.0624342,38.3868151],[-77.060842,38.3890753],[-77.0597275,38.3911968],[-77.0584715,38.3935678],[-77.0577462,38.3946493],[-77.0570386,38.3956198],[-77.0561187,38.3964378],[-77.0532351,38.3983927],[-77.052386,38.3989334],[-77.0516253,38.3991137],[-77.0512714,38.3989196],[-77.0506877,38.3987809],[-77.0501746,38.3986423],[-77.0495201,38.3987116],[-77.0489717,38.398878],[-77.0479102,38.3993632],[-77.0464773,38.3999732],[-77.0452744,38.4004585],[-77.0441952,38.4008189],[-77.0434522,38.4009021],[-77.0424792,38.4008882],[-77.041807,38.4007357],[-77.0414178,38.4005278],[-77.0412055,38.4002921],[-77.0405687,38.3999178],[-77.0403387,38.3994048],[-77.0395426,38.3988502],[-77.0389058,38.3984066],[-77.0384104,38.3980045],[-77.0381274,38.3976302],[-77.0376497,38.3971449],[-77.0367475,38.3963824],[-77.0363583,38.3961605],[-77.0361637,38.3958832],[-77.0348546,38.3945106],[-77.0343239,38.3939976],[-77.0338463,38.3936787],[-77.0329971,38.393027],[-77.031918,38.3920565],[-77.0312634,38.3915018],[-77.0308389,38.3910443],[-77.0303789,38.3905867],[-77.0297421,38.3901569],[-77.0293352,38.3897132],[-77.0284683,38.3891447],[-77.0279376,38.3888951],[-77.0271769,38.3886316],[-77.026487,38.3882572],[-77.0261509,38.3880076],[-77.0257263,38.3875084],[-77.0254609,38.3870786],[-77.0249833,38.3867319],[-77.0246472,38.3863159],[-77.0242934,38.3857613],[-77.0237803,38.3851927],[-77.0231612,38.384638],[-77.0226128,38.384333],[-77.0223474,38.3841111],[-77.022029,38.3835287],[-77.0210737,38.3830433],[-77.0204899,38.3826967],[-77.0199769,38.3823084],[-77.0196407,38.3821558],[-77.0189331,38.3819062],[-77.0184909,38.381296],[-77.0180663,38.3808939],[-77.0176063,38.3804085],[-77.0171641,38.3800202],[-77.0166864,38.3796458],[-77.0161557,38.3791604],[-77.0155542,38.3786196],[-77.0152004,38.3781896],[-77.0149528,38.3776349],[-77.0146697,38.3771634],[-77.0142628,38.3766225],[-77.0141036,38.3763452],[-77.0137321,38.37604],[-77.0132898,38.3757488],[-77.0130776,38.3754853],[-77.012883,38.3753605],[-77.0126884,38.375097],[-77.0121753,38.3748612],[-77.0117154,38.3747503],[-77.0115562,38.3744729],[-77.01168,38.3742649],[-77.0120338,38.3740846],[-77.012653,38.373821],[-77.0133783,38.3735021],[-77.014139,38.3730999],[-77.0149528,38.3724896],[-77.0156604,38.3717545],[-77.0161911,38.3710195],[-77.0163326,38.3701595],[-77.0161557,38.3697296],[-77.0160496,38.3694244],[-77.0161203,38.3691054],[-77.0161203,38.3688003],[-77.0157311,38.3681761],[-77.0153419,38.3676213],[-77.0152358,38.3672052],[-77.0151827,38.3667475],[-77.0152712,38.3661372],[-77.0151473,38.3654714],[-77.0149704,38.3648611],[-77.0148466,38.3638069],[-77.0146874,38.3630302],[-77.0147051,38.3625863],[-77.0147758,38.3621702],[-77.0145459,38.3618095],[-77.0146343,38.3615598],[-77.0147051,38.3613656],[-77.0145459,38.3609772],[-77.0145459,38.3606582],[-77.0145989,38.3603946],[-77.0147582,38.3600756],[-77.0148643,38.3596317],[-77.0148818,38.3592199],[-77.014882,38.3592155],[-77.0146582,38.3588915],[-77.014652,38.3588826],[-77.0146607,38.3588661],[-77.0148289,38.3585497],[-77.0150589,38.3580642],[-77.0151297,38.3576757],[-77.0151297,38.3573844],[-77.0151827,38.3570238],[-77.015165,38.3566353],[-77.0150058,38.3563995],[-77.0148141,38.3560851],[-77.0148112,38.3560804],[-77.0148121,38.3560774],[-77.0149704,38.3555672],[-77.0148466,38.3550955],[-77.0149351,38.3546793],[-77.0148466,38.3542493],[-77.014882,38.3536943],[-77.0149528,38.3532872],[-77.0149881,38.3530839],[-77.0150552,38.35302],[-77.0152358,38.3528481],[-77.0154127,38.3523625],[-77.0155719,38.3518354],[-77.0158196,38.3511001],[-77.0159257,38.3506423],[-77.0159965,38.3495601],[-77.0160849,38.3489081],[-77.0160673,38.3477843],[-77.0161734,38.3472571],[-77.0162088,38.346494],[-77.016138,38.3459529],[-77.0167041,38.3447458],[-77.0169872,38.3439411],[-77.0168987,38.343067],[-77.0170225,38.3423316],[-77.0170756,38.3412493],[-77.016881,38.3403891],[-77.0165272,38.3395149],[-77.0160849,38.3388628],[-77.0158727,38.3385714],[-77.0156958,38.33828],[-77.0153773,38.3380718],[-77.0150235,38.3378776],[-77.0150058,38.3376139],[-77.0148289,38.3374613],[-77.0144928,38.3371977],[-77.0144928,38.3368091],[-77.0146874,38.3363235],[-77.0150943,38.3358794],[-77.015395,38.3352134],[-77.0154658,38.3345612],[-77.0153596,38.334131],[-77.0150943,38.3338396],[-77.0147582,38.3334233],[-77.0146874,38.3329098],[-77.0148466,38.332438],[-77.0150075,38.3322066],[-77.0152712,38.3318274],[-77.030662,38.311578],[-77.0304497,38.3114947],[-77.0301843,38.3113559],[-77.0297597,38.3113559],[-77.0293352,38.3114809],[-77.0290698,38.3116336],[-77.0288752,38.311578],[-77.0287868,38.3114253],[-77.028716,38.3109811],[-77.028716,38.3105925],[-77.0286629,38.3101066],[-77.0285214,38.3096624],[-77.0283091,38.3092599],[-77.028256,38.3090239],[-77.0283799,38.308538],[-77.028486,38.3078717],[-77.0285037,38.3071915],[-77.028486,38.3066224],[-77.0282207,38.3060949],[-77.0280968,38.3055118],[-77.0276899,38.3046372],[-77.0273892,38.3041791],[-77.0270708,38.3038182],[-77.0268762,38.3033462],[-77.0261509,38.3024438],[-77.0248772,38.3013887],[-77.0239042,38.3008751],[-77.023285,38.3005002],[-77.0229489,38.3004169],[-77.022772,38.3005002],[-77.022772,38.3006668],[-77.022825,38.3008334],[-77.0227012,38.301],[-77.0224182,38.3010417],[-77.022029,38.3009167],[-77.0216221,38.3007779],[-77.0211621,38.3006252],[-77.020543,38.3005557],[-77.0199238,38.3003197],[-77.0192869,38.2999449],[-77.0187562,38.2995423],[-77.018084,38.2992507],[-77.0176417,38.2991813],[-77.0174117,38.2990008],[-77.0173233,38.2985705],[-77.016881,38.298265],[-77.0164741,38.297793],[-77.0160319,38.2971682],[-77.0155189,38.2962797],[-77.015112,38.2955022],[-77.0148289,38.2949607],[-77.0142805,38.294447],[-77.0138206,38.2938499],[-77.0133252,38.2935028],[-77.0127591,38.2932807],[-77.0121223,38.2931002],[-77.011397,38.2925032],[-77.0108662,38.292045],[-77.0105655,38.2915312],[-77.0103886,38.2910453],[-77.0103001,38.2904621],[-77.0102117,38.2898234],[-77.0100348,38.2892957],[-77.0097517,38.2888098],[-77.0093979,38.2884071],[-77.0088849,38.2878933],[-77.0082127,38.2873796],[-77.0073281,38.2868936],[-77.006762,38.2863937],[-77.006019,38.2857827],[-77.0053645,38.2851162],[-77.005223,38.2847413],[-77.0049222,38.2843247],[-77.0044269,38.2838803],[-77.0036485,38.2831166],[-77.0028524,38.2825334],[-77.002304,38.2822556],[-77.0017379,38.2819779],[-77.0014195,38.2815057],[-77.0014372,38.2810614],[-77.0014372,38.2806864],[-77.001278,38.280367],[-77.0011895,38.2800754],[-76.9973698,38.2780764],[-76.996909,38.277553],[-76.996148,38.27706],[-76.994078,38.275718],[-76.992007,38.274376],[-76.991438,38.274007],[-76.990869,38.273639],[-76.990809,38.273689],[-76.990595,38.273864],[-76.990137,38.274174],[-76.98991,38.274277],[-76.989771,38.274312],[-76.989494,38.274361],[-76.988973,38.274413],[-76.98787,38.274366],[-76.987327,38.27437],[-76.987286,38.274387],[-76.987,38.27437],[-76.986077,38.27427],[-76.985875,38.274268],[-76.985673,38.274288],[-76.984935,38.2743],[-76.984776,38.274342],[-76.984706,38.274343],[-76.984492,38.274418],[-76.984007,38.274519],[-76.983216,38.274648],[-76.982618,38.274686],[-76.981914,38.274659],[-76.981487,38.274606],[-76.981346,38.274542],[-76.981125,38.274376],[-76.980739,38.273998],[-76.980473,38.273706],[-76.98032,38.273472],[-76.98009,38.273218],[-76.979947,38.273083],[-76.979643,38.27289],[-76.978696,38.272434],[-76.978534,38.272338],[-76.978441,38.272262],[-76.97834,38.272138],[-76.978267,38.272018],[-76.977962,38.271287],[-76.977853,38.271124],[-76.977694,38.270946],[-76.977545,38.270816],[-76.977339,38.270677],[-76.97661,38.27025],[-76.976219,38.269987],[-76.975553,38.269323],[-76.975224,38.269021],[-76.974869,38.268763],[-76.974388,38.26848],[-76.974196,38.268351],[-76.97406,38.268205],[-76.973796,38.267737],[-76.973587,38.267472],[-76.973102,38.266992],[-76.973057,38.266948],[-76.972828,38.266772],[-76.972609,38.266604],[-76.972297,38.266411],[-76.972007,38.266257],[-76.971105,38.265866],[-76.970806,38.265651],[-76.970642,38.265494],[-76.970416,38.265125],[-76.970284,38.26488],[-76.970047,38.264614],[-76.969887,38.264381],[-76.969835,38.264261],[-76.969726,38.264092],[-76.969426,38.263655],[-76.96927,38.263474],[-76.968737,38.26306],[-76.968529,38.262844],[-76.96845,38.262768],[-76.968334,38.262611],[-76.968316,38.262592],[-76.968141,38.262405],[-76.968077,38.2623],[-76.967915,38.262035],[-76.967693,38.261739],[-76.967476,38.261543],[-76.967305,38.261397],[-76.967213,38.261344],[-76.966508,38.261037],[-76.966105,38.260797],[-76.965715,38.260567],[-76.965474,38.26039],[-76.965214,38.260076],[-76.964694,38.259645],[-76.964411,38.259468],[-76.964353,38.259409],[-76.964308,38.259377],[-76.96424,38.259328],[-76.963862,38.259027],[-76.96361,38.258702],[-76.96347,38.258435],[-76.963448,38.258402],[-76.963348,38.2583],[-76.963235,38.258241],[-76.963121,38.258144],[-76.962955,38.257909],[-76.962773,38.25765],[-76.962623,38.257504],[-76.962615,38.257492],[-76.962536,38.257379],[-76.962422,38.257271],[-76.962206,38.257074],[-76.962086,38.256964],[-76.962035,38.256893],[-76.962103,38.256804],[-76.962108,38.256755],[-76.962055,38.25665],[-76.962049,38.256638],[-76.961998,38.256537],[-76.961883,38.256387],[-76.961861,38.256358],[-76.961801,38.256208],[-76.961771,38.256134],[-76.961695,38.255836],[-76.961679,38.255773],[-76.961654,38.255675],[-76.961632,38.255384],[-76.961642,38.255235],[-76.96163,38.255179],[-76.961628,38.255168],[-76.96161,38.255082],[-76.961582,38.255055],[-76.961511,38.255029],[-76.961428,38.255025],[-76.961372,38.255037],[-76.961204,38.255007],[-76.961176,38.254974],[-76.961168,38.254936],[-76.961222,38.254891],[-76.961493,38.254853],[-76.961541,38.254814],[-76.96156,38.25477],[-76.96156,38.254725],[-76.961561,38.254528],[-76.961488,38.253887],[-76.961351,38.253735],[-76.961178,38.253686],[-76.961027,38.253609],[-76.960925,38.253418],[-76.960876,38.253419],[-76.960866,38.253207],[-76.96086,38.253095],[-76.961369,38.253087],[-76.961329,38.252923],[-76.961249,38.25227],[-76.961248,38.252248],[-76.961244,38.252078],[-76.961185,38.251712],[-76.96116,38.251558],[-76.961092,38.251339],[-76.961011,38.250934],[-76.960869,38.250557],[-76.960819,38.250272],[-76.960843,38.250129],[-76.960651,38.249468],[-76.960526,38.249195],[-76.96047,38.248921],[-76.960368,38.248707],[-76.960285,38.248534],[-76.959906,38.247909],[-76.959687,38.247534],[-76.959353,38.247028],[-76.959198,38.246712],[-76.959119,38.246615],[-76.959,38.246359],[-76.95892,38.246212],[-76.958877,38.246163],[-76.958691,38.245732],[-76.958596,38.245569],[-76.958515,38.245389],[-76.958414,38.245259],[-76.958347,38.245101],[-76.958251,38.244663],[-76.958103,38.244325],[-76.958041,38.2441],[-76.957923,38.243855],[-76.957815,38.24345],[-76.957756,38.243314],[-76.957582,38.242817],[-76.957477,38.242555],[-76.957394,38.242298],[-76.957407,38.242002],[-76.957382,38.241837],[-76.957329,38.241706],[-76.957283,38.241273],[-76.957183,38.240923],[-76.957178,38.240731],[-76.957156,38.240715],[-76.95707,38.240354],[-76.957017,38.240201],[-76.957033,38.240003],[-76.957036,38.239841],[-76.957038,38.239684],[-76.956978,38.239509],[-76.956962,38.23918],[-76.956945,38.238543],[-76.956956,38.238169],[-76.956923,38.237472],[-76.956964,38.237169],[-76.956954,38.236823],[-76.956997,38.236328],[-76.957088,38.236107],[-76.957229,38.235654],[-76.957393,38.235267],[-76.957501,38.235111],[-76.957592,38.23489],[-76.957807,38.234579],[-76.958099,38.234058],[-76.958337,38.233839],[-76.958478,38.23365],[-76.958647,38.233472],[-76.958926,38.233203],[-76.95923,38.23288],[-76.95936,38.232768],[-76.959663,38.232406],[-76.959962,38.23212],[-76.960089,38.231926],[-76.960326,38.231653],[-76.960393,38.2316],[-76.960503,38.231513],[-76.961011,38.231229],[-76.961113,38.231134],[-76.96122,38.230984],[-76.961328,38.230809],[-76.961481,38.230606],[-76.961767,38.230332],[-76.962061,38.230135],[-76.96223,38.22994],[-76.962251,38.229888],[-76.962152,38.22973],[-76.962036,38.229541],[-76.961215,38.228199],[-76.95704,38.221428],[-76.957002,38.221367],[-76.956965,38.221306],[-76.955043,38.21819],[-76.953122,38.215074],[-76.953038,38.214936],[-76.952953,38.214799],[-76.951157,38.211884],[-76.949371,38.208978],[-76.94932,38.208901],[-76.949279,38.208835],[-76.949232,38.208758],[-76.949194,38.208696],[-76.949148,38.208623],[-76.949103,38.20855],[-76.949062,38.208484],[-76.94902,38.208418],[-76.948799,38.208405],[-76.948624,38.20838],[-76.948397,38.208327],[-76.94819,38.208278],[-76.948137,38.208255],[-76.947962,38.208178],[-76.947534,38.207991],[-76.947246,38.207865],[-76.946194,38.207344],[-76.945687,38.207127],[-76.945383,38.20694],[-76.945122,38.206818],[-76.944931,38.206695],[-76.944615,38.206607],[-76.944404,38.206489],[-76.943919,38.206322],[-76.943693,38.20621],[-76.943601,38.206154],[-76.943551,38.206124],[-76.94341,38.206061],[-76.9431,38.205912],[-76.942876,38.205772],[-76.942173,38.205334],[-76.941616,38.205096],[-76.940607,38.20458],[-76.940348,38.204496],[-76.940121,38.204368],[-76.939917,38.204289],[-76.939797,38.20422],[-76.939675,38.204085],[-76.939497,38.203928],[-76.939188,38.203829],[-76.939082,38.203759],[-76.938923,38.203537],[-76.938793,38.203391],[-76.938524,38.203197],[-76.938177,38.202978],[-76.937535,38.202648],[-76.937295,38.202536],[-76.936838,38.202385],[-76.936376,38.202277],[-76.935754,38.202188],[-76.935496,38.202165],[-76.935174,38.202099],[-76.934662,38.201954],[-76.934494,38.201923],[-76.933859,38.201857],[-76.933467,38.201765],[-76.9334033,38.2017515],[-76.933081,38.201683],[-76.9330144,38.2016785],[-76.932949,38.201674],[-76.932711,38.201612],[-76.93255,38.201604],[-76.932423,38.20154],[-76.932384,38.201529],[-76.932073,38.201441],[-76.931611,38.201356],[-76.930668,38.201223],[-76.929615,38.201158],[-76.928937,38.20107],[-76.928449,38.201029],[-76.927912,38.200993],[-76.927402,38.200947],[-76.927166,38.200951],[-76.926915,38.200933],[-76.92672,38.200931],[-76.926622,38.200921],[-76.926281,38.200921],[-76.926246,38.200911],[-76.926079,38.200919],[-76.925125,38.200896],[-76.924624,38.200905],[-76.924248,38.2009],[-76.923579,38.200883],[-76.923251,38.200867],[-76.922807,38.200923],[-76.922312,38.200888],[-76.921998,38.200838],[-76.921849,38.200784],[-76.921737,38.200743],[-76.921711,38.20073],[-76.921632,38.20069],[-76.921558,38.20065],[-76.9214856,38.200609],[-76.921439,38.200591],[-76.921385,38.200568],[-76.92125,38.200529],[-76.920875,38.20042],[-76.920568,38.200339],[-76.920158,38.200231],[-76.919493,38.200115],[-76.918543,38.199993],[-76.918334,38.199975],[-76.918132,38.199978],[-76.917796,38.199901],[-76.917481,38.19984],[-76.917393,38.199836],[-76.916582,38.199795],[-76.916485,38.199781],[-76.916177,38.199735],[-76.915987,38.199667],[-76.915867,38.199603],[-76.915731,38.199474],[-76.915702,38.199414],[-76.915577,38.199179],[-76.915544,38.199141],[-76.915412,38.19899],[-76.915278,38.19886],[-76.915012,38.198601],[-76.914771,38.198423],[-76.914367,38.198155],[-76.914128,38.198066],[-76.913819,38.197978],[-76.913114,38.197874],[-76.912702,38.197831],[-76.912632,38.197816],[-76.912129,38.197747],[-76.911947,38.197706],[-76.911525,38.197548],[-76.91113,38.197357],[-76.910699,38.197116],[-76.910551,38.19702],[-76.910372,38.196864],[-76.909941,38.196343],[-76.909834,38.196246],[-76.909636,38.196112],[-76.908901,38.195712],[-76.908596,38.195481],[-76.908398,38.195374],[-76.908221,38.195256],[-76.90779,38.195016],[-76.907579,38.194909],[-76.907465,38.194829],[-76.907215,38.19458],[-76.906474,38.193911],[-76.906258,38.19364],[-76.906122,38.193488],[-76.905994,38.193408],[-76.905861,38.193355],[-76.905585,38.1932],[-76.904889,38.192921],[-76.904867,38.192871],[-76.90488,38.192849],[-76.905004,38.192809],[-76.905046,38.192814],[-76.905205,38.192784],[-76.905181,38.192774],[-76.905108,38.192744],[-76.905012,38.192703],[-76.904938,38.192673],[-76.904909,38.192661],[-76.90478,38.192607],[-76.904653,38.192554],[-76.904527,38.192501],[-76.904455,38.19247],[-76.904399,38.192447],[-76.904265,38.192421],[-76.904165,38.192401],[-76.903908,38.191988],[-76.903861,38.191948],[-76.903588,38.19164],[-76.903381,38.191429],[-76.90285,38.190795],[-76.902729,38.190692],[-76.90241,38.190483],[-76.902239,38.190398],[-76.902217,38.190387],[-76.9021,38.190329],[-76.901943,38.190205],[-76.901657,38.189886],[-76.901364,38.189621],[-76.901146,38.189509],[-76.900806,38.189301],[-76.900299,38.189056],[-76.899872,38.188723],[-76.899539,38.188503],[-76.899326,38.188347],[-76.89905,38.188154],[-76.898378,38.187747],[-76.898092,38.187455],[-76.897937,38.187359],[-76.897716,38.187264],[-76.897676,38.187247],[-76.897571,38.187184],[-76.897231,38.18698],[-76.896709,38.186708],[-76.896385,38.186576],[-76.896087,38.186372],[-76.895348,38.186038],[-76.894877,38.18587],[-76.894722,38.185784],[-76.894396,38.185559],[-76.893899,38.185188],[-76.893646,38.185066],[-76.893414,38.184982],[-76.893224,38.184897],[-76.89299,38.184752],[-76.892925,38.184671],[-76.892776,38.184552],[-76.892501,38.184403],[-76.892022,38.184202],[-76.891189,38.183732],[-76.891005,38.183603],[-76.890783,38.183398],[-76.890537,38.183265],[-76.890217,38.183022],[-76.890024,38.182817],[-76.889832,38.182672],[-76.889371,38.182349],[-76.888433,38.181579],[-76.888162,38.181314],[-76.888033,38.181173],[-76.887769,38.180919],[-76.887721,38.180883],[-76.887666,38.180841],[-76.887563,38.180763],[-76.887474,38.180668],[-76.887384,38.180574],[-76.887307,38.180508],[-76.886971,38.180224],[-76.886709,38.180036],[-76.886523,38.179835],[-76.885883,38.179396],[-76.885701,38.179272],[-76.885465,38.179039],[-76.88502,38.178761],[-76.884661,38.178607],[-76.884562,38.178548],[-76.884532,38.178219],[-76.884482,38.178154],[-76.884439,38.178116],[-76.884227,38.177988],[-76.884146,38.177802],[-76.883959,38.177586],[-76.883703,38.177354],[-76.883561,38.177268],[-76.88341,38.177125],[-76.883336,38.177056],[-76.88324,38.176965],[-76.883025,38.1767],[-76.882768,38.176457],[-76.88257,38.176323],[-76.882358,38.176227],[-76.882111,38.176094],[-76.882058,38.176054],[-76.882004,38.176014],[-76.881615,38.175723],[-76.881402,38.175578],[-76.881237,38.175388],[-76.88101,38.175199],[-76.880543,38.174932],[-76.880471,38.174904],[-76.880454,38.174897],[-76.88029,38.174832],[-76.880129,38.174758],[-76.879887,38.174575],[-76.879775,38.174527],[-76.879652,38.174455],[-76.879619,38.174436],[-76.879493,38.174411],[-76.879281,38.174253],[-76.879235,38.174218],[-76.879088,38.174102],[-76.878673,38.173855],[-76.87849,38.173764],[-76.878339,38.173718],[-76.878113,38.173661],[-76.8779,38.17357],[-76.877667,38.173424],[-76.876744,38.173019],[-76.876316,38.172856],[-76.87582,38.172704],[-76.87533,38.172554],[-76.875172,38.172458],[-76.874676,38.172329],[-76.874117,38.172101],[-76.873187,38.171824],[-76.872892,38.171752],[-76.872716,38.171686],[-76.872465,38.171649],[-76.872126,38.17162],[-76.871818,38.171583],[-76.871397,38.171484],[-76.871152,38.171447],[-76.870718,38.171444],[-76.870329,38.17141],[-76.870022,38.17141],[-76.869927,38.171407],[-76.86916,38.171343],[-76.868884,38.171328],[-76.868859,38.171372],[-76.868065,38.171352],[-76.867362,38.171358],[-76.866008,38.17144],[-76.865772,38.171476],[-76.865403,38.171466],[-76.864806,38.171514],[-76.864033,38.171509],[-76.863573,38.171489],[-76.863412,38.171459],[-76.8629935,38.1713707],[-76.862853,38.171341],[-76.862396,38.171173],[-76.861954,38.171043],[-76.861689,38.170986],[-76.861284,38.170943],[-76.860922,38.170938],[-76.860273,38.170976],[-76.860026,38.170991],[-76.859589,38.171047],[-76.859387,38.171045],[-76.859045,38.171028],[-76.858836,38.170999],[-76.858464,38.170889],[-76.858281,38.170788],[-76.858131,38.170658],[-76.85808,38.17056],[-76.857947,38.170254],[-76.857876,38.170119],[-76.857808,38.169929],[-76.857784,38.169862],[-76.857638,38.169584],[-76.857586,38.169458],[-76.857524,38.169212],[-76.857437,38.16906],[-76.857292,38.168842],[-76.857171,38.168729],[-76.85669,38.168434],[-76.856154,38.16814],[-76.855682,38.167901],[-76.855201,38.167672],[-76.855167,38.167656],[-76.855006,38.167598],[-76.854987,38.16759],[-76.854549,38.167416],[-76.854261,38.167302],[-76.854062,38.167255],[-76.853843,38.167203],[-76.853827,38.167199],[-76.853784,38.167178],[-76.853722,38.167168],[-76.853702,38.167166],[-76.853038,38.167085],[-76.853022,38.167084],[-76.85179,38.167017],[-76.851233,38.166999],[-76.85114,38.166998],[-76.851121,38.166998],[-76.850655,38.166991],[-76.850329,38.167018],[-76.849408,38.166912],[-76.849212,38.166871],[-76.848626,38.166793],[-76.848443,38.166759],[-76.848297,38.166732],[-76.848011,38.166692],[-76.847654,38.166632],[-76.846601,38.166242],[-76.846461,38.166206],[-76.846319,38.16612],[-76.846109,38.166063],[-76.846039,38.166053],[-76.845689,38.165949],[-76.84536,38.165861],[-76.845129,38.165789],[-76.844873,38.165605],[-76.844689,38.165465],[-76.844524,38.165297],[-76.844327,38.16519],[-76.843918,38.164999],[-76.843442,38.16488],[-76.843196,38.164796],[-76.843119,38.164759],[-76.842754,38.164621],[-76.842578,38.164542],[-76.842389,38.164495],[-76.842159,38.164482],[-76.841864,38.164372],[-76.841345,38.164199],[-76.841099,38.164104],[-76.840881,38.164036],[-76.840677,38.163945],[-76.840585,38.163934],[-76.840558,38.163931],[-76.840272,38.163869],[-76.84004,38.163791],[-76.839368,38.163609],[-76.83899,38.163554],[-76.838593,38.163528],[-76.838376,38.163487],[-76.838265,38.163483],[-76.837945,38.163499],[-76.837583,38.163483],[-76.837333,38.163498],[-76.836274,38.163432],[-76.835501,38.163422],[-76.835272,38.163437],[-76.834715,38.163412],[-76.834617,38.163403],[-76.83406,38.163395],[-76.83376,38.163361],[-76.833343,38.163362],[-76.8331,38.163377],[-76.832967,38.163379],[-76.832716,38.16335],[-76.832515,38.163359],[-76.832222,38.163336],[-76.831832,38.163315],[-76.831553,38.163313],[-76.831414,38.163312],[-76.831275,38.163312],[-76.831219,38.163302],[-76.831053,38.163305],[-76.831031,38.163289],[-76.830957,38.163281],[-76.830884,38.163274],[-76.830776,38.163282],[-76.830451,38.163306],[-76.83012,38.16333],[-76.829842,38.163335],[-76.829578,38.163336],[-76.829314,38.163337],[-76.829255,38.163332],[-76.828909,38.163305],[-76.828672,38.163298],[-76.828381,38.163313],[-76.82836,38.163316],[-76.828124,38.163348],[-76.827867,38.163382],[-76.827749,38.163378],[-76.827714,38.163384],[-76.827402,38.163422],[-76.827353,38.163412],[-76.826755,38.163432],[-76.826617,38.163456],[-76.826526,38.163452],[-76.82613,38.163458],[-76.825852,38.163479],[-76.825505,38.163534],[-76.825116,38.163557],[-76.824551,38.163617],[-76.824284,38.163646],[-76.824166,38.16367],[-76.823881,38.163702],[-76.82253,38.163932],[-76.822294,38.163946],[-76.821665,38.164094],[-76.821646,38.164099],[-76.82143,38.164158],[-76.821271,38.164215],[-76.820759,38.164311],[-76.820655,38.164345],[-76.820157,38.164469],[-76.819963,38.164504],[-76.819708,38.16458],[-76.819382,38.164634],[-76.81914,38.16471],[-76.818683,38.164804],[-76.818186,38.164928],[-76.818069,38.164984],[-76.81784,38.165032],[-76.817627,38.165117],[-76.817434,38.165208],[-76.816798,38.165388],[-76.816065,38.165559],[-76.815658,38.165675],[-76.815251,38.16583],[-76.814321,38.166201],[-76.813491,38.166428],[-76.813194,38.166499],[-76.812834,38.166587],[-76.812535,38.166597],[-76.812275,38.166573],[-76.812235,38.166569],[-76.811956,38.166529],[-76.811579,38.166458],[-76.811529,38.166437],[-76.811236,38.166403],[-76.81109,38.166416],[-76.810738,38.166509],[-76.810696,38.166505],[-76.810281,38.166588],[-76.809998,38.166702],[-76.809763,38.166777],[-76.809397,38.166865],[-76.809182,38.16689],[-76.808905,38.166944],[-76.808766,38.166952],[-76.808136,38.167082],[-76.807851,38.167114],[-76.807574,38.167162],[-76.807298,38.167233],[-76.807056,38.167308],[-76.806779,38.167372],[-76.8064,38.167516],[-76.806137,38.167586],[-76.805681,38.167714],[-76.805406,38.167839],[-76.805143,38.167903],[-76.804997,38.167922],[-76.8044,38.167942],[-76.804142,38.167957],[-76.80374,38.168018],[-76.803469,38.168028],[-76.803068,38.168122],[-76.802791,38.168164],[-76.802396,38.168258],[-76.802018,38.168423],[-76.801762,38.168482],[-76.801332,38.168555],[-76.800794,38.168728],[-76.800593,38.16877],[-76.800199,38.16888],[-76.800164,38.168886],[-76.799887,38.168933],[-76.79963,38.168944],[-76.799176,38.168874],[-76.798699,38.168733],[-76.79844,38.168665],[-76.79818,38.168559],[-76.798086,38.168531],[-76.797766,38.168434],[-76.797144,38.1683],[-76.796898,38.168284],[-76.796747,38.168274],[-76.7966,38.168276],[-76.796328,38.168242],[-76.796037,38.168268],[-76.795509,38.168304],[-76.795177,38.168385],[-76.794754,38.168458],[-76.794435,38.168485],[-76.79388,38.168576],[-76.793735,38.168616],[-76.793353,38.168655],[-76.793118,38.168708],[-76.792868,38.168739],[-76.792799,38.16874],[-76.792494,38.168789],[-76.792202,38.168821],[-76.791862,38.16887],[-76.791475,38.168947],[-76.790684,38.169058],[-76.790598,38.169067],[-76.790497,38.169078],[-76.790468,38.169083],[-76.790368,38.169098],[-76.790267,38.169113],[-76.79006,38.169145],[-76.78981,38.169154],[-76.789602,38.169185],[-76.78915,38.169197],[-76.788872,38.169234],[-76.788233,38.169255],[-76.787675,38.169214],[-76.787639,38.169206],[-76.787416,38.169158],[-76.787068,38.169168],[-76.786766,38.169135],[-76.786245,38.169077],[-76.786049,38.169022],[-76.785853,38.168967],[-76.785453,38.168852],[-76.785203,38.168746],[-76.784989,38.168656],[-76.784752,38.168621],[-76.78367,38.168495],[-76.783419,38.168482],[-76.782895,38.168391],[-76.782754,38.168382],[-76.782414,38.16836],[-76.782094,38.16836],[-76.781843,38.168325],[-76.781724,38.168321],[-76.781702,38.168317],[-76.781574,38.168296],[-76.781452,38.168276],[-76.781423,38.168274],[-76.781342,38.168268],[-76.781278,38.168263],[-76.781257,38.168262],[-76.781198,38.168247],[-76.781096,38.168221],[-76.781046,38.1682],[-76.781007,38.168195],[-76.780495,38.168126],[-76.780258,38.168118],[-76.779887,38.16803],[-76.779756,38.168015],[-76.779671,38.168006],[-76.779651,38.168007],[-76.77924,38.168018],[-76.778967,38.167967],[-76.778769,38.167919],[-76.778526,38.167859],[-76.778326,38.167834],[-76.778247,38.167825],[-76.777807,38.167743],[-76.77752,38.167671],[-76.777373,38.167651],[-76.777121,38.167589],[-76.776904,38.167537],[-76.776569,38.167504],[-76.776235,38.167487],[-76.775884,38.167382],[-76.775783,38.167361],[-76.775633,38.167331],[-76.775088,38.167252],[-76.774906,38.167199],[-76.774577,38.167144],[-76.774091,38.167168],[-76.773703,38.167245],[-76.773311,38.167427],[-76.772586,38.167657],[-76.77257,38.167758],[-76.772135,38.167841],[-76.772094,38.167839],[-76.771901,38.167859],[-76.77141,38.167911],[-76.771058,38.167903],[-76.770947,38.1679],[-76.770687,38.167819],[-76.770634,38.167802],[-76.770194,38.167821],[-76.767722,38.167929],[-76.767467,38.167924],[-76.766708,38.167911],[-76.766636,38.16791],[-76.765948,38.167897],[-76.765926,38.167896],[-76.763973,38.167791],[-76.762998,38.167577],[-76.762982,38.167573],[-76.762718,38.167516],[-76.762438,38.167454],[-76.76242,38.16745],[-76.762366,38.167438],[-76.762343,38.167433],[-76.762322,38.167429],[-76.762254,38.167414],[-76.762165,38.167394],[-76.762144,38.167389],[-76.761742,38.167301],[-76.759481,38.166859],[-76.759397,38.166829],[-76.759378,38.166822],[-76.759038,38.166702],[-76.758678,38.166576],[-76.758658,38.166569],[-76.757941,38.166317],[-76.75773,38.166285],[-76.757708,38.166282],[-76.757236,38.166207],[-76.756338,38.166123],[-76.755384,38.165815],[-76.754733,38.165422],[-76.753049,38.165049],[-76.751417,38.164689],[-76.749686,38.164698],[-76.72652,38.16309],[-76.721666,38.162762],[-76.716812,38.162434],[-76.716792,38.162433],[-76.710194,38.161987],[-76.703576,38.16154],[-76.702431,38.161462],[-76.701287,38.161385],[-76.701266,38.161384],[-76.701012,38.161367],[-76.700992,38.161366],[-76.700899,38.161359],[-76.697453,38.161014],[-76.696414,38.160865],[-76.695172,38.160523],[-76.693346,38.160659],[-76.692357,38.16051],[-76.691971,38.160332],[-76.691216,38.160417],[-76.690266,38.160549],[-76.690154,38.160529],[-76.690134,38.160525],[-76.689288,38.160376],[-76.689014,38.160222],[-76.688304,38.159938],[-76.68818,38.159889],[-76.673945,38.157892],[-76.673924,38.157889],[-76.673348,38.157808],[-76.67275,38.157724],[-76.670036,38.157343],[-76.667321,38.156962],[-76.667301,38.156959],[-76.662158,38.156238],[-76.656995,38.155514],[-76.652396,38.154869],[-76.647797,38.154224],[-76.647775,38.154221],[-76.645972,38.153968],[-76.644148,38.153712],[-76.636654,38.15266],[-76.635972,38.15256],[-76.635758,38.152559],[-76.635328,38.15271],[-76.634049,38.153035],[-76.634031,38.15304],[-76.633561,38.153159],[-76.631335,38.153518],[-76.629917,38.153495],[-76.629163,38.153483],[-76.628032,38.153276],[-76.627465,38.152784],[-76.626034,38.151877],[-76.625128,38.151447],[-76.62468,38.151307],[-76.62438,38.151322],[-76.624097,38.151337],[-76.623732,38.151356],[-76.621758,38.150751],[-76.62133,38.150638],[-76.619937,38.150565],[-76.618014,38.150162],[-76.616935,38.149976],[-76.61543,38.149605],[-76.614412,38.149468],[-76.612714,38.149362],[-76.610964,38.149426],[-76.609774,38.149394],[-76.608024,38.149192],[-76.607231,38.14924],[-76.606468,38.14928],[-76.60543,38.148933],[-76.604901,38.148603],[-76.60484,38.148369],[-76.604972,38.14799],[-76.605338,38.147974],[-76.606193,38.148168],[-76.607535,38.148281],[-76.608634,38.148193],[-76.609204,38.148346],[-76.610384,38.148516],[-76.610145,38.14765],[-76.60489,38.134227],[-76.604586,38.132684],[-76.604395,38.131713],[-76.604382,38.131646],[-76.604355,38.131617],[-76.603905,38.131142],[-76.603602,38.130663],[-76.60355,38.130532],[-76.603355,38.130183],[-76.603214,38.129767],[-76.603204,38.129745],[-76.603129,38.129585],[-76.60312,38.129566],[-76.603038,38.129391],[-76.602691,38.128143],[-76.602218,38.126715],[-76.60214,38.12648],[-76.60213,38.126436],[-76.602095,38.126287],[-76.602047,38.126084],[-76.602017,38.125954],[-76.601956,38.125692],[-76.60187,38.125485],[-76.601781,38.125273],[-76.601721,38.125129],[-76.601761,38.124716],[-76.601921,38.124407],[-76.601946,38.124314],[-76.602043,38.123955],[-76.602047,38.123795],[-76.601985,38.123532],[-76.601939,38.123302],[-76.601859,38.123144],[-76.601629,38.122839],[-76.601516,38.12257],[-76.601497,38.122523],[-76.601541,38.121676],[-76.601465,38.121353],[-76.601392,38.1212],[-76.601392,38.120892],[-76.601347,38.120734],[-76.601087,38.120303],[-76.600983,38.119981],[-76.600954,38.119635],[-76.601118,38.119166],[-76.601122,38.119034],[-76.601091,38.118902],[-76.600882,38.11857],[-76.600604,38.116646],[-76.600625,38.116343],[-76.60052,38.116009],[-76.60028,38.115524],[-76.600259,38.115363],[-76.600076,38.115065],[-76.600051,38.114912],[-76.599958,38.114754],[-76.599874,38.114441],[-76.599916,38.114111],[-76.600006,38.113802],[-76.600333,38.113295],[-76.600467,38.113088],[-76.60035,38.112906],[-76.600274,38.112787],[-76.600048,38.112437],[-76.599959,38.112164],[-76.599899,38.112034],[-76.599804,38.11183],[-76.599736,38.111736],[-76.59954,38.111609],[-76.599344,38.111485],[-76.599334,38.11147],[-76.598712,38.110582],[-76.598191,38.109838],[-76.596649,38.107636],[-76.596608,38.107577],[-76.596516,38.107446],[-76.596452,38.107355],[-76.596382,38.107255],[-76.596255,38.107074],[-76.596195,38.106988],[-76.596153,38.106927],[-76.596128,38.106892],[-76.596069,38.106859],[-76.596156,38.106676],[-76.59609,38.106616],[-76.595992,38.106528],[-76.595925,38.106468],[-76.595895,38.10644],[-76.595844,38.106394],[-76.595793,38.106349],[-76.595433,38.106139],[-76.59529,38.106055],[-76.595024,38.10601],[-76.594809,38.105973],[-76.594626,38.105866],[-76.594445,38.105715],[-76.59396,38.105309],[-76.593551,38.105034],[-76.593373,38.104861],[-76.592781,38.104484],[-76.592346,38.104298],[-76.591705,38.103911],[-76.591164,38.103682],[-76.590425,38.103253],[-76.590359,38.103225],[-76.589906,38.103034],[-76.58956,38.102814],[-76.589019,38.102519],[-76.588907,38.102488],[-76.588601,38.102514],[-76.588189,38.102272],[-76.58808,38.102208],[-76.58781,38.101915],[-76.587239,38.101484],[-76.587191,38.101448],[-76.586665,38.101051],[-76.586084,38.100688],[-76.586002,38.100637],[-76.585455,38.100079],[-76.585205,38.099763],[-76.584355,38.099039],[-76.582964,38.09775],[-76.582819,38.0976],[-76.582748,38.097527],[-76.582545,38.097316],[-76.582215,38.097167],[-76.582155,38.097132],[-76.582095,38.097097],[-76.581931,38.096874],[-76.581907,38.096728],[-76.581891,38.096633],[-76.581893,38.096606],[-76.581868,38.09642],[-76.581866,38.096404],[-76.581859,38.096352],[-76.58184,38.096201],[-76.581776,38.096135],[-76.581713,38.096068],[-76.581639,38.095987],[-76.581568,38.095909],[-76.581465,38.095868],[-76.58139,38.095838],[-76.581315,38.095809],[-76.581198,38.095764],[-76.581082,38.095718],[-76.580964,38.095671],[-76.580847,38.095625],[-76.580796,38.095601],[-76.580678,38.095545],[-76.58053,38.095518],[-76.580308,38.095478],[-76.580201,38.095458],[-76.580099,38.095439],[-76.57999,38.095419],[-76.579821,38.095388],[-76.579757,38.095376],[-76.579575,38.095329],[-76.579416,38.095199],[-76.579333,38.095132],[-76.579222,38.095042],[-76.579171,38.094972],[-76.579071,38.094808],[-76.579014,38.09477],[-76.578705,38.094626],[-76.57851,38.094579],[-76.577889,38.094505],[-76.577559,38.094356],[-76.577063,38.094242],[-76.576871,38.094117],[-76.576676,38.093989],[-76.576184,38.09377],[-76.575443,38.09356],[-76.574824,38.093211],[-76.574165,38.092968],[-76.573652,38.092711],[-76.572314,38.091894],[-76.571253,38.091358],[-76.57053,38.091039],[-76.569774,38.09079],[-76.569309,38.090505],[-76.567986,38.090089],[-76.56753,38.089938],[-76.567475,38.08992],[-76.567461,38.089914],[-76.567026,38.089717],[-76.566792,38.089517],[-76.566662,38.089272],[-76.566613,38.089239],[-76.566451,38.089148],[-76.566289,38.089057],[-76.565896,38.088886],[-76.565524,38.088704],[-76.56551,38.088698],[-76.564969,38.088477],[-76.564956,38.088472],[-76.564276,38.088194],[-76.564239,38.088174],[-76.563831,38.087956],[-76.563622,38.087845],[-76.563314,38.087745],[-76.563253,38.087742],[-76.562917,38.087728],[-76.561817,38.087309],[-76.560888,38.087102],[-76.56025,38.086863],[-76.559468,38.086675],[-76.558956,38.086462],[-76.558713,38.086455],[-76.558208,38.086275],[-76.557594,38.086145],[-76.557176,38.086096],[-76.556629,38.085873],[-76.556192,38.085609],[-76.55571,38.085137],[-76.555348,38.084813],[-76.555292,38.08477],[-76.554762,38.084359],[-76.554265,38.083888],[-76.553335,38.083285],[-76.552674,38.082936],[-76.552625,38.082901],[-76.551863,38.082359],[-76.551326,38.082037],[-76.550321,38.081434],[-76.550019,38.081274],[-76.550007,38.081267],[-76.548704,38.080544],[-76.5483,38.080339],[-76.546533,38.079441],[-76.545886,38.07907],[-76.545575,38.078838],[-76.545387,38.078807],[-76.544048,38.077941],[-76.543663,38.077722],[-76.543141,38.077425],[-76.542627,38.077143],[-76.541938,38.076765],[-76.54163,38.076665],[-76.541399,38.076598],[-76.541168,38.07653],[-76.541142,38.076523],[-76.540165,38.076238],[-76.539162,38.075945],[-76.537395,38.075534],[-76.537093,38.075395],[-76.536457,38.074903],[-76.535733,38.074079],[-76.535717,38.074061],[-76.535402,38.073626],[-76.535325,38.073287],[-76.535249,38.072947],[-76.5351245,38.0715012],[-76.535121,38.07146],[-76.5351647,38.0712068],[-76.535313,38.070347],[-76.535436,38.069917],[-76.535537,38.069108],[-76.535563,38.068366],[-76.535518,38.06818],[-76.535437,38.067994],[-76.535449,38.067873],[-76.535576,38.067652],[-76.535591,38.067535],[-76.5356,38.067465],[-76.535488,38.067093],[-76.535311,38.065963],[-76.535,38.065341],[-76.534826,38.064673],[-76.534604,38.064352],[-76.53445,38.06398],[-76.534191,38.063539],[-76.533332,38.062341],[-76.532912,38.061891],[-76.532192,38.060642],[-76.531752,38.060225],[-76.531403,38.059795],[-76.530528,38.05851],[-76.530044,38.05794],[-76.529531,38.057336],[-76.529409,38.057135],[-76.528952,38.056553],[-76.528831,38.056382],[-76.528536,38.055966],[-76.527811,38.055178],[-76.527728,38.055106],[-76.527662,38.055012],[-76.527322,38.054527],[-76.526457,38.053254],[-76.526358,38.053108],[-76.525903,38.052917],[-76.525296,38.052663],[-76.525219,38.052591],[-76.525206,38.052581],[-76.52461,38.052114],[-76.524008,38.051634],[-76.523997,38.051625],[-76.522693,38.050583],[-76.517528,38.046512],[-76.516667,38.045658],[-76.51616,38.04492],[-76.516162,38.044236],[-76.516182,38.043311],[-76.516215,38.041783],[-76.516349,38.035644],[-76.516369,38.034724],[-76.516404,38.033149],[-76.516438,38.031575],[-76.516524,38.029179],[-76.516609,38.026783],[-76.516554,38.026794],[-76.516095,38.026767],[-76.515934,38.026725],[-76.515647,38.026592],[-76.515353,38.026449],[-76.514714,38.026137],[-76.514062,38.025859],[-76.513069,38.025521],[-76.512019,38.025106],[-76.510189,38.024267],[-76.509535,38.023879],[-76.508363,38.023312],[-76.507853,38.023126],[-76.507089,38.022812],[-76.506746,38.022641],[-76.505387,38.022092],[-76.504499,38.021807],[-76.504046,38.021708],[-76.50306,38.021369],[-76.502256,38.021143],[-76.501698,38.020944],[-76.501536,38.020886],[-76.501074,38.02072],[-76.50075,38.02052],[-76.499676,38.020086],[-76.499591,38.020078],[-76.499506,38.020069],[-76.499376,38.020056],[-76.499147,38.019988],[-76.498575,38.019891],[-76.498547,38.019872],[-76.49839,38.019754],[-76.497949,38.019584],[-76.497829,38.019539],[-76.497497,38.019414],[-76.497187,38.019278],[-76.497037,38.019192],[-76.497009,38.019176],[-76.496814,38.019064],[-76.496591,38.018937],[-76.496124,38.018813],[-76.495894,38.018752],[-76.495776,38.01872],[-76.495657,38.018689],[-76.49559,38.018671],[-76.495525,38.018654],[-76.494622,38.018415],[-76.493586,38.01814],[-76.493522,38.01816],[-76.492805,38.018083],[-76.492544,38.017905],[-76.492543,38.017864],[-76.491976,38.017714],[-76.491347,38.017587],[-76.49122,38.017562],[-76.490393,38.017462],[-76.490179,38.017436],[-76.489976,38.017412],[-76.489951,38.017409],[-76.488754,38.017261],[-76.488608,38.017247],[-76.488568,38.017242],[-76.487489,38.017011],[-76.485472,38.016253],[-76.484719,38.015988],[-76.484419,38.01599],[-76.483929,38.015866],[-76.483439,38.015741],[-76.482973,38.015622],[-76.482507,38.015503],[-76.482493,38.0155],[-76.481976,38.015367],[-76.480894,38.015277],[-76.48043,38.015311],[-76.479812,38.015232],[-76.478605,38.01533],[-76.478431,38.015344],[-76.477967,38.015424],[-76.477675,38.015428],[-76.476935,38.015465],[-76.476696,38.015516],[-76.476457,38.015566],[-76.475994,38.015663],[-76.47575,38.015692],[-76.4754,38.01556],[-76.475376,38.015548],[-76.475089,38.015404],[-76.474887,38.015392],[-76.474539,38.015606],[-76.474419,38.015683],[-76.474297,38.015757],[-76.474168,38.015933],[-76.473879,38.016113],[-76.473518,38.016202],[-76.473397,38.016232],[-76.473109,38.016049],[-76.472773,38.015744],[-76.472518,38.015481],[-76.472,38.015214],[-76.468415,38.014569],[-76.468053,38.014441],[-76.4678,38.014139],[-76.467246,38.013684],[-76.467059,38.013503],[-76.466474,38.013386],[-76.46609,38.013306],[-76.465311,38.013259],[-76.465008,38.01322],[-76.45228,38.000143],[-76.446612,37.994271],[-76.445137,37.992714],[-76.443662,37.991157],[-76.442171,37.989584],[-76.441262,37.989251],[-76.43947,37.988255],[-76.438067,37.987111],[-76.436988,37.986059],[-76.436911,37.985951],[-76.436332,37.985139],[-76.435753,37.984327],[-76.435579,37.984083],[-76.433968,37.981937],[-76.4339,37.981847],[-76.426317,37.977376],[-76.42546,37.976871],[-76.42513,37.976553],[-76.423846,37.975643],[-76.422693,37.974735],[-76.421675,37.973666],[-76.420558,37.972509],[-76.41937,37.971269],[-76.415293,37.968141],[-76.412934,37.966332],[-76.392443,37.959445],[-76.391736,37.959267],[-76.391111,37.958977],[-76.390677,37.958803],[-76.390284,37.958696],[-76.390175,37.958704],[-76.389896,37.958658],[-76.38977,37.958556],[-76.389391,37.958453],[-76.389012,37.95835],[-76.388724,37.958286],[-76.38834,37.958202],[-76.388237,37.958232],[-76.388105,37.958229],[-76.388019,37.958132],[-76.383565,37.957153],[-76.382728,37.956999],[-76.38204,37.956872],[-76.381765,37.956821],[-76.381586,37.956788],[-76.381406,37.956755],[-76.381166,37.956726],[-76.381138,37.956723],[-76.381059,37.956691],[-76.380908,37.956663],[-76.380756,37.956635],[-76.380703,37.956624],[-76.380649,37.956615],[-76.380402,37.95657],[-76.380156,37.956525],[-76.379819,37.956463],[-76.37963,37.956408],[-76.379611,37.956403],[-76.37897,37.956219],[-76.378734,37.956141],[-76.378697,37.956129],[-76.377868,37.955856],[-76.377039,37.955584],[-76.376944,37.955552],[-76.376888,37.955534],[-76.376848,37.955521],[-76.376618,37.955479],[-76.376388,37.955438],[-76.376054,37.955378],[-76.37572,37.955317],[-76.375535,37.955284],[-76.374942,37.955177],[-76.374758,37.955144],[-76.374671,37.955123],[-76.373928,37.954981],[-76.373185,37.954838],[-76.371459,37.954545],[-76.370686,37.954378],[-76.368772,37.954076],[-76.368229,37.953967],[-76.367058,37.953684],[-76.366017,37.953503],[-76.365609,37.953554],[-76.364206,37.953108],[-76.3631263,37.9529078],[-76.3626004,37.9528467],[-76.361148,37.952583],[-76.359325,37.952273],[-76.357583,37.951686],[-76.357076,37.951479],[-76.357065,37.951474],[-76.35645,37.951224],[-76.355957,37.95103],[-76.355823,37.950969],[-76.355747,37.950939],[-76.355614,37.950889],[-76.355453,37.950824],[-76.355236,37.950739],[-76.354301,37.95053],[-76.353313,37.95031],[-76.351919,37.949947],[-76.351752,37.94988],[-76.35075,37.949481],[-76.35059,37.949417],[-76.35043,37.949354],[-76.350367,37.949366],[-76.350223,37.949395],[-76.35005,37.949436],[-76.35003,37.949469],[-76.349947,37.949481],[-76.349779,37.949428],[-76.349283,37.9492],[-76.348709,37.948935],[-76.348248,37.948766],[-76.348023,37.948683],[-76.347619,37.948535],[-76.347172,37.948342],[-76.346312,37.948071],[-76.344777,37.947587],[-76.34438,37.947462],[-76.341614,37.946439],[-76.340461,37.945947],[-76.339707,37.945719],[-76.338617,37.945286],[-76.337952,37.944948],[-76.336873,37.944498],[-76.3364,37.944301],[-76.336127,37.944161],[-76.334358,37.943395],[-76.333672,37.943068],[-76.333372,37.942956],[-76.332972,37.942746],[-76.332504,37.942548],[-76.332009,37.942285],[-76.331916,37.942236],[-76.331783,37.942169],[-76.33165,37.942102],[-76.331367,37.941939],[-76.331201,37.941843],[-76.330641,37.941569],[-76.330213,37.941359],[-76.329612,37.941065],[-76.32947,37.940982],[-76.329409,37.940946],[-76.328682,37.94063],[-76.327583,37.940082],[-76.327241,37.939901],[-76.326483,37.939501],[-76.326353,37.939485],[-76.326031,37.939446],[-76.325698,37.939284],[-76.325116,37.939001],[-76.324393,37.938651],[-76.323945,37.938406],[-76.323497,37.938161],[-76.323189,37.938006],[-76.322881,37.93785],[-76.322365,37.937578],[-76.32185,37.937307],[-76.321491,37.937118],[-76.321389,37.937064],[-76.318525,37.935558],[-76.318421,37.935467],[-76.318377,37.935428],[-76.318234,37.93521],[-76.317995,37.935279],[-76.317958,37.93529],[-76.317819,37.935275],[-76.317434,37.935092],[-76.317041,37.93486],[-76.316895,37.934774],[-76.316184,37.934442],[-76.316069,37.934388],[-76.31596,37.934297],[-76.315802,37.934165],[-76.315513,37.934015],[-76.315259,37.93405],[-76.314963,37.933913],[-76.314497,37.933674],[-76.31377,37.933257],[-76.313263,37.932966],[-76.312752,37.932676],[-76.312595,37.932586],[-76.312201,37.932391],[-76.311778,37.93218],[-76.311354,37.931969],[-76.311084,37.931836],[-76.310814,37.931702],[-76.3104,37.931498],[-76.309616,37.931112],[-76.309025,37.930829],[-76.308988,37.930811],[-76.308952,37.930863],[-76.307693,37.930244],[-76.306947,37.929877],[-76.30609,37.929455],[-76.304433,37.928721],[-76.303641,37.928268],[-76.303034,37.928033],[-76.302383,37.927689],[-76.302238,37.927623],[-76.301753,37.927402],[-76.301403,37.927242],[-76.30083,37.926981],[-76.300705,37.926938],[-76.300631,37.926966],[-76.300577,37.926946],[-76.300496,37.926891],[-76.300245,37.926827],[-76.300224,37.926851],[-76.300136,37.92695],[-76.300017,37.926896],[-76.300083,37.9268],[-76.3001,37.926775],[-76.300112,37.926758],[-76.299972,37.926661],[-76.298659,37.926192],[-76.297538,37.925634],[-76.297157,37.925445],[-76.296492,37.925114],[-76.295943,37.92484],[-76.295763,37.924751],[-76.295099,37.924462],[-76.294916,37.924373],[-76.293632,37.923748],[-76.292953,37.923572],[-76.292022,37.923128],[-76.290881,37.922549],[-76.290432,37.922067],[-76.290163,37.921857],[-76.290012,37.921803],[-76.289598,37.921654],[-76.289218,37.921492],[-76.288822,37.921322],[-76.287542,37.920688],[-76.286541,37.92016],[-76.285367,37.919646],[-76.285283,37.919601],[-76.28509,37.919497],[-76.285009,37.919453],[-76.284408,37.919129],[-76.281908,37.918134],[-76.281252,37.917899],[-76.281029,37.917841],[-76.280714,37.917713],[-76.279719,37.917114],[-76.278558,37.91655],[-76.278043,37.916429],[-76.277163,37.916098],[-76.276767,37.916003],[-76.275496,37.915501],[-76.274059,37.914953],[-76.274006,37.914933],[-76.273802,37.914855],[-76.273725,37.914826],[-76.273338,37.914678],[-76.273293,37.914646],[-76.273263,37.914619],[-76.273146,37.914394],[-76.272421,37.914144],[-76.272345,37.914183],[-76.272241,37.914179],[-76.272129,37.91413],[-76.271932,37.91394],[-76.269633,37.912949],[-76.269522,37.912928],[-76.269033,37.912719],[-76.267872,37.91216],[-76.267026,37.911693],[-76.266376,37.911335],[-76.266191,37.911233],[-76.265849,37.911044],[-76.265247,37.910644],[-76.264776,37.910331],[-76.26444,37.910142],[-76.263901,37.909884],[-76.263781,37.909802],[-76.263461,37.909584],[-76.263172,37.909386],[-76.262115,37.90879],[-76.261812,37.908786],[-76.260821,37.907948],[-76.260746,37.907885],[-76.260671,37.907822],[-76.260491,37.907668],[-76.260311,37.907514],[-76.259543,37.906858],[-76.258728,37.906548],[-76.258564,37.906359],[-76.258304,37.906137],[-76.257626,37.90582],[-76.257527,37.905738],[-76.25663,37.904732],[-76.256495,37.904552],[-76.256328,37.904384],[-76.255944,37.903997],[-76.255852,37.903888],[-76.25576,37.903779],[-76.255654,37.903647],[-76.255549,37.903515],[-76.25542,37.903354],[-76.2553,37.903245],[-76.255272,37.903219],[-76.254935,37.903067],[-76.254902,37.903052],[-76.254594,37.902852],[-76.254403,37.902668],[-76.254268,37.902466],[-76.253991,37.901661],[-76.253349,37.901025],[-76.252456,37.900271],[-76.251923,37.899562],[-76.251214,37.898619],[-76.251173,37.898574],[-76.249802,37.897091],[-76.249657,37.896938],[-76.249658,37.896724],[-76.249625,37.896688],[-76.248562,37.89551],[-76.247906,37.894869],[-76.247734,37.894904],[-76.247616,37.8949],[-76.247286,37.894678],[-76.246889,37.894556],[-76.246797,37.894469],[-76.246672,37.894421],[-76.2381716,37.8913496],[-76.2359672,37.8903097],[-76.2356865,37.8899179],[-76.2354398,37.8889823],[-76.236332,37.887347],[-76.2366082,37.8865288],[-76.2234708,37.8913261],[-76.2150443,37.8944816],[-76.0737884,37.9457522],[-76.061068,37.9504244],[-76.0519915,37.9535378],[-76.050255,37.953581],[-76.045541,37.95364],[-76.0454658,37.9536474],[-76.043283,37.953861],[-76.041691,37.953997],[-76.041678,37.953958],[-76.041551,37.953926],[-76.041467,37.95401],[-76.0405078,37.9539929],[-76.0403494,37.9539912],[-76.0381071,37.9539756],[-76.038024,37.953975],[-76.030121,37.953653],[-76.02998,37.953727],[-76.029405,37.953775],[-76.02938,37.9537736],[-76.0288177,37.9537413],[-76.0285829,37.9537318],[-76.0283394,37.953716],[-76.028133,37.953702],[-76.0279692,37.9537055],[-76.027208,37.953722],[-76.0267591,37.9537135],[-76.026679,37.953712],[-76.0266432,37.9537122],[-76.0257076,37.9537179],[-76.025351,37.95372],[-76.0251787,37.9537156],[-76.024411,37.953695],[-76.022311,37.95381],[-76.022249,37.95367],[-76.022111,37.953567],[-76.021706,37.953555],[-76.021431,37.953561],[-76.021202,37.953543],[-76.020986,37.953492],[-76.020841,37.95347],[-76.020774,37.95349],[-76.020772,37.953555],[-76.020802,37.95364],[-76.0207651,37.953801],[-76.0176249,37.9536206],[-76.017562,37.953617],[-76.011607,37.95362],[-76.008758,37.953639],[-76.005872,37.953599],[-76.0056387,37.9535993],[-76.0046428,37.9536007],[-76.0038296,37.9536018],[-76.0035099,37.9536022],[-76.0029648,37.953603],[-76.0014185,37.9535516],[-76.0012253,37.9535452],[-76.001009,37.953538],[-75.999656,37.953522],[-75.999282,37.953463],[-75.996879,37.953485],[-75.995478,37.9534565],[-75.995209,37.953451],[-75.99474,37.95346],[-75.993338,37.953487],[-75.98798,37.952693],[-75.983272,37.951996],[-75.943693,37.946133],[-75.952672,37.906827],[-75.927353,37.908465],[-75.902676,37.91006],[-75.895911,37.910497],[-75.882939,37.911335],[-75.874654,37.911397],[-75.813907,37.912039],[-75.7721005,37.8932016],[-75.767746,37.8984713],[-75.7660137,37.9015109],[-75.7626692,37.9050268],[-75.7581341,37.9071526],[-75.7528542,37.9083512],[-75.7515478,37.9099901],[-75.750271,37.9145407],[-75.7489762,37.9173443],[-75.7435684,37.9205233],[-75.7402115,37.9229904],[-75.7373175,37.9276675],[-75.7317926,37.9339915],[-75.7231704,37.939519],[-75.7149194,37.943363],[-75.7102515,37.942992],[-75.7062046,37.9416519],[-75.7041235,37.939335],[-75.7023729,37.936417],[-75.7010477,37.9340289],[-75.6973132,37.9345503],[-75.6930547,37.9374373],[-75.6869199,37.9419325],[-75.6833705,37.9443492],[-75.6787557,37.9451745],[-75.6761489,37.9450232],[-75.6716778,37.9431852],[-75.66742,37.9416787],[-75.66366,37.939437],[-75.6605481,37.9391551],[-75.6587345,37.9383998],[-75.6571329,37.9378431],[-75.6533511,37.9378309],[-75.6494389,37.9373201],[-75.6448221,37.9379112],[-75.6421548,37.9404216],[-75.6386716,37.9457983],[-75.6374548,37.9509811],[-75.6374659,37.952269],[-75.6381845,37.9539566],[-75.6394459,37.9566409],[-75.6411535,37.96038],[-75.6428975,37.9626964],[-75.6445764,37.9631102],[-75.6460375,37.9636019],[-75.6481551,37.9661758],[-75.648159,37.966486],[-75.648163,37.966504],[-75.648182,37.966581],[-75.648197,37.966642],[-75.648228,37.966771],[-75.647416,37.967465],[-75.64704,37.967786],[-75.646668,37.968065],[-75.646391,37.968272],[-75.646349,37.968303],[-75.64626,37.96837],[-75.645842,37.968683],[-75.644725,37.969775],[-75.644255,37.97052],[-75.643739,37.971337],[-75.643117,37.973322],[-75.643028,37.973606],[-75.642991,37.973725],[-75.642833,37.974229],[-75.642652,37.97454],[-75.642634,37.97457],[-75.642622,37.97459],[-75.642606,37.974618],[-75.642581,37.974661],[-75.641816,37.975974],[-75.641353,37.97662],[-75.640914,37.977235],[-75.640134,37.977943],[-75.639302,37.978715],[-75.638518,37.979208],[-75.638222,37.979395],[-75.637732,37.979568],[-75.637319,37.979723],[-75.636677,37.979685],[-75.636306,37.979637],[-75.636292,37.979635],[-75.636278,37.979633],[-75.635735,37.979534],[-75.635688,37.979504],[-75.635674,37.979495],[-75.635656,37.979483],[-75.635485,37.979374],[-75.635262,37.979138],[-75.635161,37.979031],[-75.63509,37.978956],[-75.635062,37.978926],[-75.635005,37.978866],[-75.634995,37.978855],[-75.634951,37.978809],[-75.634787,37.978637],[-75.634473,37.978111],[-75.634355,37.977913],[-75.634209,37.97767],[-75.63353,37.977157],[-75.632775,37.976583],[-75.632008,37.976018],[-75.631669,37.975873],[-75.631558,37.975825],[-75.631431,37.975772],[-75.631406,37.975762],[-75.630991,37.975665],[-75.630499,37.9757],[-75.630296,37.975714],[-75.630042,37.975797],[-75.629532,37.975963],[-75.628839,37.976787],[-75.628853,37.977795],[-75.629093,37.978244],[-75.629954,37.979036],[-75.630161,37.97924],[-75.631433,37.980497],[-75.632594,37.981732],[-75.633712,37.983055],[-75.633979,37.983553],[-75.633832,37.984517],[-75.633412,37.985428],[-75.632532,37.986691],[-75.63171,37.987247],[-75.63166,37.987281],[-75.631647,37.987289],[-75.63161,37.987314],[-75.631563,37.987346],[-75.631492,37.987394],[-75.631399,37.987457],[-75.631275,37.987541],[-75.630868,37.987816],[-75.629348,37.988354],[-75.627607,37.988519],[-75.626655,37.988892],[-75.626202,37.989285],[-75.625611,37.989798],[-75.625084,37.990577],[-75.624828,37.99145],[-75.624795,37.991645],[-75.624722,37.992072],[-75.624648,37.9925],[-75.624634,37.99262],[-75.62462,37.992741],[-75.624589,37.993005],[-75.624573,37.993139],[-75.624572,37.993148],[-75.624569,37.993175],[-75.624565,37.993204],[-75.624563,37.993222],[-75.624556,37.993281],[-75.624507,37.993698],[-75.624499,37.993766],[-75.624497,37.993787],[-75.624496,37.993796],[-75.624493,37.993821],[-75.624471,37.994008],[-75.624341,37.9943011],[-75.623836,37.994275],[-75.623369,37.994337],[-75.6232914,37.994341],[-75.622481,37.994383],[-75.621344,37.994524],[-75.620651,37.994585],[-75.614064,37.995255],[-75.60987,37.995491],[-75.602067,37.996226],[-75.6010622,37.9963354],[-75.6006181,37.9963844],[-75.59877,37.996514],[-75.597312,37.996645],[-75.59458,37.99687],[-75.581383,37.997998],[-75.575107,37.998586],[-75.572013,37.99885],[-75.570578,37.998946],[-75.568641,37.999094],[-75.566955,37.999258],[-75.559547,37.999937],[-75.556314,38.000121],[-75.545059,38.001135],[-75.541951,38.001358],[-75.541739,38.001364],[-75.539942,38.001337],[-75.5385933,38.0014885],[-75.536313,38.0017446],[-75.5360969,38.0017099],[-75.530519,38.002394],[-75.5259402,38.0027807],[-75.5231195,38.0030189],[-75.5201245,38.0032719],[-75.519401,38.003333],[-75.508636,38.004225],[-75.499504,38.005026],[-75.495643,38.005328],[-75.490119,38.005782],[-75.488661,38.005892],[-75.486227,38.006102],[-75.482986,38.006419],[-75.474082,38.007193],[-75.469818,38.007578],[-75.467337,38.007746],[-75.45764,38.008606],[-75.442024,38.009875],[-75.439327,38.010024],[-75.43872,38.010069],[-75.438232,38.010088],[-75.436668,38.010206],[-75.435958,38.010367],[-75.435797,38.010367],[-75.4354,38.01039],[-75.430694,38.010798],[-75.429076,38.010889],[-75.428885,38.010889],[-75.428871,38.01087],[-75.428801,38.010847],[-75.428732,38.010836],[-75.428619,38.01084],[-75.428016,38.010889],[-75.427688,38.010928],[-75.42633,38.011023],[-75.425455,38.011095],[-75.422057,38.01139],[-75.419888,38.011561],[-75.406607,38.012667],[-75.406082,38.012701],[-75.404617,38.012831],[-75.400367,38.013155],[-75.398994,38.013243],[-75.398498,38.013258],[-75.398336,38.01323],[-75.397936,38.01312],[-75.397878,38.013101],[-75.397764,38.013063],[-75.396979,38.013438],[-75.394172,38.013693],[-75.393622,38.013777],[-75.392501,38.013831],[-75.388496,38.014212],[-75.38629,38.01441],[-75.37983,38.014966],[-75.3779845,38.0151518],[-75.377853,38.015165],[-75.37709,38.015236],[-75.323157,38.020155],[-75.321182,38.020338],[-75.27436,38.024592],[-75.2709293,38.0248859],[-75.2707148,38.0249043],[-75.2637896,38.0254977],[-75.2621126,38.0256414],[-75.2606534,38.0257664],[-75.256877,38.02609],[-75.2561911,38.0261724],[-75.255911,38.026206],[-75.2528195,38.0264503],[-75.252711,38.026461],[-75.2510704,38.0265953],[-75.2503853,38.0266514],[-75.2497581,38.0267329],[-75.2474675,38.0269124],[-75.2452721,38.027063],[-75.2418015,38.0274595],[-75.223762,38.02735],[-75.2118247,38.0274758],[-75.168349,38.027934],[-75.166435,38.027834],[-75.1663475,38.0297008],[-75.1652422,38.031148],[-75.1640871,38.0327895],[-75.1630365,38.034422],[-75.1618989,38.0358651],[-75.1607084,38.0375035],[-75.1589688,38.0401954],[-75.1570648,38.0426253],[-75.1528015,38.0486325],[-75.1516864,38.0500464],[-75.1506316,38.0514889],[-75.1494254,38.0532883],[-75.1470961,38.0570321],[-75.1460073,38.0584968],[-75.144872,38.0601575],[-75.1428118,38.0635108],[-75.1410185,38.0668078],[-75.1380083,38.071712],[-75.135849,38.0755716],[-75.1342695,38.0781519],[-75.1325597,38.0813497],[-75.1313467,38.0831716],[-75.1303272,38.0848609],[-75.1293882,38.0865792],[-75.1278936,38.0895466],[-75.1262622,38.0931824],[-75.1246156,38.0962439],[-75.122799,38.1001326],[-75.1221158,38.1017355],[-75.1211551,38.1042265],[-75.1202937,38.1066901],[-75.1189625,38.1095542],[-75.1175308,38.1131431],[-75.1165537,38.1156444],[-75.1159771,38.1172757],[-75.1154189,38.1191052],[-75.1149322,38.1210199],[-75.1142006,38.1228392],[-75.113619,38.1244674],[-75.1129024,38.1268445],[-75.1121224,38.1290206],[-75.1101682,38.1353189],[-75.1088522,38.1392499],[-75.1076935,38.1420436],[-75.1065411,38.1453644],[-75.1057546,38.1473288],[-75.1050713,38.1493171],[-75.104257,38.1511983],[-75.1022483,38.1562586],[-75.1016218,38.1580608],[-75.1007123,38.1604166],[-75.0998984,38.1629897],[-75.0986759,38.1662132],[-75.097716,38.1690421],[-75.0959955,38.1733533],[-75.0932708,38.1794298],[-75.0912529,38.184476],[-75.0903881,38.1862485],[-75.0877864,38.1919792],[-75.0866299,38.195015],[-75.0853968,38.1986823],[-75.0844168,38.200572],[-75.0836114,38.202316],[-75.0828884,38.2040823],[-75.082249,38.2058686],[-75.0816627,38.2070784],[-75.0806361,38.2088487],[-75.0797234,38.2105965],[-75.0785125,38.2132661],[-75.0764139,38.21766],[-75.0749749,38.2200224],[-75.0741094,38.2215659],[-75.0711796,38.2274155],[-75.0697456,38.2295813],[-75.0685423,38.2316273],[-75.0647825,38.2388546],[-75.0634143,38.2412764],[-75.0626212,38.242862],[-75.0609682,38.2464236],[-75.0597382,38.2495013],[-75.0572745,38.2539709],[-75.0561427,38.2562731],[-75.0551704,38.2585269],[-75.0540749,38.260827],[-75.0527964,38.2638418],[-75.0518321,38.2665848],[-75.0511121,38.2691801],[-75.0502888,38.2711267],[-75.0496288,38.272918],[-75.048452,38.2765055],[-75.04762,38.2794934],[-75.0470768,38.2817318],[-75.046693,38.2837988],[-75.0437168,38.285659],[-75.0408869,38.287656],[-75.0382133,38.2897827],[-75.0356884,38.2920421],[-75.03332,38.2944309],[-75.0312712,38.2967678],[-75.0293935,38.2991923],[-75.0275864,38.3018665],[-75.0265624,38.3035797],[-75.0256212,38.3053222],[-75.0247644,38.3070915],[-75.023993,38.308885],[-75.0231817,38.3110657],[-75.0224456,38.3134581],[-75.0218593,38.3158762],[-75.0213976,38.3185022],[-75.0210848,38.319504],[-75.0197844,38.3227209],[-75.0184201,38.3252374],[-75.0164124,38.3294709],[-75.0155939,38.3314545],[-75.0146835,38.3340169],[-75.0132864,38.3371099],[-75.012418,38.3392061],[-75.0116106,38.3415087],[-75.0108737,38.343298],[-75.0102226,38.3451078],[-75.0084095,38.3497864],[-75.0065741,38.3557463],[-75.0061471,38.357395],[-75.0057906,38.3590541],[-75.0050388,38.3619017],[-75.0020707,38.3698507],[-75.0012563,38.372376],[-75.0003775,38.3748731],[-74.9991184,38.379102],[-74.9981055,38.383337],[-74.9973879,38.3853211],[-74.9964134,38.3884193],[-74.9958979,38.3902553],[-74.9955092,38.3919198],[-74.9941001,38.3965073],[-74.9936736,38.3981481],[-74.9928374,38.4018307],[-74.991626,38.4081395],[-74.9910145,38.4105291],[-74.9898963,38.4159766],[-74.98917,38.4205687],[-74.9886272,38.4251132],[-74.9876454,38.4296694],[-74.9869934,38.431907],[-74.9865391,38.4337569],[-74.9861735,38.4356189],[-74.9858746,38.437678],[-74.9856841,38.439745],[-74.9856055,38.4416281],[-74.985617,38.4435122],[-74.9857339,38.4455826],[-74.985449,38.4479387],[-74.9852049,38.4512836],[-75.0395591,38.4512596],[-75.0492346,38.4512717],[-75.0492616,38.4512553],[-75.0498889,38.451255],[-75.0503038,38.4512548],[-75.0549482,38.4512527],[-75.0651999,38.4512468],[-75.0697877,38.4512441],[-75.085903,38.4512327],[-75.1002463,38.4512201],[-75.1078256,38.4512135],[-75.1078754,38.4512134],[-75.121875,38.4511991],[-75.1236849,38.451197],[-75.1272501,38.4511928],[-75.1373656,38.451181],[-75.1395383,38.4511785],[-75.1578071,38.4511936],[-75.1770664,38.4512064],[-75.1847069,38.4512103],[-75.1955171,38.4512157],[-75.2050264,38.4512189],[-75.2184338,38.4512233],[-75.218495,38.4512234],[-75.227342,38.4512249],[-75.2321084,38.4512257],[-75.2327057,38.4512304],[-75.236048,38.4512565],[-75.2530156,38.4513891],[-75.2667545,38.4514939],[-75.2683472,38.451506],[-75.277738,38.451577],[-75.2890883,38.4516629],[-75.2895415,38.4516662],[-75.3115093,38.4518268],[-75.3122133,38.4518319],[-75.3129629,38.4518374],[-75.3197906,38.4518861],[-75.3313447,38.4519685],[-75.3314689,38.4519694],[-75.34034,38.4520309],[-75.3412938,38.4520375],[-75.3555751,38.4521366],[-75.3739108,38.452261],[-75.3936504,38.4523917],[-75.4169184,38.4525414],[-75.439222,38.452969],[-75.4543568,38.4532568],[-75.4742336,38.4536316],[-75.4927848,38.4539785],[-75.5093921,38.4542864],[-75.5305425,38.4548594],[-75.5357905,38.455028],[-75.5360891,38.4550356],[-75.5498616,38.4553795],[-75.5718538,38.4559676],[-75.58356,38.4562789],[-75.6018646,38.4567633],[-75.6224573,38.457514],[-75.6480507,38.4584415],[-75.6627324,38.4589708],[-75.6787013,38.4595448],[-75.6936638,38.4600811],[-75.694422,38.4746608],[-75.6955905,38.4891274],[-75.6961416,38.4964026],[-75.697058,38.5035714],[-75.6981876,38.5180965],[-75.6993371,38.5325637],[-75.7004541,38.5470504],[-75.70068,38.5497714],[-75.700958,38.5531214],[-75.7014934,38.5595703],[-75.7015714,38.5605101],[-75.7016512,38.5615435],[-75.7027696,38.5760304],[-75.7038868,38.5904991],[-75.7050417,38.6054535],[-75.7061872,38.6195032],[-75.7074968,38.6354747],[-75.7084943,38.6485379],[-75.7095859,38.6631071],[-75.7108969,38.677517],[-75.7118743,38.6920663],[-75.7129466,38.7066111],[-75.7140492,38.7201562],[-75.7152946,38.735497],[-75.7165162,38.7502349],[-75.7176012,38.7645175],[-75.7187661,38.7790294],[-75.7199659,38.7936239],[-75.7211393,38.8080304],[-75.7222274,38.8225311],[-75.722755,38.829853],[-75.7233472,38.8371165],[-75.7245213,38.8515281],[-75.7256693,38.8660476],[-75.7268512,38.8805731],[-75.7280032,38.8951617],[-75.7302982,38.9242139],[-75.7315408,38.9386777],[-75.7316191,38.9397206],[-75.731773,38.9417719],[-75.7317835,38.9419116],[-75.7326368,38.9532789],[-75.7338049,38.9676482],[-75.73496,38.98231],[-75.7359816,38.9953946],[-75.7372207,39.0112605],[-75.7384463,39.0257839],[-75.7407125,39.0547832],[-75.7430849,39.0841041],[-75.7441974,39.0985768],[-75.745172,39.110931],[-75.745304,39.112668],[-75.745503,39.1151],[-75.7456365,39.1169368],[-75.7465164,39.1273708],[-75.7476425,39.141894],[-75.7476737,39.1434684],[-75.7488442,39.1562836],[-75.7522964,39.1997671],[-75.7534538,39.2143384],[-75.7557613,39.2433812],[-75.7559684,39.246011],[-75.7569245,39.2577376],[-75.7569537,39.2580957],[-75.7581089,39.2722633],[-75.7589061,39.2822398],[-75.7595146,39.2898545],[-75.7600538,39.2966001],[-75.7600872,39.2970173],[-75.7604372,39.3013845],[-75.7616167,39.3159257],[-75.7628416,39.3311186],[-75.7639462,39.3448135],[-75.7651231,39.3593988],[-75.7662953,39.3738952],[-75.7665914,39.3775578],[-75.7673187,39.3865553],[-75.7686616,39.4031474],[-75.7697944,39.4173793],[-75.7709749,39.4318939],[-75.7721598,39.4464431],[-75.7733283,39.460934],[-75.7744982,39.4754578],[-75.7760328,39.4943283],[-75.777053,39.5068684],[-75.7780239,39.5188379],[-75.7792104,39.5334604],[-75.7802398,39.5461964],[-75.7815527,39.5624373],[-75.7823501,39.572267],[-75.7827993,39.5778031],[-75.7829653,39.5798486],[-75.7829911,39.5801668],[-75.7838282,39.5904793],[-75.7851302,39.6064735],[-75.7862748,39.6205254],[-75.7863677,39.6216267],[-75.7871227,39.6309928],[-75.787452,39.6350575],[-75.7885437,39.6484604],[-75.7886191,39.6493897],[-75.7886629,39.6499653],[-75.7887216,39.6508111],[-75.7887599,39.651423],[-75.7887995,39.6521251],[-75.788837,39.6528814],[-75.7888656,39.6535477],[-75.7888954,39.6543561],[-75.7888961,39.6543736],[-75.7889145,39.6548785],[-75.7889145,39.6548798],[-75.7889473,39.6559053],[-75.7889633,39.6564998],[-75.788979,39.6571845],[-75.7889987,39.6583196],[-75.7890109,39.6595269],[-75.789011,39.6595392],[-75.7890118,39.6596801],[-75.7890215,39.6597918],[-75.7889588,39.6632829],[-75.7888973,39.6652809],[-75.7888399,39.6665054],[-75.788786,39.6675137],[-75.7887307,39.6684497],[-75.7886703,39.6693856],[-75.7886008,39.6703752],[-75.7885992,39.670398],[-75.7885987,39.6715079],[-75.7885956,39.6783626],[-75.7885955,39.6784349],[-75.7885945,39.6795464],[-75.7885935,39.6807256],[-75.7885934,39.6808706],[-75.7885891,39.6856546],[-75.7885876,39.6872603],[-75.7885871,39.6878564],[-75.7885826,39.6928665],[-75.7885892,39.700932],[-75.7885893,39.7011621],[-75.7885944,39.7073864],[-75.788594,39.7222006],[-75.7907984,39.7221926],[-75.7908637,39.7221918],[-75.8073964,39.7221295],[-75.812989,39.7221685],[-75.8213487,39.7221589],[-75.8248925,39.722155],[-75.8262266,39.7221525],[-75.8418071,39.7220873],[-75.8450271,39.7220548],[-75.863724,39.7220926],[-75.8649334,39.7221003],[-75.8692364,39.7220999],[-75.8750531,39.722111],[-75.8851063,39.7220817],[-75.8931068,39.7220838],[-75.9036909,39.7220876],[-75.9068066,39.7220735],[-75.9221761,39.7220042],[-75.9408501,39.721924],[-75.9598193,39.7218787],[-75.9621741,39.7218574],[-75.9784331,39.7218175],[-75.9810413,39.7217989],[-75.9961145,39.7216796],[-75.9983708,39.7216664],[-76.0172108,39.7216669],[-76.0277343,39.7216295],[-76.0309378,39.7216194],[-76.0351165,39.7216022],[-76.0539634,39.7215857],[-76.066289,39.7216057],[-76.0679076,39.7216085],[-76.0722887,39.7216159],[-76.0752022,39.7216114],[-76.0916449,39.721584],[-76.1024733,39.7215545],[-76.110499,39.7214868],[-76.1198894,39.7215222],[-76.1294675,39.7215105],[-76.1355348,39.7215021],[-76.1480099,39.7213738],[-76.1544043,39.7213137],[-76.1667851,39.7213048],[-76.1773275,39.7212981],[-76.185444,39.7212795],[-76.2002711,39.7212512],[-76.2231976,39.7212734],[-76.2332499,39.7212838],[-76.233358,39.721286],[-76.2407982,39.7212919],[-76.2436878,39.7211763],[-76.2607015,39.7211703],[-76.2794611,39.721121],[-76.2982763,39.7211401],[-76.3139179,39.7211284],[-76.3172212,39.7211259],[-76.3208632,39.7211306],[-76.3326152,39.7211458],[-76.3354726,39.7211544],[-76.3371827,39.721144],[-76.3433145,39.7211469],[-76.3469409,39.7211487],[-76.3542769,39.7211524],[-76.3731292,39.7211829],[-76.3922685,39.7211248],[-76.4045193,39.721139],[-76.4112664,39.7211468],[-76.4300317,39.7211303],[-76.4388824,39.7211408],[-76.4487723,39.7211523],[-76.461141,39.7211559],[-76.467607,39.7211578],[-76.4864796,39.7211853],[-76.5052926,39.7211803],[-76.5237161,39.7211741],[-76.524149,39.721174],[-76.5261688,39.7211775],[-76.5435387,39.7212078],[-76.5508407,39.7211819],[-76.5618196,39.7211639],[-76.5694525,39.7211988],[-76.5806472,39.721177],[-76.5969915,39.7211752],[-76.6096543,39.7211742],[-76.6183876,39.7211735],[-76.6361243,39.7211673],[-76.6560027,39.721162],[-76.674847,39.7211019],[-76.6853977,39.7210713],[-76.693424,39.721048],[-76.6977705,39.721035],[-76.6980066,39.7210343],[-76.7026323,39.7210205],[-76.7125044,39.720991],[-76.7290183,39.7209365],[-76.750224,39.7208837],[-76.7576998,39.7208568],[-76.7690121,39.7208161],[-76.7845543,39.7207833],[-76.7886782,39.7207756],[-76.8005006,39.7206381],[-76.8065512,39.7205784],[-76.8203797,39.7205503],[-76.8236938,39.7206844],[-76.8418567,39.7204399],[-76.8439323,39.720428],[-76.8442077,39.7204278],[-76.8615893,39.7204128],[-76.863108,39.7204115],[-76.8810863,39.7203719],[-76.8815031,39.720371],[-76.9003287,39.7203474],[-76.9159497,39.7205331],[-76.9193254,39.7205732],[-76.9214067,39.7205667],[-76.9223087,39.7205639],[-76.9241244,39.7205583],[-76.9262763,39.7205516],[-76.9287794,39.7205439],[-76.9293173,39.7205422],[-76.9299429,39.7205403],[-76.9306226,39.7205382],[-76.9383503,39.7205142],[-76.945654,39.7204188],[-76.9572323,39.7202675],[-76.9761549,39.7200009],[-76.9950063,39.7199297],[-76.9993175,39.719917],[-77.0133186,39.7198761],[-77.0318515,39.7199179],[-77.0386516,39.7199112],[-77.0434745,39.7199064],[-77.0496949,39.7199003],[-77.07015,39.7198925],[-77.0893686,39.7199375],[-77.1098224,39.7199499],[-77.1265879,39.719999],[-77.1453806,39.7198639],[-77.1642127,39.7198726],[-77.1670895,39.7198728],[-77.183012,39.7198738],[-77.2018731,39.7198753],[-77.2166731,39.7197662],[-77.2209192,39.7198118],[-77.2380095,39.7198434],[-77.2396328,39.7198736],[-77.2583517,39.7197885],[-77.2770928,39.7198883],[-77.2960191,39.7198989],[-77.3047494,39.7199379],[-77.30693,39.7199477],[-77.3135738,39.7199774],[-77.320239,39.7199942],[-77.3336866,39.720028],[-77.348932,39.7199013],[-77.3525574,39.7198712],[-77.363023,39.7198874],[-77.3709833,39.7198997],[-77.379408,39.7198967],[-77.3900213,39.719893],[-77.4088559,39.7198824],[-77.4273741,39.7198841],[-77.4461438,39.7198817],[-77.4594267,39.7198932],[-77.4638735,39.7198971],[-77.4651627,39.7198982],[-77.4688748,39.7198985],[-77.4690965,39.7198985],[-77.4841291,39.7198994],[-77.5029641,39.7198248],[-77.5066591,39.719838],[-77.5068142,39.7198386],[-77.5069233,39.719839],[-77.5075652,39.7198413],[-77.5222193,39.719894],[-77.5408375,39.7200144],[-77.5593728,39.7202067],[-77.5784421,39.7202629],[-77.5972599,39.7202956],[-77.6161149,39.7204498],[-77.6366204,39.7205687],[-77.6536437,39.7206621],[-77.669592,39.7208086],[-77.6730272,39.7208401],[-77.6917868,39.720858],[-77.7104168,39.720969],[-77.7218557,39.7210038],[-77.7251938,39.7210139],[-77.7260268,39.7210165],[-77.729195,39.7210261],[-77.732752,39.7210475],[-77.7405981,39.7210948],[-77.7481214,39.7211401],[-77.7542625,39.7211195],[-77.766755,39.7212131],[-77.7855243,39.7213671],[-77.7876079,39.7213779],[-77.7897974,39.7213892],[-77.8044767,39.721465],[-77.8235794,39.7215989],[-77.8414476,39.7217285],[-77.8609339,39.7218784],[-77.8810543,39.7219551],[-77.899423,39.7220647],[-77.9167279,39.7221602],[-77.9177916,39.7221661],[-77.9276126,39.7221939],[-77.9362937,39.7222185],[-77.9537934,39.7222558],[-77.9556299,39.7222597],[-77.9749829,39.7223024],[-77.9850045,39.7223255],[-77.9942691,39.7223468],[-77.9956063,39.7223462],[-78.0054945,39.7223415],[-78.0111863,39.7223388],[-78.0298886,39.7222909],[-78.0486409,39.7222943],[-78.0675601,39.7221915],[-78.0862957,39.7222578],[-78.0987733,39.722356],[-78.1048479,39.7222406],[-78.1132416,39.7223796],[-78.1237339,39.722322],[-78.1374744,39.7224003],[-78.1426199,39.722287],[-78.1611382,39.7224391],[-78.1712631,39.7225408],[-78.1758542,39.7225646],[-78.1801984,39.7223873],[-78.181409,39.722384],[-78.19911,39.7223477],[-78.2178151,39.7224817],[-78.2369149,39.7225118],[-78.2555173,39.7225277],[-78.2738524,39.7224993],[-78.2813768,39.7225153],[-78.287001,39.7225033],[-78.2913703,39.7224939],[-78.3146106,39.7225038],[-78.3212005,39.7225023],[-78.3426213,39.7225773],[-78.3427105,39.7225774],[-78.3567947,39.7225803],[-78.3812414,39.7225814],[-78.4841717,39.7226915],[-78.4935923,39.7227016],[-78.500343,39.722849],[-78.5030673,39.7228496],[-78.5073783,39.722834],[-78.5623174,39.7228621],[-78.5786989,39.7228656],[-78.5857824,39.722867],[-78.5885483,39.7228676],[-78.622611,39.7228748],[-78.6328249,39.722877],[-78.6338322,39.7228772],[-78.6581863,39.7228823],[-78.6585151,39.7228824],[-78.6594008,39.722882],[-78.6626783,39.7228808],[-78.6753109,39.722938],[-78.6923181,39.7229921],[-78.6999983,39.7230021],[-78.7065124,39.7230104],[-78.7207349,39.7230255],[-78.7256666,39.7230286],[-78.742646,39.7230268],[-78.761169,39.7228431],[-78.7893139,39.7228323],[-78.8082754,39.722825],[-78.837692,39.7228138],[-78.8499071,39.7228091],[-78.9148459,39.7227843],[-78.9284278,39.7227791],[-78.9289744,39.722778],[-78.931175,39.722774],[-78.934846,39.722749],[-78.936791,39.72274],[-78.953416,39.722695],[-78.958642,39.722683],[-78.960657,39.722683],[-78.9725695,39.7226968],[-78.9773878,39.7226656],[-78.9944934,39.7225405],[-79.0068668,39.7224957],[-79.0268293,39.722467],[-79.0568586,39.7224599],[-79.0569713,39.7224593],[-79.0778879,39.7223487],[-79.0874368,39.7223719],[-79.0955615,39.7222335],[-79.1101547,39.7221362],[-79.1798601,39.7221601],[-79.1945977,39.7221136],[-79.2083182,39.7220821],[-79.2110505,39.7218936],[-79.2250418,39.7218242],[-79.2251621,39.7218236],[-79.2585267,39.721686],[-79.2638476,39.7216641],[-79.2873551,39.7216117],[-79.2994741,39.721689],[-79.3037379,39.7215568],[-79.344351,39.7214609],[-79.3637282,39.7214522],[-79.3739849,39.7214202],[-79.3822969,39.7214198],[-79.3879448,39.7214405],[-79.3906552,39.7214395],[-79.393631,39.721438],[-79.3944002,39.7214404],[-79.4020356,39.7213539],[-79.4253194,39.7213031],[-79.4429417,39.7211791],[-79.4729249,39.7211374],[-79.4767594,39.7211311],[-79.4767707,39.7143676],[-79.4767932,39.7018794],[-79.4768044,39.6957825],[-79.4768185,39.6873525],[-79.476716,39.6739699],[-79.4766939,39.6711423],[-79.4766312,39.6635183],[-79.4766136,39.6604707],[-79.4765638,39.6538516],[-79.4765305,39.6497518],[-79.4764751,39.6423884],[-79.4777085,39.64238],[-79.4777308,39.639658],[-79.4778088,39.6314362],[-79.4778227,39.6298752],[-79.4779007,39.6214479],[-79.4779648,39.61449],[-79.4780817,39.6018046],[-79.4782544,39.5832501],[-79.4782795,39.5803919],[-79.4783045,39.5777782],[-79.4784048,39.5671538],[-79.4784717,39.5597459],[-79.4785051,39.55641],[-79.478544,39.5524491],[-79.4787329,39.5524463],[-79.4788668,39.5317086],[-79.4823086,39.5316808],[-79.4823448,39.5273839],[-79.4823698,39.5247618],[-79.4825433,39.5034436],[-79.4826011,39.4973717],[-79.4826952,39.4862947],[-79.4827015,39.4855613],[-79.4828046,39.4735149],[-79.4829746,39.4535244],[-79.4830136,39.4488192],[-79.4831279,39.4354367],[-79.4832754,39.4257262],[-79.4833757,39.4191211],[-79.4833776,39.418999],[-79.4834778,39.4124485],[-79.4835037,39.4107577],[-79.4837014,39.396278],[-79.4838572,39.387923],[-79.4841744,39.3673187],[-79.4842301,39.3635107],[-79.4843721,39.3543918],[-79.4844194,39.3511308],[-79.4845252,39.3442563],[-79.4862308,39.344273],[-79.4863449,39.3370762],[-79.4865787,39.3225799],[-79.4866399,39.3187579],[-79.4867986,39.3089613],[-79.4869127,39.301684],[-79.4869739,39.2979203],[-79.4869906,39.2963065],[-79.4872024,39.2752662],[-79.4873055,39.2652307]]]}}]}