{"type":"FeatureCollection","features":[{"type":"Feature","properties":{"place_id":353372039,"osm_type":"relation","osm_id":61320,"place_rank":8,"category":"boundary","type":"administrative","importance":0.8155939693568146,"addresstype":"state","name":"New York","display_name":"New York, United States"},"bbox":[-79.7619758,40.476578,-71.790972,45.0158611],"geometry":{"type":"MultiPolygon","coordinates":[[[[-79.7619758,42.1451775],[-79.7619682,42.1424838],[-79.7619558,42.1394447],[-79.7619321,42.1380439],[-79.7619166,42.1374961],[-79.7619313,42.1327886],[-79.7619324,42.132654],[-79.7619263,42.1311558],[-79.7619256,42.1308205],[-79.761925,42.1301738],[-79.7619243,42.1294039],[-79.7619221,42.127041],[-79.7619166,42.1209736],[-79.7619146,42.1188346],[-79.7619134,42.1174782],[-79.7619101,42.113855],[-79.7619065,42.1099536],[-79.7619038,42.1082479],[-79.761898,42.1044769],[-79.7618876,42.0977787],[-79.7618799,42.0928479],[-79.7618758,42.0901958],[-79.7618701,42.0865023],[-79.7618698,42.086331],[-79.7618695,42.086144],[-79.7618674,42.0835485],[-79.7618657,42.0814366],[-79.7618645,42.0798844],[-79.7618638,42.0790637],[-79.761862,42.0767799],[-79.7618597,42.0738555],[-79.7618568,42.0702961],[-79.7618553,42.0684018],[-79.7618547,42.0676117],[-79.7618531,42.0655727],[-79.761851,42.0629538],[-79.7618501,42.061845],[-79.7618489,42.0602997],[-79.7618475,42.0586354],[-79.7618463,42.0571445],[-79.7618454,42.0559981],[-79.7618449,42.0553983],[-79.7618448,42.0552296],[-79.7618446,42.0549404],[-79.7618429,42.052852],[-79.7618408,42.0502146],[-79.7618383,42.0470693],[-79.7618375,42.0461195],[-79.7618375,42.0460642],[-79.7618344,42.0421294],[-79.761833,42.0404391],[-79.7618317,42.0388689],[-79.7618279,42.0340643],[-79.7618252,42.0306451],[-79.7618232,42.0281045],[-79.7618223,42.0269876],[-79.7618194,42.0234087],[-79.7618162,42.0193681],[-79.761812,42.0141563],[-79.7618075,42.0084486],[-79.7618019,42.0014807],[-79.761785,41.9988366],[-79.7604973,41.9988267],[-79.7536833,41.9988314],[-79.753631,41.998832],[-79.7528304,41.9988416],[-79.7504629,41.9988513],[-79.7470218,41.9988653],[-79.7430275,41.9988823],[-79.7336274,41.9988785],[-79.7311992,41.9988638],[-79.7257766,41.9988787],[-79.7243393,41.9988575],[-79.7226499,41.9988195],[-79.721177,41.9988002],[-79.7192691,41.9988216],[-79.7165245,41.9988474],[-79.7139609,41.9988449],[-79.7106302,41.9988547],[-79.7102825,41.9988557],[-79.7075279,41.9988599],[-79.7036426,41.9988675],[-79.7035667,41.9988693],[-79.7034722,41.9988894],[-79.7033828,41.9988739],[-79.7031918,41.9988633],[-79.701343,41.9988514],[-79.6990403,41.998842],[-79.6963745,41.9988611],[-79.6948292,41.9988633],[-79.6942987,41.9988643],[-79.6892387,41.9988914],[-79.6882823,41.9988984],[-79.6870669,41.9989074],[-79.6866599,41.9989044],[-79.6783461,41.9989149],[-79.6783257,41.9989141],[-79.6759597,41.9989193],[-79.6734686,41.9989237],[-79.6704335,41.9989292],[-79.6679024,41.9989337],[-79.6669333,41.9989355],[-79.6639202,41.9989077],[-79.6616728,41.9989105],[-79.6597362,41.9989046],[-79.6576534,41.9988914],[-79.654973,41.9988902],[-79.6527831,41.9988851],[-79.649845,41.9988854],[-79.6474104,41.9989038],[-79.6455003,41.9988958],[-79.6448591,41.9988996],[-79.6441459,41.9988943],[-79.6418333,41.9988773],[-79.640715,41.9988694],[-79.6387155,41.9988436],[-79.6357309,41.9988201],[-79.6320844,41.998829],[-79.6280155,41.9988304],[-79.6143323,41.9989072],[-79.6099305,41.9989],[-79.5976702,41.99876],[-79.5891921,41.9986632],[-79.5748471,41.9985556],[-79.5695315,41.9985229],[-79.5573181,41.9984644],[-79.5499712,41.9984292],[-79.5485534,41.9984308],[-79.5279963,41.9983822],[-79.5270519,41.99838],[-79.5109256,41.9983419],[-79.4914902,41.9984086],[-79.4913463,41.9984091],[-79.4907154,41.9984068],[-79.4721174,41.9983399],[-79.4520974,41.9983316],[-79.4327281,41.9984759],[-79.4131834,41.9985197],[-79.3940195,41.9985819],[-79.3816899,41.9986724],[-79.3736036,41.9987318],[-79.3649342,41.9987318],[-79.3540471,41.9987474],[-79.3347529,41.9988813],[-79.3149357,41.9988394],[-79.2954773,41.9989507],[-79.2891845,41.998919],[-79.2853663,41.9988998],[-79.2807843,41.9988782],[-79.2762022,41.9988566],[-79.2743827,41.9988532],[-79.2564118,41.9988199],[-79.2498723,41.9989092],[-79.2366756,41.9990894],[-79.2343251,41.9990962],[-79.2170263,41.999146],[-79.1974746,41.9994541],[-79.1973783,41.9994542],[-79.1798766,41.9994667],[-79.1795621,41.9994971],[-79.1782689,41.9996224],[-79.1585434,41.9995123],[-79.1478782,41.9995179],[-79.1454549,41.9995192],[-79.1447676,41.9995196],[-79.1366222,41.9995239],[-79.128461,41.9995846],[-79.1161554,41.9996762],[-79.11076,41.9996899],[-79.1002434,41.9997165],[-79.087776,41.9996094],[-79.0763015,41.9995108],[-79.0685687,41.9995035],[-79.0612743,41.9994966],[-79.0563287,41.9994234],[-79.0525257,41.999384],[-79.036196,41.999281],[-79.0197412,41.9991772],[-79.0165731,41.9991572],[-78.9996632,41.9990505],[-78.9965851,41.9990372],[-78.9922567,41.9990186],[-78.9774734,41.9989738],[-78.9620899,41.998685],[-78.9614285,41.9986726],[-78.9613279,41.9986707],[-78.9612306,41.9986694],[-78.9445211,41.9984543],[-78.9188549,41.9981057],[-78.9175888,41.9980886],[-78.9057976,41.9979294],[-78.9056437,41.9979273],[-78.8975398,41.9978172],[-78.8969476,41.9978139],[-78.8773175,41.9977028],[-78.8772541,41.997702],[-78.857196,41.9974642],[-78.856107,41.9974795],[-78.8376482,41.997738],[-78.827519,41.9978798],[-78.8274498,41.9978808],[-78.8181673,41.9980046],[-78.8125686,41.9980251],[-78.7983404,41.9980772],[-78.7805452,41.9979605],[-78.7805398,41.9979605],[-78.779219,41.9979518],[-78.7779081,41.997959],[-78.7589926,41.9980633],[-78.7536327,41.9980929],[-78.7526792,41.9981022],[-78.739118,41.9982343],[-78.7390736,41.9982347],[-78.7188976,41.9985223],[-78.6990399,41.9987702],[-78.6971341,41.998795],[-78.6805655,41.9990419],[-78.6609953,41.9992651],[-78.6432856,41.9994671],[-78.6416405,41.9994909],[-78.6218583,41.9997611],[-78.6025781,41.999852],[-78.5830757,41.9998811],[-78.58302,41.999881],[-78.5798681,41.9998771],[-78.5640272,41.9998576],[-78.5447459,41.9998532],[-78.5344307,41.9998664],[-78.5331136,41.999867],[-78.5250596,41.9998708],[-78.5225204,41.9998666],[-78.5061033,41.9998393],[-78.4866932,41.9997827],[-78.4675291,41.999789],[-78.4632409,41.9997965],[-78.4629474,41.999797],[-78.4480614,41.9998229],[-78.4288047,41.9997771],[-78.4094923,41.9997388],[-78.3902855,41.9996556],[-78.3859898,41.9996345],[-78.3708363,41.9995602],[-78.3603899,41.9995045],[-78.3580879,41.9994922],[-78.3506382,41.9994526],[-78.3505922,41.9994528],[-78.3500103,41.9994555],[-78.3469752,41.9994695],[-78.3466803,41.9994709],[-78.3320998,41.9993581],[-78.312267,41.9992357],[-78.3081348,41.9992397],[-78.2928709,41.9991384],[-78.2729877,41.9989909],[-78.2534188,41.9991954],[-78.2338511,41.9993812],[-78.2066039,41.9995371],[-78.195069,41.9995821],[-78.1914021,41.9996118],[-78.1773214,41.9997257],[-78.1673233,41.9999766],[-78.1558064,42.0000148],[-78.1535899,42.0000494],[-78.1367455,42.0003122],[-78.1344008,42.0002995],[-78.1173213,42.0002066],[-78.1157835,42.0001916],[-78.0978009,42.0000164],[-78.0889798,41.9999754],[-78.0866895,41.9999647],[-78.0864986,41.9999639],[-78.0785175,41.9999267],[-78.0742678,41.9998717],[-78.0742597,41.9998716],[-78.0592798,41.9997384],[-78.0489633,41.9996304],[-78.0406307,41.9995432],[-78.0364461,41.9994988],[-78.0248191,41.9993756],[-78.0211321,41.9993365],[-78.0017103,41.9991306],[-77.9970318,41.9990724],[-77.9823769,41.9988902],[-77.9628032,41.9987092],[-77.9627562,41.9987087],[-77.9572394,41.9986506],[-77.9433374,41.9985043],[-77.9238913,41.9983612],[-77.9044126,41.9982508],[-77.8847375,41.9982217],[-77.8651998,41.9983664],[-77.8455403,41.9983736],[-77.8454905,41.9983733],[-77.8404142,41.9983476],[-77.8265769,41.9982775],[-77.8229544,41.9982592],[-77.8065029,41.9983349],[-77.7885843,41.9983107],[-77.7867162,41.9983082],[-77.7668979,41.998478],[-77.7558029,41.9986317],[-77.7497292,41.9987158],[-77.7471515,41.9987515],[-77.7286968,41.9987931],[-77.7274844,41.9987958],[-77.717131,41.9988458],[-77.70776,41.998891],[-77.6883617,41.9990836],[-77.6881241,41.999086],[-77.6749657,41.9992084],[-77.6684402,41.999269],[-77.6679383,41.9992737],[-77.6678679,41.9992747],[-77.6590301,41.9993956],[-77.6483308,41.999542],[-77.6364802,41.9995046],[-77.6361331,41.9995035],[-77.6288585,41.9994806],[-77.610026,41.9993331],[-77.590783,41.9993327],[-77.5710784,41.9995109],[-77.5513078,41.9996895],[-77.5316059,41.9998243],[-77.5120403,41.9999244],[-77.5038372,41.9999591],[-77.4926345,42.0000065],[-77.4763552,42.0000151],[-77.4757499,42.0000154],[-77.4722476,42.0000172],[-77.4567509,42.0000294],[-77.4530076,42.0000324],[-77.4396705,42.0000267],[-77.4333749,42.000024],[-77.4142958,42.0000268],[-77.3945434,41.9999647],[-77.3747756,41.9999327],[-77.3547515,41.9998567],[-77.3370109,41.9997894],[-77.3347531,41.9997808],[-77.3300429,41.9997625],[-77.3167533,41.9997379],[-77.299584,41.9997059],[-77.2956268,41.9996985],[-77.2911739,41.9996902],[-77.2795641,41.9996753],[-77.2595655,41.9996495],[-77.2442762,41.9996298],[-77.239588,41.9996238],[-77.2197968,41.9997122],[-77.2196191,41.999713],[-77.2004041,41.9997582],[-77.2003982,41.9997581],[-77.1846957,41.9995939],[-77.1809656,41.9995549],[-77.1612728,41.9996402],[-77.1439585,41.9996823],[-77.1416058,41.999688],[-77.134219,41.9997075],[-77.1224661,41.9997386],[-77.1148175,41.9997694],[-77.1146378,41.9997701],[-77.114493,41.9997707],[-77.1027562,41.999818],[-77.08322,42.000038],[-77.08312,42.0000385],[-77.0636125,42.0001285],[-77.052742,42.0001958],[-77.0440989,42.0002493],[-77.0310248,42.0002896],[-77.0243611,42.0004088],[-77.00487,42.0006575],[-76.9853848,42.000929],[-76.9657926,42.0010742],[-76.9656969,42.0010749],[-76.946422,42.0013344],[-76.9268708,42.001476],[-76.9075992,42.0016844],[-76.9014175,42.0017369],[-76.8887835,42.0018443],[-76.8498748,42.0019408],[-76.8304905,42.0020265],[-76.7915597,42.0018729],[-76.7892111,42.0018569],[-76.7529584,42.0016098],[-76.7473199,42.0015935],[-76.7472741,42.0015931],[-76.7340027,42.0014783],[-76.7304005,42.0014503],[-76.7285165,42.0014356],[-76.7250894,42.0014089],[-76.7146742,42.001328],[-76.701657,42.0012455],[-76.6952974,42.0012052],[-76.6764929,42.0011036],[-76.6570378,42.0008185],[-76.6381561,42.000683],[-76.6379857,42.0006816],[-76.6250412,42.0005783],[-76.6184709,42.0005259],[-76.5795729,42.0002038],[-76.5576948,42.0001577],[-76.5320922,41.9998339],[-76.5244039,41.999739],[-76.5207146,41.99973],[-76.4821696,41.9992211],[-76.4754975,41.9991531],[-76.4731772,41.9990975],[-76.462407,41.9989743],[-76.4427787,41.9986773],[-76.423125,41.9986156],[-76.402979,41.9985338],[-76.3908242,41.9985023],[-76.3816068,41.9984834],[-76.381478,41.9984814],[-76.3786952,41.9984804],[-76.3633382,41.9984395],[-76.3515433,41.998394],[-76.3505334,41.9983996],[-76.3447767,41.9983832],[-76.3435704,41.9983817],[-76.3394853,41.9983757],[-76.3319457,41.9983638],[-76.323663,41.9983478],[-76.3131031,41.9983339],[-76.3040618,41.998317],[-76.284126,41.998372],[-76.2761208,41.9983817],[-76.2698579,41.9983956],[-76.264483,41.9984021],[-76.2641677,41.9984063],[-76.2633207,41.998405],[-76.2446052,41.9984047],[-76.2445303,41.9984046],[-76.2440887,41.9984041],[-76.231618,41.9984583],[-76.2285149,41.998471],[-76.2250675,41.9984846],[-76.224615,41.9984878],[-76.2049801,41.9985747],[-76.1844841,41.9986124],[-76.165155,41.9987224],[-76.1456852,41.9988654],[-76.1260452,41.9989181],[-76.1108473,41.9988962],[-76.1062623,41.9989724],[-76.105896,41.9989777],[-76.0869241,41.9989022],[-76.067499,41.9989704],[-76.0601032,41.9990222],[-76.0478522,41.9990454],[-76.0284781,41.9990252],[-76.0091551,41.9990082],[-76.0056702,41.9990073],[-75.988817,41.9990032],[-75.9698356,41.9990119],[-75.9585834,41.9989573],[-75.9310175,41.99885],[-75.9113688,41.9987163],[-75.8906148,41.9985793],[-75.8713424,41.9984434],[-75.8700433,41.9984337],[-75.8516851,41.9983071],[-75.8321176,41.9981747],[-75.7929562,41.9979755],[-75.7734446,41.9978712],[-75.7732451,41.9978692],[-75.7646874,41.9978575],[-75.7646456,41.9978574],[-75.7624008,41.9978809],[-75.7563413,41.9979267],[-75.753828,41.997954],[-75.7417994,41.9980487],[-75.6960415,41.9983421],[-75.6555672,41.9986186],[-75.607524,41.9988812],[-75.554223,41.999028],[-75.5403537,41.9991047],[-75.4957638,41.9992205],[-75.4831706,41.9992505],[-75.4773128,41.9991934],[-75.4675495,41.9991402],[-75.436586,41.9993248],[-75.424876,41.9993407],[-75.4088615,41.9994452],[-75.4016462,41.9994552],[-75.3916852,41.9994638],[-75.3617959,41.9994838],[-75.3595475,41.9995045],[-75.3579827,41.9988108],[-75.3567193,41.9982945],[-75.3550403,41.9976363],[-75.3539749,41.9972277],[-75.3502767,41.9960217],[-75.3494688,41.9958263],[-75.3485059,41.9956302],[-75.3467598,41.9953128],[-75.3462432,41.9951761],[-75.3456381,41.9949544],[-75.3433716,41.993923],[-75.3426093,41.9936471],[-75.3418942,41.9933581],[-75.3413154,41.993085],[-75.3410821,41.9929275],[-75.3409136,41.9927481],[-75.3397635,41.9909838],[-75.3394271,41.9902852],[-75.3387807,41.9887235],[-75.3386021,41.988361],[-75.3384508,41.9881381],[-75.3381772,41.9878199],[-75.3376129,41.9871891],[-75.3374852,41.9869575],[-75.3374713,41.9867677],[-75.3375775,41.9863789],[-75.3376297,41.9858916],[-75.337673,41.9852385],[-75.3376113,41.9843864],[-75.3376402,41.9841136],[-75.3377094,41.9838365],[-75.3384395,41.9822845],[-75.339403,41.9806412],[-75.3395795,41.980313],[-75.3396814,41.9799681],[-75.3400279,41.9782385],[-75.340176,41.9777899],[-75.3403691,41.9774015],[-75.3419951,41.975039],[-75.3421179,41.9748192],[-75.3422848,41.9743235],[-75.3423518,41.973866],[-75.3423513,41.9734006],[-75.3423062,41.9731179],[-75.3421372,41.9727653],[-75.3417998,41.9723892],[-75.3411239,41.971913],[-75.340537,41.9715166],[-75.3399899,41.9709475],[-75.3397039,41.9707273],[-75.3393515,41.9706089],[-75.3387898,41.9704984],[-75.3381536,41.9704485],[-75.3363812,41.9704816],[-75.3358265,41.970492],[-75.3354494,41.9704042],[-75.3343814,41.9700161],[-75.3334614,41.9696899],[-75.3325548,41.9694382],[-75.3309315,41.9690154],[-75.3292937,41.9685911],[-75.3288308,41.9684104],[-75.3283405,41.9681619],[-75.3279913,41.9678819],[-75.327663,41.9674783],[-75.3272778,41.9668744],[-75.326582,41.965569],[-75.3263455,41.9651932],[-75.3260692,41.9648741],[-75.3256567,41.9644891],[-75.3242641,41.9635566],[-75.3239052,41.9632331],[-75.3230088,41.9622478],[-75.3227438,41.9619893],[-75.322475,41.961811],[-75.3220588,41.96161],[-75.3202515,41.9608852],[-75.3199956,41.9607157],[-75.3198154,41.9605445],[-75.3196968,41.9602573],[-75.3192312,41.9585532],[-75.3190842,41.9582161],[-75.3186368,41.9574961],[-75.3184936,41.9571981],[-75.318411,41.9569152],[-75.3181985,41.9545093],[-75.3181293,41.9542328],[-75.3179775,41.9540126],[-75.3177678,41.9537964],[-75.3163365,41.9531138],[-75.3154997,41.9526681],[-75.3150625,41.9523163],[-75.3140379,41.9512191],[-75.3133984,41.9505389],[-75.3129371,41.9501555],[-75.3120096,41.949579],[-75.3109228,41.9490679],[-75.3103472,41.9488712],[-75.3096932,41.9487639],[-75.3090168,41.9487631],[-75.308483,41.9488473],[-75.3075314,41.9491274],[-75.3071757,41.9491469],[-75.3068018,41.9491226],[-75.3063292,41.9490081],[-75.3056034,41.9487224],[-75.3045638,41.9483011],[-75.3036534,41.9481064],[-75.3028343,41.948037],[-75.3021326,41.948037],[-75.3016252,41.9480988],[-75.301292,41.948179],[-75.3010415,41.9483358],[-75.3009584,41.9484982],[-75.3009213,41.9487088],[-75.3010276,41.9491705],[-75.3016353,41.9513951],[-75.3016697,41.9517087],[-75.3016772,41.9517565],[-75.3016864,41.9521847],[-75.3015726,41.9527108],[-75.3013956,41.9530599],[-75.3010957,41.9534329],[-75.3006483,41.9537453],[-75.3000314,41.9540449],[-75.2991597,41.9543397],[-75.2983335,41.9544953],[-75.2975611,41.9545779],[-75.2956685,41.9547008],[-75.2945945,41.954694],[-75.2942437,41.9546377],[-75.2938881,41.9545328],[-75.2932191,41.9542332],[-75.2922766,41.9536448],[-75.2918013,41.9532191],[-75.2914934,41.9528365],[-75.2913861,41.9526414],[-75.2913448,41.9523885],[-75.2913437,41.952025],[-75.2913936,41.9516983],[-75.2915942,41.9506163],[-75.291657,41.9501455],[-75.2917214,41.9487416],[-75.2916945,41.9473431],[-75.2916098,41.9466449],[-75.2915459,41.9463241],[-75.291458,41.9461007],[-75.2912547,41.9457472],[-75.2901753,41.9442114],[-75.2893189,41.9428638],[-75.289184,41.9426856],[-75.2889737,41.9425292],[-75.2887135,41.9424354],[-75.2881921,41.9423457],[-75.2874937,41.9422447],[-75.2859503,41.9421162],[-75.2851151,41.9420237],[-75.28468,41.9418956],[-75.2842675,41.9416606],[-75.2834076,41.9409],[-75.2827848,41.9404771],[-75.2815595,41.939845],[-75.2810151,41.9396515],[-75.2800135,41.9393961],[-75.2796455,41.9392784],[-75.2791751,41.9390314],[-75.2790598,41.9389635],[-75.2788983,41.9387695],[-75.2788704,41.9383127],[-75.2789755,41.9372445],[-75.2789642,41.9368889],[-75.2789186,41.9366806],[-75.2772449,41.9338417],[-75.2770969,41.9334801],[-75.2770255,41.933188],[-75.2770148,41.930673],[-75.2769649,41.9300145],[-75.2766892,41.9282413],[-75.276554,41.9270009],[-75.2764752,41.9255705],[-75.2764789,41.9251334],[-75.276686,41.9240378],[-75.2767402,41.923495],[-75.2767278,41.9229506],[-75.2766516,41.9225702],[-75.2763443,41.9217009],[-75.2755358,41.9200492],[-75.2739034,41.9173648],[-75.2728091,41.9159969],[-75.2720232,41.9149227],[-75.2709536,41.9133658],[-75.269736,41.911363],[-75.2680208,41.9082874],[-75.2675579,41.9071373],[-75.267346,41.9063496],[-75.2672033,41.905401],[-75.2671877,41.9044388],[-75.26731,41.9034394],[-75.267516,41.9025638],[-75.2677682,41.9019334],[-75.268207,41.9014044],[-75.2702208,41.8995226],[-75.2726755,41.897241],[-75.2729223,41.8968565],[-75.2730838,41.8965191],[-75.2731208,41.8961625],[-75.2727351,41.8941784],[-75.2724921,41.8928622],[-75.272027,41.8902074],[-75.271468,41.8877606],[-75.2713693,41.8873133],[-75.2712931,41.8871548],[-75.2711671,41.8869815],[-75.2709316,41.8868461],[-75.2700652,41.8865318],[-75.2681415,41.8861464],[-75.2665982,41.8857562],[-75.2649433,41.8854387],[-75.2636145,41.8852027],[-75.2631966,41.885112],[-75.2628919,41.8850006],[-75.2609017,41.8839846],[-75.2606201,41.8837661],[-75.2603417,41.8834798],[-75.2596684,41.8824466],[-75.2591701,41.881373],[-75.258656,41.8801],[-75.2576257,41.8769376],[-75.2575693,41.8765557],[-75.2576283,41.8760412],[-75.2577694,41.8756138],[-75.2580822,41.8752108],[-75.2592269,41.8744759],[-75.2613663,41.8732759],[-75.262407,41.8724906],[-75.2631735,41.8716909],[-75.2637502,41.8709295],[-75.2640576,41.870264],[-75.2641316,41.8697659],[-75.2641359,41.8692562],[-75.2640082,41.8687313],[-75.2637867,41.8682031],[-75.263166,41.8673994],[-75.2627165,41.8666164],[-75.2622321,41.865688],[-75.2619623,41.8652601],[-75.2615631,41.8647667],[-75.2607799,41.8640213],[-75.2589222,41.8626689],[-75.2582018,41.8622107],[-75.257763,41.8619926],[-75.2573537,41.8619126],[-75.2567464,41.8618911],[-75.2560056,41.8619438],[-75.2550679,41.8620693],[-75.2541619,41.8621312],[-75.2531335,41.8621284],[-75.251426,41.8620093],[-75.2508005,41.8620353],[-75.2501396,41.8621623],[-75.2496423,41.8623521],[-75.2487615,41.8628663],[-75.2479161,41.8634472],[-75.2465744,41.8645115],[-75.2455552,41.8653045],[-75.2442114,41.866322],[-75.2434228,41.8668449],[-75.2430033,41.8670395],[-75.2426182,41.8671277],[-75.2421622,41.8671941],[-75.2417523,41.8671957],[-75.2412154,41.8671082],[-75.2407256,41.8669232],[-75.2395481,41.8662664],[-75.2380445,41.8651802],[-75.2370923,41.8643137],[-75.236055,41.863096],[-75.234565,41.861569],[-75.2336564,41.8608591],[-75.2317627,41.8595822],[-75.2314215,41.8593781],[-75.2310857,41.8592538],[-75.2306684,41.8592478],[-75.2302333,41.8592794],[-75.2298761,41.8593849],[-75.2296508,41.8594264],[-75.2294394,41.8594196],[-75.2292248,41.8593537],[-75.2283118,41.8587028],[-75.2276037,41.8581922],[-75.2271504,41.8579377],[-75.2265635,41.857712],[-75.2260067,41.8575522],[-75.2254885,41.8574663],[-75.2249842,41.8574535],[-75.223546,41.857511],[-75.2233454,41.8575781],[-75.2231496,41.8576992],[-75.2229452,41.8579241],[-75.2225037,41.8584819],[-75.2222833,41.858744],[-75.2219163,41.859062],[-75.2206782,41.8600589],[-75.2202357,41.8604896],[-75.2197625,41.8610241],[-75.219107,41.8619618],[-75.2181977,41.8631727],[-75.2178936,41.8636881],[-75.2169859,41.8650732],[-75.2163642,41.8659013],[-75.2158862,41.866598],[-75.2153905,41.8671625],[-75.2150703,41.8673798],[-75.2147854,41.8675021],[-75.214455,41.8676095],[-75.213587,41.867841],[-75.2127094,41.8681225],[-75.2108748,41.8688243],[-75.210164,41.8690848],[-75.2097445,41.869239],[-75.2093647,41.8693261],[-75.2080193,41.8695238],[-75.2058596,41.8697431],[-75.2044975,41.8698342],[-75.2040255,41.8698142],[-75.2037358,41.8697663],[-75.2034772,41.8696912],[-75.2030309,41.8694403],[-75.2027332,41.869344],[-75.202357,41.869268],[-75.2019419,41.8692386],[-75.2012875,41.8691647],[-75.2003809,41.8691631],[-75.1993396,41.8690564],[-75.1983682,41.8688595],[-75.1976069,41.8686633],[-75.1968103,41.8684097],[-75.1959585,41.8680749],[-75.1950009,41.867584],[-75.1936029,41.8667794],[-75.1924871,41.8659948],[-75.1913569,41.8649729],[-75.1911771,41.8647212],[-75.191017,41.86434],[-75.1905737,41.8632227],[-75.1903414,41.8627432],[-75.1901161,41.8623965],[-75.1897942,41.8620305],[-75.1893393,41.861593],[-75.1887959,41.8611268],[-75.1879606,41.8605491],[-75.1873942,41.8602351],[-75.186928,41.8600537],[-75.1863588,41.8599434],[-75.1855885,41.8598943],[-75.1851947,41.8599234],[-75.184771,41.8600469],[-75.1843499,41.8602458],[-75.1837034,41.8606917],[-75.1827867,41.8615187],[-75.1823194,41.8621052],[-75.1815571,41.8633305],[-75.1808882,41.8646413],[-75.1806221,41.8652801],[-75.1804183,41.8659053],[-75.180289,41.8664846],[-75.180053,41.8676563],[-75.179892,41.8683214],[-75.1796174,41.8690884],[-75.179347,41.8695686],[-75.1789162,41.8701454],[-75.1786131,41.8704953],[-75.178243,41.8708401],[-75.1776701,41.8712547],[-75.1773627,41.8715427],[-75.1769287,41.87204],[-75.1765934,41.8723041],[-75.1761273,41.8724906],[-75.1756826,41.8725969],[-75.1751027,41.8726072],[-75.1743629,41.8725326],[-75.1735019,41.8723804],[-75.172473,41.8722106],[-75.1713116,41.8718906],[-75.1707618,41.8716857],[-75.1702838,41.8714149],[-75.1697651,41.8710174],[-75.169389,41.8706938],[-75.16908,41.8703056],[-75.1687464,41.8697379],[-75.1683242,41.8688559],[-75.1682046,41.8684332],[-75.1680662,41.8677262],[-75.16802,41.8672672],[-75.1680404,41.866602],[-75.1681289,41.8658182],[-75.1682845,41.8646353],[-75.1683907,41.8640568],[-75.1684669,41.8635015],[-75.1687394,41.8623074],[-75.1688156,41.8617133],[-75.1688435,41.8611735],[-75.1688075,41.860295],[-75.1687319,41.8595982],[-75.1686139,41.8590121],[-75.1684749,41.8585386],[-75.1682351,41.8578786],[-75.1680474,41.8574387],[-75.1677969,41.8569932],[-75.1674476,41.8564534],[-75.1666258,41.8552511],[-75.1663807,41.8547705],[-75.166282,41.8544632],[-75.166224,41.8542035],[-75.1661377,41.8539226],[-75.1659714,41.853577],[-75.1655894,41.8530168],[-75.164943,41.852261],[-75.1642993,41.8515671],[-75.163479,41.8508934],[-75.1626433,41.8503504],[-75.1618595,41.8499831],[-75.1611847,41.8497102],[-75.1606885,41.8495068],[-75.1594906,41.8490589],[-75.1583491,41.8486864],[-75.157421,41.8484667],[-75.1567767,41.8483712],[-75.1557377,41.8483032],[-75.1546385,41.8482972],[-75.1541873,41.8483288],[-75.15363,41.8484067],[-75.1531032,41.8485226],[-75.1524648,41.84869],[-75.1517444,41.8488986],[-75.149705,41.84963],[-75.1468225,41.8507975],[-75.145439,41.851504],[-75.144954,41.851631],[-75.1441,41.851813],[-75.143091,41.851991],[-75.141439,41.852208],[-75.140974,41.852228],[-75.140561,41.852219],[-75.140232,41.852173],[-75.139876,41.852057],[-75.139563,41.851864],[-75.139284,41.851626],[-75.138742,41.850981],[-75.138473,41.85072],[-75.13629,41.849303],[-75.135573,41.848886],[-75.13499,41.848494],[-75.133747,41.84757],[-75.133068,41.846991],[-75.132731,41.846636],[-75.132349,41.846148],[-75.131993,41.845754],[-75.131712,41.845555],[-75.131368,41.845369],[-75.13099,41.84526],[-75.130478,41.845163],[-75.12982,41.845087],[-75.128903,41.845019],[-75.127602,41.845013],[-75.126919,41.845059],[-75.126223,41.845151],[-75.1254,41.845325],[-75.123531,41.845815],[-75.122666,41.845989],[-75.121763,41.846115],[-75.120903,41.84618],[-75.120116,41.846216],[-75.119384,41.846191],[-75.118645,41.846082],[-75.117969,41.845943],[-75.116595,41.845448],[-75.115958,41.845101],[-75.115323,41.844716],[-75.114982,41.844469],[-75.114745,41.844209],[-75.114512,41.843848],[-75.114301,41.843457],[-75.114116,41.843183],[-75.113908,41.842946],[-75.1137,41.842748],[-75.113545,41.84249],[-75.113405,41.842139],[-75.113331,41.841667],[-75.113255,41.840244],[-75.113203,41.838498],[-75.113087,41.837023],[-75.113095,41.836611],[-75.113144,41.836164],[-75.113295,41.835512],[-75.113559,41.834607],[-75.113843,41.833741],[-75.114076,41.832835],[-75.1144,41.83173],[-75.114529,41.8311],[-75.114715,41.829599],[-75.114811,41.829014],[-75.115052,41.827938],[-75.115067,41.827542],[-75.115067,41.827539],[-75.115015,41.827057],[-75.11487,41.826575],[-75.114509,41.825818],[-75.114031,41.824371],[-75.113788,41.823755],[-75.113501,41.823193],[-75.113276,41.822886],[-75.113019,41.822618],[-75.112677,41.822394],[-75.11231,41.82227],[-75.11184,41.822151],[-75.110764,41.821964],[-75.109668,41.821753],[-75.109085,41.821616],[-75.10833,41.821391],[-75.106878,41.820809],[-75.105741,41.820319],[-75.10506,41.820072],[-75.103888,41.819682],[-75.103388,41.819547],[-75.102896,41.819474],[-75.102474,41.819441],[-75.102094,41.819394],[-75.101745,41.819324],[-75.101378,41.819223],[-75.100564,41.818926],[-75.10012,41.818669],[-75.099649,41.818334],[-75.098438,41.817155],[-75.097681,41.816481],[-75.096878,41.815683],[-75.096319,41.815222],[-75.095637,41.814728],[-75.093278,41.813345],[-75.091522,41.81237],[-75.090785,41.8120156],[-75.090763,41.812005],[-75.090246,41.811792],[-75.089878,41.811699],[-75.088766,41.811627],[-75.087713,41.811618],[-75.086039,41.811664],[-75.085572,41.811715],[-75.085154,41.811837],[-75.084734,41.81202],[-75.084173,41.812339],[-75.083484,41.812794],[-75.082077,41.813865],[-75.081576,41.814224],[-75.080911,41.814572],[-75.080229,41.814857],[-75.079362,41.815099],[-75.078768,41.815209],[-75.078063,41.815301],[-75.0773291,41.8153588],[-75.077161,41.815372],[-75.076376,41.815385],[-75.075531,41.815365],[-75.074759,41.815293],[-75.07436,41.815214],[-75.073818,41.815086],[-75.07335,41.814913],[-75.072915,41.814694],[-75.072604,41.814479],[-75.072247,41.81413],[-75.071977,41.813684],[-75.071768,41.813239],[-75.071643,41.812781],[-75.07158,41.8123],[-75.07151,41.811273],[-75.071531,41.810747],[-75.07159,41.810324],[-75.071717,41.809771],[-75.071991,41.808889],[-75.072191,41.807296],[-75.072343,41.806643],[-75.072514,41.805998],[-75.072939,41.804711],[-75.073259,41.80397],[-75.07355,41.803431],[-75.0744184,41.8017665],[-75.0753374,41.8000514],[-75.0757472,41.7994819],[-75.0762778,41.7988776],[-75.0766629,41.7985365],[-75.0771817,41.7980646],[-75.0777117,41.7977079],[-75.0781832,41.7974567],[-75.0788022,41.7971812],[-75.0795645,41.7969176],[-75.0809067,41.7966245],[-75.0821765,41.7964885],[-75.0827285,41.7964913],[-75.0832815,41.7965845],[-75.0855078,41.7972028],[-75.0870452,41.7975243],[-75.0879319,41.7976407],[-75.088846,41.7976511],[-75.089788,41.7975323],[-75.0914263,41.7971712],[-75.0920652,41.7969364],[-75.0924778,41.7967269],[-75.0929691,41.7963829],[-75.0932867,41.7960678],[-75.0936939,41.7956091],[-75.0947646,41.7940273],[-75.0954684,41.7931015],[-75.0962543,41.7924175],[-75.0984956,41.7907893],[-75.1000357,41.7895718],[-75.1006821,41.7889167],[-75.1012802,41.7882291],[-75.1016831,41.7876527],[-75.1020811,41.7868712],[-75.1024212,41.786036],[-75.1027512,41.7849504],[-75.1038643,41.7806623],[-75.1039147,41.7801246],[-75.1039367,41.7794786],[-75.103889,41.7776216],[-75.1039388,41.7771127],[-75.104103,41.7765879],[-75.1045718,41.7752857],[-75.1046233,41.774868],[-75.1046555,41.7742395],[-75.1045751,41.7736378],[-75.104419,41.7729745],[-75.1041556,41.7723588],[-75.1037913,41.7716711],[-75.1033182,41.7709925],[-75.1025226,41.7700907],[-75.1020093,41.7696498],[-75.1015388,41.7693341],[-75.1011424,41.7691429],[-75.1006639,41.7690129],[-75.1001215,41.7689428],[-75.0990476,41.7688416],[-75.0982322,41.768768],[-75.0972913,41.7686564],[-75.0953547,41.7683683],[-75.0946525,41.7683135],[-75.0938908,41.7683219],[-75.0929713,41.7683699],[-75.0922551,41.7684559],[-75.0915594,41.7685559],[-75.0894694,41.7689168],[-75.0881991,41.7691549],[-75.086806,41.7694962],[-75.0855888,41.7698391],[-75.08501,41.7699943],[-75.0814829,41.7707973],[-75.0788157,41.7714654],[-75.077989,41.7716226],[-75.0772069,41.7716923],[-75.0765669,41.7716899],[-75.0759554,41.7716546],[-75.0751882,41.7715242],[-75.0746625,41.7713574],[-75.0743745,41.771191],[-75.0740714,41.7709433],[-75.07375,41.7704548],[-75.0734802,41.7699263],[-75.073122,41.769115],[-75.0728783,41.7688232],[-75.072601,41.7686224],[-75.0721997,41.7684651],[-75.0715893,41.7683063],[-75.0709986,41.7681202],[-75.0692649,41.7675377],[-75.0686909,41.7673632],[-75.0680423,41.7672544],[-75.0670794,41.7671276],[-75.0663622,41.7670455],[-75.0658858,41.7669799],[-75.0654583,41.7668815],[-75.0650591,41.7667451],[-75.064368,41.766403],[-75.06365,41.766026],[-75.0632095,41.7658104],[-75.0621688,41.765279],[-75.0611995,41.7648789],[-75.0609285,41.7647181],[-75.0607145,41.764548],[-75.0603251,41.7641067],[-75.0599544,41.7635833],[-75.0595697,41.7629571],[-75.0589603,41.7619411],[-75.0585253,41.7611973],[-75.0579497,41.7600452],[-75.0573097,41.7587871],[-75.056659,41.7575266],[-75.0560292,41.7564634],[-75.0554273,41.7556938],[-75.0538261,41.7534576],[-75.0536635,41.7531214],[-75.0535283,41.752684],[-75.0534103,41.7521629],[-75.0533191,41.7515038],[-75.0531228,41.7506249],[-75.0530659,41.7501655],[-75.0530375,41.7494583],[-75.0530096,41.7473347],[-75.0529645,41.7463793],[-75.0528653,41.7453779],[-75.0528631,41.7449545],[-75.0529018,41.744515],[-75.0530214,41.7436781],[-75.0531807,41.7428243],[-75.0533803,41.7420002],[-75.0536528,41.7408234],[-75.0538625,41.7399039],[-75.0546264,41.7369626],[-75.0547723,41.7362649],[-75.0548523,41.7357065],[-75.0548614,41.735152],[-75.0548094,41.7344963],[-75.0546849,41.733761],[-75.0543984,41.732267],[-75.054272,41.73114],[-75.0542506,41.7307743],[-75.0541413,41.7297055],[-75.0540573,41.7292584],[-75.0538523,41.7282868],[-75.053406,41.7264543],[-75.052883,41.7245318],[-75.0521577,41.7223357],[-75.0520542,41.7219137],[-75.0520043,41.7214865],[-75.0519378,41.7202652],[-75.0518874,41.719846],[-75.0516798,41.7192814],[-75.0514255,41.7187517],[-75.0511133,41.718228],[-75.0506283,41.7175533],[-75.0501101,41.7165826],[-75.0498548,41.7160012],[-75.0497142,41.7153822],[-75.0496863,41.714886],[-75.049725,41.7142237],[-75.0498569,41.7134917],[-75.0500399,41.7128894],[-75.0503832,41.7122535],[-75.0507297,41.7118947],[-75.0509556,41.7116636],[-75.0512844,41.7114506],[-75.0515526,41.7113969],[-75.0519684,41.7113725],[-75.0526759,41.7113893],[-75.0533926,41.7114562],[-75.0543722,41.7116136],[-75.0556408,41.7119067],[-75.0576707,41.712372],[-75.0585467,41.712553],[-75.0602215,41.7127901],[-75.0625121,41.7130116],[-75.0633774,41.7130244],[-75.0648392,41.7129243],[-75.0657335,41.7128169],[-75.0665199,41.7126091],[-75.0671121,41.7123212],[-75.0676201,41.7119436],[-75.068112,41.7115047],[-75.0684859,41.7110185],[-75.0687263,41.7103653],[-75.0689376,41.709512],[-75.0689897,41.7088251],[-75.0689349,41.7082877],[-75.0688159,41.7077607],[-75.0685809,41.7071892],[-75.0681635,41.706401],[-75.0677982,41.7058796],[-75.0674705,41.7055172],[-75.0663901,41.7045736],[-75.0655629,41.7039212],[-75.0641359,41.703006],[-75.062982,41.7022246],[-75.0618502,41.7013587],[-75.0604388,41.7001587],[-75.0596717,41.6994234],[-75.0592672,41.6989675],[-75.0587152,41.6982622],[-75.0567405,41.6955261],[-75.0554703,41.6935076],[-75.0547337,41.6922719],[-75.053465,41.6898896],[-75.0529141,41.6886882],[-75.052655,41.6878886],[-75.0524812,41.6871491],[-75.0523616,41.6864428],[-75.0523101,41.6858139],[-75.0523058,41.6851292],[-75.0521845,41.684618],[-75.0520295,41.6841645],[-75.0516615,41.6834402],[-75.0514062,41.682856],[-75.0512195,41.682213],[-75.0511562,41.6816056],[-75.0511449,41.6810091],[-75.0511927,41.6805043],[-75.0513016,41.6799782],[-75.0514823,41.6795323],[-75.0517286,41.6791949],[-75.0521223,41.6787827],[-75.0528165,41.6782466],[-75.0537032,41.6776468],[-75.0544328,41.6771608],[-75.0559681,41.6762428],[-75.0570635,41.6756554],[-75.0578177,41.6751466],[-75.0585387,41.6745888],[-75.0589839,41.6741292],[-75.0592479,41.673664],[-75.0594484,41.6725568],[-75.0594329,41.6721818],[-75.0593884,41.671715],[-75.059294,41.6712582],[-75.0591363,41.6707597],[-75.0589485,41.6702813],[-75.058697,41.6699218],[-75.058267,41.6694358],[-75.0578177,41.669106],[-75.05727,41.668866],[-75.0568505,41.6687485],[-75.056364,41.6687085],[-75.055636,41.668684],[-75.0551886,41.6686343],[-75.054834,41.668557],[-75.0544703,41.6684027],[-75.054208,41.6682172],[-75.0539532,41.6678954],[-75.0537724,41.667554],[-75.0533701,41.6666155],[-75.0530198,41.6660705],[-75.0526099,41.6655671],[-75.0521438,41.6650975],[-75.0515419,41.6645292],[-75.0507984,41.6637053],[-75.0503885,41.6630592],[-75.0500629,41.6624397],[-75.0495324,41.6608667],[-75.0492014,41.6596944],[-75.048975,41.6583662],[-75.0488388,41.6568993],[-75.0487975,41.6556384],[-75.0488264,41.6543109],[-75.0489541,41.6529072],[-75.0491537,41.6514506],[-75.0492255,41.6506646],[-75.0492593,41.6499523],[-75.0492465,41.6492039],[-75.0492207,41.6484223],[-75.0491526,41.6479385],[-75.0490507,41.6476022],[-75.0487309,41.6471115],[-75.0481516,41.6465459],[-75.0479273,41.6462597],[-75.0477315,41.64583],[-75.0476918,41.6455766],[-75.0477187,41.6453213],[-75.04779,41.6451729],[-75.0480706,41.6448747],[-75.0484788,41.6444105],[-75.0488747,41.6438348],[-75.0490442,41.6435193],[-75.049188,41.643112],[-75.0492996,41.6425937],[-75.0494192,41.6417346],[-75.0494503,41.6412347],[-75.0494106,41.6407195],[-75.0493242,41.6402737],[-75.0489965,41.639223],[-75.048908,41.6386569],[-75.0488323,41.6378967],[-75.0488055,41.6370235],[-75.0488763,41.6362229],[-75.0489047,41.6354539],[-75.0488248,41.6344047],[-75.0486993,41.6335463],[-75.0485593,41.632847],[-75.0483061,41.6320018],[-75.0481001,41.6314561],[-75.0478029,41.630817],[-75.0473464,41.6299525],[-75.0466249,41.6289224],[-75.0462322,41.6281919],[-75.0453578,41.6262543],[-75.044971,41.6255642],[-75.0442613,41.6247342],[-75.0437941,41.6239494],[-75.0436203,41.6234426],[-75.0436133,41.6230905],[-75.0437179,41.6227103],[-75.0440269,41.6220093],[-75.0443418,41.6212831],[-75.0444077,41.6208548],[-75.0443981,41.6203736],[-75.0443552,41.6199914],[-75.0441921,41.619432],[-75.0441293,41.6189443],[-75.0441256,41.6182293],[-75.0442254,41.6177637],[-75.0443149,41.6174052],[-75.0445124,41.6169841],[-75.0448433,41.6165377],[-75.0454393,41.6160689],[-75.0459506,41.6158302],[-75.0464639,41.6157107],[-75.0470529,41.615677],[-75.0475497,41.6157155],[-75.0481607,41.6158491],[-75.0486816,41.6160247],[-75.0491365,41.6162497],[-75.049563,41.6165068],[-75.0506916,41.6173346],[-75.0515328,41.6178655],[-75.0516186,41.6179019],[-75.0522661,41.6181768],[-75.0530171,41.6184607],[-75.0536683,41.6185962],[-75.0543421,41.6186359],[-75.055077,41.618601],[-75.0559193,41.6184912],[-75.0570715,41.6182642],[-75.0583434,41.6179706],[-75.0594807,41.6176478],[-75.0601341,41.6173534],[-75.0608669,41.6169676],[-75.0612971,41.6166323],[-75.0614972,41.6163388],[-75.0615927,41.616054],[-75.0615583,41.6156726],[-75.0614403,41.6150987],[-75.0612424,41.6144582],[-75.0609951,41.6137524],[-75.0606829,41.6131191],[-75.0597344,41.6117077],[-75.0595488,41.6113543],[-75.0595204,41.6111694],[-75.0595456,41.610995],[-75.0596127,41.6107692],[-75.0597725,41.6105402],[-75.0601995,41.6102097],[-75.0607344,41.6099718],[-75.0619177,41.6095892],[-75.0626892,41.6093814],[-75.0631762,41.6093176],[-75.063585,41.6093124],[-75.0640624,41.6093421],[-75.0645806,41.6094255],[-75.0662774,41.6097897],[-75.0669469,41.6099088],[-75.0676577,41.609965],[-75.0689285,41.6099778],[-75.0696189,41.6099068],[-75.0704558,41.6097584],[-75.071692,41.6093972],[-75.072184,41.609274],[-75.072663,41.609085],[-75.072746,41.609048],[-75.072828,41.609012],[-75.073014,41.608932],[-75.073199,41.608851],[-75.07347,41.608732],[-75.073741,41.608614],[-75.073807,41.608585],[-75.073819,41.608575],[-75.074222,41.60824],[-75.074625,41.607905],[-75.074704,41.607597],[-75.07472,41.607198],[-75.07472,41.607178],[-75.074721,41.607157],[-75.074722,41.607138],[-75.074729,41.606965],[-75.074731,41.606925],[-75.074756,41.606306],[-75.074613,41.605711],[-75.073375,41.604647],[-75.072951,41.604342],[-75.071324,41.603172],[-75.0698171,41.6019514],[-75.068921,41.60128],[-75.06836,41.600756],[-75.067931,41.60035],[-75.06777,41.600198],[-75.067608,41.600046],[-75.066955,41.599428],[-75.065735,41.597776],[-75.065664,41.597672],[-75.065594,41.597569],[-75.065448,41.597354],[-75.065303,41.597138],[-75.065253,41.597065],[-75.065186,41.596967],[-75.06512,41.596869],[-75.063685,41.59475],[-75.063677,41.594739],[-75.062688,41.593685],[-75.062548,41.593536],[-75.062408,41.593388],[-75.062324,41.593298],[-75.061107,41.592169],[-75.061026,41.591989],[-75.060857,41.591616],[-75.060748,41.591513],[-75.06054,41.591315],[-75.060332,41.591117],[-75.060012,41.590813],[-75.058601,41.590085],[-75.058502,41.590034],[-75.058254,41.589906],[-75.058006,41.589778],[-75.0573,41.589414],[-75.05627,41.588988],[-75.054769,41.588367],[-75.052858,41.587772],[-75.052246,41.587349],[-75.051965,41.587155],[-75.051662,41.586911],[-75.051198,41.586538],[-75.050734,41.586164],[-75.050566,41.586029],[-75.049588,41.585375],[-75.048639,41.58474],[-75.047991,41.584229],[-75.047643,41.583955],[-75.047296,41.583681],[-75.04676,41.583258],[-75.046528,41.582849],[-75.046466,41.58274],[-75.046404,41.582631],[-75.046178,41.582233],[-75.045866,41.581416],[-75.045766,41.581152],[-75.045665,41.580889],[-75.045651,41.580853],[-75.045434,41.580144],[-75.045048,41.57888],[-75.044661,41.577617],[-75.044607,41.577444],[-75.044553,41.577272],[-75.044469,41.577],[-75.044386,41.576728],[-75.043879,41.575094],[-75.043581,41.573873],[-75.042962,41.573143],[-75.042886,41.573055],[-75.042446,41.572549],[-75.04049,41.569688],[-75.039821,41.569102],[-75.03921,41.568568],[-75.036989,41.567049],[-75.036848,41.566977],[-75.036591,41.566844],[-75.036334,41.566712],[-75.03621,41.566648],[-75.036085,41.566584],[-75.035048,41.566051],[-75.034578,41.565813],[-75.03387,41.565453],[-75.033165,41.565093],[-75.03312,41.565079],[-75.032995,41.565042],[-75.032869,41.565003],[-75.031684,41.564644],[-75.030928,41.564734],[-75.030852,41.564744],[-75.03076,41.564734],[-75.030164,41.564673],[-75.029211,41.564637],[-75.028433,41.564333],[-75.027463,41.563629],[-75.027343,41.563541],[-75.026449,41.562004],[-75.024741,41.559511],[-75.02455,41.559231],[-75.0214,41.55545],[-75.021374,41.555418],[-75.020661,41.554525],[-75.020567,41.554406],[-75.020469,41.554283],[-75.0204252,41.5542282],[-75.020082,41.553798],[-75.020055,41.553763],[-75.019782,41.553413],[-75.019508,41.553063],[-75.019227,41.552702],[-75.018946,41.552342],[-75.018754,41.552097],[-75.018563,41.551852],[-75.018524,41.551802],[-75.01836,41.551286],[-75.018197,41.55077],[-75.01814,41.55059],[-75.018083,41.550411],[-75.018062,41.550347],[-75.018002,41.550156],[-75.017963,41.550069],[-75.017748,41.549589],[-75.017532,41.549109],[-75.017508,41.549054],[-75.017483,41.549],[-75.017434,41.54889],[-75.017384,41.548779],[-75.017344,41.548689],[-75.017303,41.548599],[-75.017241,41.548461],[-75.017179,41.548323],[-75.017153,41.548265],[-75.017123,41.548201],[-75.017047,41.548039],[-75.016971,41.547876],[-75.016939,41.547806],[-75.016906,41.547737],[-75.016838,41.547592],[-75.016771,41.547448],[-75.016617,41.547119],[-75.016463,41.546795],[-75.016443,41.546752],[-75.016328,41.546501],[-75.016163,41.54581],[-75.015994,41.545103],[-75.016074,41.544644],[-75.016144,41.544246],[-75.01624,41.544097],[-75.016302,41.544],[-75.016365,41.543904],[-75.01668,41.543416],[-75.017626,41.542734],[-75.019543,41.542321],[-75.019682,41.542291],[-75.019821,41.542261],[-75.020028,41.542216],[-75.020234,41.542172],[-75.020457,41.542124],[-75.02282,41.541458],[-75.022838,41.541453],[-75.023823,41.540774],[-75.023846,41.540746],[-75.024798,41.539801],[-75.024909,41.539225],[-75.025064,41.538418],[-75.024925,41.536702],[-75.024757,41.535099],[-75.024651,41.534891],[-75.024623,41.534836],[-75.024595,41.534782],[-75.024206,41.534018],[-75.023018,41.533147],[-75.021483,41.532759],[-75.021167,41.532679],[-75.02113,41.532676],[-75.018743,41.532469],[-75.017265,41.53222],[-75.016994,41.532174],[-75.016722,41.532128],[-75.016616,41.53211],[-75.014919,41.531399],[-75.012761,41.530193],[-75.01142,41.529469],[-75.010856,41.529165],[-75.010293,41.528861],[-75.009552,41.528461],[-75.00768,41.527176],[-75.007579,41.527106],[-75.007039,41.526736],[-75.006554,41.526277],[-75.0052,41.524994],[-75.004918,41.524797],[-75.00385,41.524052],[-75.00299,41.522974],[-75.002914,41.522867],[-75.002159,41.521808],[-75.001536,41.520971],[-75.00148,41.520896],[-75.001423,41.52082],[-75.001297,41.52065],[-75.001008,41.519632],[-75.000911,41.519292],[-75.000942,41.517637],[-75.000982,41.517508],[-75.001029,41.517377],[-75.001245,41.516779],[-75.001466,41.516415],[-75.001511,41.516341],[-75.001553,41.516272],[-75.001595,41.516213],[-75.001628,41.516156],[-75.00166,41.5161],[-75.001778,41.515904],[-75.001895,41.515708],[-75.00193,41.515652],[-75.001964,41.515595],[-75.002014,41.515512],[-75.002154,41.51528],[-75.002295,41.515049],[-75.002408,41.514863],[-75.002521,41.514677],[-75.002592,41.51456],[-75.002731,41.514221],[-75.002807,41.514005],[-75.002881,41.513814],[-75.002927,41.513696],[-75.002973,41.513577],[-75.002998,41.513511],[-75.003076,41.513312],[-75.003153,41.513112],[-75.003437,41.512379],[-75.003542,41.511887],[-75.003616,41.511537],[-75.003691,41.511188],[-75.003706,41.511118],[-75.003682,41.509269],[-75.003151,41.508101],[-75.002502,41.507779],[-75.002399,41.507752],[-75.001873,41.507614],[-75.001563,41.507533],[-75.001348,41.507477],[-75.00121,41.507441],[-75.0011,41.507438],[-75.000458,41.507422],[-74.999815,41.507405],[-74.999714,41.507402],[-74.999614,41.5074],[-74.994821,41.508605],[-74.993893,41.508754],[-74.987645,41.508738],[-74.987079,41.508636],[-74.986393,41.508317],[-74.985658,41.507924],[-74.985626,41.507904],[-74.985159,41.507534],[-74.984749,41.507101],[-74.984372,41.506611],[-74.984225,41.506297],[-74.9840123,41.5060625],[-74.9835992,41.5049658],[-74.983413,41.504183],[-74.9828053,41.5019928],[-74.9825531,41.5010246],[-74.9823868,41.5000121],[-74.9823654,41.4992407],[-74.9823332,41.4984854],[-74.9825692,41.4965086],[-74.982867,41.495357],[-74.983694,41.493289],[-74.984251,41.492095],[-74.984621,41.491244],[-74.985247,41.489113],[-74.98533,41.488218],[-74.9854693,41.4870372],[-74.985595,41.485863],[-74.985367,41.48496],[-74.985004,41.483703],[-74.984259,41.48221],[-74.983816,41.4815],[-74.983341,41.480894],[-74.982513,41.480319],[-74.981652,41.479945],[-74.98048,41.479666],[-74.97838,41.479255],[-74.976588,41.479022],[-74.975075,41.478701],[-74.973594,41.478364],[-74.972721,41.478103],[-74.971081,41.477677],[-74.969887,41.477438],[-74.968278,41.477166],[-74.9662744,41.4769619],[-74.965078,41.476781],[-74.9638529,41.476689],[-74.9610257,41.4765243],[-74.95826,41.476396],[-74.957331,41.476472],[-74.95701,41.476512],[-74.956411,41.476735],[-74.953742,41.477898],[-74.952251,41.478672],[-74.950888,41.479406],[-74.948992,41.480178],[-74.94808,41.480625],[-74.94736,41.481177],[-74.947067,41.481731],[-74.946624,41.482316],[-74.946192,41.48283],[-74.945634,41.483213],[-74.944756,41.483491],[-74.943549,41.483574],[-74.942641,41.483545],[-74.941798,41.483542],[-74.93976,41.483371],[-74.936326,41.482992],[-74.935291,41.482939],[-74.934652,41.482872],[-74.933458,41.482601],[-74.932585,41.482323],[-74.9323106,41.4821463],[-74.931035,41.481325],[-74.9304384,41.4808948],[-74.929456,41.480126],[-74.928735,41.479583],[-74.927833,41.478951],[-74.926835,41.478327],[-74.926049,41.477928],[-74.924986,41.477448],[-74.924092,41.477138],[-74.923208,41.476941],[-74.922173,41.476855],[-74.92103,41.476994],[-74.919865,41.477085],[-74.918915,41.477129],[-74.918157,41.477133],[-74.917281,41.477044],[-74.916163,41.476826],[-74.914523,41.476464],[-74.913735,41.476218],[-74.912991,41.475901],[-74.912301,41.47547],[-74.911962,41.475179],[-74.911231,41.474652],[-74.910606,41.474174],[-74.909982,41.473567],[-74.9095009,41.472951],[-74.909465,41.472905],[-74.909181,41.472436],[-74.908879,41.471654],[-74.908673,41.47084],[-74.908607,41.469986],[-74.908528,41.469318],[-74.908133,41.468117],[-74.908068,41.467094],[-74.908132,41.466016],[-74.908204,41.465211],[-74.908103,41.464639],[-74.907939,41.463849],[-74.907491,41.462768],[-74.907221,41.461946],[-74.906887,41.461131],[-74.906368,41.46071],[-74.905869,41.460458],[-74.905306,41.460198],[-74.904445,41.459952],[-74.903444,41.459633],[-74.9022317,41.4594245],[-74.9005634,41.459127],[-74.898692,41.458812],[-74.897157,41.458524],[-74.8961914,41.458331],[-74.8951721,41.4581019],[-74.8940456,41.457736],[-74.893241,41.45748],[-74.892114,41.456959],[-74.891382,41.456513],[-74.890915,41.45618],[-74.8904783,41.4556937],[-74.889584,41.453735],[-74.889116,41.452534],[-74.888994,41.451833],[-74.889075,41.451245],[-74.889294,41.45078],[-74.889704,41.450299],[-74.890423,41.449852],[-74.891948,41.448853],[-74.892712,41.448253],[-74.8934,41.447742],[-74.894197,41.446989],[-74.894931,41.446099],[-74.895474,41.445128],[-74.895824,41.444228],[-74.896154,41.443184],[-74.896399,41.442179],[-74.896389,41.441019],[-74.896173,41.440229],[-74.896025,41.439987],[-74.895527,41.439575],[-74.894838,41.439265],[-74.893913,41.43893],[-74.892625,41.438617],[-74.8910308,41.4383069],[-74.890175,41.438178],[-74.889642,41.438159],[-74.888691,41.438259],[-74.8872477,41.4385541],[-74.886243,41.438762],[-74.885431,41.438894],[-74.883594,41.439126],[-74.880174,41.439648],[-74.878303,41.44],[-74.876721,41.440338],[-74.8743796,41.4410455],[-74.872509,41.441534],[-74.871421,41.441781],[-74.869863,41.442284],[-74.869319,41.442532],[-74.868465,41.44286],[-74.866929,41.443387],[-74.865872,41.443723],[-74.864688,41.443993],[-74.86376,41.444168],[-74.862555,41.444341],[-74.860657,41.444457],[-74.858578,41.444427],[-74.856448,41.443922],[-74.8542,41.443166],[-74.852891,41.442559],[-74.851134,41.441548],[-74.850103,41.440908],[-74.8486948,41.4400401],[-74.8478901,41.4395415],[-74.8470748,41.4389302],[-74.845572,41.437577],[-74.8433089,41.4358738],[-74.841519,41.434924],[-74.840647,41.434382],[-74.840211,41.433986],[-74.839531,41.433412],[-74.838701,41.432782],[-74.837627,41.432046],[-74.836915,41.431625],[-74.8363566,41.431301],[-74.8351872,41.4308988],[-74.8342967,41.4306977],[-74.8330307,41.4304765],[-74.8316145,41.4304081],[-74.8299784,41.4305086],[-74.828592,41.430698],[-74.8269223,41.4312403],[-74.826437,41.431472],[-74.826031,41.431736],[-74.825667,41.432074],[-74.825228,41.432773],[-74.824874,41.433432],[-74.824637,41.434035],[-74.824316,41.434533],[-74.824095,41.435168],[-74.823565,41.43586],[-74.823286,41.436342],[-74.82288,41.436792],[-74.821447,41.438011],[-74.819565,41.439543],[-74.818956,41.439944],[-74.817995,41.440505],[-74.81713,41.440921],[-74.8161516,41.4412826],[-74.8144269,41.442091],[-74.8130536,41.4425092],[-74.8117983,41.4427344],[-74.810189,41.4428953],[-74.8081613,41.4427827],[-74.8064,41.442449],[-74.805655,41.442101],[-74.8050928,41.4417211],[-74.8041058,41.4409329],[-74.8033548,41.4402814],[-74.802689,41.439617],[-74.80196,41.4389382],[-74.801225,41.4381],[-74.800685,41.43718],[-74.80037,41.43606],[-74.800246,41.435037],[-74.800218,41.433949],[-74.800095,41.432661],[-74.799546,41.43129],[-74.799173,41.4305435],[-74.798794,41.429854],[-74.798075,41.428547],[-74.797132,41.426575],[-74.796499,41.425393],[-74.795796,41.424492],[-74.7948575,41.4234295],[-74.793856,41.422671],[-74.7928512,41.422263],[-74.7915477,41.4218728],[-74.7905016,41.4215912],[-74.7896272,41.4215148],[-74.7885329,41.4214625],[-74.7875029,41.4216073],[-74.7861028,41.4218768],[-74.7846812,41.4222268],[-74.7832811,41.422633],[-74.782353,41.4229951],[-74.7813553,41.423518],[-74.7793543,41.4246644],[-74.7784907,41.4251028],[-74.77745,41.4254688],[-74.7763234,41.4257504],[-74.774039,41.426218],[-74.7731531,41.4263055],[-74.772386,41.4263296],[-74.7714579,41.4262572],[-74.7709751,41.4261567],[-74.7704977,41.4260561],[-74.76987,41.4258309],[-74.769012,41.425435],[-74.768076,41.424988],[-74.766703,41.424452],[-74.763701,41.423613],[-74.762306,41.423365],[-74.760826,41.423215],[-74.759675,41.423202],[-74.758587,41.423287],[-74.757926,41.423437],[-74.756986,41.423812],[-74.756335,41.424044],[-74.755673,41.424371],[-74.75469,41.424973],[-74.754359,41.425148],[-74.753632,41.425637],[-74.753075,41.426118],[-74.752669,41.426435],[-74.7521836,41.4269531],[-74.7516954,41.4274076],[-74.7510892,41.427842],[-74.7504616,41.4281879],[-74.749378,41.4286625],[-74.7454941,41.4302995],[-74.744271,41.4307178],[-74.7434825,41.430939],[-74.7425759,41.4310999],[-74.7417176,41.4311924],[-74.7409612,41.4312165],[-74.740296,41.431116],[-74.7392607,41.4309028],[-74.738482,41.430648],[-74.7378928,41.4303317],[-74.7374368,41.4299777],[-74.736887,41.429394],[-74.7363156,41.4287188],[-74.73552,41.427466],[-74.7350657,41.4265066],[-74.7347385,41.4256177],[-74.7346044,41.4245759],[-74.7345936,41.4233169],[-74.734776,41.4221182],[-74.735055,41.4212453],[-74.7360152,41.4193224],[-74.7367287,41.4176329],[-74.7371525,41.4166312],[-74.7376835,41.4154364],[-74.738685,41.413463],[-74.7401673,41.4124231],[-74.741083,41.411415],[-74.741569,41.409925],[-74.741585,41.409709],[-74.7417283,41.4085085],[-74.7417712,41.4079009],[-74.741739,41.4069233],[-74.741628,41.4064475],[-74.7415674,41.4060984],[-74.7414065,41.405503],[-74.7408915,41.4047787],[-74.7390783,41.4023082],[-74.7378016,41.4004492],[-74.7365677,41.3986947],[-74.7358006,41.398079],[-74.7345929,41.3973369],[-74.732405,41.396476],[-74.7317022,41.3961998],[-74.7298,41.395565],[-74.7286123,41.3952903],[-74.726952,41.395102],[-74.726022,41.395039],[-74.7241277,41.3949241],[-74.7222018,41.3948316],[-74.7209197,41.394739],[-74.7198629,41.394574],[-74.71901,41.3943768],[-74.7179532,41.3940428],[-74.7171325,41.3936283],[-74.7158504,41.3926826],[-74.715566,41.3923969],[-74.7148526,41.3917409],[-74.7140479,41.3907026],[-74.7129107,41.3893342],[-74.712155,41.3878995],[-74.7119236,41.3866679],[-74.7112799,41.3841504],[-74.7108078,41.3829268],[-74.710144,41.381692],[-74.7095204,41.3805359],[-74.70872,41.379334],[-74.7077394,41.3784026],[-74.7069776,41.3777424],[-74.7059961,41.3770898],[-74.7046655,41.3761041],[-74.703283,41.375094],[-74.6973863,41.3716902],[-74.695548,41.370738],[-74.695536,41.370731],[-74.6942747,41.3697397],[-74.693081,41.368877],[-74.6920109,41.3680327],[-74.6911097,41.3671027],[-74.690651,41.366558],[-74.690332,41.36602],[-74.6901806,41.3654936],[-74.689908,41.3645462],[-74.6897793,41.3637974],[-74.689672,41.3626861],[-74.6898866,41.3617681],[-74.6903165,41.3611973],[-74.6904445,41.3610273],[-74.6911204,41.360528],[-74.6923435,41.3598677],[-74.6933627,41.3592235],[-74.6944997,41.3585437],[-74.695185,41.3580489],[-74.6954405,41.3577976],[-74.6955425,41.3576501],[-74.6947273,41.357279],[-74.6938561,41.3568889],[-74.6910619,41.3556176],[-74.6852492,41.3529774],[-74.674235,41.347915],[-74.654365,41.338843],[-74.6493498,41.3365269],[-74.641698,41.332993],[-74.638121,41.331361],[-74.630875,41.328101],[-74.607609,41.317495],[-74.605076,41.316366],[-74.588704,41.308897],[-74.572305,41.301502],[-74.569369,41.300161],[-74.563644,41.297547],[-74.562464,41.297007],[-74.561156,41.296418],[-74.539624,41.286636],[-74.536682,41.285258],[-74.5366641,41.2852496],[-74.5153729,41.275228],[-74.507156,41.27136],[-74.491263,41.263469],[-74.470246,41.254098],[-74.457862,41.248427],[-74.4575426,41.2482739],[-74.439723,41.239732],[-74.4396496,41.2396964],[-74.425605,41.232884],[-74.4003446,41.2203349],[-74.396555,41.218447],[-74.3813001,41.210435],[-74.3789673,41.2092097],[-74.377757,41.208574],[-74.3775126,41.2084468],[-74.3770256,41.2081932],[-74.3675981,41.2032851],[-74.362101,41.200423],[-74.346416,41.192734],[-74.330738,41.185489],[-74.297842,41.170956],[-74.2796828,41.1630561],[-74.27957,41.163007],[-74.267017,41.157721],[-74.2539103,41.1516403],[-74.250737,41.150168],[-74.242406,41.146539],[-74.2421469,41.1464261],[-74.234354,41.14303],[-74.23053,41.141446],[-74.2184283,41.1362991],[-74.217765,41.136017],[-74.2130966,41.1344669],[-74.212603,41.134303],[-74.195263,41.126898],[-74.168133,41.115305],[-74.158298,41.11099],[-74.129494,41.098299],[-74.127323,41.097342],[-74.112332,41.090696],[-74.1037665,41.0869542],[-74.096693,41.083864],[-74.0926,41.082027],[-74.081705,41.07718],[-74.0719358,41.0728353],[-74.050855,41.063459],[-74.035863,41.056819],[-74.024551,41.051783],[-74.0125834,41.0464777],[-73.999928,41.040867],[-73.993825,41.038152],[-73.9772818,41.0307919],[-73.969726,41.02743],[-73.9589967,41.0226319],[-73.954896,41.020798],[-73.952413,41.019718],[-73.9383421,41.0133763],[-73.92956,41.009418],[-73.923299,41.006566],[-73.9220391,41.0059994],[-73.9202357,41.0051882],[-73.911762,41.001377],[-73.904242,40.998007],[-73.902715,40.997327],[-73.9024795,40.9973228],[-73.893628,40.997165],[-73.893634,40.997129],[-73.896144,40.981873],[-73.898739,40.974714],[-73.908844,40.946826],[-73.914253,40.92796],[-73.918346,40.91763],[-73.9189436,40.9161216],[-73.9271142,40.8954936],[-73.929795,40.888724],[-73.933907,40.882012],[-73.9341963,40.8815481],[-73.948336,40.858446],[-73.948822,40.857651],[-73.952397,40.851812],[-73.952486,40.851666],[-73.952565,40.851537],[-73.952829,40.851106],[-73.953988,40.848468],[-73.954194,40.848003],[-73.954312,40.847732],[-73.955661,40.844661],[-73.955727,40.84451],[-73.957796,40.839801],[-73.957831,40.839721],[-73.958019,40.839292],[-73.958705,40.837732],[-73.9587239,40.8376892],[-73.958824,40.837462],[-73.960086,40.834587],[-73.960136,40.834474],[-73.961211,40.832027],[-73.961263,40.83191],[-73.961329,40.831759],[-73.961646,40.831036],[-73.96168,40.830961],[-73.962463,40.829177],[-73.962585,40.828901],[-73.962654,40.828742],[-73.963577,40.826642],[-73.963787,40.826355],[-73.963815,40.826316],[-73.96502,40.824666],[-73.965138,40.824504],[-73.96517,40.82446],[-73.965592,40.823883],[-73.965719,40.823709],[-73.9659,40.823461],[-73.965981,40.82335],[-73.96647,40.82268],[-73.966563,40.822553],[-73.967803,40.820854],[-73.967865,40.820771],[-73.967894,40.820731],[-73.970693,40.816897],[-73.971123,40.816308],[-73.971152,40.816269],[-73.971616,40.815633],[-73.973487,40.813071],[-73.975085,40.810882],[-73.977172,40.808025],[-73.9772909,40.8078621],[-73.978864,40.805707],[-73.979094,40.805392],[-73.980634,40.803283],[-73.982516,40.800706],[-73.982655,40.800516],[-73.984362,40.798179],[-73.984739,40.797662],[-73.99169,40.788143],[-73.992998,40.786353],[-74.0004487,40.7761545],[-74.0016207,40.7745491],[-74.014028,40.757551],[-74.0142459,40.7566558],[-74.0174387,40.7435392],[-74.0206386,40.7303906],[-74.0213072,40.7276365],[-74.0213403,40.7275071],[-74.021347,40.7274823],[-74.023637,40.718068],[-74.02639,40.700102],[-74.034495,40.6866935],[-74.035443,40.685125],[-74.0378384,40.6810948],[-74.049594,40.661622],[-74.055766,40.651475],[-74.086986,40.651506],[-74.093442,40.648064],[-74.109848,40.648064],[-74.126018,40.642151],[-74.132921,40.643684],[-74.14311,40.641989],[-74.1581525,40.6437606],[-74.1614661,40.6441509],[-74.18165,40.646528],[-74.185641,40.646042],[-74.19143,40.642025],[-74.196247,40.637689],[-74.198164,40.634786],[-74.2003778,40.6331168],[-74.2024,40.631592],[-74.202281,40.628781],[-74.203925,40.62437],[-74.202425,40.61677],[-74.203889,40.614276],[-74.204834,40.606062],[-74.199589,40.600382],[-74.199589,40.597846],[-74.2036022,40.5926384],[-74.207242,40.587915],[-74.210145,40.573724],[-74.214576,40.560533],[-74.218004,40.557057],[-74.2290376,40.5588053],[-74.231415,40.559182],[-74.247485,40.549377],[-74.250285,40.542299],[-74.2497377,40.5395601],[-74.246021,40.520958],[-74.254096,40.515661],[-74.258129,40.508717],[-74.258843,40.498875],[-74.2581372,40.4973901],[-74.253144,40.4868852],[-74.253037,40.48666],[-74.2438105,40.4833026],[-74.2282018,40.4776224],[-74.225332,40.476578],[-74.2064434,40.4798299],[-74.0912609,40.4996567],[-74.04378,40.507828],[-73.977874,40.519095],[-73.90214,40.492121],[-73.894613,40.504089],[-73.893458,40.505019],[-73.892204,40.505399],[-73.890828,40.50571],[-73.887951,40.505989],[-73.883724,40.506349],[-73.880367,40.506659],[-73.877616,40.507326],[-73.874538,40.508179],[-73.869582,40.509806],[-73.86295,40.511795],[-73.859452,40.512724],[-73.853158,40.515212],[-73.842826,40.518744],[-73.819185,40.527463],[-73.812558,40.529976],[-73.810942,40.530401],[-73.808429,40.530952],[-73.805015,40.531556],[-73.800523,40.532397],[-73.793103,40.53423],[-73.785891,40.535875],[-73.783646,40.536351],[-73.782261,40.536179],[-73.777586,40.534868],[-73.772976,40.533878],[-73.768666,40.532882],[-73.76322,40.532148],[-73.757289,40.531215],[-73.757153,40.531218],[-73.752517,40.531326],[-73.747745,40.531594],[-73.742435,40.531982],[-73.738567,40.532359],[-73.733117,40.533389],[-73.730126,40.534262],[-73.728326,40.53439],[-73.724929,40.534119],[-73.721048,40.533693],[-73.716175,40.533116],[-73.708121,40.532698],[-73.70004,40.532558],[-73.689706,40.53227],[-73.677902,40.53209],[-73.666453,40.531558],[-73.656877,40.531884],[-73.647481,40.532094],[-73.639796,40.532332],[-73.63269,40.533167],[-73.626451,40.533738],[-73.617997,40.53488],[-73.617041,40.535251],[-73.613912,40.534745],[-73.612309,40.533866],[-73.609193,40.532099],[-73.606382,40.530655],[-73.60246,40.529216],[-73.597184,40.527557],[-73.588036,40.525991],[-73.579952,40.525383],[-73.572865,40.525318],[-73.565456,40.525965],[-73.560513,40.526917],[-73.552935,40.528457],[-73.546263,40.530495],[-73.541745,40.531925],[-73.532899,40.535533],[-73.528594,40.537235],[-73.525001,40.538221],[-73.519313,40.539702],[-73.511585,40.541494],[-73.50406,40.54273],[-73.49467,40.54364],[-73.485314,40.544977],[-73.484546,40.5451141],[-73.481145,40.5457211],[-73.469964,40.547639],[-73.464762,40.548716],[-73.457077,40.550305],[-73.448022,40.551846],[-73.437677,40.553626],[-73.426733,40.555544],[-73.421958,40.556615],[-73.415434,40.558079],[-73.405901,40.560105],[-73.39316,40.562924],[-73.378871,40.567282],[-73.366615,40.570668],[-73.355922,40.574345],[-73.344117,40.57809],[-73.341988,40.578627],[-73.341476,40.578584],[-73.340513,40.578313],[-73.339305,40.577701],[-73.333303,40.575025],[-73.328,40.573331],[-73.323363,40.572188],[-73.317042,40.570749],[-73.309075,40.570074],[-73.303066,40.570081],[-73.300454,40.570231],[-73.293819,40.570832],[-73.289496,40.571358],[-73.283729,40.57138],[-73.273484,40.571471],[-73.264162,40.571789],[-73.251287,40.572227],[-73.246181,40.572456],[-73.24198,40.57309],[-73.233969,40.574612],[-73.225838,40.576271],[-73.218851,40.578064],[-73.215216,40.578327],[-73.208703,40.579222],[-73.20018,40.580788],[-73.191452,40.583295],[-73.183234,40.585616],[-73.175735,40.587912],[-73.171024,40.588842],[-73.155205,40.591806],[-73.132153,40.59676],[-73.123933,40.598737],[-73.111893,40.601632],[-73.098593,40.604625],[-73.084661,40.607525],[-73.066073,40.611332],[-73.050369,40.615266],[-73.037847,40.618454],[-73.023793,40.622223],[-73.015534,40.624482],[-73.008537,40.626699],[-72.999756,40.629263],[-72.993885,40.631148],[-72.97759,40.636701],[-72.968007,40.640455],[-72.9598,40.643702],[-72.951083,40.64711],[-72.942815,40.650215],[-72.935414,40.653064],[-72.924656,40.657029],[-72.912187,40.661411],[-72.904994,40.663983],[-72.900798,40.665605],[-72.894231,40.667647],[-72.875846,40.673098],[-72.867361,40.676247],[-72.860192,40.678632],[-72.850892,40.681301],[-72.831033,40.687807],[-72.824042,40.690027],[-72.810178,40.694241],[-72.8019113,40.6968763],[-72.793552,40.699541],[-72.7678174,40.7074012],[-72.766446,40.70782],[-72.752785,40.711932],[-72.746599,40.713555],[-72.736896,40.71541],[-72.727757,40.717723],[-72.725934,40.718185],[-72.710916,40.722436],[-72.690909,40.727681],[-72.671921,40.73278],[-72.6474,40.739444],[-72.618185,40.747348],[-72.599157,40.752731],[-72.576937,40.758991],[-72.554624,40.765312],[-72.530381,40.772087],[-72.508661,40.778127],[-72.494099,40.782532],[-72.467798,40.790438],[-72.464668,40.790968],[-72.458709,40.791904],[-72.451306,40.793601],[-72.447031,40.79488],[-72.442967,40.796461],[-72.437879,40.798568],[-72.434025,40.799806],[-72.418729,40.805279],[-72.413459,40.807061],[-72.407588,40.808731],[-72.399639,40.810655],[-72.391749,40.812733],[-72.357103,40.825608],[-72.309299,40.844021],[-72.245148,40.868617],[-72.214793,40.879849],[-72.210603,40.881417],[-72.186419,40.890463],[-72.159882,40.899742],[-72.137172,40.908043],[-72.110196,40.917723],[-72.081403,40.927756],[-72.047467,40.939046],[-71.999593,40.957097],[-71.902549,40.987127],[-71.86392,41.000177],[-71.857997,41.003294],[-71.857133,41.00368],[-71.854437,41.004412],[-71.8439805,41.0077184],[-71.8421269,41.0086901],[-71.8401425,41.0098159],[-71.837834,41.0112341],[-71.8359686,41.0124593],[-71.8339882,41.0138672],[-71.8320855,41.0153353],[-71.8302426,41.01686],[-71.8286172,41.0182938],[-71.8266133,41.0202256],[-71.8247367,41.0222294],[-71.8229232,41.0237662],[-71.8210417,41.025506],[-71.8189785,41.0276156],[-71.8169094,41.0299774],[-71.8150808,41.0315302],[-71.8131852,41.0332884],[-71.8113967,41.0351098],[-71.8097191,41.0369907],[-71.8081559,41.0389274],[-71.8068262,41.0407482],[-71.8049914,41.0429758],[-71.8034467,41.0450795],[-71.8024672,41.0465512],[-71.8013222,41.0484136],[-71.8004378,41.0499846],[-71.7996251,41.0515778],[-71.7988843,41.0531909],[-71.7981473,41.0550045],[-71.7975016,41.0568381],[-71.7969482,41.0586887],[-71.7964879,41.0605541],[-71.796154,41.062243],[-71.7958962,41.0639397],[-71.7956998,41.0658314],[-71.7955694,41.069487],[-71.7956277,41.0713444],[-71.7957773,41.073199],[-71.790972,41.184101],[-71.791151,41.184281],[-71.809384,41.203235],[-71.844476,41.239997],[-71.907431,41.304579],[-71.92234,41.308613],[-71.929404,41.310549],[-71.9790648,41.299506],[-71.999524,41.294956],[-72.019146,41.290637],[-72.023419,41.28874],[-72.0500317,41.2766337],[-72.058601,41.272735],[-72.079145,41.263498],[-72.081777,41.2622393],[-72.1228728,41.253889],[-72.1352334,41.251378],[-72.1656396,41.2457271],[-72.1961347,41.2402019],[-72.2155317,41.2366881],[-72.2480995,41.2308245],[-72.2485461,41.2307441],[-72.2741439,41.2259013],[-72.3018355,41.2206531],[-72.4058786,41.2009348],[-72.5073351,41.1817066],[-72.527901,41.177774],[-72.6161432,41.1608956],[-72.7112135,41.1427787],[-72.9418756,41.0982612],[-72.999547,41.087108],[-73.0736371,41.0689581],[-73.200345,41.036489],[-73.2327606,41.0296544],[-73.291406,41.01788],[-73.2949667,41.0171596],[-73.31907,41.011974],[-73.3487976,41.0061521],[-73.3745444,41.0010631],[-73.378172,41.000097],[-73.3895879,40.9979321],[-73.3919941,40.9974248],[-73.404604,40.994784],[-73.4065868,40.9943646],[-73.4289591,40.9896322],[-73.4564712,40.9838333],[-73.4956477,40.9753166],[-73.5474869,40.9645138],[-73.5832424,40.9570617],[-73.612405,40.950983],[-73.619617,40.956504],[-73.624196,40.959886],[-73.643573,40.974461],[-73.656559,40.984071],[-73.6599445,40.9886359],[-73.659989,40.988696],[-73.65883,40.989295],[-73.657943,40.989753],[-73.657716,40.989968],[-73.657668,40.990198],[-73.657612,40.990768],[-73.657727,40.991306],[-73.657806,40.991587],[-73.657986,40.991904],[-73.65827,40.992236],[-73.658785,40.992659],[-73.659071,40.993004],[-73.65935,40.99368],[-73.659372,40.994005],[-73.659433,40.99435],[-73.659679,40.994882],[-73.659735,40.99551],[-73.659565,40.996275],[-73.659446,40.997293],[-73.659468,40.998149],[-73.659575,40.998691],[-73.659844,40.999389],[-73.660005,41.000109],[-73.660122,41.000441],[-73.660129,41.00046],[-73.655777,41.009997],[-73.655298,41.01223],[-73.655291,41.012266],[-73.655319,41.012267],[-73.655486,41.012551],[-73.656583,41.013913],[-73.665942,41.025389],[-73.670606,41.03083],[-73.671074,41.031527],[-73.674809,41.035946],[-73.675052,41.036202],[-73.675448,41.036682],[-73.6755636,41.0368074],[-73.675743,41.037002],[-73.676414,41.03792],[-73.678564,41.040403],[-73.67984,41.041903],[-73.682753,41.045552],[-73.687808,41.051587],[-73.689504,41.053549],[-73.690174,41.054397],[-73.692198,41.057073],[-73.694274,41.059297],[-73.697933,41.063737],[-73.705757,41.07298],[-73.706395,41.073785],[-73.706986,41.07467],[-73.708976,41.077014],[-73.710946,41.079588],[-73.71414,41.083478],[-73.72779,41.100664],[-73.727811,41.10069],[-73.70256,41.112361],[-73.6959488,41.1154357],[-73.692742,41.116927],[-73.676775,41.1244],[-73.675148,41.125122],[-73.650274,41.136548],[-73.6339806,41.1440481],[-73.630848,41.14549],[-73.625458,41.147937],[-73.624218,41.14843],[-73.614002,41.153078],[-73.596983,41.160782],[-73.580254,41.168327],[-73.5647694,41.1754085],[-73.56467,41.175454],[-73.5548725,41.1798973],[-73.55155,41.181404],[-73.540143,41.186507],[-73.5358714,41.1884739],[-73.535806,41.188504],[-73.530529,41.190863],[-73.523655,41.194091],[-73.517826,41.19687],[-73.514174,41.19857],[-73.512454,41.199401],[-73.492248,41.208287],[-73.4848392,41.2114588],[-73.481947,41.212697],[-73.481924,41.212707],[-73.487615,41.219629],[-73.491651,41.22444],[-73.499554,41.234021],[-73.5021424,41.2371377],[-73.502724,41.237838],[-73.508435,41.244529],[-73.513162,41.250119],[-73.518741,41.256779],[-73.524471,41.263561],[-73.52789,41.26755],[-73.53218,41.272623],[-73.539328,41.281018],[-73.540799,41.28269],[-73.549411,41.292846],[-73.551401,41.295142],[-73.550333,41.302177],[-73.549767,41.305769],[-73.54841,41.314805],[-73.547955,41.319196],[-73.547252,41.326289],[-73.547012,41.328519],[-73.5469806,41.3288431],[-73.544963,41.34964],[-73.544639,41.352746],[-73.543274,41.366708],[-73.542422,41.375237],[-73.54229,41.3768333],[-73.542124,41.378842],[-73.541266,41.391952],[-73.5412548,41.3921513],[-73.5412088,41.3929692],[-73.5412067,41.3930075],[-73.541079,41.395278],[-73.540766,41.400111],[-73.540283,41.404985],[-73.538704,41.418701],[-73.537535,41.430211],[-73.536811,41.437894],[-73.5366381,41.4403614],[-73.535875,41.451247],[-73.535366,41.458805],[-73.534703,41.467932],[-73.533962,41.47911],[-73.533722,41.482844],[-73.532845,41.497958],[-73.5327949,41.4987201],[-73.5327896,41.4988],[-73.5314,41.51995],[-73.531027,41.523615],[-73.5308285,41.5252962],[-73.5308159,41.5254113],[-73.5308119,41.5254539],[-73.530726,41.526363],[-73.529544,41.537982],[-73.52939,41.539066],[-73.526942,41.561838],[-73.524023,41.594221],[-73.523648,41.597948],[-73.523327,41.601345],[-73.523276,41.602035],[-73.521947,41.614537],[-73.521438,41.619787],[-73.521306,41.620872],[-73.521259,41.621921],[-73.521259,41.621929],[-73.521165,41.624644],[-73.521103,41.626468],[-73.521102,41.62649],[-73.520979,41.629032],[-73.520974,41.629147],[-73.520915,41.630368],[-73.520824,41.632121],[-73.520705,41.633584],[-73.520028,41.64017],[-73.519924,41.64094],[-73.5198751,41.6413704],[-73.519534,41.64437],[-73.519497,41.64487],[-73.519497,41.644883],[-73.519489,41.645058],[-73.519481,41.64526],[-73.519475,41.645382],[-73.519471,41.64549],[-73.519459,41.645749],[-73.51945,41.645946],[-73.51945,41.645957],[-73.519446,41.646036],[-73.519431,41.64635],[-73.519419,41.646595],[-73.519415,41.646689],[-73.519397,41.647052],[-73.519377,41.647438],[-73.51936,41.647757],[-73.519359,41.647766],[-73.519355,41.647846],[-73.519331,41.648273],[-73.519306,41.648717],[-73.51928,41.649172],[-73.519264,41.649442],[-73.519253,41.649636],[-73.518959,41.654098],[-73.518345,41.662168],[-73.518085,41.666339],[-73.518063,41.6667227],[-73.518029,41.667315],[-73.517966,41.66841],[-73.517897,41.669637],[-73.516742,41.686963],[-73.516668,41.688547],[-73.516451,41.691264],[-73.516181,41.693891],[-73.515715,41.69898],[-73.513563,41.723764],[-73.512994,41.731311],[-73.512375,41.739062],[-73.512282,41.740563],[-73.511487,41.750523],[-73.511284,41.753835],[-73.510965,41.75767],[-73.51073,41.761104],[-73.510026,41.770072],[-73.509847,41.772613],[-73.509801,41.772807],[-73.509614,41.775116],[-73.509382,41.777603],[-73.509132,41.781263],[-73.5081839,41.7915456],[-73.507668,41.79714],[-73.507313,41.801279],[-73.506641,41.808689],[-73.506378,41.811349],[-73.505401,41.821947],[-73.505296,41.822871],[-73.504826,41.828308],[-73.504554,41.832726],[-73.504439,41.834802],[-73.504295,41.836688],[-73.503857,41.841386],[-73.503463,41.84589],[-73.5019379,41.8613991],[-73.501736,41.8634521],[-73.501601,41.864825],[-73.5013721,41.8675023],[-73.501224,41.869234],[-73.5007181,41.8748103],[-73.5006455,41.8756113],[-73.5006311,41.8757697],[-73.5004775,41.877463],[-73.500221,41.88029],[-73.500095,41.881846],[-73.4989529,41.8900498],[-73.498936,41.890171],[-73.4988,41.890961],[-73.498759,41.891702],[-73.498718,41.892437],[-73.498715,41.892475],[-73.498715,41.892478],[-73.498592,41.894643],[-73.497851,41.905587],[-73.497496,41.911107],[-73.496994,41.91839],[-73.496653,41.9217593],[-73.496617,41.922115],[-73.496614,41.922337],[-73.496582,41.922535],[-73.495191,41.937962],[-73.494524,41.945815],[-73.4941136,41.9504485],[-73.4938746,41.9531469],[-73.4938669,41.9532338],[-73.4934264,41.9582069],[-73.4934031,41.9584694],[-73.492955,41.963528],[-73.4926252,41.9670564],[-73.4926213,41.9670976],[-73.492047,41.973239],[-73.49138,41.981909],[-73.490654,41.990849],[-73.490177,41.997158],[-73.489878,42.000665],[-73.489777,42.002547],[-73.489597,42.005724],[-73.48957,42.006215],[-73.489448,42.008427],[-73.489333,42.010372],[-73.489228,42.012345],[-73.489224,42.012427],[-73.489215,42.012605],[-73.489214,42.012606],[-73.489199,42.012896],[-73.489049,42.015949],[-73.489009,42.016693],[-73.489008,42.016711],[-73.488982,42.017191],[-73.488892,42.0187898],[-73.488811,42.02023],[-73.488767,42.021016],[-73.488764,42.021053],[-73.488743,42.021438],[-73.488742,42.021459],[-73.488698,42.022753],[-73.488697,42.022766],[-73.488563,42.025002],[-73.488411,42.02806],[-73.488076,42.034182],[-73.487811,42.039151],[-73.487557,42.044308],[-73.487556,42.044335],[-73.4873386,42.0495412],[-73.4970181,42.049624],[-73.503293,42.0700979],[-73.5034463,42.0705982],[-73.5082102,42.086134],[-73.4933564,42.1269059],[-73.4830922,42.1548759],[-73.4760906,42.1740035],[-73.476027,42.174182],[-73.472839,42.18283],[-73.470095,42.190195],[-73.467681,42.196794],[-73.463366,42.208452],[-73.462583,42.210804],[-73.4600914,42.2175421],[-73.457414,42.224782],[-73.45653,42.227123],[-73.45231,42.238782],[-73.448176,42.2499],[-73.447606,42.251678],[-73.447167,42.252822],[-73.443749,42.262159],[-73.442981,42.264454],[-73.440663,42.270742],[-73.43726,42.279862],[-73.436893,42.280762],[-73.431747,42.294677],[-73.431175,42.296165],[-73.428528,42.303586],[-73.4251825,42.3127091],[-73.418427,42.331127],[-73.416479,42.336628],[-73.414112,42.343073],[-73.413257,42.34535],[-73.4115865,42.3498942],[-73.410927,42.351688],[-73.40957,42.355275],[-73.406176,42.364495],[-73.405315,42.366699],[-73.403688,42.371017],[-73.402172,42.375133],[-73.392298,42.401642],[-73.385394,42.420422],[-73.384633,42.422422],[-73.383851,42.424698],[-73.3835637,42.4254789],[-73.382145,42.429335],[-73.375478,42.447449],[-73.372031,42.456918],[-73.367262,42.469777],[-73.361661,42.48499],[-73.359682,42.490268],[-73.355561,42.50145],[-73.352442,42.510034],[-73.351289,42.513081],[-73.349118,42.518936],[-73.343717,42.533667],[-73.337905,42.549044],[-73.334011,42.55955],[-73.330454,42.569361],[-73.325691,42.582311],[-73.323608,42.588062],[-73.320067,42.597416],[-73.3199297,42.5977864],[-73.31348,42.615182],[-73.313203,42.615991],[-73.312595,42.617597],[-73.310442,42.623278],[-73.3069679,42.6326439],[-73.306555,42.633757],[-73.298443,42.655454],[-73.283408,42.695965],[-73.282557,42.698324],[-73.2812461,42.701857],[-73.278595,42.709001],[-73.278267,42.709838],[-73.276764,42.713926],[-73.273586,42.722253],[-73.273055,42.723807],[-73.265616,42.743745],[-73.264864,42.745817],[-73.264851,42.745853],[-73.276094,42.746001],[-73.277604,42.75088],[-73.278217,42.752963],[-73.279406,42.757598],[-73.281012,42.764012],[-73.284994,42.779106],[-73.287068,42.786821],[-73.290136,42.798445],[-73.290957,42.801967],[-73.290963,42.801993],[-73.286314,42.808089],[-73.286567,42.809254],[-73.286573,42.809278],[-73.283598,42.81403],[-73.283584,42.814052],[-73.285638,42.816545],[-73.287004,42.820236],[-73.285892,42.829426],[-73.285347,42.834097],[-73.284289,42.834923],[-73.278723,42.833493],[-73.2783641,42.8373941],[-73.278355,42.837493],[-73.277884,42.846928],[-73.277423,42.859041],[-73.2769551,42.8740268],[-73.276754,42.880466],[-73.276388,42.890199],[-73.2762591,42.8925104],[-73.276067,42.895955],[-73.276006,42.897624],[-73.275977,42.901018],[-73.275682,42.906107],[-73.275491,42.911126],[-73.275118,42.921363],[-73.275058,42.924811],[-73.27489,42.930645],[-73.274681,42.934416],[-73.274399,42.940571],[-73.274369,42.942214],[-73.274282,42.943625],[-73.274281,42.943661],[-73.274278,42.943746],[-73.274215,42.945606],[-73.274213,42.945635],[-73.274176,42.946361],[-73.273972,42.950286],[-73.273689,42.955756],[-73.273629,42.956908],[-73.273179,42.963742],[-73.273092,42.969749],[-73.272967,42.971809],[-73.272699,42.976228],[-73.272698,42.976242],[-73.27235,42.981966],[-73.27235,42.981983],[-73.27229,42.983766],[-73.272287,42.983831],[-73.272216,42.985943],[-73.272174,42.987194],[-73.272172,42.98722],[-73.271482,43.000054],[-73.271481,43.000075],[-73.271173,43.007047],[-73.27109,43.010212],[-73.270815,43.015641],[-73.270524,43.021378],[-73.270256,43.026659],[-73.270256,43.026664],[-73.270133,43.030612],[-73.270132,43.030622],[-73.269821,43.035908],[-73.268389,43.056874],[-73.267512,43.068788],[-73.266432,43.084686],[-73.266148,43.088361],[-73.265115,43.103731],[-73.264957,43.10627],[-73.2649542,43.1063472],[-73.26436,43.117221],[-73.264271,43.118995],[-73.264221,43.120004],[-73.2641012,43.1223925],[-73.264056,43.123295],[-73.263928,43.125064],[-73.263667,43.131914],[-73.263321,43.141005],[-73.263187,43.144952],[-73.263039,43.148866],[-73.262792,43.153981],[-73.262269,43.162595],[-73.262137,43.16426],[-73.260107,43.195805],[-73.259737,43.201418],[-73.259539,43.207855],[-73.259144,43.216869],[-73.258683,43.227389],[-73.258603,43.230732],[-73.258602,43.230768],[-73.258391,43.23697],[-73.258143,43.240652],[-73.2573,43.250157],[-73.256696,43.256382],[-73.25654,43.258287],[-73.256103,43.269674],[-73.25505,43.302192],[-73.254967,43.304693],[-73.254909,43.306444],[-73.254712,43.312404],[-73.254703,43.312675],[-73.254643,43.314468],[-73.25445,43.318651],[-73.254394,43.319863],[-73.254379,43.320183],[-73.254368,43.320413],[-73.254058,43.327115],[-73.25408,43.328078],[-73.253953,43.332041],[-73.253797,43.336847],[-73.253618,43.342357],[-73.253573,43.343743],[-73.253344,43.351187],[-73.2532487,43.3523007],[-73.253192,43.352963],[-73.253192,43.352968],[-73.253187,43.353067],[-73.253246,43.354117],[-73.253243,43.354158],[-73.253242,43.35418],[-73.252974,43.359235],[-73.252815,43.362225],[-73.252815,43.362229],[-73.2527867,43.3637712],[-73.252754,43.36555],[-73.252625,43.36808],[-73.252625,43.368083],[-73.25253,43.37265],[-73.252295,43.374696],[-73.252147,43.378331],[-73.252033,43.380898],[-73.251842,43.385227],[-73.251537,43.392116],[-73.251515,43.392619],[-73.251514,43.392647],[-73.251384,43.395212],[-73.251249,43.397895],[-73.251243,43.398002],[-73.251241,43.398038],[-73.251179,43.399147],[-73.251001,43.402306],[-73.251,43.402322],[-73.250899,43.404869],[-73.2508601,43.4061136],[-73.2507497,43.4086039],[-73.250512,43.414547],[-73.250334,43.418978],[-73.250333,43.419015],[-73.250333,43.419022],[-73.250315,43.419469],[-73.250314,43.419475],[-73.250252,43.420134],[-73.249971,43.428284],[-73.249851,43.431774],[-73.249696,43.436385],[-73.249506,43.440787],[-73.249315,43.445226],[-73.249187,43.447835],[-73.248791,43.459104],[-73.2487139,43.461851],[-73.248552,43.467558],[-73.248359,43.472996],[-73.247851,43.486503],[-73.247671,43.491497],[-73.24767,43.491534],[-73.247662,43.491736],[-73.247595,43.49373],[-73.247509,43.496288],[-73.247371,43.500036],[-73.247297,43.506726],[-73.247297,43.506728],[-73.247208,43.515059],[-73.247156,43.51524],[-73.247059,43.515358],[-73.246864,43.515493],[-73.246816,43.515601],[-73.246917,43.515699],[-73.247268,43.515774],[-73.24764,43.515812],[-73.248157,43.515927],[-73.24828,43.516087],[-73.248348,43.516474],[-73.248304,43.51663],[-73.248165,43.516727],[-73.247996,43.516768],[-73.247716,43.51687],[-73.247407,43.517081],[-73.247213,43.517431],[-73.247214,43.51765],[-73.247258,43.517822],[-73.247007,43.518354],[-73.246979,43.518632],[-73.247013,43.518804],[-73.247094,43.518979],[-73.247418,43.519],[-73.247755,43.518937],[-73.247868,43.519007],[-73.247906,43.519223],[-73.247758,43.519725],[-73.247725,43.520002],[-73.247765,43.52066],[-73.247622,43.520858],[-73.24746,43.521013],[-73.246968,43.5213],[-73.246908,43.521433],[-73.246897,43.521734],[-73.247148,43.521958],[-73.247407,43.522258],[-73.24797,43.523354],[-73.247968,43.523529],[-73.247218,43.524394],[-73.246984,43.524836],[-73.2469,43.525092],[-73.247038,43.525754],[-73.246989,43.525925],[-73.246858,43.526093],[-73.246499,43.526304],[-73.246055,43.526619],[-73.245816,43.526975],[-73.245572,43.527117],[-73.24473,43.527285],[-73.24412,43.527485],[-73.243699,43.528015],[-73.243551,43.528128],[-73.243006,43.528298],[-73.242833,43.528374],[-73.242552,43.528658],[-73.242092,43.529267],[-73.242048,43.52947],[-73.242181,43.529629],[-73.242992,43.530135],[-73.243184,43.530295],[-73.243274,43.530461],[-73.243239,43.530895],[-73.242952,43.531234],[-73.242682,43.531294],[-73.242404,43.531441],[-73.242066,43.531676],[-73.241636,43.532187],[-73.241454,43.532341],[-73.241322,43.532503],[-73.241298,43.532639],[-73.241442,43.532763],[-73.242171,43.533049],[-73.242148,43.53319],[-73.241985,43.533336],[-73.241911,43.533471],[-73.242008,43.533572],[-73.242156,43.533668],[-73.242541,43.533816],[-73.242751,43.534026],[-73.24282,43.534171],[-73.242784,43.53434],[-73.242551,43.534441],[-73.242168,43.534431],[-73.24179,43.534567],[-73.241668,43.534712],[-73.241708,43.534873],[-73.241828,43.535013],[-73.242056,43.535077],[-73.242235,43.535063],[-73.242236,43.535062],[-73.242478,43.534923],[-73.242717,43.534921],[-73.24275,43.53507],[-73.243582,43.535594],[-73.243799,43.535857],[-73.243861,43.536044],[-73.243956,43.536854],[-73.244394,43.537654],[-73.244395,43.538304],[-73.244461,43.538837],[-73.245361,43.53935],[-73.245787,43.539673],[-73.246259,43.539669],[-73.246461,43.539807],[-73.246579,43.540066],[-73.246924,43.540372],[-73.246638,43.540587],[-73.24674,43.541113],[-73.246675,43.541326],[-73.246717,43.541678],[-73.246807,43.541857],[-73.246964,43.542062],[-73.247272,43.542384],[-73.247347,43.542552],[-73.247584,43.542801],[-73.247729,43.542889],[-73.247941,43.542952],[-73.247968,43.54295],[-73.248369,43.542931],[-73.248773,43.542991],[-73.249029,43.542953],[-73.249261,43.54286],[-73.249541,43.542908],[-73.250377,43.543381],[-73.250945,43.543878],[-73.25097,43.543994],[-73.250874,43.5441],[-73.2507,43.54414],[-73.250229,43.544055],[-73.250112,43.544116],[-73.250021,43.544208],[-73.249973,43.544355],[-73.250075,43.544905],[-73.250072,43.545138],[-73.249995,43.545232],[-73.249294,43.545387],[-73.249207,43.54551],[-73.249207,43.545678],[-73.249383,43.545871],[-73.249961,43.546293],[-73.249996,43.546402],[-73.249917,43.546534],[-73.249674,43.546627],[-73.249281,43.546677],[-73.249161,43.546768],[-73.249186,43.546987],[-73.249269,43.547098],[-73.249713,43.547384],[-73.249993,43.547538],[-73.25021,43.547868],[-73.250214,43.548049],[-73.250172,43.548162],[-73.249842,43.548357],[-73.249463,43.548463],[-73.249374,43.548572],[-73.249344,43.548665],[-73.249827,43.549145],[-73.250213,43.549569],[-73.250224,43.549736],[-73.250168,43.550089],[-73.250359,43.550174],[-73.250599,43.55024],[-73.250707,43.550365],[-73.250641,43.550574],[-73.250519,43.550762],[-73.250377,43.550881],[-73.250063,43.550924],[-73.249624,43.550945],[-73.249623,43.550945],[-73.249197,43.551029],[-73.248943,43.551217],[-73.248838,43.551453],[-73.248962,43.551603],[-73.249155,43.551704],[-73.249464,43.551752],[-73.24961,43.551935],[-73.249654,43.552121],[-73.249543,43.552465],[-73.249229,43.552591],[-73.249212,43.552594],[-73.248758,43.552677],[-73.2487,43.552926],[-73.24906,43.553216],[-73.249122,43.553366],[-73.249133,43.553497],[-73.249002,43.553687],[-73.249168,43.554008],[-73.249394,43.554149],[-73.249699,43.554336],[-73.249828,43.554589],[-73.249975,43.554743],[-73.250309,43.554914],[-73.250594,43.555015],[-73.250756,43.555132],[-73.250954,43.555407],[-73.25157,43.555524],[-73.251813,43.55562],[-73.252128,43.555611],[-73.252795,43.555642],[-73.253206,43.555699],[-73.253794,43.555672],[-73.254012,43.555612],[-73.254221,43.555621],[-73.254439,43.555712],[-73.254537,43.555923],[-73.254309,43.556134],[-73.25462,43.556353],[-73.254494,43.556486],[-73.254261,43.556544],[-73.254113,43.556553],[-73.253865,43.556566],[-73.253427,43.556517],[-73.252939,43.556431],[-73.252741,43.556436],[-73.252553,43.556532],[-73.252434,43.556669],[-73.253032,43.55744],[-73.253352,43.558094],[-73.253684,43.558485],[-73.254484,43.559106],[-73.255371,43.55967],[-73.255532,43.55988],[-73.255623,43.560693],[-73.255844,43.561211],[-73.255988,43.561841],[-73.255948,43.562211],[-73.256045,43.562366],[-73.256193,43.562418],[-73.256418,43.562413],[-73.256674,43.562345],[-73.256785,43.562315],[-73.256787,43.562315],[-73.256998,43.562311],[-73.257298,43.562386],[-73.257503,43.562528],[-73.257406,43.562596],[-73.257164,43.562616],[-73.257004,43.562689],[-73.256905,43.562763],[-73.256939,43.562886],[-73.256951,43.562906],[-73.25701,43.562992],[-73.257239,43.563064],[-73.257588,43.563067],[-73.257979,43.562896],[-73.258242,43.562855],[-73.258532,43.562899],[-73.258753,43.562995],[-73.25884,43.563096],[-73.258807,43.56321],[-73.258328,43.563824],[-73.258282,43.563914],[-73.258178,43.564139],[-73.258156,43.564197],[-73.258204,43.564359],[-73.25838,43.564608],[-73.258832,43.565076],[-73.259049,43.565198],[-73.25969,43.565481],[-73.260059,43.565752],[-73.260326,43.566106],[-73.260502,43.566518],[-73.260839,43.56653],[-73.261093,43.565723],[-73.261365,43.565531],[-73.261805,43.565445],[-73.262,43.565521],[-73.261779,43.566154],[-73.261788,43.566349],[-73.262316,43.566825],[-73.262207,43.56725],[-73.262376,43.567385],[-73.262643,43.567448],[-73.262929,43.567652],[-73.263171,43.567669],[-73.263566,43.567547],[-73.263926,43.567237],[-73.264065,43.567278],[-73.26414,43.56746],[-73.264294,43.567569],[-73.264293,43.567966],[-73.264376,43.568133],[-73.264549,43.568264],[-73.264603,43.568437],[-73.264408,43.568734],[-73.264257,43.568846],[-73.264321,43.56904],[-73.264919,43.569429],[-73.265435,43.569521],[-73.265841,43.569561],[-73.266111,43.569705],[-73.266179,43.56985],[-73.266231,43.569954],[-73.266321,43.570128],[-73.266511,43.570145],[-73.266659,43.57009],[-73.266772,43.569982],[-73.266802,43.56922],[-73.266941,43.569126],[-73.267248,43.569111],[-73.267853,43.569143],[-73.268016,43.569259],[-73.26803,43.569495],[-73.267926,43.569601],[-73.267704,43.569634],[-73.267543,43.569694],[-73.267551,43.569832],[-73.267642,43.569956],[-73.267793,43.570027],[-73.267929,43.570011],[-73.267936,43.57001],[-73.268063,43.569911],[-73.268314,43.56963],[-73.268463,43.569612],[-73.269084,43.569978],[-73.269263,43.570261],[-73.269586,43.570472],[-73.269744,43.570614],[-73.269698,43.570715],[-73.269575,43.570769],[-73.269306,43.570718],[-73.26903,43.570613],[-73.268647,43.570356],[-73.26846,43.570276],[-73.268323,43.570358],[-73.268189,43.570557],[-73.268224,43.570661],[-73.268163,43.570889],[-73.268009,43.570919],[-73.267817,43.570844],[-73.267615,43.570729],[-73.267448,43.570687],[-73.267367,43.570773],[-73.267338,43.57085],[-73.267456,43.571103],[-73.2676,43.571233],[-73.267581,43.571391],[-73.267714,43.57148],[-73.268141,43.57162],[-73.268256,43.571673],[-73.268223,43.57175],[-73.268012,43.57182],[-73.267641,43.571795],[-73.267526,43.571868],[-73.267533,43.571996],[-73.267677,43.572088],[-73.26799,43.572203],[-73.268125,43.572206],[-73.26819,43.572207],[-73.268547,43.572127],[-73.268549,43.572127],[-73.268921,43.5721],[-73.269316,43.572123],[-73.269646,43.572193],[-73.26983,43.572162],[-73.269939,43.572069],[-73.269818,43.571617],[-73.269954,43.571492],[-73.270209,43.571519],[-73.270356,43.571595],[-73.270441,43.571912],[-73.270632,43.572136],[-73.270796,43.572211],[-73.271088,43.572297],[-73.27135,43.57214],[-73.271509,43.572008],[-73.271647,43.571967],[-73.271811,43.571956],[-73.27192,43.572092],[-73.271896,43.572287],[-73.271537,43.572574],[-73.2714,43.572707],[-73.27157,43.572783],[-73.271769,43.57277],[-73.27177,43.572769],[-73.271932,43.5727],[-73.272103,43.572567],[-73.272252,43.572522],[-73.272408,43.572571],[-73.27256,43.572651],[-73.272854,43.572722],[-73.27318,43.57258],[-73.273393,43.572551],[-73.274031,43.572725],[-73.274228,43.572742],[-73.274713,43.572948],[-73.275598,43.573168],[-73.275847,43.573315],[-73.276135,43.573334],[-73.276441,43.573504],[-73.276523,43.573713],[-73.276558,43.573937],[-73.276402,43.574329],[-73.27643,43.574498],[-73.276529,43.574614],[-73.276601,43.57462],[-73.276745,43.574631],[-73.277095,43.574551],[-73.277097,43.574551],[-73.277463,43.574518],[-73.277717,43.574534],[-73.277891,43.574579],[-73.278048,43.574747],[-73.278203,43.574781],[-73.278338,43.574689],[-73.278489,43.574374],[-73.278858,43.574084],[-73.279122,43.574043],[-73.279856,43.574119],[-73.279997,43.573972],[-73.280284,43.573559],[-73.280523,43.57341],[-73.280686,43.57348],[-73.281069,43.573821],[-73.281227,43.57457],[-73.281234,43.574999],[-73.281023,43.575959],[-73.28112,43.576556],[-73.281141,43.577406],[-73.281214,43.577686],[-73.281655,43.578014],[-73.28221,43.578269],[-73.282381,43.578323],[-73.282569,43.578349],[-73.283113,43.578187],[-73.283364,43.578143],[-73.283605,43.578168],[-73.283861,43.578376],[-73.284461,43.579085],[-73.28474,43.579282],[-73.285002,43.579411],[-73.285227,43.579382],[-73.285361,43.579304],[-73.285718,43.579096],[-73.285984,43.578943],[-73.286645,43.578818],[-73.287424,43.578818],[-73.288201,43.578738],[-73.288203,43.578738],[-73.288599,43.578638],[-73.288931,43.578487],[-73.289169,43.578319],[-73.289499,43.57812],[-73.290006,43.577727],[-73.290212,43.577638],[-73.290529,43.577654],[-73.290748,43.577775],[-73.291024,43.578051],[-73.291381,43.578517],[-73.291604,43.578682],[-73.291871,43.578726],[-73.292126,43.578727],[-73.292612,43.578718],[-73.293377,43.578697],[-73.293873,43.57864],[-73.29422,43.5786],[-73.294446,43.57843],[-73.2945,43.578283],[-73.294425,43.577719],[-73.294503,43.577481],[-73.294614,43.577284],[-73.294845,43.577004],[-73.295118,43.576832],[-73.295285,43.576821],[-73.295297,43.57682],[-73.295502,43.576867],[-73.295738,43.57711],[-73.295808,43.577268],[-73.29583,43.577435],[-73.295809,43.577839],[-73.295681,43.578434],[-73.29571,43.578633],[-73.295903,43.578749],[-73.296307,43.578848],[-73.297005,43.579053],[-73.297359,43.579242],[-73.297451,43.579391],[-73.29747,43.57959],[-73.297291,43.579838],[-73.296049,43.581181],[-73.295583,43.581472],[-73.295282,43.581795],[-73.294536,43.582467],[-73.29284,43.583816],[-73.292662,43.58403],[-73.292461,43.584358],[-73.292355,43.584724],[-73.292341,43.584989],[-73.292467,43.585208],[-73.292676,43.585351],[-73.292971,43.585466],[-73.294299,43.5858],[-73.294643,43.585962],[-73.29532,43.58653],[-73.295589,43.58669],[-73.296056,43.586826],[-73.296666,43.586927],[-73.296937,43.587062],[-73.2971,43.587214],[-73.297155,43.587344],[-73.297167,43.587476],[-73.297024,43.587691],[-73.296643,43.588066],[-73.296126,43.588476],[-73.295907,43.588712],[-73.295767,43.588926],[-73.295396,43.589602],[-73.294931,43.590272],[-73.294204,43.591581],[-73.293538,43.5922],[-73.292983,43.593467],[-73.292692,43.594272],[-73.292605,43.594639],[-73.292509,43.595879],[-73.292553,43.596066],[-73.292907,43.596678],[-73.292963,43.596887],[-73.29295,43.597054],[-73.292791,43.597372],[-73.292456,43.597941],[-73.292278,43.598156],[-73.291777,43.598516],[-73.291082,43.598918],[-73.290991,43.599073],[-73.291001,43.599274],[-73.291097,43.599459],[-73.291353,43.599713],[-73.292042,43.600066],[-73.292364,43.600301],[-73.292477,43.600602],[-73.292781,43.601674],[-73.292802,43.601991],[-73.292267,43.602822],[-73.292211,43.603027],[-73.292263,43.603187],[-73.292462,43.603454],[-73.293208,43.603873],[-73.293754,43.604444],[-73.293849,43.604726],[-73.293882,43.605048],[-73.293978,43.605414],[-73.294059,43.605565],[-73.294233,43.605745],[-73.294572,43.605859],[-73.294911,43.606008],[-73.295188,43.606352],[-73.29531,43.606606],[-73.295334,43.606798],[-73.295481,43.607028],[-73.295629,43.607158],[-73.29624,43.607573],[-73.296498,43.607787],[-73.296765,43.608188],[-73.296856,43.608532],[-73.29697,43.608684],[-73.297248,43.608836],[-73.29761,43.60893],[-73.29777,43.609006],[-73.297901,43.609162],[-73.29806,43.609481],[-73.298128,43.609914],[-73.298257,43.610043],[-73.298426,43.610161],[-73.299086,43.610257],[-73.299345,43.610308],[-73.300007,43.610728],[-73.30029,43.610797],[-73.300741,43.61075],[-73.300954,43.610615],[-73.301047,43.610472],[-73.301082,43.610294],[-73.301378,43.609828],[-73.301512,43.609678],[-73.301722,43.609518],[-73.301969,43.609513],[-73.302141,43.609556],[-73.302273,43.60972],[-73.302337,43.60993],[-73.302404,43.610565],[-73.302503,43.611056],[-73.302373,43.611543],[-73.301875,43.612132],[-73.301423,43.612913],[-73.300893,43.613402],[-73.300741,43.613584],[-73.300682,43.613799],[-73.300773,43.613875],[-73.300899,43.613902],[-73.301273,43.613915],[-73.301414,43.613954],[-73.301538,43.61406],[-73.301611,43.614149],[-73.30163,43.614287],[-73.301111,43.616515],[-73.300942,43.616877],[-73.300646,43.617306],[-73.300487,43.617742],[-73.300502,43.617915],[-73.300593,43.618101],[-73.300968,43.618448],[-73.301592,43.618976],[-73.302844,43.619786],[-73.303056,43.620032],[-73.303189,43.620277],[-73.303274,43.620558],[-73.303196,43.621002],[-73.302896,43.621598],[-73.30256,43.6222],[-73.30219,43.622761],[-73.30207,43.623024],[-73.301991,43.623487],[-73.302019,43.62412],[-73.302321,43.625107],[-73.302945,43.626073],[-73.303204,43.626305],[-73.304147,43.626835],[-73.304673,43.627391],[-73.304995,43.627653],[-73.305477,43.627811],[-73.30695,43.628011],[-73.307155,43.627939],[-73.307428,43.627777],[-73.307718,43.627508],[-73.308058,43.626992],[-73.308992,43.626038],[-73.309317,43.625681],[-73.309837,43.624799],[-73.309928,43.624561],[-73.310165,43.62415],[-73.310288,43.624067],[-73.310578,43.624049],[-73.310881,43.624049],[-73.311426,43.624149],[-73.312209,43.624407],[-73.312586,43.624693],[-73.312792,43.624913],[-73.313043,43.625369],[-73.313216,43.625537],[-73.313495,43.6257],[-73.313691,43.625789],[-73.314057,43.62587],[-73.314698,43.625975],[-73.315024,43.626109],[-73.315699,43.626448],[-73.315963,43.62653],[-73.316551,43.62661],[-73.316902,43.626681],[-73.317209,43.626777],[-73.317483,43.626918],[-73.317746,43.627109],[-73.317829,43.627329],[-73.317828,43.62739],[-73.317827,43.627403],[-73.317719,43.627798],[-73.317732,43.62818],[-73.317809,43.628306],[-73.318015,43.628383],[-73.318235,43.628386],[-73.318432,43.628312],[-73.318761,43.627963],[-73.319233,43.627587],[-73.319485,43.627433],[-73.319807,43.627327],[-73.320206,43.627231],[-73.320208,43.627231],[-73.32061,43.627201],[-73.321672,43.627299],[-73.322801,43.627518],[-73.323266,43.627573],[-73.323999,43.627595],[-73.324205,43.627547],[-73.324373,43.62746],[-73.325257,43.626645],[-73.325584,43.626452],[-73.326547,43.62616],[-73.327366,43.625834],[-73.327628,43.62581],[-73.327629,43.625809],[-73.327729,43.62578],[-73.327917,43.625724],[-73.328452,43.625637],[-73.329125,43.625661],[-73.329832,43.625744],[-73.330721,43.625796],[-73.331185,43.625915],[-73.331527,43.626156],[-73.331659,43.626544],[-73.331705,43.627078],[-73.331794,43.627213],[-73.331966,43.627394],[-73.332219,43.627531],[-73.332968,43.627726],[-73.333411,43.628034],[-73.333765,43.628142],[-73.334141,43.628046],[-73.334465,43.627836],[-73.334755,43.62757],[-73.334765,43.627389],[-73.334767,43.627351],[-73.334679,43.627254],[-73.334311,43.627171],[-73.334142,43.627066],[-73.33412,43.626946],[-73.334133,43.626812],[-73.334319,43.626708],[-73.334619,43.626661],[-73.335664,43.626591],[-73.335889,43.626562],[-73.33589,43.626562],[-73.336738,43.626298],[-73.337485,43.626188],[-73.337668,43.626105],[-73.337769,43.625989],[-73.337788,43.625717],[-73.337683,43.625312],[-73.337837,43.62515],[-73.338082,43.625011],[-73.33885,43.624966],[-73.338853,43.624965],[-73.339461,43.624854],[-73.339976,43.624759],[-73.340221,43.62473],[-73.340852,43.624679],[-73.340856,43.624679],[-73.341436,43.62458],[-73.341684,43.624755],[-73.342001,43.625119],[-73.342024,43.625146],[-73.342063,43.625504],[-73.342107,43.625697],[-73.342181,43.625863],[-73.342411,43.626081],[-73.343388,43.626359],[-73.343725,43.626363],[-73.34403,43.62632],[-73.344593,43.626024],[-73.345881,43.625195],[-73.346544,43.624618],[-73.346914,43.624066],[-73.347207,43.623413],[-73.347495,43.62254],[-73.347825,43.622042],[-73.348058,43.621796],[-73.348816,43.621575],[-73.34917,43.621486],[-73.349172,43.621486],[-73.349743,43.62145],[-73.349755,43.621449],[-73.35016,43.621554],[-73.350889,43.621989],[-73.351319,43.622371],[-73.351904,43.623259],[-73.352368,43.623902],[-73.352932,43.624525],[-73.35315,43.624842],[-73.353306,43.625245],[-73.353563,43.625618],[-73.353832,43.625862],[-73.354191,43.626011],[-73.355303,43.625963],[-73.35543,43.62594],[-73.356269,43.625786],[-73.356294,43.625782],[-73.357302,43.625601],[-73.357797,43.625431],[-73.358375,43.62516],[-73.358722,43.625051],[-73.358945,43.624818],[-73.359325,43.624595],[-73.359722,43.624451],[-73.359929,43.624394],[-73.360065,43.624356],[-73.360066,43.624356],[-73.360442,43.624397],[-73.361335,43.624317],[-73.362137,43.624204],[-73.362975,43.624076],[-73.36325,43.624001],[-73.363817,43.623846],[-73.364265,43.623765],[-73.365034,43.623627],[-73.365464,43.62349],[-73.365958,43.623398],[-73.366534,43.623405],[-73.366821,43.623545],[-73.367118,43.623782],[-73.367654,43.624333],[-73.368062,43.624691],[-73.368464,43.624969],[-73.370116,43.625],[-73.370626,43.625057],[-73.371225,43.62498],[-73.371779,43.624659],[-73.372155,43.624341],[-73.372308,43.623976],[-73.372392,43.623404],[-73.372402,43.622735],[-73.372464,43.622533],[-73.372406,43.622163],[-73.372374,43.621954],[-73.371929,43.621282],[-73.371716,43.621033],[-73.371267,43.620709],[-73.370819,43.620436],[-73.370167,43.620115],[-73.369926,43.619964],[-73.369779,43.619806],[-73.369797,43.619598],[-73.370095,43.619232],[-73.370727,43.618791],[-73.371231,43.618378],[-73.37184,43.617668],[-73.37227,43.617004],[-73.372565,43.616666],[-73.374419,43.615083],[-73.37595,43.613385],[-73.37638,43.612776],[-73.376499,43.612563],[-73.37658,43.612238],[-73.376419,43.611929],[-73.375845,43.611487],[-73.375024,43.611014],[-73.374738,43.61067],[-73.374804,43.610171],[-73.374904,43.609966],[-73.3751,43.60977],[-73.375617,43.609598],[-73.376118,43.609474],[-73.376503,43.609381],[-73.376864,43.609265],[-73.376887,43.609104],[-73.37683,43.60892],[-73.376622,43.608777],[-73.376276,43.608649],[-73.37455,43.608184],[-73.374294,43.608026],[-73.374085,43.607866],[-73.373498,43.607202],[-73.373214,43.606826],[-73.372751,43.60592],[-73.372679,43.60549],[-73.372715,43.605216],[-73.372976,43.604516],[-73.373198,43.604146],[-73.373455,43.603816],[-73.373561,43.603686],[-73.373854,43.603377],[-73.374439,43.602906],[-73.374789,43.602696],[-73.375086,43.602555],[-73.375629,43.602227],[-73.375871,43.602039],[-73.376347,43.601478],[-73.376602,43.601229],[-73.376773,43.601036],[-73.377082,43.600832],[-73.378062,43.600327],[-73.378177,43.600169],[-73.378208,43.600004],[-73.378145,43.599838],[-73.378005,43.599671],[-73.37732,43.59897],[-73.377266,43.59886],[-73.377274,43.598758],[-73.377338,43.598669],[-73.377507,43.59857],[-73.379185,43.59809],[-73.379836,43.597863],[-73.380144,43.597841],[-73.38037,43.597883],[-73.380814,43.598108],[-73.381268,43.598429],[-73.381588,43.598598],[-73.381843,43.598628],[-73.3821,43.598561],[-73.382567,43.598285],[-73.384156,43.597071],[-73.384193,43.596838],[-73.38414,43.596717],[-73.383974,43.596538],[-73.383288,43.595901],[-73.382911,43.595511],[-73.382776,43.595315],[-73.382685,43.594733],[-73.382493,43.594187],[-73.381892,43.593175],[-73.381771,43.592846],[-73.381769,43.592571],[-73.38177,43.592543],[-73.381926,43.592108],[-73.382165,43.591852],[-73.382451,43.591596],[-73.382824,43.591384],[-73.383049,43.591324],[-73.383052,43.591324],[-73.383319,43.591302],[-73.383973,43.591348],[-73.384771,43.591468],[-73.385216,43.591482],[-73.385891,43.591398],[-73.385892,43.591398],[-73.386427,43.591247],[-73.386871,43.591092],[-73.387261,43.590785],[-73.387413,43.590517],[-73.387469,43.59017],[-73.387458,43.590048],[-73.387441,43.589862],[-73.387378,43.589515],[-73.387343,43.589377],[-73.38722,43.589082],[-73.3872,43.589033],[-73.386723,43.58847],[-73.386339,43.588149],[-73.386183,43.587974],[-73.385909,43.58779],[-73.385659,43.587651],[-73.385107,43.58744],[-73.384199,43.587153],[-73.383617,43.587069],[-73.383134,43.586957],[-73.382879,43.586826],[-73.382666,43.586657],[-73.382512,43.586234],[-73.382575,43.586032],[-73.382731,43.58579],[-73.383948,43.584545],[-73.384534,43.584098],[-73.385386,43.583558],[-73.385567,43.583391],[-73.385665,43.583189],[-73.385665,43.582998],[-73.385597,43.582828],[-73.38527,43.582278],[-73.384493,43.58138],[-73.383589,43.58053],[-73.383184,43.579948],[-73.383006,43.579571],[-73.382976,43.579203],[-73.383441,43.577375],[-73.383908,43.57601],[-73.384182,43.575565],[-73.384502,43.575261],[-73.385357,43.57497],[-73.386075,43.574813],[-73.386077,43.574813],[-73.386769,43.574746],[-73.387752,43.57475],[-73.388664,43.574824],[-73.388774,43.574826],[-73.389593,43.574797],[-73.389867,43.574736],[-73.390192,43.574664],[-73.390597,43.57446],[-73.391144,43.573979],[-73.391542,43.573538],[-73.391871,43.573082],[-73.39205,43.572696],[-73.392049,43.572245],[-73.39152,43.571108],[-73.391443,43.570739],[-73.391593,43.570351],[-73.391956,43.570049],[-73.392443,43.569842],[-73.393235,43.569606],[-73.393524,43.569575],[-73.393951,43.569528],[-73.394396,43.569534],[-73.395279,43.569624],[-73.395596,43.569498],[-73.395721,43.569295],[-73.39578,43.568549],[-73.395826,43.568324],[-73.39603,43.568048],[-73.396246,43.567897],[-73.39669,43.567789],[-73.396692,43.567788],[-73.39699,43.567757],[-73.39723,43.567732],[-73.397786,43.567808],[-73.398244,43.567946],[-73.399827,43.568562],[-73.400638,43.568919],[-73.403289,43.570087],[-73.404341,43.570514],[-73.405809,43.571058],[-73.406371,43.571299],[-73.40684,43.571528],[-73.407309,43.57193],[-73.408143,43.572763],[-73.408923,43.573353],[-73.409776,43.573829],[-73.410794,43.574453],[-73.411829,43.575001],[-73.414271,43.576159],[-73.415439,43.576781],[-73.416079,43.57714],[-73.416467,43.577378],[-73.417205,43.577905],[-73.417913,43.578505],[-73.41826,43.57887],[-73.419055,43.579854],[-73.419358,43.580316],[-73.419892,43.580923],[-73.420439,43.581453],[-73.420748,43.581671],[-73.421242,43.58195],[-73.422115,43.58223],[-73.422881,43.582423],[-73.425105,43.582725],[-73.426123,43.582896],[-73.426266,43.5829413],[-73.427381,43.583292],[-73.428439,43.583829],[-73.428681,43.583989],[-73.429382,43.584599],[-73.429649,43.584788],[-73.430423,43.585853],[-73.431071,43.586834],[-73.431388,43.58776],[-73.431363,43.588564],[-73.43126,43.58889],[-73.430892,43.589664],[-73.429485,43.591843],[-73.429056,43.592355],[-73.427308,43.594755],[-73.426183,43.596584],[-73.425814,43.5974],[-73.425353,43.598324],[-73.424967,43.598932],[-73.424539,43.599527],[-73.423981,43.600155],[-73.423402,43.600862],[-73.422126,43.602702],[-73.421964,43.603184],[-73.421886,43.604614],[-73.422275,43.606671],[-73.422617,43.607962],[-73.422949,43.608817],[-73.423452,43.609868],[-73.423921,43.610789],[-73.424096,43.611281],[-73.424152,43.611599],[-73.424106,43.611942],[-73.424017,43.612135],[-73.423581,43.61285],[-73.422747,43.613889],[-73.422349,43.614455],[-73.421895,43.615263],[-73.421132,43.616239],[-73.420665,43.61679],[-73.419936,43.617597],[-73.419437,43.618231],[-73.418964,43.618868],[-73.41812,43.620282],[-73.417956,43.620676],[-73.417826,43.62111],[-73.417815,43.621553],[-73.417866,43.62216],[-73.417995,43.622582],[-73.418665,43.623659],[-73.419721,43.625037],[-73.422735,43.628679],[-73.427042,43.633525],[-73.427588,43.634232],[-73.428008,43.634891],[-73.428436,43.635926],[-73.428525,43.636409],[-73.428515,43.636704],[-73.427765,43.63857],[-73.427036,43.640291],[-73.426861,43.640856],[-73.426764,43.641295],[-73.426635,43.642079],[-73.426517,43.642471],[-73.426235,43.643075],[-73.42553,43.644087],[-73.425156,43.644453],[-73.424218,43.645289],[-73.423482,43.645754],[-73.421284,43.646732],[-73.420124,43.64719],[-73.419416,43.647554],[-73.418895,43.647883],[-73.418554,43.648128],[-73.418339,43.64836],[-73.415765,43.651999],[-73.415408,43.652796],[-73.415181,43.653506],[-73.415153,43.653956],[-73.415206,43.654543],[-73.415167,43.655557],[-73.415071,43.656382],[-73.414887,43.657151],[-73.414502,43.658225],[-73.413837,43.659495],[-73.41354,43.659894],[-73.412461,43.661216],[-73.412145,43.661661],[-73.411896,43.662123],[-73.41063,43.664828],[-73.408653,43.668375],[-73.408147,43.669418],[-73.407922,43.670109],[-73.407896,43.671491],[-73.407808,43.672181],[-73.407545,43.673113],[-73.40687,43.674984],[-73.404725,43.679086],[-73.404129,43.681343],[-73.4039,43.682637],[-73.403596,43.683719],[-73.403494,43.684161],[-73.403471,43.684711],[-73.403546,43.685213],[-73.403671,43.6857],[-73.403855,43.686188],[-73.404328,43.686909],[-73.404901,43.687612],[-73.405138,43.687999],[-73.405201,43.688537],[-73.405072,43.689321],[-73.404655,43.690317],[-73.404436,43.690649],[-73.403742,43.691575],[-73.403356,43.692027],[-73.4029,43.692485],[-73.402178,43.692961],[-73.401509,43.693316],[-73.400911,43.69358],[-73.39916,43.694203],[-73.398465,43.694513],[-73.397666,43.694987],[-73.396804,43.69556],[-73.395193,43.697109],[-73.394868,43.697485],[-73.394327,43.69819],[-73.393963,43.698762],[-73.393716,43.699232],[-73.393546,43.699665],[-73.392925,43.701672],[-73.391748,43.70348],[-73.390505,43.704799],[-73.390189,43.705253],[-73.389899,43.705605],[-73.388898,43.706293],[-73.388687,43.706768],[-73.388463,43.707846],[-73.388321,43.70821],[-73.388053,43.708716],[-73.386642,43.710525],[-73.385622,43.711576],[-73.383373,43.713667],[-73.381334,43.715212],[-73.379147,43.716565],[-73.378334,43.717204],[-73.370486,43.724935],[-73.370223,43.725702],[-73.369701,43.728249],[-73.369704,43.729235],[-73.370108,43.732823],[-73.370518,43.735832],[-73.370464,43.740999],[-73.369498,43.744024],[-73.368108,43.745607],[-73.366556,43.747533],[-73.365059,43.750345],[-73.364337,43.751368],[-73.36266,43.753158],[-73.360498,43.756005],[-73.359873,43.75694],[-73.359052,43.758403],[-73.358017,43.759903],[-73.357165,43.760945],[-73.354374,43.764611],[-73.353854,43.765489],[-73.353206,43.766977],[-73.352614,43.767918],[-73.351181,43.769862],[-73.350746,43.770532],[-73.350645,43.77128],[-73.350743,43.771677],[-73.350979,43.772034],[-73.354113,43.775697],[-73.354647,43.776375],[-73.355074,43.777116],[-73.355756,43.778673],[-73.356385,43.78095],[-73.357489,43.785195],[-73.357689,43.785696],[-73.358405,43.786578],[-73.359532,43.787716],[-73.360423,43.788506],[-73.361116,43.788998],[-73.363055,43.790437],[-73.363973,43.790981],[-73.367625,43.792942],[-73.369528,43.79411],[-73.374617,43.797446],[-73.376309,43.798599],[-73.376901,43.799321],[-73.377176,43.799951],[-73.37736,43.800709],[-73.377784,43.803781],[-73.37809,43.805297],[-73.378381,43.806302],[-73.379038,43.807743],[-73.379448,43.808447],[-73.380804,43.810951],[-73.383259,43.81331],[-73.390302,43.817371],[-73.392492,43.820779],[-73.392751,43.822196],[-73.390194,43.829364],[-73.388389,43.832404],[-73.381865,43.837315],[-73.376598,43.839357],[-73.3737128,43.8429688],[-73.372247,43.845337],[-73.372462,43.846266],[-73.373742,43.847693],[-73.380987,43.852633],[-73.3818327,43.8545297],[-73.3819226,43.8547313],[-73.382046,43.855008],[-73.3819799,43.8555205],[-73.381501,43.859235],[-73.379334,43.864648],[-73.37415,43.874163],[-73.374051,43.875563],[-73.3742041,43.8758833],[-73.376312,43.880292],[-73.383491,43.890951],[-73.395878,43.903044],[-73.397256,43.905668],[-73.400926,43.917048],[-73.4044893,43.92376],[-73.4081108,43.9304449],[-73.408589,43.932933],[-73.405525,43.948813],[-73.406823,43.967317],[-73.411248,43.975596],[-73.412613,43.97998],[-73.412581,43.98272],[-73.411224,43.986202],[-73.405977,44.011485],[-73.405999,44.016229],[-73.4076481,44.0211103],[-73.410776,44.026944],[-73.414364,44.029526],[-73.42016,44.032004],[-73.42312,44.032759],[-73.4231459,44.0327854],[-73.4231529,44.0327925],[-73.4273957,44.0371068],[-73.4275232,44.0372364],[-73.427632,44.037347],[-73.427987,44.037708],[-73.430772,44.038746],[-73.43688,44.042578],[-73.43774,44.045006],[-73.431991,44.06345],[-73.430207,44.071716],[-73.429239,44.079414],[-73.4205486,44.092872],[-73.416319,44.099422],[-73.4139356,44.1078444],[-73.4119837,44.1109157],[-73.4117917,44.1114249],[-73.4117772,44.1114632],[-73.411316,44.112686],[-73.411722,44.11754],[-73.413751,44.126068],[-73.41578,44.131523],[-73.415761,44.132826],[-73.41172,44.137825],[-73.408118,44.139373],[-73.403268,44.144295],[-73.402381,44.145856],[-73.4009463,44.1526416],[-73.4009346,44.152697],[-73.399634,44.155326],[-73.398728,44.162248],[-73.395532,44.166122],[-73.395399,44.166903],[-73.396664,44.168831],[-73.397385,44.171596],[-73.396892,44.173846],[-73.395862,44.175785],[-73.390383,44.179486],[-73.389658,44.181249],[-73.389705,44.1815696],[-73.390375,44.1861395],[-73.390805,44.189072],[-73.390583,44.190886],[-73.3888726,44.192063],[-73.388502,44.192318],[-73.3872403,44.1924288],[-73.385326,44.192597],[-73.383987,44.193158],[-73.382252,44.197178],[-73.377693,44.199453],[-73.375289,44.199868],[-73.372405,44.202165],[-73.370678,44.204546],[-73.362013,44.208545],[-73.361476,44.210374],[-73.357908,44.216193],[-73.355276,44.219554],[-73.355252,44.22287],[-73.354747,44.223599],[-73.350806,44.225943],[-73.349889,44.230356],[-73.342312,44.234531],[-73.34323,44.238049],[-73.336778,44.239557],[-73.334042,44.240971],[-73.3305,44.244254],[-73.329322,44.244504],[-73.324681,44.243614],[-73.323596,44.243897],[-73.319802,44.249547],[-73.316618,44.257769],[-73.3165722,44.2578563],[-73.3132801,44.2641387],[-73.3131897,44.2644417],[-73.312852,44.265346],[-73.311025,44.27424],[-73.312299,44.280025],[-73.316838,44.287683],[-73.322267,44.301523],[-73.324229,44.310023],[-73.324545,44.319247],[-73.3238458,44.3253242],[-73.3238425,44.3253528],[-73.323835,44.325418],[-73.323997,44.333842],[-73.325127,44.338534],[-73.3271807,44.3433502],[-73.334637,44.356877],[-73.334939,44.364441],[-73.333575,44.372288],[-73.330369,44.375987],[-73.320954,44.382669],[-73.317029,44.385978],[-73.315016,44.388513],[-73.312418,44.39471],[-73.310491,44.402601],[-73.296031,44.428339],[-73.2942041,44.4336569],[-73.2945013,44.4360137],[-73.2933822,44.437485],[-73.2936764,44.4397728],[-73.2936269,44.4403864],[-73.293613,44.440559],[-73.295216,44.445884],[-73.300114,44.454711],[-73.298725,44.463957],[-73.298732,44.4641987],[-73.29893,44.470995],[-73.298939,44.471304],[-73.2993424,44.4735844],[-73.299885,44.476652],[-73.3004484,44.4777814],[-73.3029654,44.4828272],[-73.304418,44.485739],[-73.304921,44.492209],[-73.306707,44.500334],[-73.312871,44.507246],[-73.3185288,44.5121619],[-73.3194443,44.5136044],[-73.3199662,44.515264],[-73.3203466,44.5170819],[-73.3202835,44.5187757],[-73.3195824,44.5211672],[-73.322026,44.525289],[-73.323935,44.52712],[-73.328512,44.528478],[-73.329458,44.529203],[-73.330588,44.531034],[-73.3306612,44.5318101],[-73.330893,44.534269],[-73.331595,44.535924],[-73.3317692,44.5360977],[-73.338995,44.543302],[-73.3393,44.544477],[-73.3392245,44.5447438],[-73.33863,44.546844],[-73.3386359,44.5469025],[-73.338751,44.548046],[-73.3394425,44.5486088],[-73.3398145,44.5489604],[-73.3409353,44.5500197],[-73.342932,44.551907],[-73.350027,44.555392],[-73.355186,44.556918],[-73.3559262,44.55738],[-73.3563266,44.55763],[-73.356788,44.557918],[-73.360088,44.562546],[-73.3613339,44.5637629],[-73.3620416,44.5644541],[-73.367275,44.567545],[-73.374389,44.575455],[-73.375666,44.582038],[-73.377794,44.585128],[-73.381848,44.589316],[-73.3816819,44.5903277],[-73.38164,44.590583],[-73.3813185,44.5908634],[-73.377897,44.593848],[-73.376806,44.595455],[-73.376332,44.597218],[-73.376849,44.599598],[-73.3804477,44.6048341],[-73.380726,44.605239],[-73.3808711,44.6056958],[-73.3820009,44.6092528],[-73.382932,44.612184],[-73.38982,44.61721],[-73.390231,44.618353],[-73.389966,44.61962],[-73.387346,44.623672],[-73.386497,44.626924],[-73.3862194,44.6288368],[-73.3859618,44.6306112],[-73.385899,44.631044],[-73.3861584,44.6319628],[-73.3864315,44.6329301],[-73.3865092,44.6332056],[-73.386522,44.6332508],[-73.387169,44.635542],[-73.386783,44.636369],[-73.379748,44.64036],[-73.378561,44.641475],[-73.383157,44.645764],[-73.377973,44.652918],[-73.378014,44.653846],[-73.378968,44.65518],[-73.379074,44.656772],[-73.374134,44.66234],[-73.373063,44.662713],[-73.37059,44.662518],[-73.369669,44.663478],[-73.370065,44.666071],[-73.3725008,44.6683233],[-73.3727504,44.6696064],[-73.3715814,44.6716849],[-73.3708507,44.6733996],[-73.3718293,44.6752163],[-73.3720485,44.6761829],[-73.3719316,44.6770901],[-73.3707527,44.6776768],[-73.3688101,44.6779463],[-73.3673132,44.6786172],[-73.3671745,44.6795696],[-73.3673675,44.6810132],[-73.3680215,44.6822107],[-73.3687547,44.6829501],[-73.369688,44.6839716],[-73.3700735,44.6849675],[-73.3690857,44.6855475],[-73.3675891,44.6862553],[-73.366163,44.6870546],[-73.3652442,44.6877526],[-73.364589,44.6887959],[-73.3642732,44.6901331],[-73.3635711,44.6909239],[-73.3621815,44.6928216],[-73.3616112,44.693813],[-73.3612783,44.6949782],[-73.3620278,44.6958806],[-73.3633457,44.6961333],[-73.3646183,44.6963675],[-73.3657367,44.6969422],[-73.3659837,44.6979807],[-73.3657444,44.6990299],[-73.3655433,44.7003418],[-73.3654122,44.7018068],[-73.3653806,44.7034809],[-73.3655107,44.7048693],[-73.3657264,44.7062228],[-73.365803,44.7071511],[-73.3657106,44.7084727],[-73.3654099,44.7093507],[-73.3652166,44.7107254],[-73.3652861,44.7118435],[-73.3654403,44.7133218],[-73.365439,44.7145906],[-73.365431,44.7157163],[-73.3653234,44.7169113],[-73.3655699,44.7185267],[-73.3655378,44.7198228],[-73.3654535,44.7208114],[-73.3653306,44.7219265],[-73.3651838,44.722941],[-73.3651672,44.7241928],[-73.3650437,44.7257207],[-73.3650435,44.7273504],[-73.3650963,44.7290707],[-73.3650734,44.7305467],[-73.3651274,44.7321049],[-73.3650415,44.7337055],[-73.3651182,44.7353004],[-73.3653576,44.7369329],[-73.3655264,44.738232],[-73.3657119,44.7395489],[-73.365765,44.7405851],[-73.3656186,44.7418072],[-73.3651853,44.7428356],[-73.3645988,44.7439712],[-73.363919,44.7450148],[-73.3632168,44.7458957],[-73.36236,44.7468733],[-73.3615956,44.7477267],[-73.3605912,44.7485675],[-73.3595796,44.7492736],[-73.3586921,44.7499984],[-73.3577438,44.7508046],[-73.3572507,44.7516613],[-73.3553786,44.7536866],[-73.3548083,44.7545341],[-73.3542315,44.7555967],[-73.3539612,44.7561684],[-73.3537917,44.7565269],[-73.3533074,44.7576717],[-73.3528462,44.758881],[-73.3524226,44.7598021],[-73.3521567,44.7611574],[-73.3517537,44.7620423],[-73.3514003,44.7630817],[-73.3508677,44.7639206],[-73.3501509,44.7648189],[-73.3496038,44.7659369],[-73.3490651,44.7669373],[-73.348711,44.7679406],[-73.348258,44.769104],[-73.3479031,44.7701883],[-73.3475353,44.7714615],[-73.3471289,44.7726345],[-73.3466744,44.7736637],[-73.3459885,44.7746255],[-73.3452393,44.7754157],[-73.3440215,44.7763885],[-73.3427882,44.7772615],[-73.3413613,44.7780424],[-73.3402357,44.7788993],[-73.3379834,44.780469],[-73.3368873,44.7813356],[-73.3359606,44.7820236],[-73.3349599,44.7830352],[-73.3343436,44.7841341],[-73.3338274,44.7851708],[-73.333472,44.7862093],[-73.333342,44.7872703],[-73.3332434,44.7885471],[-73.3331976,44.7896983],[-73.3332139,44.7909411],[-73.3333135,44.7920318],[-73.3333131,44.7930397],[-73.3335226,44.7943304],[-73.3337103,44.7968083],[-73.3335194,44.7983359],[-73.3342354,44.8003635],[-73.3343312,44.8018683],[-73.3347251,44.8031792],[-73.3351732,44.8042567],[-73.33611,44.8050895],[-73.3372091,44.8057356],[-73.3383301,44.8062206],[-73.3393681,44.8069463],[-73.3403752,44.8077713],[-73.341422,44.8087498],[-73.3420677,44.8095515],[-73.342807,44.8105611],[-73.3436318,44.8115635],[-73.3445243,44.8124137],[-73.3457727,44.8134313],[-73.3469175,44.8142399],[-73.3481941,44.8147802],[-73.3493791,44.8156253],[-73.3502479,44.8163767],[-73.3510635,44.8172706],[-73.3520413,44.8182925],[-73.3532566,44.8200292],[-73.3541722,44.820862],[-73.3550483,44.8215141],[-73.3562175,44.8222145],[-73.3573551,44.8227982],[-73.3584761,44.8232469],[-73.3598064,44.8240036],[-73.3610685,44.8246158],[-73.3623889,44.8251124],[-73.3638582,44.8256548],[-73.3651011,44.8260872],[-73.3664872,44.8268452],[-73.3675877,44.827572],[-73.3680199,44.8278941],[-73.3685728,44.8283061],[-73.3696428,44.829113],[-73.3706208,44.8300279],[-73.3714208,44.8309307],[-73.3720146,44.8318118],[-73.372677,44.8328297],[-73.3733086,44.8337574],[-73.3739551,44.8345586],[-73.3745486,44.8354937],[-73.3753773,44.836226],[-73.3766838,44.8366228],[-73.3779345,44.837009],[-73.3791569,44.8377015],[-73.379736,44.8386464],[-73.3799,44.8395757],[-73.3799265,44.8405392],[-73.3795509,44.8426047],[-73.3795078,44.8435759],[-73.3804577,44.8442202],[-73.3813549,44.84489],[-73.3809699,44.8457488],[-73.3805086,44.8466333],[-73.380426,44.847559],[-73.3810101,44.8483869],[-73.3815878,44.849223],[-73.3810202,44.8501604],[-73.3801134,44.8508676],[-73.3794774,44.8518308],[-73.379327,44.8528551],[-73.3795303,44.85383],[-73.379673,44.8548405],[-73.3798382,44.8557696],[-73.3798494,44.8567873],[-73.3789503,44.8574674],[-73.3778525,44.8579202],[-73.3770705,44.8586742],[-73.3766462,44.8595323],[-73.3760446,44.8603972],[-73.3750043,44.8609766],[-73.3737175,44.8615076],[-73.3726503,44.8620321],[-73.3717056,44.8626576],[-73.371042,44.8635213],[-73.3704165,44.8644394],[-73.3697918,44.8654394],[-73.3694046,44.8663071],[-73.3689349,44.8673087],[-73.3685328,44.8682836],[-73.3680787,44.8694389],[-73.3678014,44.8704166],[-73.3672076,44.8723341],[-73.3669599,44.8733026],[-73.3667439,44.8742356],[-73.3663774,44.875329],[-73.3660852,44.8766568],[-73.3658855,44.8776625],[-73.3656609,44.8785588],[-73.3653946,44.8795822],[-73.3650772,44.881179],[-73.3648188,44.8822024],[-73.3640797,44.8848654],[-73.3637028,44.8864439],[-73.3633671,44.887456],[-73.3629665,44.8890257],[-73.3626595,44.8901377],[-73.3621894,44.8917511],[-73.3619532,44.8927743],[-73.3611611,44.8954006],[-73.3607533,44.8966194],[-73.3600988,44.8979148],[-73.3594059,44.8991834],[-73.3587343,44.9004701],[-73.3580336,44.9015487],[-73.3573494,44.9027903],[-73.3564999,44.9040925],[-73.3556987,44.9052693],[-73.3548287,44.9063997],[-73.3536561,44.9075443],[-73.3525316,44.9084371],[-73.3510809,44.9095053],[-73.3498484,44.9102983],[-73.3482437,44.9112472],[-73.3465711,44.9119795],[-73.3449836,44.912622],[-73.3434176,44.913329],[-73.3418836,44.914243],[-73.3406729,44.9152156],[-73.3397,44.9163803],[-73.339334,44.916938],[-73.3391146,44.917569],[-73.3387145,44.9190397],[-73.3385605,44.9204235],[-73.3385002,44.9217459],[-73.3385626,44.923269],[-73.3385646,44.9243489],[-73.3386739,44.9257184],[-73.3387929,44.9269801],[-73.3388386,44.9284663],[-73.3390274,44.9296663],[-73.3391218,44.9308472],[-73.3392537,44.9322627],[-73.3392957,44.9349817],[-73.3394117,44.9365585],[-73.339414,44.9376931],[-73.3395648,44.9402701],[-73.3396114,44.9417735],[-73.3396054,44.9429262],[-73.3396268,44.9450415],[-73.3396149,44.9459416],[-73.3394564,44.9475959],[-73.3393611,44.9488725],[-73.3391529,44.9503734],[-73.3390158,44.9515055],[-73.3388537,44.9530517],[-73.3387548,44.9543375],[-73.3385624,44.95573],[-73.3384324,44.9568893],[-73.3383094,44.9582912],[-73.3381641,44.9595954],[-73.3380191,44.9609875],[-73.3379578,44.962346],[-73.3380295,44.9637157],[-73.3381868,44.9647982],[-73.3388845,44.9660421],[-73.3400935,44.9671041],[-73.3410965,44.9678827],[-73.3422686,44.9687461],[-73.3434099,44.9695098],[-73.3447061,44.9705278],[-73.3458926,44.9715891],[-73.3472865,44.9727891],[-73.3484496,44.9739665],[-73.3494971,44.9752059],[-73.3496628,44.9754186],[-73.3505043,44.9764987],[-73.3514508,44.9778901],[-73.3521571,44.9790257],[-73.3528165,44.9802949],[-73.3533837,44.981537],[-73.3536434,44.9825396],[-73.3542475,44.9839703],[-73.3545266,44.9854691],[-73.3547615,44.9867954],[-73.3546083,44.9881076],[-73.354131,44.9892712],[-73.3532508,44.9905547],[-73.3524948,44.9915971],[-73.351685,44.9926659],[-73.3507657,44.9939309],[-73.350495,44.995349],[-73.3499175,44.9966278],[-73.349524,44.9979183],[-73.348899,44.9991333],[-73.3486067,44.9996394],[-73.3483213,45.0001336],[-73.3475413,45.0015632],[-73.3471974,45.0023757],[-73.3470871,45.0026362],[-73.3465945,45.0036641],[-73.3461395,45.0046933],[-73.3454924,45.0058625],[-73.3448599,45.0070595],[-73.3443352,45.0082043],[-73.3438203,45.0090704],[-73.34332,45.0100713],[-73.3431662,45.0107247],[-73.3436272,45.0107187],[-73.351355,45.0105817],[-73.3530328,45.0105594],[-73.3580625,45.0104972],[-73.3674482,45.0103772],[-73.369456,45.0103515],[-73.3712444,45.0103286],[-73.376395,45.0102647],[-73.3911289,45.0100786],[-73.3994403,45.0099286],[-73.4003014,45.0099147],[-73.4004153,45.0099119],[-73.4081933,45.0097675],[-73.4106178,45.0097365],[-73.4143381,45.0096561],[-73.4179269,45.0095922],[-73.4278914,45.0094089],[-73.43815,45.0091756],[-73.4417364,45.009095],[-73.4430305,45.0090652],[-73.4510733,45.0088801],[-73.451147,45.0088787],[-73.4512185,45.0088768],[-73.4517386,45.008865],[-73.4518929,45.0088626],[-73.4519312,45.0088559],[-73.4519729,45.0088615],[-73.4519728,45.0088617],[-73.4520243,45.008858],[-73.4520734,45.0088545],[-73.4520788,45.0088552],[-73.4521337,45.0088535],[-73.4526919,45.0088444],[-73.4528283,45.0088422],[-73.4536508,45.0088234],[-73.4603647,45.00867],[-73.4718431,45.0084061],[-73.4818544,45.0081339],[-73.4848214,45.0080506],[-73.490344,45.0079],[-73.4920653,45.0078506],[-73.5061611,45.0074117],[-73.5172283,45.0070672],[-73.5195951,45.006993],[-73.5321958,45.0065978],[-73.5380991,45.0064209],[-73.5423075,45.0062839],[-73.5524469,45.0059617],[-73.5601031,45.0057172],[-73.5639003,45.005595],[-73.568681,45.005446],[-73.5726036,45.00532],[-73.5800897,45.005109],[-73.5801206,45.0051089],[-73.580202,45.005109],[-73.5874767,45.0049006],[-73.5958131,45.0046672],[-73.596877,45.00464],[-73.600128,45.00455],[-73.601088,45.004523],[-73.6030475,45.0044673],[-73.60313,45.0044644],[-73.603723,45.00445],[-73.6078578,45.0043283],[-73.618073,45.004014],[-73.6188944,45.0039869],[-73.624943,45.0038],[-73.6315003,45.0035925],[-73.639267,45.003352],[-73.639678,45.003339],[-73.6434758,45.0032175],[-73.6483,45.003069],[-73.6502428,45.0030064],[-73.6520733,45.0029953],[-73.652458,45.002994],[-73.658952,45.002945],[-73.659762,45.002939],[-73.6601236,45.0029342],[-73.660887,45.00293],[-73.665225,45.002896],[-73.666272,45.002888],[-73.666671,45.002885],[-73.6671822,45.0028786],[-73.674569,45.002888],[-73.6753297,45.0028869],[-73.6815161,45.0029481],[-73.6922553,45.0030536],[-73.6944063,45.0030799],[-73.7054725,45.0031758],[-73.7166842,45.0031703],[-73.7181675,45.0031675],[-73.7231289,45.0031675],[-73.7293344,45.0031647],[-73.7459742,45.0031508],[-73.7563489,45.0031423],[-73.7564708,45.0031422],[-73.7674861,45.0030678],[-73.7746031,45.0030178],[-73.78362,45.0029514],[-73.7928928,45.0028239],[-73.8017569,45.0026989],[-73.8047372,45.0026572],[-73.813673,45.0025295],[-73.8234883,45.0023908],[-73.8414114,45.0021328],[-73.8500283,45.0018942],[-73.857978,45.0016753],[-73.8618261,45.0015694],[-73.8725736,45.0012667],[-73.8827658,45.0009836],[-73.8929856,45.0006197],[-73.8994664,45.0003894],[-73.9027414,45.0002728],[-73.9129225,44.9999092],[-73.9214978,44.9995981],[-73.9320736,44.9992178],[-73.9392989,44.9989594],[-73.9415103,44.9988789],[-73.9521358,44.9984597],[-73.9629808,44.9980319],[-73.9718008,44.9977017],[-73.9772486,44.9974989],[-73.9827835,44.9972932],[-73.9924106,44.9969353],[-74.0048447,44.9964964],[-74.00752,44.9964019],[-74.0228994,44.9958575],[-74.027405,44.9956964],[-74.0367008,44.9953658],[-74.0457406,44.9950464],[-74.0471433,44.9949992],[-74.0600669,44.9945631],[-74.072885,44.9941242],[-74.0857194,44.9936853],[-74.0857639,44.9936853],[-74.0859278,44.9936769],[-74.0980483,44.9932131],[-74.1103386,44.9927381],[-74.1225925,44.9922603],[-74.1346992,44.9918714],[-74.143473,44.9915865],[-74.1469447,44.9914744],[-74.149712,44.9913861],[-74.1502076,44.9913869],[-74.1588542,44.9915217],[-74.1655513,44.9916383],[-74.1662356,44.9916522],[-74.1748278,44.9917525],[-74.1810119,44.9918244],[-74.1930572,44.9919275],[-74.2050389,44.9920275],[-74.2195347,44.9920831],[-74.2280297,44.9921136],[-74.2341219,44.9921361],[-74.2419811,44.9921639],[-74.243171,44.9921674],[-74.2485567,44.9921889],[-74.2628931,44.9921667],[-74.2771683,44.9921386],[-74.29288,44.9921081],[-74.3054608,44.9920828],[-74.3072581,44.99208],[-74.3080131,44.9920772],[-74.3080969,44.9920772],[-74.3083997,44.9920772],[-74.3115025,44.9920689],[-74.3268361,44.9919242],[-74.3307282,44.9919602],[-74.3365281,44.9920131],[-74.3429869,44.9923454],[-74.3515525,44.9927844],[-74.3518009,44.9927953],[-74.3608703,44.9931933],[-74.3700983,44.9935989],[-74.3804569,44.9940264],[-74.3906408,44.9944428],[-74.4008272,44.9948567],[-74.4114553,44.9952897],[-74.4229333,44.9957758],[-74.4247674,44.9958535],[-74.426053,44.995908],[-74.427608,44.995973],[-74.4395853,44.9964872],[-74.441986,44.996554],[-74.4490951,44.9967887],[-74.4492006,44.9967922],[-74.4564342,44.9970283],[-74.4653703,44.99722],[-74.4794456,44.9974808],[-74.4860486,44.9976003],[-74.4931931,44.9977308],[-74.5012044,44.9978808],[-74.5078906,44.9980006],[-74.5080044,44.9980033],[-74.5084745,44.9980118],[-74.509085,44.9980228],[-74.5193739,44.9982064],[-74.5298625,44.9983925],[-74.5411597,44.99859],[-74.5457906,44.9986564],[-74.5500847,44.9987181],[-74.5586875,44.9988406],[-74.5678486,44.9989686],[-74.571698,44.999023],[-74.5756653,44.9990769],[-74.5855431,44.999155],[-74.5953317,44.9992331],[-74.6049594,44.9993056],[-74.6061522,44.9993125],[-74.61264,44.9993503],[-74.6203678,44.9993922],[-74.6283289,44.9994369],[-74.6338703,44.9994369],[-74.6368553,44.9994381],[-74.6369786,44.9994369],[-74.637213,44.9994387],[-74.6406371,44.9994383],[-74.6427253,44.999438],[-74.6468369,44.9994372],[-74.6518675,44.9994375],[-74.6538552,44.9994376],[-74.6555009,44.9994377],[-74.6588283,44.9994378],[-74.6608058,44.9994378],[-74.6610961,44.9994428],[-74.6612217,44.999444],[-74.663059,44.998923],[-74.666669,45.002481],[-74.6684979,45.0042784],[-74.670529,45.006285],[-74.6732778,45.0008333],[-74.6789666,45.0000953],[-74.6794033,45.0000387],[-74.6797014,45],[-74.6835556,44.9995],[-74.686016,45],[-74.686759,45.000151],[-74.687459,45.0002931],[-74.7022778,45.0033056],[-74.7218056,44.9984444],[-74.72624,44.994567],[-74.7309444,44.9904722],[-74.7394073,44.9906184],[-74.7445,44.9906667],[-74.7571033,44.994116],[-74.7603333,44.995],[-74.7631389,45.0057222],[-74.7928889,45.0044167],[-74.7998333,45.0108056],[-74.8014722,45.0145556],[-74.81325,45.0135556],[-74.8170833,45.0115833],[-74.8265278,45.0158611],[-74.8335114,45.0148265],[-74.8347778,45.0146389],[-74.8418889,45.0112778],[-74.8461111,45.0103056],[-74.8561667,45.0045],[-74.8626111,45.0045556],[-74.8663611,45.0004722],[-74.8784352,45.0036512],[-74.8884444,44.9999722],[-74.9010556,44.9925556],[-74.9080556,44.9835278],[-74.9389192,44.9845777],[-74.94725,44.9848611],[-74.9725556,44.9834722],[-74.9928056,44.9775],[-74.9993333,44.97175],[-74.9994444,44.9661389],[-75.0028889,44.9624444],[-75.0050278,44.9584167],[-75.0266944,44.9466389],[-75.0433347,44.9407758],[-75.0599444,44.9344722],[-75.0646667,44.9295],[-75.0964167,44.9270556],[-75.1047778,44.9196389],[-75.1175833,44.9210833],[-75.1346667,44.9150556],[-75.1390474,44.9001797],[-75.14,44.8969444],[-75.1649722,44.8935556],[-75.1888889,44.8831944],[-75.1941667,44.8826667],[-75.2028889,44.8778333],[-75.2183889,44.8777778],[-75.22825,44.8683333],[-75.2410278,44.8671389],[-75.2560833,44.8573333],[-75.2683056,44.8549167],[-75.2848611,44.8483056],[-75.3074167,44.8366389],[-75.3018889,44.8264722],[-75.3053312,44.8242743],[-75.3335556,44.80625],[-75.3444167,44.8090278],[-75.3573167,44.7961918],[-75.3695833,44.78775],[-75.3699444,44.7829722],[-75.3878611,44.7795833],[-75.3965278,44.7735],[-75.4137222,44.7721667],[-75.4236389,44.7560833],[-75.443724,44.7425717],[-75.4438768,44.7424689],[-75.4761111,44.7207778],[-75.4964953,44.7098686],[-75.5008579,44.7075336],[-75.5049167,44.7053611],[-75.5177942,44.6956752],[-75.5197216,44.6942254],[-75.6104121,44.6259644],[-75.6200278,44.6187222],[-75.6356174,44.6089106],[-75.655015,44.5967529],[-75.6613333,44.5927222],[-75.6993333,44.5657222],[-75.6999629,44.5651887],[-75.7202778,44.5479722],[-75.7233056,44.5461944],[-75.7258611,44.5438333],[-75.738664,44.53493],[-75.7669167,44.5152778],[-75.7776872,44.5037379],[-75.8075833,44.4716944],[-75.8213889,44.4320556],[-75.8521479,44.409265],[-75.8601198,44.4033568],[-75.8616417,44.4022289],[-75.8699167,44.3961667],[-75.9128333,44.3678056],[-75.9216667,44.36875],[-75.9295278,44.3593056],[-75.9408333,44.3546667],[-75.9497222,44.3489722],[-75.9701944,44.3425278],[-75.9729167,44.3430278],[-75.9750278,44.346],[-75.9784444,44.3465],[-75.9802222,44.3460278],[-75.9804242,44.3461972],[-75.9819444,44.3474722],[-75.9831949,44.347296],[-75.9835642,44.3472439],[-75.9860833,44.3468889],[-75.9880833,44.3471944],[-75.9903056,44.3471389],[-75.9906667,44.3470833],[-75.9924167,44.3473333],[-76.0011111,44.3478611],[-76.008,44.3441944],[-76.0455,44.3318056],[-76.070995,44.3159164],[-76.0969722,44.2997222],[-76.1007156,44.2993094],[-76.1118333,44.2980833],[-76.1181944,44.2949167],[-76.1294444,44.2951389],[-76.1311667,44.2963889],[-76.1618056,44.2807222],[-76.1641134,44.2429789],[-76.1642432,44.2408546],[-76.1643056,44.2398333],[-76.1917222,44.2214167],[-76.2021547,44.2169868],[-76.2022631,44.2169407],[-76.2068333,44.215],[-76.2106208,44.2139082],[-76.2145798,44.212767],[-76.2454722,44.2038611],[-76.2866667,44.2038056],[-76.3127222,44.1990556],[-76.3528611,44.1343333],[-76.4018865,44.1113981],[-76.4389444,44.0940556],[-76.44118,44.0911447],[-76.4459653,44.0849134],[-76.4499161,44.0797683],[-76.4502963,44.0792731],[-76.4997494,44.0148318],[-76.5825012,43.9093646],[-76.5828015,43.9089758],[-76.6484322,43.8239591],[-76.746962,43.6959602],[-76.7472307,43.6956101],[-76.7966872,43.6311274],[-77.3839693,43.6344857],[-77.3845224,43.6344889],[-77.4438421,43.6345236],[-77.6199887,43.6345957],[-77.7395984,43.6346447],[-78.0089933,43.634745],[-78.4341298,43.6329192],[-78.4628701,43.6327877],[-78.5735449,43.6319857],[-78.6903889,43.6311389],[-79.2006667,43.4504722],[-79.128419,43.3462396],[-79.1222872,43.337385],[-79.1025047,43.308809],[-79.0937401,43.2961442],[-79.0786926,43.2743945],[-79.0775168,43.2726946],[-79.0729085,43.2660321],[-79.0703912,43.2623992],[-79.0559323,43.2546736],[-79.0546786,43.2487589],[-79.05579,43.2390942],[-79.0530461,43.22346],[-79.054371,43.2185032],[-79.0565586,43.2103169],[-79.0486941,43.200158],[-79.0527128,43.1840592],[-79.0529814,43.1794509],[-79.0533047,43.1739052],[-79.0510686,43.1676166],[-79.0485697,43.1646656],[-79.0466297,43.1623744],[-79.0449478,43.1559239],[-79.044217,43.1518789],[-79.0428241,43.1492759],[-79.0426981,43.1479288],[-79.0422989,43.1436633],[-79.0436731,43.1384064],[-79.04949,43.1351489],[-79.0521157,43.1321357],[-79.0525481,43.1316394],[-79.0541228,43.1293686],[-79.0570875,43.1270369],[-79.0594087,43.1264764],[-79.0696492,43.1203219],[-79.0692487,43.1200825],[-79.0625633,43.1160917],[-79.060105,43.1138664],[-79.0586475,43.1109203],[-79.0578728,43.1070959],[-79.0661939,43.09134],[-79.0697664,43.0885383],[-79.0753528,43.0816161],[-79.0740736,43.0778478],[-79.051845,43.073875],[-79.0296193,43.069898],[-79.0194831,43.0680826],[-79.0073964,43.0659167],[-78.9996403,43.0559897],[-79.0052984,43.047243],[-79.0118248,43.0291592],[-79.0234241,43.0162881],[-79.0201819,42.9948219],[-79.0116642,42.9852886],[-78.993338,42.9770354],[-78.9750166,42.9687792],[-78.9617555,42.9578503],[-78.9327428,42.9560158],[-78.9223535,42.9491456],[-78.9192258,42.947077],[-78.9094861,42.9336997],[-78.9060611,42.9237539],[-78.9059488,42.9046959],[-78.9059228,42.900285],[-78.9091097,42.8939507],[-78.912296,42.8876162],[-78.9154817,42.8812817],[-78.9161275,42.8786437],[-78.922549,42.8618598],[-78.9289671,42.8450756],[-78.9353817,42.8282908],[-78.9571244,42.8201948],[-78.9788614,42.8120947],[-79.0005928,42.8039904],[-79.0223185,42.795882],[-79.0440385,42.7877694],[-79.0657528,42.7796527],[-79.0874615,42.7715319],[-79.1091645,42.763407],[-79.1308619,42.755278],[-79.1525535,42.7471448],[-79.1742395,42.7390074],[-79.1959198,42.7308661],[-79.2175944,42.7227206],[-79.2177221,42.7226726],[-79.2392633,42.7145709],[-79.2609266,42.7064172],[-79.2825843,42.6982593],[-79.2967793,42.6929088],[-79.2979689,42.6924604],[-79.3042362,42.6900974],[-79.3258825,42.6819313],[-79.3475231,42.6737611],[-79.369158,42.6655868],[-79.3907873,42.6574084],[-79.4124109,42.649226],[-79.4340288,42.6410394],[-79.4556411,42.6328488],[-79.4772477,42.6246541],[-79.4988486,42.6164553],[-79.5204439,42.6082523],[-79.5420335,42.6000454],[-79.5636174,42.5918344],[-79.5851956,42.5836192],[-79.6067682,42.5754],[-79.6283352,42.5671767],[-79.6498965,42.5589494],[-79.671452,42.550718],[-79.6930019,42.5424825],[-79.7145463,42.5342429],[-79.7360848,42.5259993],[-79.7576177,42.5177517],[-79.7617618,42.5161635],[-79.7618404,42.5161334],[-79.761885,42.2702127],[-79.7618726,42.2694061],[-79.7618868,42.2682846],[-79.761888,42.2675523],[-79.7618912,42.2655247],[-79.7618943,42.2636133],[-79.7618967,42.2620974],[-79.7618972,42.261775],[-79.7618985,42.2609828],[-79.7619038,42.2576765],[-79.7619043,42.2573404],[-79.7619075,42.2553101],[-79.7619077,42.2551808],[-79.76191,42.2537714],[-79.7619102,42.2536335],[-79.7619118,42.2526478],[-79.7619144,42.2510117],[-79.7619157,42.2502177],[-79.7619252,42.2443248],[-79.7619262,42.2436793],[-79.7619265,42.2434831],[-79.7619268,42.2432947],[-79.7619265,42.2431809],[-79.7619262,42.2430167],[-79.7619244,42.2422073],[-79.7619216,42.2409314],[-79.7619118,42.2364967],[-79.761911,42.2361437],[-79.7619072,42.2344135],[-79.7619046,42.2332658],[-79.7619035,42.2327593],[-79.7618944,42.2286588],[-79.7618881,42.2258004],[-79.7618848,42.224335],[-79.7618749,42.2198854],[-79.7618735,42.2192376],[-79.7618733,42.2191422],[-79.7618652,42.2154774],[-79.7618566,42.2116268],[-79.7618498,42.2085421],[-79.7618483,42.2078599],[-79.7618389,42.2036046],[-79.761828,42.200218],[-79.7618209,42.1954835],[-79.7618162,42.1888088],[-79.7617604,42.1844587],[-79.7617663,42.1837267],[-79.7617654,42.1834554],[-79.7617861,42.1811515],[-79.7617929,42.180722],[-79.7618054,42.1800305],[-79.7617991,42.1796232],[-79.761803,42.1791624],[-79.761812,42.1776977],[-79.7618073,42.1751189],[-79.7618022,42.1747018],[-79.7617976,42.1741992],[-79.7617902,42.1733843],[-79.7617878,42.1724328],[-79.7617864,42.1713948],[-79.7617837,42.1693079],[-79.761782,42.168041],[-79.7617707,42.1665651],[-79.7617666,42.1660306],[-79.7617628,42.1627267],[-79.7617675,42.1600657],[-79.761766,42.1581609],[-79.7617913,42.1553294],[-79.7617922,42.1550349],[-79.7617843,42.1545501],[-79.7617856,42.1512813],[-79.7617687,42.1506097],[-79.7618655,42.1507719],[-79.761956,42.1509134],[-79.7619662,42.1479712],[-79.7619723,42.1461964],[-79.7619758,42.1451775]]],[[[-74.0472219,40.6908633],[-74.0472201,40.6908408],[-74.0472123,40.6908169],[-74.0472028,40.6907986],[-74.047146,40.690714],[-74.0470351,40.6906098],[-74.0470244,40.6905703],[-74.0470101,40.6905177],[-74.0471319,40.6904559],[-74.0471981,40.6904236],[-74.0469401,40.6901196],[-74.0468962,40.6900682],[-74.046845,40.6900082],[-74.0467971,40.6899522],[-74.046752,40.6898984],[-74.0462749,40.6893396],[-74.045357,40.6888833],[-74.0453632,40.6888759],[-74.0453147,40.6888513],[-74.0453031,40.6888646],[-74.0447779,40.6885981],[-74.0443758,40.6885252],[-74.0441445,40.6885605],[-74.0439725,40.6885868],[-74.0436327,40.688777],[-74.0435113,40.689208],[-74.043465,40.6896421],[-74.04347,40.6896489],[-74.0434871,40.6896706],[-74.0435049,40.6896932],[-74.0438883,40.6901864],[-74.0445985,40.6905663],[-74.0458907,40.6910753],[-74.0459271,40.6910896],[-74.0459617,40.6911024],[-74.0459898,40.6911115],[-74.0460174,40.6911182],[-74.0460458,40.6911231],[-74.0460787,40.6911267],[-74.0461132,40.691129],[-74.0461245,40.6911292],[-74.0461524,40.6911293],[-74.0461778,40.691104],[-74.0469829,40.6910489],[-74.0470212,40.6910442],[-74.0470605,40.6910372],[-74.0470937,40.6910277],[-74.0471232,40.6910138],[-74.0471496,40.6909979],[-74.0471724,40.6909803],[-74.047189,40.690962],[-74.0472041,40.6909398],[-74.0472133,40.690917],[-74.0472209,40.6908892],[-74.0472219,40.6908633]]],[[[-74.0407472,40.7001669],[-74.0407397,40.7001311],[-74.0407248,40.7001055],[-74.0407192,40.7000956],[-74.0407023,40.7000713],[-74.0406912,40.70005],[-74.0406874,40.70001],[-74.0406837,40.699983],[-74.0406744,40.6999616],[-74.0406744,40.6999346],[-74.0406631,40.6999075],[-74.0406443,40.6998832],[-74.0406237,40.6998605],[-74.0406154,40.6998284],[-74.0406173,40.6998026],[-74.0406117,40.6997657],[-74.0406004,40.6997386],[-74.0405779,40.69971],[-74.0405535,40.6996801],[-74.0405311,40.6996573],[-74.0405124,40.6996274],[-74.0404842,40.6995945],[-74.0404702,40.6995581],[-74.0404664,40.6995282],[-74.0404666,40.6994927],[-74.0404553,40.6994669],[-74.0404384,40.6994384],[-74.0404262,40.6994134],[-74.0404019,40.6993934],[-74.0403511,40.6993749],[-74.0403156,40.699365],[-74.040278,40.6993506],[-74.0402425,40.6993335],[-74.0402106,40.699315],[-74.0401899,40.6992778],[-74.0401899,40.6992451],[-74.0401863,40.6992152],[-74.040158,40.6991965],[-74.0400698,40.6991722],[-74.03998,40.6991236],[-74.0399479,40.6990979],[-74.0398992,40.699068],[-74.0398618,40.6990423],[-74.0398149,40.6990109],[-74.0397962,40.6989767],[-74.039798,40.6989367],[-74.0398243,40.6989111],[-74.0398682,40.6988933],[-74.0399097,40.6988835],[-74.0399512,40.6988816],[-74.0399861,40.6988865],[-74.0400282,40.6988979],[-74.0400437,40.6989027],[-74.0400595,40.6989072],[-74.0400963,40.6989342],[-74.0401454,40.6988975],[-74.0401502,40.6989014],[-74.040215,40.6988538],[-74.0402387,40.6988362],[-74.040234,40.6988328],[-74.0400782,40.6987147],[-74.0399309,40.6985897],[-74.0396695,40.6987755],[-74.0396471,40.69879],[-74.0396316,40.6987899],[-74.0395853,40.6987904],[-74.0395382,40.6987875],[-74.0395083,40.6987803],[-74.0394876,40.6987775],[-74.0394688,40.6987519],[-74.0394385,40.6987394],[-74.0394115,40.6987374],[-74.0393763,40.6987314],[-74.0393648,40.6987087],[-74.0393415,40.6986841],[-74.0393171,40.6986648],[-74.039285,40.6986319],[-74.0392448,40.6986141],[-74.0392054,40.698604],[-74.0391679,40.6985954],[-74.0391153,40.6985924],[-74.039061,40.6985967],[-74.0390065,40.6985937],[-74.0389596,40.6985951],[-74.0389252,40.698607],[-74.0388788,40.6986109],[-74.0388273,40.6986241],[-74.0387796,40.698636],[-74.038744,40.6986371],[-74.0387123,40.698654],[-74.0386807,40.69866],[-74.0386528,40.6986628],[-74.0386342,40.698667],[-74.0386211,40.6986713],[-74.0386028,40.6986769],[-74.038623,40.6986979],[-74.0386064,40.6987175],[-74.0385693,40.6987301],[-74.0385269,40.6987117],[-74.0385048,40.698702],[-74.038477,40.6986908],[-74.0384529,40.6986809],[-74.0384197,40.6986655],[-74.0383919,40.6986656],[-74.0383723,40.6986686],[-74.0383683,40.6986866],[-74.0383801,40.6987135],[-74.038396,40.6987285],[-74.0384116,40.6987557],[-74.0384355,40.6987917],[-74.0384551,40.6988247],[-74.0384669,40.6988698],[-74.0384629,40.6989239],[-74.0384589,40.6989808],[-74.0384668,40.6990169],[-74.0384982,40.699074],[-74.0384936,40.6991151],[-74.0385101,40.6991469],[-74.0385329,40.6991722],[-74.038561,40.6991929],[-74.0385985,40.6992101],[-74.0386321,40.6992385],[-74.0386642,40.6992628],[-74.038697,40.6992793],[-74.0387232,40.699302],[-74.0387475,40.6993362],[-74.0387588,40.6993677],[-74.0387719,40.6993976],[-74.0387831,40.6994062],[-74.0387962,40.699439],[-74.0388017,40.6994874],[-74.0388149,40.6995316],[-74.0388382,40.6995622],[-74.0388796,40.6996022],[-74.0388927,40.6996251],[-74.0389358,40.6996549],[-74.0389901,40.6996622],[-74.0390239,40.6996623],[-74.0390746,40.699668],[-74.0391214,40.6996709],[-74.0391629,40.6996767],[-74.0392097,40.699681],[-74.0392548,40.6996867],[-74.0392866,40.6997081],[-74.0393298,40.6997268],[-74.0393815,40.6997504],[-74.0394283,40.6997632],[-74.0394771,40.6997818],[-74.0395109,40.6998161],[-74.0395465,40.6998431],[-74.0395859,40.6998533],[-74.0396215,40.6998561],[-74.0396647,40.6998733],[-74.0396891,40.699899],[-74.0397134,40.6999275],[-74.0397453,40.6999503],[-74.0397827,40.6999518],[-74.0398251,40.6999554],[-74.0398588,40.6999655],[-74.0399002,40.6999811],[-74.0399339,40.6999941],[-74.0399657,40.7000183],[-74.0399938,40.7000412],[-74.040022,40.700061],[-74.0400483,40.700074],[-74.040082,40.7000925],[-74.0401196,40.700094],[-74.0401534,40.7001026],[-74.0401871,40.700114],[-74.0402491,40.700117],[-74.0402827,40.7001113],[-74.0403288,40.7001007],[-74.0403756,40.7001122],[-74.0404152,40.7001264],[-74.0404601,40.7001494],[-74.0404958,40.7001623],[-74.0405278,40.7001765],[-74.0405689,40.7001879],[-74.0406121,40.7002008],[-74.0406477,40.7002136],[-74.0406966,40.7002152],[-74.0407303,40.7001925],[-74.0407472,40.7001669]]]]}}]}