{"type":"FeatureCollection","licence":"Data © OpenStreetMap contributors, ODbL 1.0. http://osm.org/copyright","features":[{"type":"Feature","properties":{"place_id":349115972,"osm_type":"relation","osm_id":162109,"place_rank":8,"category":"boundary","type":"administrative","importance":0.8007233894504425,"addresstype":"state","name":"Pennsylvania","display_name":"Pennsylvania, United States"},"bbox":[-80.5210906,39.7197662,-74.6896720,42.5161334],"geometry":{"type":"Polygon","coordinates":[[[-80.5210906,42.3246919],[-80.5193542,41.9772224],[-80.5193466,41.9561471],[-80.5193466,41.9561444],[-80.5193467,41.9561138],[-80.5193486,41.955366],[-80.5193489,41.9552563],[-80.51935,41.9550095],[-80.5193488,41.9549661],[-80.5193488,41.9548137],[-80.5193487,41.9542595],[-80.5193485,41.9534041],[-80.5193483,41.952533],[-80.519348,41.9513807],[-80.5193478,41.9505116],[-80.5193478,41.950368],[-80.5193478,41.9502937],[-80.5193477,41.9501455],[-80.5193476,41.9499198],[-80.5193473,41.9486302],[-80.5193473,41.9484288],[-80.5193473,41.9483397],[-80.5193472,41.9480145],[-80.5193469,41.947002],[-80.5193466,41.9456638],[-80.5193465,41.9452953],[-80.5193463,41.9442605],[-80.5193462,41.9439825],[-80.5193462,41.9439139],[-80.5193462,41.9438407],[-80.519346,41.9432242],[-80.519346,41.9429799],[-80.5193459,41.9425314],[-80.5193456,41.9414123],[-80.5193453,41.9401865],[-80.519345,41.9387357],[-80.5193447,41.9375197],[-80.5193446,41.9374197],[-80.5193446,41.9373682],[-80.5193446,41.9372032],[-80.5193445,41.9370749],[-80.5193445,41.936971],[-80.5193445,41.936919],[-80.5193443,41.936059],[-80.519344,41.9345192],[-80.5193436,41.9331216],[-80.5193432,41.9274566],[-80.5193432,41.9273635],[-80.5193146,41.9246743],[-80.5193316,41.9218852],[-80.5193324,41.9196241],[-80.5193069,41.9172056],[-80.5193315,41.9149133],[-80.5193324,41.913341],[-80.519331,41.9115192],[-80.5193361,41.9102045],[-80.519338,41.9096777],[-80.5193376,41.9078198],[-80.5193536,41.9074498],[-80.5193607,41.9072844],[-80.5193611,41.9071439],[-80.5194026,41.8921386],[-80.519361,41.8920396],[-80.5194017,41.8900605],[-80.5193473,41.8890573],[-80.5193546,41.8874124],[-80.5193542,41.8857501],[-80.5193372,41.88388],[-80.5193609,41.8820099],[-80.5193458,41.8799136],[-80.5193444,41.8788806],[-80.5193267,41.8774556],[-80.5193129,41.8756546],[-80.5193292,41.8739098],[-80.5193211,41.8728292],[-80.5193052,41.8707646],[-80.5193071,41.8702575],[-80.5193191,41.8678931],[-80.5193185,41.8655078],[-80.5193266,41.8635574],[-80.5193288,41.8630387],[-80.5193855,41.8494876],[-80.5193853,41.8485585],[-80.5193853,41.8485538],[-80.5193846,41.8442352],[-80.5193752,41.7910315],[-80.5193954,41.7580469],[-80.5194091,41.7147585],[-80.5193615,41.7129927],[-80.5193594,41.7007649],[-80.5193593,41.7001116],[-80.5193587,41.6971946],[-80.5193578,41.6916543],[-80.5193573,41.6889917],[-80.5193573,41.6889244],[-80.519357,41.6876041],[-80.5193559,41.681138],[-80.5193554,41.6781394],[-80.5193552,41.6771553],[-80.5193552,41.6769306],[-80.5193549,41.6756081],[-80.5193549,41.6753642],[-80.5193547,41.6745771],[-80.5193538,41.6717453],[-80.5193534,41.6702948],[-80.5193534,41.6701471],[-80.5193534,41.6701002],[-80.5193529,41.6682557],[-80.5193532,41.6630458],[-80.5193526,41.6607744],[-80.5193525,41.6604905],[-80.519348,41.6445524],[-80.5193291,41.5784908],[-80.519327,41.5711257],[-80.5193215,41.5519123],[-80.5193321,41.5394045],[-80.5193176,41.5386522],[-80.5193146,41.5321437],[-80.5193131,41.5288048],[-80.5193146,41.5277811],[-80.5193179,41.5254315],[-80.519318,41.5253681],[-80.5193189,41.5247388],[-80.5193238,41.5212844],[-80.5193273,41.5188499],[-80.5193469,41.5051278],[-80.5193481,41.5043362],[-80.5193517,41.5017842],[-80.5193726,41.5002966],[-80.5193744,41.499429],[-80.5192209,41.4944423],[-80.5192239,41.494349],[-80.5192373,41.491708],[-80.519246,41.4904655],[-80.5192557,41.4890785],[-80.519215,41.4768074],[-80.5192074,41.4745191],[-80.5192064,41.4742111],[-80.519205,41.4737983],[-80.5191768,41.4652871],[-80.5191744,41.4645604],[-80.519168,41.4626347],[-80.5191679,41.4625944],[-80.5191466,41.4609246],[-80.5191676,41.4568375],[-80.5191726,41.4558516],[-80.5191752,41.4553412],[-80.519139,41.4534385],[-80.5191358,41.4506463],[-80.519125,41.443312],[-80.5190985,41.4407279],[-80.519112,41.4386132],[-80.51916,41.436929],[-80.5191687,41.4318449],[-80.5191902,41.4294966],[-80.5191207,41.4247135],[-80.5191399,41.3610884],[-80.5191375,41.3610196],[-80.5191212,41.3608702],[-80.5191235,41.3590071],[-80.5191343,41.3565483],[-80.5191427,41.35462],[-80.5191421,41.3543101],[-80.5191379,41.3531259],[-80.5191334,41.3518743],[-80.5191327,41.3516892],[-80.5190938,41.350739],[-80.5190954,41.3504404],[-80.5191,41.3496075],[-80.5191029,41.3490576],[-80.519109,41.3479377],[-80.5191095,41.347846],[-80.5191184,41.346212],[-80.5191234,41.3452847],[-80.5191321,41.343681],[-80.5191332,41.3434858],[-80.5191366,41.3428585],[-80.5191407,41.3421029],[-80.519143,41.3416725],[-80.5191503,41.3403335],[-80.5191533,41.3397872],[-80.5191567,41.3391559],[-80.5191576,41.3389912],[-80.5191578,41.3389511],[-80.5191588,41.338761],[-80.5191592,41.3386935],[-80.5191617,41.3382233],[-80.5191645,41.3377166],[-80.5191663,41.3373778],[-80.5191731,41.3361253],[-80.5191738,41.335994],[-80.5191783,41.3351821],[-80.5191852,41.3338952],[-80.519187,41.3335643],[-80.5191465,41.3329392],[-80.5191461,41.3325689],[-80.5191458,41.3324129],[-80.5191385,41.3306229],[-80.5191492,41.328614],[-80.5191414,41.327095],[-80.5191327,41.3257137],[-80.5191364,41.3242528],[-80.5191401,41.3238482],[-80.519145,41.3220575],[-80.5191439,41.3219523],[-80.5191413,41.3194012],[-80.5191392,41.3191524],[-80.5191384,41.3190501],[-80.5191375,41.3189387],[-80.5191334,41.3184376],[-80.519129,41.311933],[-80.5191218,41.3114503],[-80.5191201,41.3111499],[-80.519113,41.3103697],[-80.5191102,41.3101091],[-80.5190939,41.3087001],[-80.5190592,41.3055653],[-80.5190594,41.3054585],[-80.5190569,41.3043623],[-80.5190476,41.3028614],[-80.5190477,41.3019536],[-80.5190552,41.3002055],[-80.5190642,41.2992372],[-80.5190821,41.2982706],[-80.5190883,41.2977909],[-80.5190842,41.2967975],[-80.5190814,41.2961405],[-80.5190793,41.2956186],[-80.5190788,41.2955169],[-80.5190812,41.294652],[-80.5190836,41.2937528],[-80.5190838,41.2930222],[-80.5190797,41.2919283],[-80.5190809,41.2916169],[-80.5190848,41.2910511],[-80.5190857,41.2909905],[-80.519088,41.289912],[-80.5190889,41.2896962],[-80.5191024,41.2881729],[-80.519088,41.277177],[-80.5190997,41.2756982],[-80.5190906,41.2746584],[-80.51909,41.2740535],[-80.5190895,41.2735747],[-80.5190943,41.2724911],[-80.5190944,41.2724761],[-80.5191092,41.2718292],[-80.5191426,41.2703686],[-80.5191832,41.2685935],[-80.5191967,41.2680016],[-80.519189,41.2658768],[-80.5191851,41.2648123],[-80.5191386,41.2520701],[-80.5191376,41.2517949],[-80.5191295,41.2495766],[-80.5191246,41.2484107],[-80.5191234,41.248071],[-80.5191238,41.248004],[-80.5191215,41.247365],[-80.5191174,41.2462379],[-80.5191136,41.2451888],[-80.519106,41.243108],[-80.5191097,41.242737],[-80.5191443,41.2398538],[-80.519092,41.239266],[-80.519089,41.238219],[-80.5190193,41.2361371],[-80.519082,41.234671],[-80.519115,41.229042],[-80.5190937,41.228758],[-80.5190621,41.2282718],[-80.5190619,41.2278016],[-80.5190581,41.2273029],[-80.5190655,41.2268339],[-80.5190656,41.2268251],[-80.5190574,41.2254601],[-80.51905,41.22422],[-80.5190432,41.2220854],[-80.519022,41.2216277],[-80.5190576,41.220564],[-80.5190597,41.2204994],[-80.5190752,41.2200363],[-80.519062,41.219517],[-80.5190496,41.2192117],[-80.5190483,41.2186902],[-80.5190535,41.2185592],[-80.5190542,41.2171145],[-80.5190919,41.2099664],[-80.5190939,41.2098124],[-80.5190944,41.2097717],[-80.5190951,41.2096123],[-80.5190813,41.2086699],[-80.5190799,41.2086551],[-80.5190697,41.2052944],[-80.519058,41.2035143],[-80.519056,41.2029135],[-80.5190554,41.2027316],[-80.5190539,41.2026545],[-80.5190495,41.19693],[-80.5190486,41.1957433],[-80.5190469,41.1935472],[-80.5189813,41.1895107],[-80.5189601,41.1882057],[-80.5189676,41.187329],[-80.5189776,41.1858454],[-80.5189794,41.1856904],[-80.5189911,41.1850117],[-80.5189883,41.1849383],[-80.518992,41.1846287],[-80.5189928,41.184562],[-80.5189945,41.1844179],[-80.5189958,41.184309],[-80.5190129,41.1828656],[-80.5190496,41.179772],[-80.5190522,41.1795453],[-80.5190637,41.1785793],[-80.5190877,41.1765562],[-80.5191059,41.1750219],[-80.5191184,41.1739638],[-80.5191284,41.17312],[-80.5191317,41.172844],[-80.5191431,41.1718799],[-80.5191495,41.1713429],[-80.5191494,41.1712949],[-80.5191491,41.1710763],[-80.519142,41.166803],[-80.5191361,41.1632255],[-80.5191324,41.1609475],[-80.5191322,41.1609145],[-80.5191319,41.1608811],[-80.5191281,41.1603405],[-80.5191066,41.1573296],[-80.5191029,41.1568239],[-80.519068,41.1519377],[-80.5190458,41.1488284],[-80.5190378,41.1477052],[-80.5190222,41.1455243],[-80.5190198,41.1451831],[-80.5190333,41.1447773],[-80.51904,41.1445769],[-80.5191049,41.1426305],[-80.5190987,41.1408349],[-80.5190954,41.13988],[-80.5190915,41.1387791],[-80.5190908,41.1385804],[-80.5190867,41.1373885],[-80.519082,41.1366602],[-80.519048,41.1333751],[-80.5190342,41.1245448],[-80.5190281,41.1205789],[-80.5190296,41.1161162],[-80.5190301,41.1147739],[-80.5190333,41.1052474],[-80.519034,41.1030567],[-80.5190357,41.0981466],[-80.519036,41.0973746],[-80.5190379,41.0916382],[-80.5190389,41.0887691],[-80.5190395,41.0868233],[-80.51904,41.0855165],[-80.5190407,41.0835316],[-80.519043,41.0768254],[-80.5190438,41.0744841],[-80.5190446,41.0721738],[-80.519045,41.0708488],[-80.5190455,41.0693567],[-80.5190477,41.0630471],[-80.5190489,41.0615416],[-80.5190473,41.0539568],[-80.5190465,41.0474169],[-80.5190464,41.0466559],[-80.5190463,41.0459097],[-80.5190459,41.0430743],[-80.5190458,41.0424276],[-80.5190448,41.0336795],[-80.5190447,41.0327918],[-80.5190446,41.0318626],[-80.5190446,41.0317064],[-80.5190444,41.0303726],[-80.5190444,41.0299204],[-80.5190443,41.0294204],[-80.519044,41.0276131],[-80.5190439,41.0266401],[-80.5190438,41.0256889],[-80.5190437,41.0245809],[-80.5190436,41.023651],[-80.5190435,41.0231886],[-80.5190434,41.0222675],[-80.5190428,41.0178227],[-80.5190428,41.0173297],[-80.5190427,41.0169623],[-80.5190426,41.0159963],[-80.5190399,40.9941079],[-80.5190391,40.9877458],[-80.5190381,40.979703],[-80.5190321,40.9312422],[-80.5190315,40.9266713],[-80.5190314,40.9258194],[-80.519031,40.921976],[-80.5190308,40.9206843],[-80.5190304,40.9178634],[-80.5190296,40.9110087],[-80.5190295,40.9102315],[-80.5190292,40.9078884],[-80.5190289,40.9056032],[-80.5190286,40.9036261],[-80.5190285,40.9024584],[-80.5190048,40.9014075],[-80.5189943,40.9009441],[-80.5189847,40.9005205],[-80.518979,40.9002669],[-80.5193352,40.8512916],[-80.5191188,40.8128666],[-80.5192396,40.7923831],[-80.5192352,40.7896426],[-80.5192043,40.7705496],[-80.519173,40.7512751],[-80.5191688,40.7486463],[-80.5191589,40.7422199],[-80.5191559,40.7406992],[-80.519149,40.7364152],[-80.5191447,40.7337341],[-80.5191447,40.7337301],[-80.5191009,40.7259804],[-80.5191282,40.7235382],[-80.5191213,40.719293],[-80.5191121,40.7135896],[-80.5191094,40.7119252],[-80.5190989,40.7054503],[-80.5190947,40.7028609],[-80.5190866,40.6978839],[-80.5190843,40.696487],[-80.5190841,40.6963653],[-80.5190716,40.6885885],[-80.5190578,40.6800835],[-80.5190542,40.6778817],[-80.5190541,40.6777914],[-80.5190482,40.6741633],[-80.5190481,40.6741078],[-80.519048,40.6740228],[-80.5190477,40.6738276],[-80.5190395,40.6687391],[-80.519039,40.6684064],[-80.519038,40.6678169],[-80.5190367,40.6670393],[-80.5190326,40.6645356],[-80.5190313,40.6637116],[-80.5190173,40.6550205],[-80.5190161,40.6542482],[-80.5190159,40.6541528],[-80.5190154,40.6538437],[-80.5190097,40.6503564],[-80.5190082,40.6494201],[-80.5190002,40.6430639],[-80.5189956,40.6416051],[-80.518991,40.638801],[-80.5189939,40.6374466],[-80.5190141,40.5596109],[-80.5190257,40.5185454],[-80.5190355,40.4771693],[-80.51899,40.473667],[-80.5189787,40.4685543],[-80.5189618,40.4631466],[-80.5189554,40.4577005],[-80.5189974,40.4445115],[-80.5190304,40.4335107],[-80.5190443,40.4244245],[-80.5190431,40.4242302],[-80.5190376,40.423318],[-80.5190203,40.420435],[-80.5189994,40.4169671],[-80.5189859,40.4147491],[-80.5189964,40.4132384],[-80.5190444,40.4117948],[-80.5190746,40.408466],[-80.5190702,40.3996772],[-80.5190675,40.3991031],[-80.5190751,40.3934361],[-80.5190509,40.3809982],[-80.5191358,40.369013],[-80.5191352,40.3689356],[-80.5191345,40.3688372],[-80.5191333,40.3686645],[-80.5191317,40.3684431],[-80.5191009,40.363741],[-80.518975,40.349789],[-80.518988,40.3484],[-80.51898,40.343787],[-80.519039,40.342109],[-80.519043,40.340004],[-80.519008,40.330951],[-80.518991,40.300535],[-80.519023,40.299494],[-80.519055,40.294518],[-80.5189975,40.2942173],[-80.518991,40.294183],[-80.519019,40.290833],[-80.519071,40.288612],[-80.519072,40.283707],[-80.519116,40.281725],[-80.519118,40.281706],[-80.519135,40.28159],[-80.519215,40.268295],[-80.519151,40.268101],[-80.519167,40.262198],[-80.519071,40.256973],[-80.51911,40.244436],[-80.51909,40.203553],[-80.519072,40.203489],[-80.519078,40.202691],[-80.518861,40.19598],[-80.518861,40.195897],[-80.518927,40.182695],[-80.519057,40.172755],[-80.51909,40.172636],[-80.519065,40.172624],[-80.519134,40.172319],[-80.519138,40.171889],[-80.5191005,40.1597303],[-80.519072,40.150467],[-80.5190409,40.1441954],[-80.5190321,40.1345027],[-80.5190162,40.1216858],[-80.5190082,40.1173836],[-80.5189851,40.1035388],[-80.5189834,40.1026605],[-80.5189797,40.0990252],[-80.5189757,40.0954248],[-80.51896,40.078089],[-80.51896,40.077337],[-80.519008,40.077001],[-80.5189391,40.0740579],[-80.51896,40.068201],[-80.519008,40.065065],[-80.519056,40.064073],[-80.519264,40.045402],[-80.519024,40.036522],[-80.518992,40.036169],[-80.51928,40.02577],[-80.51909,40.017031],[-80.519088,40.016826],[-80.51912,40.01641],[-80.5191185,40.016199],[-80.519024,40.003018],[-80.519056,40.000074],[-80.519131,39.970029],[-80.519163,39.965887],[-80.519211,39.963425],[-80.519173,39.962848],[-80.519097,39.962247],[-80.519091,39.9622],[-80.5191035,39.8782156],[-80.5190439,39.8552181],[-80.5195215,39.7916179],[-80.5191235,39.7212492],[-80.4525382,39.7210585],[-80.4213929,39.7211879],[-80.4035082,39.7211246],[-80.2890591,39.7212883],[-80.2588096,39.7211965],[-80.2584381,39.7211965],[-80.2433548,39.7211714],[-80.2218072,39.7212155],[-80.2202967,39.7212163],[-80.2125338,39.7212229],[-80.2095094,39.7212243],[-80.2073832,39.7212227],[-80.20201,39.7212246],[-80.2014224,39.7212264],[-80.1742052,39.721239],[-80.1409523,39.7212215],[-80.0837276,39.7212664],[-80.0747053,39.721289],[-80.0621791,39.7212935],[-80.0614753,39.7212975],[-80.0418765,39.7212329],[-80.0062921,39.7210895],[-79.9722627,39.7209308],[-79.9500961,39.7208365],[-79.9364482,39.7207727],[-79.9243914,39.7207509],[-79.9180782,39.7207383],[-79.9165126,39.7207318],[-79.9149322,39.7207282],[-79.8580325,39.7206611],[-79.8556292,39.7206623],[-79.854551,39.7206628],[-79.8536283,39.7206632],[-79.8081566,39.7208347],[-79.7638076,39.7207071],[-79.71911,39.7207731],[-79.5237486,39.7210617],[-79.4767594,39.7211311],[-79.4729249,39.7211374],[-79.4429417,39.7211791],[-79.4253194,39.7213031],[-79.4020356,39.7213539],[-79.3944002,39.7214404],[-79.393631,39.721438],[-79.3906552,39.7214395],[-79.3879448,39.7214405],[-79.3822969,39.7214198],[-79.3739849,39.7214202],[-79.3637282,39.7214522],[-79.344351,39.7214609],[-79.3037379,39.7215568],[-79.2994741,39.721689],[-79.2873551,39.7216117],[-79.2638476,39.7216641],[-79.2585267,39.721686],[-79.2251621,39.7218236],[-79.2250418,39.7218242],[-79.2110505,39.7218936],[-79.2083182,39.7220821],[-79.1945977,39.7221136],[-79.1798601,39.7221601],[-79.1101547,39.7221362],[-79.0955615,39.7222335],[-79.0874368,39.7223719],[-79.0778879,39.7223487],[-79.0569713,39.7224593],[-79.0568586,39.7224599],[-79.0268293,39.722467],[-79.0068668,39.7224957],[-78.9944934,39.7225405],[-78.9773878,39.7226656],[-78.9725695,39.7226968],[-78.960657,39.722683],[-78.958642,39.722683],[-78.953416,39.722695],[-78.936791,39.72274],[-78.934846,39.722749],[-78.931175,39.722774],[-78.9289744,39.722778],[-78.9284278,39.7227791],[-78.9148459,39.7227843],[-78.8499071,39.7228091],[-78.837692,39.7228138],[-78.8082754,39.722825],[-78.7893139,39.7228323],[-78.761169,39.7228431],[-78.742646,39.7230268],[-78.7256666,39.7230286],[-78.7207349,39.7230255],[-78.7065124,39.7230104],[-78.6999983,39.7230021],[-78.6923181,39.7229921],[-78.6753109,39.722938],[-78.6626783,39.7228808],[-78.6594008,39.722882],[-78.6585151,39.7228824],[-78.6581863,39.7228823],[-78.6338322,39.7228772],[-78.6328249,39.722877],[-78.622611,39.7228748],[-78.5885483,39.7228676],[-78.5857824,39.722867],[-78.5786989,39.7228656],[-78.5623174,39.7228621],[-78.5073783,39.722834],[-78.5030673,39.7228496],[-78.500343,39.722849],[-78.4935923,39.7227016],[-78.4841717,39.7226915],[-78.3812414,39.7225814],[-78.3567947,39.7225803],[-78.3427105,39.7225774],[-78.3426213,39.7225773],[-78.3212005,39.7225023],[-78.3146106,39.7225038],[-78.2913703,39.7224939],[-78.287001,39.7225033],[-78.2813768,39.7225153],[-78.2738524,39.7224993],[-78.2555173,39.7225277],[-78.2369149,39.7225118],[-78.2178151,39.7224817],[-78.19911,39.7223477],[-78.181409,39.722384],[-78.1801984,39.7223873],[-78.1758542,39.7225646],[-78.1712631,39.7225408],[-78.1611382,39.7224391],[-78.1426199,39.722287],[-78.1374744,39.7224003],[-78.1237339,39.722322],[-78.1132416,39.7223796],[-78.1048479,39.7222406],[-78.0987733,39.722356],[-78.0862957,39.7222578],[-78.0675601,39.7221915],[-78.0486409,39.7222943],[-78.0298886,39.7222909],[-78.0111863,39.7223388],[-78.0054945,39.7223415],[-77.9956063,39.7223462],[-77.9942691,39.7223468],[-77.9850045,39.7223255],[-77.9749829,39.7223024],[-77.9556299,39.7222597],[-77.9537934,39.7222558],[-77.9362937,39.7222185],[-77.9276126,39.7221939],[-77.9177916,39.7221661],[-77.9167279,39.7221602],[-77.899423,39.7220647],[-77.8810543,39.7219551],[-77.8609339,39.7218784],[-77.8414476,39.7217285],[-77.8235794,39.7215989],[-77.8044767,39.721465],[-77.7897974,39.7213892],[-77.7876079,39.7213779],[-77.7855243,39.7213671],[-77.766755,39.7212131],[-77.7542625,39.7211195],[-77.7481214,39.7211401],[-77.7405981,39.7210948],[-77.732752,39.7210475],[-77.729195,39.7210261],[-77.7260268,39.7210165],[-77.7251938,39.7210139],[-77.7218557,39.7210038],[-77.7104168,39.720969],[-77.6917868,39.720858],[-77.6730272,39.7208401],[-77.669592,39.7208086],[-77.6536437,39.7206621],[-77.6366204,39.7205687],[-77.6161149,39.7204498],[-77.5972599,39.7202956],[-77.5784421,39.7202629],[-77.5593728,39.7202067],[-77.5408375,39.7200144],[-77.5222193,39.719894],[-77.5075652,39.7198413],[-77.5069233,39.719839],[-77.5068142,39.7198386],[-77.5066591,39.719838],[-77.5029641,39.7198248],[-77.4841291,39.7198994],[-77.4690965,39.7198985],[-77.4688748,39.7198985],[-77.4651627,39.7198982],[-77.4638735,39.7198971],[-77.4594267,39.7198932],[-77.4461438,39.7198817],[-77.4273741,39.7198841],[-77.4088559,39.7198824],[-77.3900213,39.719893],[-77.379408,39.7198967],[-77.3709833,39.7198997],[-77.363023,39.7198874],[-77.3525574,39.7198712],[-77.348932,39.7199013],[-77.3336866,39.720028],[-77.320239,39.7199942],[-77.3135738,39.7199774],[-77.30693,39.7199477],[-77.3047494,39.7199379],[-77.2960191,39.7198989],[-77.2770928,39.7198883],[-77.2583517,39.7197885],[-77.2396328,39.7198736],[-77.2380095,39.7198434],[-77.2209192,39.7198118],[-77.2166731,39.7197662],[-77.2018731,39.7198753],[-77.183012,39.7198738],[-77.1670895,39.7198728],[-77.1642127,39.7198726],[-77.1453806,39.7198639],[-77.1265879,39.719999],[-77.1098224,39.7199499],[-77.0893686,39.7199375],[-77.07015,39.7198925],[-77.0496949,39.7199003],[-77.0434745,39.7199064],[-77.0386516,39.7199112],[-77.0318515,39.7199179],[-77.0133186,39.7198761],[-76.9993175,39.719917],[-76.9950063,39.7199297],[-76.9761549,39.7200009],[-76.9572323,39.7202675],[-76.945654,39.7204188],[-76.9383503,39.7205142],[-76.9306226,39.7205382],[-76.9299429,39.7205403],[-76.9293173,39.7205422],[-76.9287794,39.7205439],[-76.9262763,39.7205516],[-76.9241244,39.7205583],[-76.9223087,39.7205639],[-76.9214067,39.7205667],[-76.9193254,39.7205732],[-76.9159497,39.7205331],[-76.9003287,39.7203474],[-76.8815031,39.720371],[-76.8810863,39.7203719],[-76.863108,39.7204115],[-76.8615893,39.7204128],[-76.8442077,39.7204278],[-76.8439323,39.720428],[-76.8418567,39.7204399],[-76.8236938,39.7206844],[-76.8203797,39.7205503],[-76.8065512,39.7205784],[-76.8005006,39.7206381],[-76.7886782,39.7207756],[-76.7845543,39.7207833],[-76.7690121,39.7208161],[-76.7576998,39.7208568],[-76.750224,39.7208837],[-76.7290183,39.7209365],[-76.7125044,39.720991],[-76.7026323,39.7210205],[-76.6980066,39.7210343],[-76.6977705,39.721035],[-76.693424,39.721048],[-76.6853977,39.7210713],[-76.674847,39.7211019],[-76.6560027,39.721162],[-76.6361243,39.7211673],[-76.6183876,39.7211735],[-76.6096543,39.7211742],[-76.5969915,39.7211752],[-76.5806472,39.721177],[-76.5694525,39.7211988],[-76.5618196,39.7211639],[-76.5508407,39.7211819],[-76.5435387,39.7212078],[-76.5261688,39.7211775],[-76.524149,39.721174],[-76.5237161,39.7211741],[-76.5052926,39.7211803],[-76.4864796,39.7211853],[-76.467607,39.7211578],[-76.461141,39.7211559],[-76.4487723,39.7211523],[-76.4388824,39.7211408],[-76.4300317,39.7211303],[-76.4112664,39.7211468],[-76.4045193,39.721139],[-76.3922685,39.7211248],[-76.3731292,39.7211829],[-76.3542769,39.7211524],[-76.3469409,39.7211487],[-76.3433145,39.7211469],[-76.3371827,39.721144],[-76.3354726,39.7211544],[-76.3326152,39.7211458],[-76.3208632,39.7211306],[-76.3172212,39.7211259],[-76.3139179,39.7211284],[-76.2982763,39.7211401],[-76.2794611,39.721121],[-76.2607015,39.7211703],[-76.2436878,39.7211763],[-76.2407982,39.7212919],[-76.233358,39.721286],[-76.2332499,39.7212838],[-76.2231976,39.7212734],[-76.2002711,39.7212512],[-76.185444,39.7212795],[-76.1773275,39.7212981],[-76.1667851,39.7213048],[-76.1544043,39.7213137],[-76.1480099,39.7213738],[-76.1355348,39.7215021],[-76.1294675,39.7215105],[-76.1198894,39.7215222],[-76.110499,39.7214868],[-76.1024733,39.7215545],[-76.0916449,39.721584],[-76.0752022,39.7216114],[-76.0722887,39.7216159],[-76.0679076,39.7216085],[-76.066289,39.7216057],[-76.0539634,39.7215857],[-76.0351165,39.7216022],[-76.0309378,39.7216194],[-76.0277343,39.7216295],[-76.0172108,39.7216669],[-75.9983708,39.7216664],[-75.9961145,39.7216796],[-75.9810413,39.7217989],[-75.9784331,39.7218175],[-75.9621741,39.7218574],[-75.9598193,39.7218787],[-75.9408501,39.721924],[-75.9221761,39.7220042],[-75.9068066,39.7220735],[-75.9036909,39.7220876],[-75.8931068,39.7220838],[-75.8851063,39.7220817],[-75.8750531,39.722111],[-75.8692364,39.7220999],[-75.8649334,39.7221003],[-75.863724,39.7220926],[-75.8450271,39.7220548],[-75.8418071,39.7220873],[-75.8262266,39.7221525],[-75.8248925,39.722155],[-75.8213487,39.7221589],[-75.812989,39.7221685],[-75.8073964,39.7221295],[-75.7908637,39.7221918],[-75.7907984,39.7221926],[-75.788594,39.7222006],[-75.7830471,39.7222005],[-75.7737845,39.7222016],[-75.7736248,39.7225849],[-75.7728076,39.724496],[-75.7720442,39.7262201],[-75.7714845,39.7274418],[-75.7708183,39.7288637],[-75.7704459,39.7296449],[-75.7701836,39.7301856],[-75.7700231,39.73051],[-75.7695125,39.7315108],[-75.7687985,39.7329293],[-75.7685299,39.7334627],[-75.7683093,39.7338841],[-75.7675655,39.7352938],[-75.7669451,39.7364321],[-75.7664628,39.7373102],[-75.7659739,39.7381798],[-75.7643297,39.7410163],[-75.762537,39.743942],[-75.7612485,39.7459676],[-75.7602836,39.7474421],[-75.7602478,39.7474955],[-75.7585623,39.7499799],[-75.7568231,39.7524439],[-75.7547323,39.7553132],[-75.7544703,39.7556321],[-75.7527423,39.757875],[-75.7509022,39.760182],[-75.7485137,39.7630495],[-75.7471849,39.7645931],[-75.745927,39.7660208],[-75.7436081,39.7685733],[-75.7412558,39.7710634],[-75.7403615,39.7719842],[-75.7394532,39.7729083],[-75.7384921,39.7738955],[-75.7367191,39.775607],[-75.7349671,39.7772783],[-75.7328796,39.7792124],[-75.730064,39.7817327],[-75.7273192,39.7840972],[-75.7250024,39.7860244],[-75.7238614,39.7869552],[-75.7223056,39.7881914],[-75.720601,39.7895228],[-75.7190182,39.7907317],[-75.7177058,39.7917168],[-75.7139069,39.7944719],[-75.7098748,39.7972587],[-75.7063765,39.7995689],[-75.7013727,39.8027048],[-75.6982741,39.8045501],[-75.6957809,39.805991],[-75.6923753,39.8078593],[-75.6899444,39.8091928],[-75.6864168,39.8110176],[-75.685945,39.8112616],[-75.6838925,39.8122849],[-75.6831185,39.8126639],[-75.6820947,39.8131607],[-75.6811804,39.8136009],[-75.6809282,39.8137215],[-75.6798979,39.8142065],[-75.6788247,39.8146975],[-75.675739,39.816109],[-75.6737268,39.8169843],[-75.6715309,39.8179394],[-75.6671173,39.8197576],[-75.6631463,39.8213098],[-75.6588027,39.8229175],[-75.6547373,39.8243418],[-75.6517319,39.8253442],[-75.6494902,39.826065],[-75.6462506,39.8270676],[-75.6414228,39.8284774],[-75.6370298,39.8296771],[-75.6345958,39.8303147],[-75.6343098,39.8303878],[-75.6322954,39.830871],[-75.6284625,39.8317804],[-75.6269365,39.8321267],[-75.6220992,39.8331706],[-75.6172551,39.8341333],[-75.6122128,39.835047],[-75.6091113,39.8355668],[-75.6066306,39.8359574],[-75.6040008,39.8363496],[-75.6017601,39.8366647],[-75.6008301,39.8367906],[-75.5997007,39.8369387],[-75.598434,39.8371037],[-75.5972992,39.837243],[-75.5954364,39.8374623],[-75.5935004,39.8376805],[-75.5902142,39.838023],[-75.5871827,39.838307],[-75.5835017,39.8386119],[-75.5799327,39.838865],[-75.5777462,39.838996],[-75.5763181,39.8390746],[-75.5744791,39.8391671],[-75.5718359,39.8392814],[-75.5709192,39.8393159],[-75.5697154,39.8393564],[-75.568384,39.8393974],[-75.5669314,39.8394336],[-75.5660152,39.8394551],[-75.5653916,39.8394668],[-75.5645783,39.8394805],[-75.5640523,39.8394881],[-75.5632846,39.8394982],[-75.5589445,39.8395147],[-75.5555732,39.8394893],[-75.5525046,39.8394331],[-75.549573,39.8393496],[-75.5417975,39.8389987],[-75.5405838,39.8389266],[-75.5401472,39.8389009],[-75.5397396,39.8388746],[-75.5396722,39.8388688],[-75.5395951,39.8388636],[-75.5376266,39.8387304],[-75.5343504,39.838481],[-75.5309149,39.8381776],[-75.5215899,39.8371658],[-75.5186747,39.8367923],[-75.5123031,39.8358755],[-75.5074642,39.8350863],[-75.5060589,39.8348421],[-75.5046687,39.8346003],[-75.5031737,39.834322],[-75.4989586,39.833505],[-75.4953015,39.832745],[-75.4948332,39.8326451],[-75.4935121,39.832356],[-75.4930154,39.8322467],[-75.4891782,39.8313668],[-75.4850843,39.8303712],[-75.4810525,39.8293238],[-75.4789114,39.8287447],[-75.4762343,39.8279958],[-75.4754079,39.8277586],[-75.4726626,39.8269524],[-75.469485,39.8259806],[-75.4677613,39.8254373],[-75.467452,39.8253377],[-75.4668853,39.8251547],[-75.4653599,39.824658],[-75.4633782,39.8239982],[-75.46116,39.8232419],[-75.4588628,39.8224345],[-75.4566174,39.8216237],[-75.4546608,39.8208981],[-75.4503786,39.8192567],[-75.4501145,39.8191527],[-75.4498213,39.8190376],[-75.4495462,39.8189288],[-75.4451056,39.8171165],[-75.4436106,39.8164862],[-75.4418243,39.8157194],[-75.4403588,39.815078],[-75.4367984,39.8134772],[-75.4359891,39.8131045],[-75.4333704,39.8118734],[-75.4283284,39.8094076],[-75.425032,39.8077267],[-75.4230129,39.8066629],[-75.4211241,39.8056461],[-75.4183854,39.8041328],[-75.4172384,39.8034841],[-75.4150591,39.8022341],[-75.4140163,39.8016236],[-75.4104278,39.8030365],[-75.4071775,39.8043404],[-75.403622,39.8057885],[-75.4005987,39.806903],[-75.3996541,39.8072483],[-75.398605,39.807646],[-75.3977278,39.8079984],[-75.3953083,39.8090986],[-75.3925214,39.810533],[-75.3905229,39.8117552],[-75.3891278,39.8129418],[-75.3885594,39.8135808],[-75.3881142,39.8142104],[-75.3873902,39.8154872],[-75.3862857,39.8174475],[-75.3859291,39.8179499],[-75.385577,39.8183639],[-75.384555,39.8193436],[-75.3816051,39.8213092],[-75.3755224,39.8251856],[-75.3723573,39.8273172],[-75.3701512,39.8288029],[-75.3650736,39.8323871],[-75.3633579,39.8335982],[-75.3573404,39.8378456],[-75.3569668,39.8381093],[-75.3560792,39.8387358],[-75.3458926,39.8439001],[-75.3420876,39.8458811],[-75.3414798,39.8461385],[-75.3397649,39.8465863],[-75.3249972,39.8496145],[-75.3208519,39.8497805],[-75.3184909,39.8498976],[-75.3165314,39.8499947],[-75.3143617,39.8500605],[-75.3081241,39.8497649],[-75.3041495,39.8495766],[-75.2941246,39.8491015],[-75.2919915,39.8490004],[-75.2896442,39.8488892],[-75.2870622,39.8489652],[-75.2822273,39.8491076],[-75.2809232,39.8491267],[-75.2804522,39.8491336],[-75.2753094,39.849209],[-75.2712305,39.8496733],[-75.2686748,39.8499642],[-75.265627,39.8505331],[-75.2617704,39.8512529],[-75.2573279,39.852082],[-75.2541924,39.8526672],[-75.251228,39.8532204],[-75.2487035,39.8536926],[-75.2469736,39.8539808],[-75.2430665,39.8548573],[-75.234617,39.8567529],[-75.234135,39.8569075],[-75.2317921,39.857659],[-75.2286918,39.8586534],[-75.2281649,39.8588224],[-75.2247086,39.859931],[-75.2239033,39.8601893],[-75.2226178,39.8606739],[-75.2217963,39.8609836],[-75.2208659,39.8614154],[-75.2197368,39.8619395],[-75.2168563,39.8636932],[-75.2154961,39.8645214],[-75.212906,39.8660983],[-75.2114167,39.867005],[-75.2109156,39.8673004],[-75.2050232,39.8707732],[-75.204087,39.871204],[-75.2032465,39.871605],[-75.2002244,39.8730467],[-75.1999414,39.8731817],[-75.199857,39.873222],[-75.199468,39.873552],[-75.199049,39.87399],[-75.197636,39.875294],[-75.197424,39.875515],[-75.197123,39.875818],[-75.196761,39.876098],[-75.196404,39.876418],[-75.195908,39.876811],[-75.195489,39.877167],[-75.195361,39.877276],[-75.195236,39.877365],[-75.195018,39.877521],[-75.19471,39.877741],[-75.194171,39.878107],[-75.1936751,39.8784162],[-75.193462,39.878549],[-75.192738,39.879006],[-75.1921776,39.8793151],[-75.190809,39.880027],[-75.190099,39.880348],[-75.18877,39.880832],[-75.187889,39.881095],[-75.187214,39.881267],[-75.185735,39.881607],[-75.183956,39.881885],[-75.181386,39.882123],[-75.1805734,39.8821748],[-75.1800773,39.8822065],[-75.1752848,39.8823359],[-75.174539,39.88236],[-75.172647,39.882421],[-75.169129,39.882493],[-75.168658,39.882503],[-75.1662325,39.8825727],[-75.162872,39.882649],[-75.1521411,39.8833852],[-75.150653,39.883504],[-75.148893,39.883727],[-75.147366,39.883921],[-75.145146,39.8841977],[-75.1431616,39.8848859],[-75.141138,39.8860178],[-75.1395379,39.8879691],[-75.138527,39.88889],[-75.137296,39.889966],[-75.136177,39.891789],[-75.135255,39.8931349],[-75.1343895,39.8943984],[-75.1313729,39.9002175],[-75.1311336,39.900841],[-75.1304875,39.9025242],[-75.129634,39.904826],[-75.129584,39.905066],[-75.1295453,39.9051984],[-75.1295069,39.9053294],[-75.1294238,39.9056134],[-75.1293302,39.9059328],[-75.128887,39.907446],[-75.1286273,39.908584],[-75.1283739,39.9096944],[-75.1282967,39.9118451],[-75.1288938,39.9141147],[-75.1301061,39.9170409],[-75.1303301,39.9175791],[-75.131631,39.920143],[-75.1323934,39.9217691],[-75.1349109,39.9259853],[-75.1354731,39.9273152],[-75.1359238,39.9292325],[-75.1361415,39.9334288],[-75.1361515,39.933904],[-75.1361325,39.9344889],[-75.1361489,39.9352506],[-75.136177,39.936548],[-75.136195,39.936793],[-75.13623,39.937697],[-75.136204,39.938663],[-75.136221,39.939764],[-75.1362363,39.9400338],[-75.1363868,39.9430427],[-75.136302,39.9447059],[-75.1359919,39.9476744],[-75.1356722,39.9493342],[-75.1352125,39.9512402],[-75.1348144,39.9524291],[-75.1345592,39.9529994],[-75.1343742,39.9534127],[-75.1339368,39.95447],[-75.1338667,39.954586],[-75.1325748,39.9567246],[-75.1317959,39.9576136],[-75.1306908,39.9586761],[-75.1297697,39.9594562],[-75.1296827,39.9595068],[-75.1286431,39.9601116],[-75.125701,39.961823],[-75.125421,39.96196],[-75.1249651,39.9621836],[-75.12391,39.962701],[-75.123821,39.962744],[-75.1219062,39.9639069],[-75.119491,39.965372],[-75.1192321,39.9654324],[-75.1188903,39.9655679],[-75.1143917,39.9676954],[-75.1124474,39.9685115],[-75.1081211,39.9703131],[-75.10604,39.971104],[-75.102287,39.972377],[-75.096372,39.973981],[-75.0938934,39.9743243],[-75.092365,39.974536],[-75.090861,39.974744],[-75.089658,39.97483],[-75.08714,39.975009],[-75.085831,39.975102],[-75.0831061,39.9759788],[-75.0802,39.97702],[-75.0787478,39.9773427],[-75.075605,39.978041],[-75.0742869,39.9787858],[-75.071506,39.980357],[-75.071264,39.980493],[-75.068802,39.98224],[-75.068593,39.982388],[-75.0675947,39.9831554],[-75.066371,39.9840959],[-75.065748,39.984643],[-75.065703,39.984683],[-75.065652,39.984728],[-75.065643,39.984735],[-75.065581,39.98479],[-75.065516,39.984848],[-75.06545,39.984905],[-75.065437,39.984917],[-75.065416,39.984936],[-75.065391,39.984958],[-75.065372,39.9849751],[-75.065331,39.985012],[-75.065096,39.985218],[-75.064627,39.985631],[-75.064175,39.986027],[-75.062064,39.98865],[-75.0610616,39.9899973],[-75.0599838,39.9914462],[-75.0599122,39.9915317],[-75.0594177,39.9926987],[-75.058502,39.994801],[-75.058089,39.997404],[-75.0567,39.999331],[-75.056296,39.9999729],[-75.054205,40.0032947],[-75.0538278,40.003894],[-75.053712,40.004078],[-75.053405,40.004568],[-75.052225,40.00546],[-75.0515883,40.0060577],[-75.0501122,40.0074434],[-75.0481356,40.0090769],[-75.04709,40.009941],[-75.044878,40.011196],[-75.0437912,40.0116527],[-75.043229,40.011889],[-75.04305,40.011964],[-75.04297,40.011998],[-75.042889,40.012032],[-75.0423357,40.0122646],[-75.041267,40.012714],[-75.0400581,40.0131672],[-75.038389,40.013793],[-75.034216,40.015219],[-75.031914,40.015831],[-75.031371,40.015976],[-75.030938,40.016092],[-75.030583,40.016194],[-75.0298,40.016419],[-75.027736,40.0170113],[-75.0275,40.017079],[-75.0239642,40.0176306],[-75.019645,40.018436],[-75.015515,40.019511],[-75.013776,40.020166],[-75.012421,40.020925],[-75.010369,40.022491],[-75.0094835,40.0231032],[-75.0061061,40.0254383],[-75.003853,40.026996],[-75.0000186,40.0293397],[-74.9964765,40.0321341],[-74.9944025,40.0337703],[-74.9906481,40.0367665],[-74.9894243,40.0377553],[-74.9890359,40.0381011],[-74.9885248,40.0385611],[-74.9873315,40.0396349],[-74.9858017,40.0410114],[-74.983913,40.042711],[-74.981517,40.0442736],[-74.979038,40.0462589],[-74.9743916,40.0498029],[-74.9689407,40.0527594],[-74.9618562,40.0557974],[-74.9600999,40.05642],[-74.9575095,40.0571958],[-74.9547711,40.0579102],[-74.9521359,40.0588582],[-74.9495228,40.0601809],[-74.9445252,40.063275],[-74.9422676,40.0645064],[-74.9333874,40.0685288],[-74.9326652,40.0688163],[-74.9297892,40.0699611],[-74.9279733,40.0706184],[-74.9236313,40.0716232],[-74.9220249,40.0718179],[-74.9209211,40.0718201],[-74.9199054,40.0715323],[-74.9178838,40.070723],[-74.9158147,40.0701463],[-74.9138413,40.0700104],[-74.9119098,40.0701109],[-74.9118935,40.0701117],[-74.9109449,40.0702773],[-74.9093995,40.070547],[-74.9089596,40.0706399],[-74.9058234,40.0713024],[-74.9043861,40.0717362],[-74.9012439,40.0729835],[-74.9003978,40.0732795],[-74.8995118,40.0735894],[-74.899002,40.0737184],[-74.8974237,40.0741175],[-74.8932159,40.0750624],[-74.8914727,40.0755027],[-74.8891042,40.0762858],[-74.8849892,40.0779784],[-74.8836924,40.0785118],[-74.8819762,40.0791591],[-74.8807668,40.0795484],[-74.8807464,40.079555],[-74.8798269,40.079851],[-74.8774992,40.0805107],[-74.8762099,40.080837],[-74.8750506,40.0810567],[-74.8734421,40.0812789],[-74.8700833,40.0816633],[-74.8687836,40.081812],[-74.8661785,40.0822301],[-74.8643312,40.0825705],[-74.8631864,40.0828731],[-74.8621828,40.0832345],[-74.8613049,40.0835989],[-74.8606614,40.0839415],[-74.8602275,40.0844274],[-74.8599709,40.0849728],[-74.8593448,40.0870268],[-74.8590071,40.0879551],[-74.8581545,40.0894255],[-74.8570171,40.0909239],[-74.8566299,40.0913113],[-74.8565206,40.091414],[-74.8558021,40.0920892],[-74.8550172,40.0927352],[-74.8530555,40.0939505],[-74.8497157,40.0958138],[-74.8482709,40.0964855],[-74.8466659,40.0970522],[-74.8436948,40.097858],[-74.8431671,40.0980011],[-74.8422231,40.0983747],[-74.841425,40.0986906],[-74.8412181,40.0987835],[-74.8396116,40.0995048],[-74.8380253,40.1004004],[-74.8377109,40.100716],[-74.8373371,40.101091],[-74.8366084,40.1019576],[-74.835823,40.1033791],[-74.8350257,40.1050783],[-74.8346447,40.1062824],[-74.8340453,40.1078509],[-74.8336386,40.1090131],[-74.8333937,40.1101193],[-74.83262,40.1128052],[-74.8321096,40.1139554],[-74.8300641,40.1178734],[-74.8286688,40.1203045],[-74.8283906,40.1207894],[-74.8273878,40.1226603],[-74.8264704,40.1240784],[-74.8255837,40.1250892],[-74.8241521,40.1262614],[-74.8234075,40.1266417],[-74.8225703,40.1270693],[-74.8219606,40.1272727],[-74.8209166,40.1276211],[-74.8196611,40.1279073],[-74.818249,40.1279776],[-74.8170073,40.1279462],[-74.8156974,40.1278037],[-74.8144009,40.1275198],[-74.8121093,40.126847],[-74.8095557,40.1262174],[-74.8083411,40.1258187],[-74.8066949,40.1251337],[-74.8047303,40.1244166],[-74.8015924,40.1234428],[-74.7994602,40.1229221],[-74.796855,40.1224745],[-74.7956219,40.1223154],[-74.7946023,40.1221839],[-74.7896159,40.1212298],[-74.7876631,40.1210316],[-74.7861427,40.1210563],[-74.7849764,40.121196],[-74.7837502,40.1214403],[-74.782622,40.1217763],[-74.7812145,40.1224021],[-74.7793713,40.123414],[-74.7764629,40.1251258],[-74.7732746,40.1270022],[-74.7695892,40.1289878],[-74.7668663,40.1303739],[-74.7652563,40.1312577],[-74.7637693,40.1320741],[-74.7607791,40.1337156],[-74.7595723,40.1342519],[-74.7584511,40.1345255],[-74.757434,40.1346693],[-74.755753,40.1347772],[-74.753756,40.134988],[-74.7534497,40.1350203],[-74.751721,40.1350889],[-74.7502724,40.1349568],[-74.7471022,40.1341749],[-74.7444668,40.1341255],[-74.7433487,40.1343234],[-74.7420516,40.134668],[-74.7408514,40.1350529],[-74.7399711,40.1354461],[-74.7392625,40.1358627],[-74.7375428,40.1374066],[-74.7357809,40.1387791],[-74.7346005,40.1398265],[-74.7311066,40.1423259],[-74.7259997,40.1454425],[-74.723811,40.1470417],[-74.723723,40.1471794],[-74.7233943,40.1476936],[-74.7219656,40.1499284],[-74.7211073,40.154086],[-74.7211448,40.1550536],[-74.7211635,40.1555357],[-74.7212521,40.1578227],[-74.7216457,40.1592134],[-74.7221472,40.1609856],[-74.7225239,40.161941],[-74.7231402,40.163054],[-74.7236265,40.1636812],[-74.7258152,40.1660528],[-74.7280566,40.1688703],[-74.7290969,40.1699158],[-74.7303845,40.1713752],[-74.7339149,40.1745409],[-74.7358111,40.176442],[-74.7373235,40.1777404],[-74.7382832,40.1784849],[-74.739892,40.1797328],[-74.7410455,40.1804109],[-74.7421131,40.1808459],[-74.7430208,40.1810732],[-74.7452015,40.1814631],[-74.7463964,40.1817533],[-74.7478141,40.1822633],[-74.749392,40.1828308],[-74.7506254,40.1833442],[-74.7515777,40.1838339],[-74.7520662,40.1840851],[-74.7531957,40.1847624],[-74.7544121,40.1856642],[-74.7546088,40.1858501],[-74.7551774,40.1863875],[-74.755892,40.1871652],[-74.7565076,40.1879959],[-74.7569327,40.1887661],[-74.7573721,40.1897587],[-74.7579663,40.1916257],[-74.7589977,40.1942671],[-74.7596423,40.1965965],[-74.7604352,40.1988849],[-74.7606656,40.1993028],[-74.7619623,40.2008405],[-74.7620648,40.2009621],[-74.7622738,40.2012542],[-74.7626918,40.2018382],[-74.7639062,40.2032994],[-74.7655978,40.2052312],[-74.7656085,40.2052434],[-74.7669077,40.2068567],[-74.7672707,40.2073662],[-74.7675101,40.2077022],[-74.7678139,40.20821],[-74.7680432,40.2087581],[-74.7680971,40.2088871],[-74.7681412,40.2089925],[-74.7681421,40.2089946],[-74.7684538,40.2099865],[-74.7685366,40.2101973],[-74.7690289,40.2114512],[-74.7698286,40.2127982],[-74.7706087,40.2141121],[-74.7712368,40.2150073],[-74.7717019,40.2156703],[-74.7722017,40.2161731],[-74.7726053,40.2164935],[-74.7753079,40.218253],[-74.775681,40.218467],[-74.7762012,40.2187654],[-74.777031,40.2192415],[-74.7774976,40.2195092],[-74.7781373,40.2198393],[-74.7807394,40.2211823],[-74.7817556,40.22175],[-74.782009,40.2218915],[-74.785083,40.2237453],[-74.7859412,40.2242628],[-74.7877849,40.2255355],[-74.7902961,40.2270233],[-74.7922806,40.2281576],[-74.7937436,40.228863],[-74.7944276,40.2291151],[-74.7950115,40.2292293],[-74.7961383,40.2293212],[-74.7966642,40.2294158],[-74.7971622,40.2296091],[-74.7998026,40.2309217],[-74.8017916,40.2317754],[-74.8041798,40.2326575],[-74.8072396,40.2340799],[-74.8080041,40.234379],[-74.8097822,40.2349385],[-74.8106911,40.235169],[-74.8114756,40.2353266],[-74.8138791,40.2358094],[-74.8147398,40.2360659],[-74.8155263,40.2364017],[-74.8171752,40.2372285],[-74.8185412,40.2377865],[-74.8194513,40.2383154],[-74.8195341,40.2383636],[-74.8195816,40.2383912],[-74.8201156,40.2387016],[-74.8207975,40.2392784],[-74.8211755,40.2398023],[-74.8215475,40.2404614],[-74.8216954,40.2407094],[-74.8243504,40.2418497],[-74.8260537,40.2425078],[-74.8305157,40.2442356],[-74.8340273,40.2454231],[-74.8351415,40.2458285],[-74.8356459,40.2460121],[-74.8360979,40.2461765],[-74.8384723,40.2473448],[-74.8400461,40.2484361],[-74.8407521,40.2489939],[-74.841681,40.2498321],[-74.8422115,40.2504423],[-74.8423866,40.2507207],[-74.8432774,40.2525414],[-74.8438223,40.2536551],[-74.8443115,40.2549036],[-74.8446827,40.255662],[-74.8452936,40.2568876],[-74.845793,40.2576726],[-74.8466007,40.2587144],[-74.8467521,40.2589751],[-74.8471419,40.2596463],[-74.8472183,40.2597778],[-74.8480625,40.261181],[-74.850762,40.2656678],[-74.8517044,40.2667802],[-74.8518743,40.2670554],[-74.8519488,40.2671759],[-74.8521918,40.2675987],[-74.8530907,40.269163],[-74.8533233,40.2697104],[-74.8536936,40.2706724],[-74.85375,40.2708188],[-74.8544725,40.2723356],[-74.8554309,40.2743478],[-74.8562846,40.2757999],[-74.8565018,40.2770938],[-74.8565498,40.2772921],[-74.8565737,40.2773908],[-74.8567389,40.2779899],[-74.8576232,40.2801074],[-74.8584451,40.2817291],[-74.8601756,40.2847187],[-74.8605432,40.2853537],[-74.8611578,40.286326],[-74.8633558,40.2894164],[-74.8640051,40.2903585],[-74.8653029,40.2922413],[-74.867593,40.2944219],[-74.8682299,40.2950283],[-74.8683318,40.2951253],[-74.8690937,40.2958508],[-74.8701424,40.2968492],[-74.8709522,40.2978926],[-74.8723001,40.2990916],[-74.8729007,40.2995338],[-74.8732725,40.2998075],[-74.8760258,40.3014822],[-74.8766136,40.3019981],[-74.8779844,40.3032011],[-74.88206,40.3064781],[-74.885843,40.3093143],[-74.8866453,40.3099157],[-74.8878807,40.3107033],[-74.8904316,40.3121733],[-74.89242,40.3134648],[-74.8940521,40.3142784],[-74.8966662,40.3152727],[-74.8979374,40.3154686],[-74.9003374,40.3154207],[-74.9022333,40.3154982],[-74.9035033,40.3156606],[-74.9068492,40.3164324],[-74.9108166,40.3180973],[-74.9109957,40.3181864],[-74.9140189,40.3196897],[-74.9151745,40.3203433],[-74.9160015,40.3208819],[-74.9185763,40.3230842],[-74.9218407,40.3257723],[-74.9229687,40.3268283],[-74.9238209,40.3275402],[-74.9245326,40.3280101],[-74.9253557,40.3284709],[-74.9261616,40.328922],[-74.9271286,40.3294141],[-74.9286842,40.3303247],[-74.9316193,40.332157],[-74.9330736,40.3329564],[-74.9338349,40.3334452],[-74.9353528,40.3344448],[-74.9383122,40.3364749],[-74.9392805,40.3372472],[-74.9404207,40.3382787],[-74.9416335,40.339641],[-74.942001,40.340119],[-74.9427349,40.3413545],[-74.9429062,40.3416777],[-74.942909,40.341683],[-74.9437424,40.3432549],[-74.9441517,40.3441463],[-74.9445219,40.3449523],[-74.9450382,40.3462721],[-74.9452498,40.3473073],[-74.9454293,40.348756],[-74.9454628,40.3497411],[-74.9455108,40.3511555],[-74.9455484,40.3522633],[-74.94558,40.354187],[-74.9459437,40.3549319],[-74.9459838,40.3553844],[-74.9461003,40.3566984],[-74.9461747,40.3578819],[-74.9462049,40.3579459],[-74.9466562,40.3589008],[-74.9474199,40.3610596],[-74.947479,40.3611937],[-74.9480629,40.3625172],[-74.9482799,40.3633536],[-74.9483566,40.3636493],[-74.9485204,40.3642808],[-74.9486988,40.364786],[-74.9487465,40.3649213],[-74.9489693,40.3655659],[-74.9499279,40.3672802],[-74.950312,40.3679672],[-74.9524382,40.3723479],[-74.952981,40.3735144],[-74.9534579,40.3746891],[-74.953922,40.3758515],[-74.9541817,40.3764965],[-74.9542563,40.3766833],[-74.95441,40.3770684],[-74.9554769,40.3791706],[-74.9563071,40.3808063],[-74.9570196,40.3819589],[-74.9601261,40.3869104],[-74.9609661,40.3880497],[-74.9612148,40.3884968],[-74.9619032,40.3899429],[-74.9624568,40.3912877],[-74.9629939,40.3930405],[-74.9636331,40.3946406],[-74.9640335,40.3953368],[-74.9645248,40.3960834],[-74.9648896,40.3965659],[-74.9651733,40.396877],[-74.9656668,40.3974179],[-74.9665578,40.3981365],[-74.9668047,40.3983356],[-74.9675952,40.398861],[-74.9689338,40.3995794],[-74.9702827,40.4000447],[-74.9730215,40.400764],[-74.9770838,40.4020458],[-74.9782416,40.4024821],[-74.979172,40.4028991],[-74.9818156,40.4040838],[-74.9833982,40.4048566],[-74.9838739,40.4051623],[-74.9847955,40.4057547],[-74.9858415,40.4066279],[-74.9859541,40.4067089],[-74.9865741,40.4071547],[-74.9870152,40.4074718],[-74.9876951,40.4080248],[-74.9883946,40.4084387],[-74.9906027,40.4094147],[-74.9924616,40.4099957],[-74.9947165,40.410389],[-74.9960449,40.4104888],[-74.9969357,40.4105287],[-74.9976834,40.4104928],[-74.9984837,40.4103824],[-74.9993374,40.4100621],[-74.9998953,40.4096626],[-75.0003875,40.4092956],[-75.0012932,40.4087339],[-75.0024385,40.408194],[-75.0037252,40.4078421],[-75.0046411,40.4077369],[-75.0061084,40.4077064],[-75.0069678,40.4076825],[-75.0079322,40.407559],[-75.0104597,40.4069945],[-75.0133644,40.406197],[-75.0202777,40.4045833],[-75.0213743,40.4043034],[-75.0227358,40.4040249],[-75.0241376,40.4038088],[-75.0256984,40.4037302],[-75.0273781,40.4038762],[-75.0281389,40.4040363],[-75.03055,40.4046947],[-75.0318434,40.404994],[-75.0324064,40.4051583],[-75.0335928,40.4057192],[-75.0349678,40.4065064],[-75.0356263,40.4068602],[-75.0372186,40.4077158],[-75.0393104,40.4089694],[-75.039876,40.4093109],[-75.0402884,40.4094916],[-75.0406317,40.409624],[-75.0412888,40.4097638],[-75.0416678,40.4100573],[-75.0422097,40.4106447],[-75.0428329,40.4115002],[-75.0438082,40.412393],[-75.0445677,40.4130017],[-75.0453657,40.4136258],[-75.0463102,40.4141364],[-75.0475027,40.4145271],[-75.0477774,40.4146132],[-75.047961,40.4146665],[-75.048216,40.4147406],[-75.0498139,40.4150287],[-75.0500282,40.4150673],[-75.0518208,40.4153045],[-75.0525825,40.4154467],[-75.0540203,40.4158355],[-75.0558913,40.4164388],[-75.0569056,40.416951],[-75.0573691,40.4172816],[-75.0579979,40.4178382],[-75.0584885,40.4183648],[-75.0592557,40.4192981],[-75.0593786,40.4194481],[-75.0595309,40.4196328],[-75.0598482,40.420124],[-75.0601878,40.4206518],[-75.0603952,40.4210425],[-75.0604437,40.4211495],[-75.0608209,40.4219813],[-75.0613202,40.4228723],[-75.0615239,40.4233632],[-75.061759,40.4239297],[-75.0619568,40.4244063],[-75.0622713,40.4261458],[-75.0623483,40.4294832],[-75.0624497,40.4305403],[-75.0628714,40.4324955],[-75.0633195,40.4339162],[-75.064473,40.4364356],[-75.0645038,40.4367819],[-75.0644239,40.4372266],[-75.064283,40.4385409],[-75.0647014,40.4397423],[-75.0654084,40.4410729],[-75.065722,40.4419075],[-75.0658315,40.4424395],[-75.0659767,40.4437441],[-75.0660732,40.4453763],[-75.0662094,40.4460096],[-75.0669476,40.4477389],[-75.0684073,40.4507176],[-75.0693167,40.4531084],[-75.0698015,40.4539963],[-75.0708218,40.4554033],[-75.0709863,40.455777],[-75.0710433,40.4561481],[-75.0709874,40.4566537],[-75.0708374,40.4572666],[-75.0706164,40.4578641],[-75.0698971,40.4592571],[-75.0689541,40.4613172],[-75.0683087,40.4622063],[-75.068149,40.4626136],[-75.0680387,40.4631315],[-75.0674075,40.4645688],[-75.0670787,40.4656158],[-75.0670081,40.4660388],[-75.0670672,40.4663552],[-75.0673263,40.4670598],[-75.0676546,40.4682728],[-75.0682004,40.4694362],[-75.0682699,40.4699445],[-75.0681761,40.4732023],[-75.0680887,40.4735974],[-75.0679158,40.4738811],[-75.0676182,40.4741482],[-75.0668865,40.474501],[-75.0664442,40.4747921],[-75.0658482,40.4753398],[-75.0646458,40.4766954],[-75.0642325,40.477165],[-75.0633716,40.4789531],[-75.0630425,40.4804525],[-75.0629827,40.4810539],[-75.0629765,40.4816564],[-75.0628149,40.4834607],[-75.0628182,40.4856251],[-75.0627404,40.486226],[-75.0625924,40.4867841],[-75.0620647,40.4878676],[-75.0620097,40.4883458],[-75.0620493,40.4886384],[-75.0623422,40.4908047],[-75.0624991,40.4923998],[-75.0626231,40.4936604],[-75.0630219,40.4961219],[-75.0630263,40.4961489],[-75.0630628,40.497146],[-75.0631729,40.4987685],[-75.0633429,40.4994574],[-75.0643597,40.5014123],[-75.0647714,40.5023396],[-75.0649089,40.5029454],[-75.0649295,40.5037257],[-75.064966,40.505111],[-75.0649342,40.5056916],[-75.064909,40.506152],[-75.0648614,40.5070207],[-75.0649743,40.5103132],[-75.0650653,40.5115717],[-75.0654145,40.5147025],[-75.0656854,40.5171118],[-75.0658785,40.5186984],[-75.0657221,40.5211518],[-75.0655682,40.5224109],[-75.06536,40.5234446],[-75.0652892,40.5237963],[-75.0652542,40.5239701],[-75.0651717,40.5250532],[-75.0651669,40.5258373],[-75.0651848,40.5260825],[-75.0652592,40.5268818],[-75.0655967,40.5296697],[-75.0658052,40.5308676],[-75.0659954,40.5322911],[-75.0660402,40.5326262],[-75.0664474,40.5350191],[-75.0667412,40.5365583],[-75.067064,40.5382492],[-75.0673981,40.5399995],[-75.0676394,40.5407037],[-75.0679051,40.541244],[-75.0686373,40.5422473],[-75.0690902,40.5426002],[-75.0710568,40.5437279],[-75.0729563,40.544652],[-75.0737173,40.5450222],[-75.0745248,40.5454929],[-75.075559,40.5461333],[-75.0770702,40.5472304],[-75.0780729,40.5479583],[-75.0785871,40.5484072],[-75.0799718,40.549616],[-75.0805237,40.5501755],[-75.0825844,40.5522961],[-75.082951,40.5526733],[-75.0832658,40.5529532],[-75.083837,40.553461],[-75.0859048,40.5551831],[-75.086832,40.5560212],[-75.0871747,40.5563309],[-75.0878309,40.5569913],[-75.0891712,40.5579662],[-75.0907335,40.5592537],[-75.0912527,40.5596529],[-75.0926319,40.5612999],[-75.0931631,40.5618628],[-75.0954551,40.563918],[-75.0976573,40.5659213],[-75.0992992,40.56706],[-75.0998213,40.5673796],[-75.1008357,40.5678248],[-75.1014568,40.568012],[-75.1036357,40.5686686],[-75.1049412,40.5691061],[-75.1061684,40.5695779],[-75.1124856,40.5716887],[-75.1155881,40.5729609],[-75.1165146,40.5732609],[-75.1173973,40.5734813],[-75.1181226,40.5736316],[-75.1189924,40.5737179],[-75.1199807,40.5737702],[-75.1213609,40.5738432],[-75.1235076,40.574128],[-75.1277979,40.5745619],[-75.1297863,40.5747924],[-75.1323197,40.5752718],[-75.134718,40.575605],[-75.1361585,40.575709],[-75.1383361,40.5756867],[-75.1401834,40.575471],[-75.1421168,40.5749711],[-75.144263,40.5743042],[-75.1459246,40.5735548],[-75.1482599,40.5722425],[-75.1501831,40.5711617],[-75.1506253,40.5708568],[-75.1524043,40.5695237],[-75.1542705,40.5680199],[-75.1544364,40.5679016],[-75.1572345,40.5659129],[-75.1579171,40.5654848],[-75.1585197,40.5651836],[-75.1591248,40.5649198],[-75.1598923,40.5646208],[-75.1606427,40.5643801],[-75.1613182,40.564162],[-75.1620053,40.5640672],[-75.1624092,40.5640548],[-75.1637088,40.5641697],[-75.1637413,40.56417],[-75.166682,40.5641982],[-75.1686118,40.564282],[-75.1719654,40.5643679],[-75.1731149,40.5644794],[-75.1731624,40.564488],[-75.1744285,40.564716],[-75.1759966,40.5652214],[-75.1789424,40.5661397],[-75.1813363,40.5669224],[-75.1832859,40.5676092],[-75.1840234,40.5679474],[-75.1850794,40.568543],[-75.1854376,40.5687574],[-75.1882437,40.570437],[-75.1895212,40.571624],[-75.1898906,40.5720256],[-75.1906749,40.5731086],[-75.1914678,40.5739629],[-75.1927434,40.5750248],[-75.1938686,40.5759614],[-75.1943555,40.57648],[-75.1947655,40.5770469],[-75.1950644,40.5775756],[-75.1953089,40.5781463],[-75.1954907,40.5787249],[-75.1955488,40.5790887],[-75.1955432,40.5794401],[-75.1954986,40.5799609],[-75.1954119,40.5805912],[-75.1952696,40.5811508],[-75.1950027,40.581671],[-75.1940472,40.5830887],[-75.1934398,40.5838201],[-75.1928734,40.5843709],[-75.1921026,40.5849351],[-75.1916342,40.5853397],[-75.1912908,40.5857059],[-75.1908535,40.5863307],[-75.1900119,40.5877088],[-75.1896796,40.5884372],[-75.1894197,40.5896679],[-75.1894276,40.590288],[-75.189492,40.5909245],[-75.1895284,40.5912835],[-75.1896507,40.5917178],[-75.1900911,40.5927778],[-75.1901044,40.592806],[-75.1906814,40.5940321],[-75.1912221,40.5952434],[-75.1912292,40.5952608],[-75.1917568,40.5973147],[-75.1919368,40.5988752],[-75.1919407,40.5997226],[-75.1918936,40.6007051],[-75.1919194,40.6019091],[-75.191949,40.6023537],[-75.1920966,40.6027653],[-75.1923598,40.6031974],[-75.1938302,40.6046685],[-75.1945523,40.6055408],[-75.1951443,40.6062559],[-75.1955751,40.606878],[-75.1959104,40.6075603],[-75.1959651,40.6076767],[-75.1964537,40.6087173],[-75.1964884,40.6087976],[-75.1968938,40.6095841],[-75.1971217,40.6100243],[-75.197364,40.6103937],[-75.1976862,40.6108092],[-75.1980326,40.6111987],[-75.1984267,40.6115626],[-75.1988537,40.6119805],[-75.1995849,40.6126715],[-75.1999424,40.613079],[-75.2004198,40.6137023],[-75.2011129,40.6147832],[-75.2015192,40.6154403],[-75.2017453,40.6159337],[-75.2018379,40.6162553],[-75.201876,40.6164782],[-75.2018443,40.6166995],[-75.2017284,40.61699],[-75.2015166,40.6173493],[-75.201224,40.6176892],[-75.2009573,40.6179585],[-75.2008856,40.6180101],[-75.2005858,40.6182257],[-75.2001122,40.6184194],[-75.1994272,40.6186529],[-75.1987213,40.6188238],[-75.1982052,40.6189101],[-75.1975603,40.6190113],[-75.196574,40.6192026],[-75.1951207,40.6194102],[-75.1942882,40.6195427],[-75.1939219,40.6195841],[-75.193762,40.6196022],[-75.193378,40.6195848],[-75.1928573,40.6194845],[-75.1924041,40.6194478],[-75.1917502,40.6194777],[-75.1910101,40.6196301],[-75.1904177,40.6198834],[-75.1902449,40.6199959],[-75.1900351,40.6201324],[-75.1898516,40.6203592],[-75.1892642,40.621394],[-75.1888716,40.6222111],[-75.1887578,40.6224291],[-75.1886878,40.6227488],[-75.1886092,40.6232798],[-75.1885493,40.6242375],[-75.1885899,40.6247002],[-75.1887713,40.6251393],[-75.1890247,40.6255267],[-75.1891079,40.6257861],[-75.1891574,40.626018],[-75.1891793,40.6263466],[-75.1892469,40.6267122],[-75.1893142,40.6270867],[-75.1893321,40.6271596],[-75.1893863,40.6273806],[-75.1894654,40.6277027],[-75.1896601,40.6287104],[-75.1897996,40.629637],[-75.1899414,40.6305014],[-75.1900424,40.631214],[-75.190117,40.6320059],[-75.1901945,40.6330288],[-75.1902992,40.6336162],[-75.1904406,40.6343803],[-75.1906431,40.6352253],[-75.1907234,40.6356519],[-75.1907462,40.6361829],[-75.1907893,40.6366587],[-75.1907309,40.6371199],[-75.1909329,40.6379151],[-75.1914797,40.6394778],[-75.1921217,40.6408721],[-75.1925923,40.6414356],[-75.1932157,40.6421074],[-75.1939592,40.6427993],[-75.1952999,40.64307],[-75.1955932,40.6433953],[-75.1962213,40.6440485],[-75.1966718,40.6444669],[-75.1970913,40.6447781],[-75.1975249,40.6450274],[-75.1981309,40.6453427],[-75.1990347,40.6457977],[-75.1994543,40.646109],[-75.1997674,40.6464622],[-75.200001,40.6467603],[-75.2001422,40.6470299],[-75.2002293,40.6474976],[-75.2002277,40.6478438],[-75.2002054,40.6484295],[-75.2001379,40.6489785],[-75.2000181,40.6493665],[-75.1998262,40.6498152],[-75.1995625,40.6503066],[-75.1993263,40.6506921],[-75.1991181,40.6509538],[-75.1988988,40.6511977],[-75.1985621,40.6514655],[-75.1980086,40.651915],[-75.1978024,40.6521235],[-75.1976662,40.6523336],[-75.1976346,40.6525461],[-75.1976587,40.6528308],[-75.1977784,40.6536681],[-75.1979222,40.6541773],[-75.1979131,40.6544169],[-75.197856,40.6546909],[-75.1976828,40.6549535],[-75.1972953,40.6553267],[-75.1970198,40.655516],[-75.1964874,40.6557173],[-75.1960481,40.6559207],[-75.1957959,40.6561105],[-75.1954067,40.6565282],[-75.1947381,40.6572414],[-75.1941274,40.657965],[-75.1937464,40.6584716],[-75.1931306,40.6593281],[-75.1923112,40.6603222],[-75.1917764,40.6608875],[-75.1910879,40.6615027],[-75.1900991,40.662351],[-75.1890766,40.663163],[-75.1884057,40.6636276],[-75.1878725,40.6638466],[-75.1874005,40.6639871],[-75.1868377,40.6640634],[-75.1864126,40.6641961],[-75.1855027,40.6645043],[-75.1848159,40.6647732],[-75.1841628,40.6650784],[-75.1836987,40.6653167],[-75.1832552,40.6656265],[-75.1828811,40.6659557],[-75.1823341,40.6665296],[-75.1819905,40.6669747],[-75.1817896,40.6673432],[-75.1815721,40.6678445],[-75.1813062,40.6683891],[-75.1810712,40.668739],[-75.1810322,40.6687752],[-75.1803333,40.6694241],[-75.1798374,40.6698837],[-75.1794357,40.6703187],[-75.178218,40.6717771],[-75.1779737,40.6720624],[-75.1778188,40.6722432],[-75.1777711,40.6723323],[-75.1775573,40.672732],[-75.1772254,40.6734766],[-75.1770672,40.6739876],[-75.1769784,40.6744935],[-75.1769349,40.6749477],[-75.1769164,40.6754287],[-75.1769507,40.6758846],[-75.176996,40.676288],[-75.177111,40.6766797],[-75.1773015,40.6771325],[-75.1776048,40.6775745],[-75.1779616,40.6779848],[-75.17828,40.678269],[-75.1789074,40.6786325],[-75.1794235,40.6788625],[-75.180254,40.6792231],[-75.1808011,40.6794002],[-75.1814446,40.6795662],[-75.1820895,40.6796993],[-75.1827097,40.6797988],[-75.1834167,40.6798937],[-75.1840129,40.6799399],[-75.1846791,40.6799679],[-75.1852498,40.6799937],[-75.1857265,40.6799912],[-75.1861259,40.6799737],[-75.18657,40.6799175],[-75.1870506,40.6798161],[-75.1876452,40.6796776],[-75.1883617,40.679522],[-75.1889273,40.6794619],[-75.1895699,40.67943],[-75.1901466,40.6794657],[-75.1915475,40.6797119],[-75.1948809,40.6804937],[-75.1957931,40.680799],[-75.1963703,40.6810492],[-75.1980154,40.6820902],[-75.1997555,40.6838787],[-75.2007832,40.6850758],[-75.2025857,40.6879558],[-75.2029433,40.6887364],[-75.2035906,40.689449],[-75.2037505,40.6899864],[-75.2039994,40.6908231],[-75.2040294,40.6911856],[-75.2040571,40.6915374],[-75.2040737,40.6917488],[-75.2040369,40.6925947],[-75.2037349,40.693792],[-75.2035879,40.6942367],[-75.203211,40.6951427],[-75.2029352,40.6957182],[-75.2026672,40.6960982],[-75.2016356,40.697378],[-75.2012771,40.6978864],[-75.2012671,40.6979005],[-75.2007832,40.6989511],[-75.2005257,40.699507],[-75.2004698,40.6996792],[-75.2002375,40.700395],[-75.1999854,40.7014373],[-75.1997707,40.7019445],[-75.1993436,40.703436],[-75.1985025,40.7053535],[-75.1982949,40.705926],[-75.198036,40.7064289],[-75.197939,40.706629],[-75.1974585,40.7073392],[-75.1969434,40.7081769],[-75.1961102,40.7095585],[-75.1956602,40.7104932],[-75.1953437,40.7113301],[-75.1948196,40.7127249],[-75.1948106,40.7127395],[-75.1942319,40.7138255],[-75.1937833,40.7143887],[-75.1933126,40.7149988],[-75.1927397,40.7155752],[-75.1917958,40.7163335],[-75.1906575,40.7171853],[-75.1893523,40.7179456],[-75.1886997,40.7182343],[-75.1870865,40.7191565],[-75.1866392,40.7196189],[-75.1864014,40.719996],[-75.1863363,40.7202917],[-75.1862338,40.7208247],[-75.1862872,40.7222252],[-75.186372,40.72397],[-75.1862712,40.7248386],[-75.1862684,40.7248625],[-75.1861281,40.7255248],[-75.1859416,40.7259005],[-75.1857187,40.7262019],[-75.1854899,40.7265009],[-75.1845743,40.7273657],[-75.1834202,40.7286788],[-75.1824195,40.7299468],[-75.1822087,40.7303214],[-75.1821856,40.730701],[-75.1822151,40.7318472],[-75.1825909,40.7330202],[-75.182836,40.7336515],[-75.1838002,40.7349147],[-75.1843944,40.7357555],[-75.18578,40.737266],[-75.1880842,40.7392194],[-75.1894226,40.7403545],[-75.1894578,40.740381],[-75.1913244,40.7417875],[-75.191994,40.7422568],[-75.1929721,40.7429378],[-75.192996,40.742959],[-75.1941609,40.7439937],[-75.195349,40.745473],[-75.1961873,40.7471134],[-75.196635,40.7482788],[-75.1968506,40.7494047],[-75.196861,40.750097],[-75.1967195,40.7507019],[-75.1965431,40.7511927],[-75.1959866,40.7521089],[-75.1954983,40.7526475],[-75.1918372,40.755984],[-75.190412,40.7567164],[-75.1888823,40.7572014],[-75.18534,40.7582093],[-75.1840602,40.7587202],[-75.1827606,40.759354],[-75.1813061,40.7601989],[-75.1794856,40.7615236],[-75.17904,40.761897],[-75.1782599,40.7626427],[-75.1777436,40.7634308],[-75.1774708,40.7642312],[-75.1774268,40.7645876],[-75.1768505,40.7687345],[-75.1754389,40.7729369],[-75.1751386,40.7736026],[-75.1741387,40.7750141],[-75.1737174,40.7754888],[-75.1724557,40.7769104],[-75.1718787,40.7773152],[-75.1711556,40.7777278],[-75.1695633,40.7781817],[-75.167745,40.7784253],[-75.1665816,40.7784565],[-75.1654494,40.7784127],[-75.1637719,40.7782609],[-75.1603174,40.777553],[-75.1568814,40.7767839],[-75.1558822,40.7764611],[-75.1518606,40.7751165],[-75.1510993,40.774941],[-75.1503334,40.774855],[-75.149378,40.774786],[-75.1480631,40.7747125],[-75.1467123,40.7747071],[-75.1454293,40.7745899],[-75.1445229,40.7744445],[-75.1434239,40.774203],[-75.1421812,40.7740364],[-75.139031,40.7737644],[-75.1364486,40.7735328],[-75.1353903,40.7735469],[-75.1343174,40.7736998],[-75.1335828,40.7739402],[-75.1331274,40.7741475],[-75.1324073,40.7746632],[-75.1314771,40.7756396],[-75.1304276,40.7772197],[-75.1297322,40.7784498],[-75.1272356,40.7820475],[-75.125873,40.7840077],[-75.1252355,40.7845734],[-75.1242561,40.7854127],[-75.1229845,40.7865245],[-75.1212779,40.7875006],[-75.1190932,40.7884115],[-75.1185586,40.7886343],[-75.1175104,40.7890581],[-75.116441,40.78933],[-75.114744,40.7894735],[-75.1128286,40.7896832],[-75.1106499,40.7901032],[-75.1097123,40.7905004],[-75.10883,40.7910223],[-75.1083096,40.7914205],[-75.1077529,40.7920837],[-75.1067721,40.7935193],[-75.1046947,40.79546],[-75.1029121,40.7970639],[-75.1007354,40.7993835],[-75.1004188,40.7999733],[-75.1002438,40.8007299],[-75.1002451,40.8024246],[-75.1006499,40.8045953],[-75.1006269,40.8061326],[-75.1002677,40.8069892],[-75.0994054,40.8085428],[-75.0982508,40.8100942],[-75.096053,40.8121621],[-75.0944381,40.8131719],[-75.0926749,40.8143421],[-75.0905254,40.8157331],[-75.0896867,40.8164387],[-75.088548,40.8180879],[-75.0870426,40.8203419],[-75.0847517,40.8228934],[-75.0838783,40.8242053],[-75.0834595,40.8261032],[-75.0835508,40.8270029],[-75.0837968,40.8277838],[-75.0841012,40.8284376],[-75.0843938,40.8288219],[-75.084483,40.8289306],[-75.0864553,40.8307585],[-75.0888585,40.8324201],[-75.0910816,40.8341528],[-75.0940774,40.8360441],[-75.0956836,40.8372455],[-75.0961136,40.8377547],[-75.0965891,40.8383178],[-75.0971726,40.8397666],[-75.0973363,40.840666],[-75.0973648,40.8420206],[-75.0972419,40.8427605],[-75.0968176,40.8453142],[-75.0965109,40.8461432],[-75.0960385,40.8467409],[-75.0952437,40.8474609],[-75.0944864,40.847991],[-75.0935924,40.8484399],[-75.0924688,40.8489019],[-75.0918678,40.849063],[-75.0909331,40.8492153],[-75.0889381,40.8493451],[-75.0825051,40.8495241],[-75.0785432,40.8498421],[-75.076684,40.849875],[-75.0756182,40.8497527],[-75.0748424,40.8494575],[-75.073993,40.8490172],[-75.0726254,40.8478566],[-75.0718522,40.8474839],[-75.0712475,40.8472551],[-75.0705199,40.8471593],[-75.0681771,40.847167],[-75.0658815,40.8473935],[-75.0652428,40.8476211],[-75.064771,40.8479484],[-75.0643898,40.8483726],[-75.0638796,40.8493381],[-75.0633443,40.8507708],[-75.063753,40.8524186],[-75.0642985,40.8536879],[-75.0643844,40.8543491],[-75.064233,40.8549011],[-75.0638859,40.8554981],[-75.0634769,40.8560326],[-75.0617955,40.8574606],[-75.0587772,40.8604817],[-75.0572429,40.8613796],[-75.054731,40.8626695],[-75.053563,40.8632801],[-75.0524271,40.8636681],[-75.0516819,40.8641203],[-75.0511527,40.8648123],[-75.0507821,40.8659841],[-75.0506393,40.8669821],[-75.0508346,40.8680943],[-75.0514216,40.8702417],[-75.0518354,40.871406],[-75.0524112,40.8723155],[-75.0532852,40.8732164],[-75.0543032,40.8740724],[-75.0590933,40.8781748],[-75.0601358,40.8792835],[-75.0627446,40.882414],[-75.0642858,40.8841534],[-75.064988,40.8849458],[-75.0658792,40.8858611],[-75.0680183,40.8875049],[-75.069285,40.8884803],[-75.0727738,40.8911159],[-75.0739065,40.8922139],[-75.0748368,40.8933041],[-75.0754473,40.8942054],[-75.0758292,40.8956215],[-75.075831,40.8961085],[-75.0757483,40.89654],[-75.0753138,40.8979939],[-75.0750865,40.8989821],[-75.0749997,40.9001568],[-75.0750199,40.9002996],[-75.0754534,40.902617],[-75.0757631,40.9056123],[-75.0761102,40.9074047],[-75.0772467,40.9105425],[-75.0776922,40.911483],[-75.0785553,40.9128585],[-75.0796401,40.9140921],[-75.0803906,40.9145778],[-75.0874531,40.9186378],[-75.0879634,40.918911],[-75.0883454,40.9191315],[-75.0893143,40.9197391],[-75.0912008,40.9210821],[-75.0932972,40.92247],[-75.0957316,40.9242281],[-75.0966602,40.9250851],[-75.0979471,40.9265108],[-75.0987445,40.9275737],[-75.0997567,40.9291866],[-75.1002227,40.9297575],[-75.1040563,40.9338435],[-75.1053427,40.9355088],[-75.1058556,40.9367229],[-75.1061416,40.9385091],[-75.106153,40.939671],[-75.1064624,40.9404418],[-75.106812,40.9410288],[-75.1109028,40.9471814],[-75.1112616,40.9476856],[-75.111683,40.948111],[-75.1120694,40.9484184],[-75.112099,40.9484407],[-75.1147364,40.9504813],[-75.1177352,40.9530445],[-75.1184985,40.9546155],[-75.1187245,40.9551648],[-75.1189989,40.9569509],[-75.1189519,40.9577915],[-75.1184562,40.9591108],[-75.1181796,40.96022],[-75.1181408,40.961695],[-75.118308,40.9635767],[-75.1184479,40.9639232],[-75.1188608,40.9647618],[-75.1194252,40.9663565],[-75.1195084,40.9665516],[-75.1199296,40.9677491],[-75.1201166,40.9681378],[-75.1203575,40.9685382],[-75.1206949,40.9688493],[-75.1212289,40.9692321],[-75.1226198,40.9698003],[-75.1230469,40.9698797],[-75.123633,40.969899],[-75.1246224,40.9697996],[-75.1261322,40.969596],[-75.1265753,40.9695362],[-75.1290171,40.9689852],[-75.1297796,40.9689401],[-75.1307015,40.9689995],[-75.131655,40.9692271],[-75.1320849,40.9694419],[-75.1323438,40.9696066],[-75.1342275,40.9712111],[-75.1349591,40.9722517],[-75.1352602,40.9728575],[-75.135543,40.9733519],[-75.1357124,40.9742704],[-75.1357975,40.975605],[-75.1357995,40.9760151],[-75.1356788,40.9764307],[-75.1354794,40.9768545],[-75.1354181,40.9769849],[-75.1351456,40.977564],[-75.1345134,40.9784401],[-75.1330902,40.9797198],[-75.1328611,40.9800835],[-75.132419,40.9816181],[-75.1320666,40.9828411],[-75.1316859,40.9848835],[-75.1316116,40.9857662],[-75.1316391,40.986763],[-75.131696,40.9871904],[-75.1317324,40.9875341],[-75.1317604,40.9878715],[-75.1317813,40.9882225],[-75.1317938,40.9885671],[-75.1317982,40.9888853],[-75.1317947,40.9892565],[-75.1317858,40.9894048],[-75.1317685,40.9895528],[-75.1317428,40.9897],[-75.1317089,40.9898462],[-75.1316667,40.9899912],[-75.1316163,40.9901347],[-75.1315578,40.9902765],[-75.1314914,40.9904162],[-75.1314171,40.9905536],[-75.1313473,40.9906685],[-75.130693,40.991174],[-75.1291829,40.99251],[-75.1279736,40.9935799],[-75.1271198,40.9941316],[-75.1255185,40.9949556],[-75.123423,40.996129],[-75.1181085,40.9986743],[-75.1159663,40.99977],[-75.1132517,41.0012854],[-75.1127714,41.0015535],[-75.112543,41.0016809],[-75.1117077,41.0021472],[-75.1079769,41.0046808],[-75.106774,41.005046],[-75.1057425,41.0053592],[-75.104955,41.0055983],[-75.1026824,41.0062882],[-75.0995589,41.0072364],[-75.0987396,41.0075366],[-75.0961436,41.0084879],[-75.0956607,41.0086649],[-75.0948668,41.0089558],[-75.0935206,41.0094491],[-75.0905536,41.0113972],[-75.0895197,41.0123617],[-75.0863966,41.0142796],[-75.0856674,41.0147981],[-75.0833935,41.0164152],[-75.0819785,41.0166762],[-75.081101,41.016838],[-75.0749727,41.0173884],[-75.0734844,41.0178468],[-75.0700277,41.0189114],[-75.0676695,41.0202606],[-75.0598649,41.0241122],[-75.0578417,41.0245828],[-75.0551496,41.025631],[-75.052639,41.0270366],[-75.0507382,41.0280396],[-75.049302,41.0287231],[-75.0491855,41.0287785],[-75.0479961,41.0293444],[-75.0446583,41.0304661],[-75.0444424,41.0305399],[-75.0416613,41.0318818],[-75.0382303,41.0342041],[-75.0356479,41.0364202],[-75.0346302,41.0370567],[-75.0324603,41.0380358],[-75.0307825,41.0384792],[-75.0291556,41.0389042],[-75.0273987,41.0394356],[-75.0267092,41.0399646],[-75.0264432,41.0406652],[-75.0265065,41.0415744],[-75.0272343,41.0436164],[-75.0273432,41.0447047],[-75.0272467,41.0451866],[-75.0269335,41.0458086],[-75.0263691,41.0465874],[-75.0258746,41.0471376],[-75.0242419,41.0487949],[-75.0223069,41.0504065],[-75.0215139,41.0510213],[-75.0208275,41.0517472],[-75.0191013,41.0541148],[-75.0175435,41.0559684],[-75.0172033,41.0566786],[-75.0168372,41.0577123],[-75.0166225,41.0588362],[-75.016257,41.0600492],[-75.0152239,41.0619952],[-75.0142796,41.0638891],[-75.0136978,41.065752],[-75.0131,41.0667079],[-75.0124598,41.067227],[-75.0121534,41.0674239],[-75.0117216,41.0675789],[-75.0107217,41.0676638],[-75.0091742,41.0675426],[-75.0084227,41.0675046],[-75.0076748,41.0675269],[-75.0069371,41.0676166],[-75.0064438,41.067814],[-75.0047481,41.0695813],[-75.0034966,41.0708974],[-75.0025011,41.0718175],[-75.0011207,41.0729035],[-74.9992465,41.0741483],[-74.9956863,41.0760798],[-74.9940892,41.0768978],[-74.9920469,41.0776682],[-74.9899494,41.078216],[-74.9881514,41.0785537],[-74.9858583,41.0787213],[-74.9840088,41.0789559],[-74.9831933,41.0791146],[-74.9824146,41.0793467],[-74.9801509,41.0804357],[-74.9787292,41.0812221],[-74.9774687,41.0818966],[-74.9755808,41.0827729],[-74.9741946,41.0834225],[-74.9726747,41.0843167],[-74.9717417,41.0848354],[-74.9709763,41.0852768],[-74.9699303,41.0859989],[-74.9690346,41.0869382],[-74.9680129,41.0884118],[-74.9669357,41.0916985],[-74.9666462,41.0929769],[-74.9666006,41.0932968],[-74.9666548,41.0938431],[-74.9667601,41.0942854],[-74.9669314,41.0946008],[-74.9674068,41.095214],[-74.9678716,41.0956182],[-74.9682663,41.0958438],[-74.968768,41.0959989],[-74.969434,41.096074],[-74.9699507,41.0960552],[-74.9706816,41.0959642],[-74.9713437,41.0957688],[-74.972036,41.095562],[-74.9763435,41.0935891],[-74.9770784,41.0931626],[-74.977978,41.0925234],[-74.9788854,41.0918524],[-74.9814581,41.0899501],[-74.9835158,41.0889151],[-74.984782,41.088545],[-74.9868521,41.0882389],[-74.9883827,41.0881462],[-74.9896548,41.0881764],[-74.9905308,41.0883163],[-74.990991,41.0884739],[-74.9913859,41.0887153],[-74.9916965,41.0890517],[-74.9918649,41.0894289],[-74.9919255,41.0899954],[-74.9919269,41.0902535],[-74.9916535,41.0927768],[-74.9915097,41.0932119],[-74.991228,41.0936375],[-74.9895091,41.0953743],[-74.9887704,41.09643],[-74.9872485,41.0998953],[-74.985804,41.1021079],[-74.9841965,41.1039994],[-74.9837546,41.1049826],[-74.982212,41.108245],[-74.9813162,41.1093611],[-74.9798816,41.1105528],[-74.978764,41.1111641],[-74.9772487,41.1117543],[-74.9752269,41.1125642],[-74.972917,41.113327],[-74.9702255,41.1139148],[-74.9692305,41.1139728],[-74.967545,41.1138115],[-74.9661351,41.1138201],[-74.9652145,41.11392],[-74.964294,41.114237],[-74.9631589,41.1147386],[-74.9568088,41.1188275],[-74.955042,41.1196183],[-74.9515718,41.1211303],[-74.9508209,41.1216133],[-74.9474985,41.1237441],[-74.9473473,41.1239995],[-74.947334,41.124439],[-74.9475552,41.1252935],[-74.9475803,41.1262589],[-74.9474737,41.1269694],[-74.9471889,41.1274433],[-74.9462524,41.12846],[-74.9454555,41.1291417],[-74.9447001,41.1298623],[-74.9441586,41.130239],[-74.9434255,41.1305522],[-74.9412759,41.1311428],[-74.9398371,41.1313722],[-74.9367802,41.1318858],[-74.9306899,41.1338882],[-74.9279,41.1354938],[-74.9235803,41.1381627],[-74.9228974,41.1389191],[-74.9217507,41.1407812],[-74.9207816,41.1419163],[-74.9173675,41.1444964],[-74.9155466,41.1463497],[-74.9085892,41.1527441],[-74.9070926,41.1540745],[-74.9053134,41.1556562],[-74.9045886,41.1565248],[-74.9039428,41.1574953],[-74.9037779,41.1577885],[-74.9030613,41.1590632],[-74.9020112,41.1614365],[-74.9011212,41.1645747],[-74.9003249,41.1659826],[-74.9000388,41.1663739],[-74.8996061,41.1667737],[-74.8991525,41.1671005],[-74.898673,41.1674459],[-74.896531,41.1688712],[-74.8906826,41.1727626],[-74.889424,41.1736],[-74.886776,41.1762303],[-74.8846206,41.1781516],[-74.8822643,41.1809824],[-74.8794111,41.1861131],[-74.8788172,41.1877674],[-74.878377,41.1901454],[-74.878275,41.190489],[-74.8769749,41.1929216],[-74.874443,41.197659],[-74.8721476,41.2013054],[-74.8699361,41.204745],[-74.8675013,41.2081232],[-74.86718,41.208569],[-74.8630397,41.2141181],[-74.8595786,41.2185382],[-74.8593252,41.2194256],[-74.8593454,41.2204025],[-74.8594975,41.2208208],[-74.8597851,41.2212027],[-74.8602307,41.2216736],[-74.8605771,41.2219721],[-74.8611965,41.2224947],[-74.8644785,41.2246436],[-74.8664,41.2260474],[-74.8671129,41.2267224],[-74.867551,41.2273083],[-74.8677718,41.2279536],[-74.8675799,41.2297193],[-74.8669793,41.2311845],[-74.8663648,41.232494],[-74.8650071,41.2339927],[-74.8626471,41.2368522],[-74.8620122,41.2379517],[-74.861839,41.238987],[-74.8620037,41.2409299],[-74.8619463,41.2418112],[-74.8617549,41.2424812],[-74.8613502,41.2432126],[-74.8571093,41.2491747],[-74.8562913,41.249768],[-74.855305,41.2502835],[-74.854284,41.2506325],[-74.8496063,41.2511611],[-74.8486316,41.2514258],[-74.8480161,41.2518174],[-74.846932,41.253318],[-74.845883,41.254945],[-74.8453698,41.2565302],[-74.8449421,41.2578513],[-74.8451116,41.2589403],[-74.8457819,41.2604091],[-74.846506,41.261576],[-74.846319,41.263077],[-74.8427079,41.2685844],[-74.8408413,41.2713896],[-74.8405083,41.2723561],[-74.8397172,41.2742659],[-74.8387808,41.2763465],[-74.838366,41.277286],[-74.8366131,41.2790252],[-74.8339743,41.2816435],[-74.8318215,41.2842783],[-74.8309302,41.2858781],[-74.8306895,41.2863102],[-74.8302846,41.2872097],[-74.8295765,41.2879856],[-74.8265798,41.290083],[-74.8247941,41.2917182],[-74.823238,41.2929766],[-74.8220539,41.293749],[-74.8207539,41.2945234],[-74.8193646,41.2950309],[-74.8179423,41.2954438],[-74.8158174,41.2960343],[-74.812033,41.298157],[-74.8098566,41.300259],[-74.806858,41.303155],[-74.8039957,41.304828],[-74.8036719,41.3049998],[-74.8019523,41.3059122],[-74.799597,41.3072359],[-74.7957447,41.3088332],[-74.7930975,41.3101286],[-74.7925574,41.3106663],[-74.792254,41.3109683],[-74.791991,41.311639],[-74.7918272,41.3121981],[-74.7919494,41.3129095],[-74.792377,41.314088],[-74.7927216,41.3147064],[-74.7934556,41.3156017],[-74.79488,41.3168915],[-74.7958461,41.3176949],[-74.7961479,41.3182647],[-74.7962555,41.3186883],[-74.7961624,41.3191501],[-74.7959662,41.3197357],[-74.794861,41.320721],[-74.7939798,41.3216749],[-74.7927464,41.3225671],[-74.7915935,41.3230414],[-74.7895366,41.3233983],[-74.7871802,41.3238638],[-74.7842181,41.3242747],[-74.7804618,41.3245272],[-74.7777062,41.3245255],[-74.7748693,41.3244151],[-74.7726093,41.3248972],[-74.7707324,41.3258636],[-74.7666068,41.3283762],[-74.7645711,41.3302644],[-74.763499,41.331568],[-74.7633326,41.3318932],[-74.7627243,41.3330824],[-74.7615397,41.3368821],[-74.7609248,41.3382531],[-74.7599128,41.3405091],[-74.7590306,41.3415108],[-74.7576865,41.3430369],[-74.7570203,41.3438693],[-74.7568343,41.3441546],[-74.7560431,41.3453678],[-74.7557243,41.3456363],[-74.7553116,41.3458421],[-74.7548574,41.3460499],[-74.754351,41.3462107],[-74.7528512,41.3464778],[-74.7474459,41.3465677],[-74.7435844,41.3463435],[-74.7395069,41.3465344],[-74.7373896,41.3465823],[-74.735219,41.3464567],[-74.730333,41.3458572],[-74.7288874,41.3458443],[-74.7275663,41.3459832],[-74.7246824,41.346426],[-74.720923,41.347384],[-74.7191772,41.3479886],[-74.7188598,41.3480985],[-74.7114321,41.3514297],[-74.7072761,41.3532011],[-74.7059584,41.353561],[-74.7044808,41.3538274],[-74.7006572,41.3544329],[-74.7001881,41.3545966],[-74.6996596,41.3547811],[-74.6986887,41.355356],[-74.6977935,41.3558955],[-74.6975981,41.3560133],[-74.6972664,41.3562132],[-74.6968569,41.3564599],[-74.6963007,41.3568155],[-74.6947273,41.357279],[-74.6955425,41.3576501],[-74.6954405,41.3577976],[-74.695185,41.3580489],[-74.6944997,41.3585437],[-74.6933627,41.3592235],[-74.6923435,41.3598677],[-74.6911204,41.360528],[-74.6904445,41.3610273],[-74.6903165,41.3611973],[-74.6898866,41.3617681],[-74.689672,41.3626861],[-74.6897793,41.3637974],[-74.689908,41.3645462],[-74.6901806,41.3654936],[-74.690332,41.36602],[-74.690651,41.366558],[-74.6911097,41.3671027],[-74.6920109,41.3680327],[-74.693081,41.368877],[-74.6942747,41.3697397],[-74.695536,41.370731],[-74.695548,41.370738],[-74.6973863,41.3716902],[-74.703283,41.375094],[-74.7046655,41.3761041],[-74.7059961,41.3770898],[-74.7069776,41.3777424],[-74.7077394,41.3784026],[-74.70872,41.379334],[-74.7095204,41.3805359],[-74.710144,41.381692],[-74.7108078,41.3829268],[-74.7112799,41.3841504],[-74.7119236,41.3866679],[-74.712155,41.3878995],[-74.7129107,41.3893342],[-74.7140479,41.3907026],[-74.7148526,41.3917409],[-74.715566,41.3923969],[-74.7158504,41.3926826],[-74.7171325,41.3936283],[-74.7179532,41.3940428],[-74.71901,41.3943768],[-74.7198629,41.394574],[-74.7209197,41.394739],[-74.7222018,41.3948316],[-74.7241277,41.3949241],[-74.726022,41.395039],[-74.726952,41.395102],[-74.7286123,41.3952903],[-74.7298,41.395565],[-74.7317022,41.3961998],[-74.732405,41.396476],[-74.7345929,41.3973369],[-74.7358006,41.398079],[-74.7365677,41.3986947],[-74.7378016,41.4004492],[-74.7390783,41.4023082],[-74.7408915,41.4047787],[-74.7414065,41.405503],[-74.7415674,41.4060984],[-74.741628,41.4064475],[-74.741739,41.4069233],[-74.7417712,41.4079009],[-74.7417283,41.4085085],[-74.741585,41.409709],[-74.741569,41.409925],[-74.741083,41.411415],[-74.7401673,41.4124231],[-74.738685,41.413463],[-74.7376835,41.4154364],[-74.7371525,41.4166312],[-74.7367287,41.4176329],[-74.7360152,41.4193224],[-74.735055,41.4212453],[-74.734776,41.4221182],[-74.7345936,41.4233169],[-74.7346044,41.4245759],[-74.7347385,41.4256177],[-74.7350657,41.4265066],[-74.73552,41.427466],[-74.7363156,41.4287188],[-74.736887,41.429394],[-74.7374368,41.4299777],[-74.7378928,41.4303317],[-74.738482,41.430648],[-74.7392607,41.4309028],[-74.740296,41.431116],[-74.7409612,41.4312165],[-74.7417176,41.4311924],[-74.7425759,41.4310999],[-74.7434825,41.430939],[-74.744271,41.4307178],[-74.7454941,41.4302995],[-74.749378,41.4286625],[-74.7504616,41.4281879],[-74.7510892,41.427842],[-74.7516954,41.4274076],[-74.7521836,41.4269531],[-74.752669,41.426435],[-74.753075,41.426118],[-74.753632,41.425637],[-74.754359,41.425148],[-74.75469,41.424973],[-74.755673,41.424371],[-74.756335,41.424044],[-74.756986,41.423812],[-74.757926,41.423437],[-74.758587,41.423287],[-74.759675,41.423202],[-74.760826,41.423215],[-74.762306,41.423365],[-74.763701,41.423613],[-74.766703,41.424452],[-74.768076,41.424988],[-74.769012,41.425435],[-74.76987,41.4258309],[-74.7704977,41.4260561],[-74.7709751,41.4261567],[-74.7714579,41.4262572],[-74.772386,41.4263296],[-74.7731531,41.4263055],[-74.774039,41.426218],[-74.7763234,41.4257504],[-74.77745,41.4254688],[-74.7784907,41.4251028],[-74.7793543,41.4246644],[-74.7813553,41.423518],[-74.782353,41.4229951],[-74.7832811,41.422633],[-74.7846812,41.4222268],[-74.7861028,41.4218768],[-74.7875029,41.4216073],[-74.7885329,41.4214625],[-74.7896272,41.4215148],[-74.7905016,41.4215912],[-74.7915477,41.4218728],[-74.7928512,41.422263],[-74.793856,41.422671],[-74.7948575,41.4234295],[-74.795796,41.424492],[-74.796499,41.425393],[-74.797132,41.426575],[-74.798075,41.428547],[-74.798794,41.429854],[-74.799173,41.4305435],[-74.799546,41.43129],[-74.800095,41.432661],[-74.800218,41.433949],[-74.800246,41.435037],[-74.80037,41.43606],[-74.800685,41.43718],[-74.801225,41.4381],[-74.80196,41.4389382],[-74.802689,41.439617],[-74.8033548,41.4402814],[-74.8041058,41.4409329],[-74.8050928,41.4417211],[-74.805655,41.442101],[-74.8064,41.442449],[-74.8081613,41.4427827],[-74.810189,41.4428953],[-74.8117983,41.4427344],[-74.8130536,41.4425092],[-74.8144269,41.442091],[-74.8161516,41.4412826],[-74.81713,41.440921],[-74.817995,41.440505],[-74.818956,41.439944],[-74.819565,41.439543],[-74.821447,41.438011],[-74.82288,41.436792],[-74.823286,41.436342],[-74.823565,41.43586],[-74.824095,41.435168],[-74.824316,41.434533],[-74.824637,41.434035],[-74.824874,41.433432],[-74.825228,41.432773],[-74.825667,41.432074],[-74.826031,41.431736],[-74.826437,41.431472],[-74.8269223,41.4312403],[-74.828592,41.430698],[-74.8299784,41.4305086],[-74.8316145,41.4304081],[-74.8330307,41.4304765],[-74.8342967,41.4306977],[-74.8351872,41.4308988],[-74.8363566,41.431301],[-74.836915,41.431625],[-74.837627,41.432046],[-74.838701,41.432782],[-74.839531,41.433412],[-74.840211,41.433986],[-74.840647,41.434382],[-74.841519,41.434924],[-74.8433089,41.4358738],[-74.845572,41.437577],[-74.8470748,41.4389302],[-74.8478901,41.4395415],[-74.8486948,41.4400401],[-74.850103,41.440908],[-74.851134,41.441548],[-74.852891,41.442559],[-74.8542,41.443166],[-74.856448,41.443922],[-74.858578,41.444427],[-74.860657,41.444457],[-74.862555,41.444341],[-74.86376,41.444168],[-74.864688,41.443993],[-74.865872,41.443723],[-74.866929,41.443387],[-74.868465,41.44286],[-74.869319,41.442532],[-74.869863,41.442284],[-74.871421,41.441781],[-74.872509,41.441534],[-74.8743796,41.4410455],[-74.876721,41.440338],[-74.878303,41.44],[-74.880174,41.439648],[-74.883594,41.439126],[-74.885431,41.438894],[-74.886243,41.438762],[-74.8872477,41.4385541],[-74.888691,41.438259],[-74.889642,41.438159],[-74.890175,41.438178],[-74.8910308,41.4383069],[-74.892625,41.438617],[-74.893913,41.43893],[-74.894838,41.439265],[-74.895527,41.439575],[-74.896025,41.439987],[-74.896173,41.440229],[-74.896389,41.441019],[-74.896399,41.442179],[-74.896154,41.443184],[-74.895824,41.444228],[-74.895474,41.445128],[-74.894931,41.446099],[-74.894197,41.446989],[-74.8934,41.447742],[-74.892712,41.448253],[-74.891948,41.448853],[-74.890423,41.449852],[-74.889704,41.450299],[-74.889294,41.45078],[-74.889075,41.451245],[-74.888994,41.451833],[-74.889116,41.452534],[-74.889584,41.453735],[-74.8904783,41.4556937],[-74.890915,41.45618],[-74.891382,41.456513],[-74.892114,41.456959],[-74.893241,41.45748],[-74.8940456,41.457736],[-74.8951721,41.4581019],[-74.8961914,41.458331],[-74.897157,41.458524],[-74.898692,41.458812],[-74.9005634,41.459127],[-74.9022317,41.4594245],[-74.903444,41.459633],[-74.904445,41.459952],[-74.905306,41.460198],[-74.905869,41.460458],[-74.906368,41.46071],[-74.906887,41.461131],[-74.907221,41.461946],[-74.907491,41.462768],[-74.907939,41.463849],[-74.908103,41.464639],[-74.908204,41.465211],[-74.908132,41.466016],[-74.908068,41.467094],[-74.908133,41.468117],[-74.908528,41.469318],[-74.908607,41.469986],[-74.908673,41.47084],[-74.908879,41.471654],[-74.909181,41.472436],[-74.909465,41.472905],[-74.9095009,41.472951],[-74.909982,41.473567],[-74.910606,41.474174],[-74.911231,41.474652],[-74.911962,41.475179],[-74.912301,41.47547],[-74.912991,41.475901],[-74.913735,41.476218],[-74.914523,41.476464],[-74.916163,41.476826],[-74.917281,41.477044],[-74.918157,41.477133],[-74.918915,41.477129],[-74.919865,41.477085],[-74.92103,41.476994],[-74.922173,41.476855],[-74.923208,41.476941],[-74.924092,41.477138],[-74.924986,41.477448],[-74.926049,41.477928],[-74.926835,41.478327],[-74.927833,41.478951],[-74.928735,41.479583],[-74.929456,41.480126],[-74.9304384,41.4808948],[-74.931035,41.481325],[-74.9323106,41.4821463],[-74.932585,41.482323],[-74.933458,41.482601],[-74.934652,41.482872],[-74.935291,41.482939],[-74.936326,41.482992],[-74.93976,41.483371],[-74.941798,41.483542],[-74.942641,41.483545],[-74.943549,41.483574],[-74.944756,41.483491],[-74.945634,41.483213],[-74.946192,41.48283],[-74.946624,41.482316],[-74.947067,41.481731],[-74.94736,41.481177],[-74.94808,41.480625],[-74.948992,41.480178],[-74.950888,41.479406],[-74.952251,41.478672],[-74.953742,41.477898],[-74.956411,41.476735],[-74.95701,41.476512],[-74.957331,41.476472],[-74.95826,41.476396],[-74.9610257,41.4765243],[-74.9638529,41.476689],[-74.965078,41.476781],[-74.9662744,41.4769619],[-74.968278,41.477166],[-74.969887,41.477438],[-74.971081,41.477677],[-74.972721,41.478103],[-74.973594,41.478364],[-74.975075,41.478701],[-74.976588,41.479022],[-74.97838,41.479255],[-74.98048,41.479666],[-74.981652,41.479945],[-74.982513,41.480319],[-74.983341,41.480894],[-74.983816,41.4815],[-74.984259,41.48221],[-74.985004,41.483703],[-74.985367,41.48496],[-74.985595,41.485863],[-74.9854693,41.4870372],[-74.98533,41.488218],[-74.985247,41.489113],[-74.984621,41.491244],[-74.984251,41.492095],[-74.983694,41.493289],[-74.982867,41.495357],[-74.9825692,41.4965086],[-74.9823332,41.4984854],[-74.9823654,41.4992407],[-74.9823868,41.5000121],[-74.9825531,41.5010246],[-74.9828053,41.5019928],[-74.983413,41.504183],[-74.9835992,41.5049658],[-74.9840123,41.5060625],[-74.984225,41.506297],[-74.984372,41.506611],[-74.984749,41.507101],[-74.985159,41.507534],[-74.985626,41.507904],[-74.985658,41.507924],[-74.986393,41.508317],[-74.987079,41.508636],[-74.987645,41.508738],[-74.993893,41.508754],[-74.994821,41.508605],[-74.999614,41.5074],[-74.999714,41.507402],[-74.999815,41.507405],[-75.000458,41.507422],[-75.0011,41.507438],[-75.00121,41.507441],[-75.001348,41.507477],[-75.001563,41.507533],[-75.001873,41.507614],[-75.002399,41.507752],[-75.002502,41.507779],[-75.003151,41.508101],[-75.003682,41.509269],[-75.003706,41.511118],[-75.003691,41.511188],[-75.003616,41.511537],[-75.003542,41.511887],[-75.003437,41.512379],[-75.003153,41.513112],[-75.003076,41.513312],[-75.002998,41.513511],[-75.002973,41.513577],[-75.002927,41.513696],[-75.002881,41.513814],[-75.002807,41.514005],[-75.002731,41.514221],[-75.002592,41.51456],[-75.002521,41.514677],[-75.002408,41.514863],[-75.002295,41.515049],[-75.002154,41.51528],[-75.002014,41.515512],[-75.001964,41.515595],[-75.00193,41.515652],[-75.001895,41.515708],[-75.001778,41.515904],[-75.00166,41.5161],[-75.001628,41.516156],[-75.001595,41.516213],[-75.001553,41.516272],[-75.001511,41.516341],[-75.001466,41.516415],[-75.001245,41.516779],[-75.001029,41.517377],[-75.000982,41.517508],[-75.000942,41.517637],[-75.000911,41.519292],[-75.001008,41.519632],[-75.001297,41.52065],[-75.001423,41.52082],[-75.00148,41.520896],[-75.001536,41.520971],[-75.002159,41.521808],[-75.002914,41.522867],[-75.00299,41.522974],[-75.00385,41.524052],[-75.004918,41.524797],[-75.0052,41.524994],[-75.006554,41.526277],[-75.007039,41.526736],[-75.007579,41.527106],[-75.00768,41.527176],[-75.009552,41.528461],[-75.010293,41.528861],[-75.010856,41.529165],[-75.01142,41.529469],[-75.012761,41.530193],[-75.014919,41.531399],[-75.016616,41.53211],[-75.016722,41.532128],[-75.016994,41.532174],[-75.017265,41.53222],[-75.018743,41.532469],[-75.02113,41.532676],[-75.021167,41.532679],[-75.021483,41.532759],[-75.023018,41.533147],[-75.024206,41.534018],[-75.024595,41.534782],[-75.024623,41.534836],[-75.024651,41.534891],[-75.024757,41.535099],[-75.024925,41.536702],[-75.025064,41.538418],[-75.024909,41.539225],[-75.024798,41.539801],[-75.023846,41.540746],[-75.023823,41.540774],[-75.022838,41.541453],[-75.02282,41.541458],[-75.020457,41.542124],[-75.020234,41.542172],[-75.020028,41.542216],[-75.019821,41.542261],[-75.019682,41.542291],[-75.019543,41.542321],[-75.017626,41.542734],[-75.01668,41.543416],[-75.016365,41.543904],[-75.016302,41.544],[-75.01624,41.544097],[-75.016144,41.544246],[-75.016074,41.544644],[-75.015994,41.545103],[-75.016163,41.54581],[-75.016328,41.546501],[-75.016443,41.546752],[-75.016463,41.546795],[-75.016617,41.547119],[-75.016771,41.547448],[-75.016838,41.547592],[-75.016906,41.547737],[-75.016939,41.547806],[-75.016971,41.547876],[-75.017047,41.548039],[-75.017123,41.548201],[-75.017153,41.548265],[-75.017179,41.548323],[-75.017241,41.548461],[-75.017303,41.548599],[-75.017344,41.548689],[-75.017384,41.548779],[-75.017434,41.54889],[-75.017483,41.549],[-75.017508,41.549054],[-75.017532,41.549109],[-75.017748,41.549589],[-75.017963,41.550069],[-75.018002,41.550156],[-75.018062,41.550347],[-75.018083,41.550411],[-75.01814,41.55059],[-75.018197,41.55077],[-75.01836,41.551286],[-75.018524,41.551802],[-75.018563,41.551852],[-75.018754,41.552097],[-75.018946,41.552342],[-75.019227,41.552702],[-75.019508,41.553063],[-75.019782,41.553413],[-75.020055,41.553763],[-75.020082,41.553798],[-75.0204252,41.5542282],[-75.020469,41.554283],[-75.020567,41.554406],[-75.020661,41.554525],[-75.021374,41.555418],[-75.0214,41.55545],[-75.02455,41.559231],[-75.024741,41.559511],[-75.026449,41.562004],[-75.027343,41.563541],[-75.027463,41.563629],[-75.028433,41.564333],[-75.029211,41.564637],[-75.030164,41.564673],[-75.03076,41.564734],[-75.030852,41.564744],[-75.030928,41.564734],[-75.031684,41.564644],[-75.032869,41.565003],[-75.032995,41.565042],[-75.03312,41.565079],[-75.033165,41.565093],[-75.03387,41.565453],[-75.034578,41.565813],[-75.035048,41.566051],[-75.036085,41.566584],[-75.03621,41.566648],[-75.036334,41.566712],[-75.036591,41.566844],[-75.036848,41.566977],[-75.036989,41.567049],[-75.03921,41.568568],[-75.039821,41.569102],[-75.04049,41.569688],[-75.042446,41.572549],[-75.042886,41.573055],[-75.042962,41.573143],[-75.043581,41.573873],[-75.043879,41.575094],[-75.044386,41.576728],[-75.044469,41.577],[-75.044553,41.577272],[-75.044607,41.577444],[-75.044661,41.577617],[-75.045048,41.57888],[-75.045434,41.580144],[-75.045651,41.580853],[-75.045665,41.580889],[-75.045766,41.581152],[-75.045866,41.581416],[-75.046178,41.582233],[-75.046404,41.582631],[-75.046466,41.58274],[-75.046528,41.582849],[-75.04676,41.583258],[-75.047296,41.583681],[-75.047643,41.583955],[-75.047991,41.584229],[-75.048639,41.58474],[-75.049588,41.585375],[-75.050566,41.586029],[-75.050734,41.586164],[-75.051198,41.586538],[-75.051662,41.586911],[-75.051965,41.587155],[-75.052246,41.587349],[-75.052858,41.587772],[-75.054769,41.588367],[-75.05627,41.588988],[-75.0573,41.589414],[-75.058006,41.589778],[-75.058254,41.589906],[-75.058502,41.590034],[-75.058601,41.590085],[-75.060012,41.590813],[-75.060332,41.591117],[-75.06054,41.591315],[-75.060748,41.591513],[-75.060857,41.591616],[-75.061026,41.591989],[-75.061107,41.592169],[-75.062324,41.593298],[-75.062408,41.593388],[-75.062548,41.593536],[-75.062688,41.593685],[-75.063677,41.594739],[-75.063685,41.59475],[-75.06512,41.596869],[-75.065186,41.596967],[-75.065253,41.597065],[-75.065303,41.597138],[-75.065448,41.597354],[-75.065594,41.597569],[-75.065664,41.597672],[-75.065735,41.597776],[-75.066955,41.599428],[-75.067608,41.600046],[-75.06777,41.600198],[-75.067931,41.60035],[-75.06836,41.600756],[-75.068921,41.60128],[-75.0698171,41.6019514],[-75.071324,41.603172],[-75.072951,41.604342],[-75.073375,41.604647],[-75.074613,41.605711],[-75.074756,41.606306],[-75.074731,41.606925],[-75.074729,41.606965],[-75.074722,41.607138],[-75.074721,41.607157],[-75.07472,41.607178],[-75.07472,41.607198],[-75.074704,41.607597],[-75.074625,41.607905],[-75.074222,41.60824],[-75.073819,41.608575],[-75.073807,41.608585],[-75.073741,41.608614],[-75.07347,41.608732],[-75.073199,41.608851],[-75.073014,41.608932],[-75.072828,41.609012],[-75.072746,41.609048],[-75.072663,41.609085],[-75.072184,41.609274],[-75.071692,41.6093972],[-75.0704558,41.6097584],[-75.0696189,41.6099068],[-75.0689285,41.6099778],[-75.0676577,41.609965],[-75.0669469,41.6099088],[-75.0662774,41.6097897],[-75.0645806,41.6094255],[-75.0640624,41.6093421],[-75.063585,41.6093124],[-75.0631762,41.6093176],[-75.0626892,41.6093814],[-75.0619177,41.6095892],[-75.0607344,41.6099718],[-75.0601995,41.6102097],[-75.0597725,41.6105402],[-75.0596127,41.6107692],[-75.0595456,41.610995],[-75.0595204,41.6111694],[-75.0595488,41.6113543],[-75.0597344,41.6117077],[-75.0606829,41.6131191],[-75.0609951,41.6137524],[-75.0612424,41.6144582],[-75.0614403,41.6150987],[-75.0615583,41.6156726],[-75.0615927,41.616054],[-75.0614972,41.6163388],[-75.0612971,41.6166323],[-75.0608669,41.6169676],[-75.0601341,41.6173534],[-75.0594807,41.6176478],[-75.0583434,41.6179706],[-75.0570715,41.6182642],[-75.0559193,41.6184912],[-75.055077,41.618601],[-75.0543421,41.6186359],[-75.0536683,41.6185962],[-75.0530171,41.6184607],[-75.0522661,41.6181768],[-75.0516186,41.6179019],[-75.0515328,41.6178655],[-75.0506916,41.6173346],[-75.049563,41.6165068],[-75.0491365,41.6162497],[-75.0486816,41.6160247],[-75.0481607,41.6158491],[-75.0475497,41.6157155],[-75.0470529,41.615677],[-75.0464639,41.6157107],[-75.0459506,41.6158302],[-75.0454393,41.6160689],[-75.0448433,41.6165377],[-75.0445124,41.6169841],[-75.0443149,41.6174052],[-75.0442254,41.6177637],[-75.0441256,41.6182293],[-75.0441293,41.6189443],[-75.0441921,41.619432],[-75.0443552,41.6199914],[-75.0443981,41.6203736],[-75.0444077,41.6208548],[-75.0443418,41.6212831],[-75.0440269,41.6220093],[-75.0437179,41.6227103],[-75.0436133,41.6230905],[-75.0436203,41.6234426],[-75.0437941,41.6239494],[-75.0442613,41.6247342],[-75.044971,41.6255642],[-75.0453578,41.6262543],[-75.0462322,41.6281919],[-75.0466249,41.6289224],[-75.0473464,41.6299525],[-75.0478029,41.630817],[-75.0481001,41.6314561],[-75.0483061,41.6320018],[-75.0485593,41.632847],[-75.0486993,41.6335463],[-75.0488248,41.6344047],[-75.0489047,41.6354539],[-75.0488763,41.6362229],[-75.0488055,41.6370235],[-75.0488323,41.6378967],[-75.048908,41.6386569],[-75.0489965,41.639223],[-75.0493242,41.6402737],[-75.0494106,41.6407195],[-75.0494503,41.6412347],[-75.0494192,41.6417346],[-75.0492996,41.6425937],[-75.049188,41.643112],[-75.0490442,41.6435193],[-75.0488747,41.6438348],[-75.0484788,41.6444105],[-75.0480706,41.6448747],[-75.04779,41.6451729],[-75.0477187,41.6453213],[-75.0476918,41.6455766],[-75.0477315,41.64583],[-75.0479273,41.6462597],[-75.0481516,41.6465459],[-75.0487309,41.6471115],[-75.0490507,41.6476022],[-75.0491526,41.6479385],[-75.0492207,41.6484223],[-75.0492465,41.6492039],[-75.0492593,41.6499523],[-75.0492255,41.6506646],[-75.0491537,41.6514506],[-75.0489541,41.6529072],[-75.0488264,41.6543109],[-75.0487975,41.6556384],[-75.0488388,41.6568993],[-75.048975,41.6583662],[-75.0492014,41.6596944],[-75.0495324,41.6608667],[-75.0500629,41.6624397],[-75.0503885,41.6630592],[-75.0507984,41.6637053],[-75.0515419,41.6645292],[-75.0521438,41.6650975],[-75.0526099,41.6655671],[-75.0530198,41.6660705],[-75.0533701,41.6666155],[-75.0537724,41.667554],[-75.0539532,41.6678954],[-75.054208,41.6682172],[-75.0544703,41.6684027],[-75.054834,41.668557],[-75.0551886,41.6686343],[-75.055636,41.668684],[-75.056364,41.6687085],[-75.0568505,41.6687485],[-75.05727,41.668866],[-75.0578177,41.669106],[-75.058267,41.6694358],[-75.058697,41.6699218],[-75.0589485,41.6702813],[-75.0591363,41.6707597],[-75.059294,41.6712582],[-75.0593884,41.671715],[-75.0594329,41.6721818],[-75.0594484,41.6725568],[-75.0592479,41.673664],[-75.0589839,41.6741292],[-75.0585387,41.6745888],[-75.0578177,41.6751466],[-75.0570635,41.6756554],[-75.0559681,41.6762428],[-75.0544328,41.6771608],[-75.0537032,41.6776468],[-75.0528165,41.6782466],[-75.0521223,41.6787827],[-75.0517286,41.6791949],[-75.0514823,41.6795323],[-75.0513016,41.6799782],[-75.0511927,41.6805043],[-75.0511449,41.6810091],[-75.0511562,41.6816056],[-75.0512195,41.682213],[-75.0514062,41.682856],[-75.0516615,41.6834402],[-75.0520295,41.6841645],[-75.0521845,41.684618],[-75.0523058,41.6851292],[-75.0523101,41.6858139],[-75.0523616,41.6864428],[-75.0524812,41.6871491],[-75.052655,41.6878886],[-75.0529141,41.6886882],[-75.053465,41.6898896],[-75.0547337,41.6922719],[-75.0554703,41.6935076],[-75.0567405,41.6955261],[-75.0587152,41.6982622],[-75.0592672,41.6989675],[-75.0596717,41.6994234],[-75.0604388,41.7001587],[-75.0618502,41.7013587],[-75.062982,41.7022246],[-75.0641359,41.703006],[-75.0655629,41.7039212],[-75.0663901,41.7045736],[-75.0674705,41.7055172],[-75.0677982,41.7058796],[-75.0681635,41.706401],[-75.0685809,41.7071892],[-75.0688159,41.7077607],[-75.0689349,41.7082877],[-75.0689897,41.7088251],[-75.0689376,41.709512],[-75.0687263,41.7103653],[-75.0684859,41.7110185],[-75.068112,41.7115047],[-75.0676201,41.7119436],[-75.0671121,41.7123212],[-75.0665199,41.7126091],[-75.0657335,41.7128169],[-75.0648392,41.7129243],[-75.0633774,41.7130244],[-75.0625121,41.7130116],[-75.0602215,41.7127901],[-75.0585467,41.712553],[-75.0576707,41.712372],[-75.0556408,41.7119067],[-75.0543722,41.7116136],[-75.0533926,41.7114562],[-75.0526759,41.7113893],[-75.0519684,41.7113725],[-75.0515526,41.7113969],[-75.0512844,41.7114506],[-75.0509556,41.7116636],[-75.0507297,41.7118947],[-75.0503832,41.7122535],[-75.0500399,41.7128894],[-75.0498569,41.7134917],[-75.049725,41.7142237],[-75.0496863,41.714886],[-75.0497142,41.7153822],[-75.0498548,41.7160012],[-75.0501101,41.7165826],[-75.0506283,41.7175533],[-75.0511133,41.718228],[-75.0514255,41.7187517],[-75.0516798,41.7192814],[-75.0518874,41.719846],[-75.0519378,41.7202652],[-75.0520043,41.7214865],[-75.0520542,41.7219137],[-75.0521577,41.7223357],[-75.052883,41.7245318],[-75.053406,41.7264543],[-75.0538523,41.7282868],[-75.0540573,41.7292584],[-75.0541413,41.7297055],[-75.0542506,41.7307743],[-75.054272,41.73114],[-75.0543984,41.732267],[-75.0546849,41.733761],[-75.0548094,41.7344963],[-75.0548614,41.735152],[-75.0548523,41.7357065],[-75.0547723,41.7362649],[-75.0546264,41.7369626],[-75.0538625,41.7399039],[-75.0536528,41.7408234],[-75.0533803,41.7420002],[-75.0531807,41.7428243],[-75.0530214,41.7436781],[-75.0529018,41.744515],[-75.0528631,41.7449545],[-75.0528653,41.7453779],[-75.0529645,41.7463793],[-75.0530096,41.7473347],[-75.0530375,41.7494583],[-75.0530659,41.7501655],[-75.0531228,41.7506249],[-75.0533191,41.7515038],[-75.0534103,41.7521629],[-75.0535283,41.752684],[-75.0536635,41.7531214],[-75.0538261,41.7534576],[-75.0554273,41.7556938],[-75.0560292,41.7564634],[-75.056659,41.7575266],[-75.0573097,41.7587871],[-75.0579497,41.7600452],[-75.0585253,41.7611973],[-75.0589603,41.7619411],[-75.0595697,41.7629571],[-75.0599544,41.7635833],[-75.0603251,41.7641067],[-75.0607145,41.764548],[-75.0609285,41.7647181],[-75.0611995,41.7648789],[-75.0621688,41.765279],[-75.0632095,41.7658104],[-75.06365,41.766026],[-75.064368,41.766403],[-75.0650591,41.7667451],[-75.0654583,41.7668815],[-75.0658858,41.7669799],[-75.0663622,41.7670455],[-75.0670794,41.7671276],[-75.0680423,41.7672544],[-75.0686909,41.7673632],[-75.0692649,41.7675377],[-75.0709986,41.7681202],[-75.0715893,41.7683063],[-75.0721997,41.7684651],[-75.072601,41.7686224],[-75.0728783,41.7688232],[-75.073122,41.769115],[-75.0734802,41.7699263],[-75.07375,41.7704548],[-75.0740714,41.7709433],[-75.0743745,41.771191],[-75.0746625,41.7713574],[-75.0751882,41.7715242],[-75.0759554,41.7716546],[-75.0765669,41.7716899],[-75.0772069,41.7716923],[-75.077989,41.7716226],[-75.0788157,41.7714654],[-75.0814829,41.7707973],[-75.08501,41.7699943],[-75.0855888,41.7698391],[-75.086806,41.7694962],[-75.0881991,41.7691549],[-75.0894694,41.7689168],[-75.0915594,41.7685559],[-75.0922551,41.7684559],[-75.0929713,41.7683699],[-75.0938908,41.7683219],[-75.0946525,41.7683135],[-75.0953547,41.7683683],[-75.0972913,41.7686564],[-75.0982322,41.768768],[-75.0990476,41.7688416],[-75.1001215,41.7689428],[-75.1006639,41.7690129],[-75.1011424,41.7691429],[-75.1015388,41.7693341],[-75.1020093,41.7696498],[-75.1025226,41.7700907],[-75.1033182,41.7709925],[-75.1037913,41.7716711],[-75.1041556,41.7723588],[-75.104419,41.7729745],[-75.1045751,41.7736378],[-75.1046555,41.7742395],[-75.1046233,41.774868],[-75.1045718,41.7752857],[-75.104103,41.7765879],[-75.1039388,41.7771127],[-75.103889,41.7776216],[-75.1039367,41.7794786],[-75.1039147,41.7801246],[-75.1038643,41.7806623],[-75.1027512,41.7849504],[-75.1024212,41.786036],[-75.1020811,41.7868712],[-75.1016831,41.7876527],[-75.1012802,41.7882291],[-75.1006821,41.7889167],[-75.1000357,41.7895718],[-75.0984956,41.7907893],[-75.0962543,41.7924175],[-75.0954684,41.7931015],[-75.0947646,41.7940273],[-75.0936939,41.7956091],[-75.0932867,41.7960678],[-75.0929691,41.7963829],[-75.0924778,41.7967269],[-75.0920652,41.7969364],[-75.0914263,41.7971712],[-75.089788,41.7975323],[-75.088846,41.7976511],[-75.0879319,41.7976407],[-75.0870452,41.7975243],[-75.0855078,41.7972028],[-75.0832815,41.7965845],[-75.0827285,41.7964913],[-75.0821765,41.7964885],[-75.0809067,41.7966245],[-75.0795645,41.7969176],[-75.0788022,41.7971812],[-75.0781832,41.7974567],[-75.0777117,41.7977079],[-75.0771817,41.7980646],[-75.0766629,41.7985365],[-75.0762778,41.7988776],[-75.0757472,41.7994819],[-75.0753374,41.8000514],[-75.0744184,41.8017665],[-75.07355,41.803431],[-75.073259,41.80397],[-75.072939,41.804711],[-75.072514,41.805998],[-75.072343,41.806643],[-75.072191,41.807296],[-75.071991,41.808889],[-75.071717,41.809771],[-75.07159,41.810324],[-75.071531,41.810747],[-75.07151,41.811273],[-75.07158,41.8123],[-75.071643,41.812781],[-75.071768,41.813239],[-75.071977,41.813684],[-75.072247,41.81413],[-75.072604,41.814479],[-75.072915,41.814694],[-75.07335,41.814913],[-75.073818,41.815086],[-75.07436,41.815214],[-75.074759,41.815293],[-75.075531,41.815365],[-75.076376,41.815385],[-75.077161,41.815372],[-75.0773291,41.8153588],[-75.078063,41.815301],[-75.078768,41.815209],[-75.079362,41.815099],[-75.080229,41.814857],[-75.080911,41.814572],[-75.081576,41.814224],[-75.082077,41.813865],[-75.083484,41.812794],[-75.084173,41.812339],[-75.084734,41.81202],[-75.085154,41.811837],[-75.085572,41.811715],[-75.086039,41.811664],[-75.087713,41.811618],[-75.088766,41.811627],[-75.089878,41.811699],[-75.090246,41.811792],[-75.090763,41.812005],[-75.090785,41.8120156],[-75.091522,41.81237],[-75.093278,41.813345],[-75.095637,41.814728],[-75.096319,41.815222],[-75.096878,41.815683],[-75.097681,41.816481],[-75.098438,41.817155],[-75.099649,41.818334],[-75.10012,41.818669],[-75.100564,41.818926],[-75.101378,41.819223],[-75.101745,41.819324],[-75.102094,41.819394],[-75.102474,41.819441],[-75.102896,41.819474],[-75.103388,41.819547],[-75.103888,41.819682],[-75.10506,41.820072],[-75.105741,41.820319],[-75.106878,41.820809],[-75.10833,41.821391],[-75.109085,41.821616],[-75.109668,41.821753],[-75.110764,41.821964],[-75.11184,41.822151],[-75.11231,41.82227],[-75.112677,41.822394],[-75.113019,41.822618],[-75.113276,41.822886],[-75.113501,41.823193],[-75.113788,41.823755],[-75.114031,41.824371],[-75.114509,41.825818],[-75.11487,41.826575],[-75.115015,41.827057],[-75.115067,41.827539],[-75.115067,41.827542],[-75.115052,41.827938],[-75.114811,41.829014],[-75.114715,41.829599],[-75.114529,41.8311],[-75.1144,41.83173],[-75.114076,41.832835],[-75.113843,41.833741],[-75.113559,41.834607],[-75.113295,41.835512],[-75.113144,41.836164],[-75.113095,41.836611],[-75.113087,41.837023],[-75.113203,41.838498],[-75.113255,41.840244],[-75.113331,41.841667],[-75.113405,41.842139],[-75.113545,41.84249],[-75.1137,41.842748],[-75.113908,41.842946],[-75.114116,41.843183],[-75.114301,41.843457],[-75.114512,41.843848],[-75.114745,41.844209],[-75.114982,41.844469],[-75.115323,41.844716],[-75.115958,41.845101],[-75.116595,41.845448],[-75.117969,41.845943],[-75.118645,41.846082],[-75.119384,41.846191],[-75.120116,41.846216],[-75.120903,41.84618],[-75.121763,41.846115],[-75.122666,41.845989],[-75.123531,41.845815],[-75.1254,41.845325],[-75.126223,41.845151],[-75.126919,41.845059],[-75.127602,41.845013],[-75.128903,41.845019],[-75.12982,41.845087],[-75.130478,41.845163],[-75.13099,41.84526],[-75.131368,41.845369],[-75.131712,41.845555],[-75.131993,41.845754],[-75.132349,41.846148],[-75.132731,41.846636],[-75.133068,41.846991],[-75.133747,41.84757],[-75.13499,41.848494],[-75.135573,41.848886],[-75.13629,41.849303],[-75.138473,41.85072],[-75.138742,41.850981],[-75.139284,41.851626],[-75.139563,41.851864],[-75.139876,41.852057],[-75.140232,41.852173],[-75.140561,41.852219],[-75.140974,41.852228],[-75.141439,41.852208],[-75.143091,41.851991],[-75.1441,41.851813],[-75.144954,41.851631],[-75.145439,41.851504],[-75.1468225,41.8507975],[-75.149705,41.84963],[-75.1517444,41.8488986],[-75.1524648,41.84869],[-75.1531032,41.8485226],[-75.15363,41.8484067],[-75.1541873,41.8483288],[-75.1546385,41.8482972],[-75.1557377,41.8483032],[-75.1567767,41.8483712],[-75.157421,41.8484667],[-75.1583491,41.8486864],[-75.1594906,41.8490589],[-75.1606885,41.8495068],[-75.1611847,41.8497102],[-75.1618595,41.8499831],[-75.1626433,41.8503504],[-75.163479,41.8508934],[-75.1642993,41.8515671],[-75.164943,41.852261],[-75.1655894,41.8530168],[-75.1659714,41.853577],[-75.1661377,41.8539226],[-75.166224,41.8542035],[-75.166282,41.8544632],[-75.1663807,41.8547705],[-75.1666258,41.8552511],[-75.1674476,41.8564534],[-75.1677969,41.8569932],[-75.1680474,41.8574387],[-75.1682351,41.8578786],[-75.1684749,41.8585386],[-75.1686139,41.8590121],[-75.1687319,41.8595982],[-75.1688075,41.860295],[-75.1688435,41.8611735],[-75.1688156,41.8617133],[-75.1687394,41.8623074],[-75.1684669,41.8635015],[-75.1683907,41.8640568],[-75.1682845,41.8646353],[-75.1681289,41.8658182],[-75.1680404,41.866602],[-75.16802,41.8672672],[-75.1680662,41.8677262],[-75.1682046,41.8684332],[-75.1683242,41.8688559],[-75.1687464,41.8697379],[-75.16908,41.8703056],[-75.169389,41.8706938],[-75.1697651,41.8710174],[-75.1702838,41.8714149],[-75.1707618,41.8716857],[-75.1713116,41.8718906],[-75.172473,41.8722106],[-75.1735019,41.8723804],[-75.1743629,41.8725326],[-75.1751027,41.8726072],[-75.1756826,41.8725969],[-75.1761273,41.8724906],[-75.1765934,41.8723041],[-75.1769287,41.87204],[-75.1773627,41.8715427],[-75.1776701,41.8712547],[-75.178243,41.8708401],[-75.1786131,41.8704953],[-75.1789162,41.8701454],[-75.179347,41.8695686],[-75.1796174,41.8690884],[-75.179892,41.8683214],[-75.180053,41.8676563],[-75.180289,41.8664846],[-75.1804183,41.8659053],[-75.1806221,41.8652801],[-75.1808882,41.8646413],[-75.1815571,41.8633305],[-75.1823194,41.8621052],[-75.1827867,41.8615187],[-75.1837034,41.8606917],[-75.1843499,41.8602458],[-75.184771,41.8600469],[-75.1851947,41.8599234],[-75.1855885,41.8598943],[-75.1863588,41.8599434],[-75.186928,41.8600537],[-75.1873942,41.8602351],[-75.1879606,41.8605491],[-75.1887959,41.8611268],[-75.1893393,41.861593],[-75.1897942,41.8620305],[-75.1901161,41.8623965],[-75.1903414,41.8627432],[-75.1905737,41.8632227],[-75.191017,41.86434],[-75.1911771,41.8647212],[-75.1913569,41.8649729],[-75.1924871,41.8659948],[-75.1936029,41.8667794],[-75.1950009,41.867584],[-75.1959585,41.8680749],[-75.1968103,41.8684097],[-75.1976069,41.8686633],[-75.1983682,41.8688595],[-75.1993396,41.8690564],[-75.2003809,41.8691631],[-75.2012875,41.8691647],[-75.2019419,41.8692386],[-75.202357,41.869268],[-75.2027332,41.869344],[-75.2030309,41.8694403],[-75.2034772,41.8696912],[-75.2037358,41.8697663],[-75.2040255,41.8698142],[-75.2044975,41.8698342],[-75.2058596,41.8697431],[-75.2080193,41.8695238],[-75.2093647,41.8693261],[-75.2097445,41.869239],[-75.210164,41.8690848],[-75.2108748,41.8688243],[-75.2127094,41.8681225],[-75.213587,41.867841],[-75.214455,41.8676095],[-75.2147854,41.8675021],[-75.2150703,41.8673798],[-75.2153905,41.8671625],[-75.2158862,41.866598],[-75.2163642,41.8659013],[-75.2169859,41.8650732],[-75.2178936,41.8636881],[-75.2181977,41.8631727],[-75.219107,41.8619618],[-75.2197625,41.8610241],[-75.2202357,41.8604896],[-75.2206782,41.8600589],[-75.2219163,41.859062],[-75.2222833,41.858744],[-75.2225037,41.8584819],[-75.2229452,41.8579241],[-75.2231496,41.8576992],[-75.2233454,41.8575781],[-75.223546,41.857511],[-75.2249842,41.8574535],[-75.2254885,41.8574663],[-75.2260067,41.8575522],[-75.2265635,41.857712],[-75.2271504,41.8579377],[-75.2276037,41.8581922],[-75.2283118,41.8587028],[-75.2292248,41.8593537],[-75.2294394,41.8594196],[-75.2296508,41.8594264],[-75.2298761,41.8593849],[-75.2302333,41.8592794],[-75.2306684,41.8592478],[-75.2310857,41.8592538],[-75.2314215,41.8593781],[-75.2317627,41.8595822],[-75.2336564,41.8608591],[-75.234565,41.861569],[-75.236055,41.863096],[-75.2370923,41.8643137],[-75.2380445,41.8651802],[-75.2395481,41.8662664],[-75.2407256,41.8669232],[-75.2412154,41.8671082],[-75.2417523,41.8671957],[-75.2421622,41.8671941],[-75.2426182,41.8671277],[-75.2430033,41.8670395],[-75.2434228,41.8668449],[-75.2442114,41.866322],[-75.2455552,41.8653045],[-75.2465744,41.8645115],[-75.2479161,41.8634472],[-75.2487615,41.8628663],[-75.2496423,41.8623521],[-75.2501396,41.8621623],[-75.2508005,41.8620353],[-75.251426,41.8620093],[-75.2531335,41.8621284],[-75.2541619,41.8621312],[-75.2550679,41.8620693],[-75.2560056,41.8619438],[-75.2567464,41.8618911],[-75.2573537,41.8619126],[-75.257763,41.8619926],[-75.2582018,41.8622107],[-75.2589222,41.8626689],[-75.2607799,41.8640213],[-75.2615631,41.8647667],[-75.2619623,41.8652601],[-75.2622321,41.865688],[-75.2627165,41.8666164],[-75.263166,41.8673994],[-75.2637867,41.8682031],[-75.2640082,41.8687313],[-75.2641359,41.8692562],[-75.2641316,41.8697659],[-75.2640576,41.870264],[-75.2637502,41.8709295],[-75.2631735,41.8716909],[-75.262407,41.8724906],[-75.2613663,41.8732759],[-75.2592269,41.8744759],[-75.2580822,41.8752108],[-75.2577694,41.8756138],[-75.2576283,41.8760412],[-75.2575693,41.8765557],[-75.2576257,41.8769376],[-75.258656,41.8801],[-75.2591701,41.881373],[-75.2596684,41.8824466],[-75.2603417,41.8834798],[-75.2606201,41.8837661],[-75.2609017,41.8839846],[-75.2628919,41.8850006],[-75.2631966,41.885112],[-75.2636145,41.8852027],[-75.2649433,41.8854387],[-75.2665982,41.8857562],[-75.2681415,41.8861464],[-75.2700652,41.8865318],[-75.2709316,41.8868461],[-75.2711671,41.8869815],[-75.2712931,41.8871548],[-75.2713693,41.8873133],[-75.271468,41.8877606],[-75.272027,41.8902074],[-75.2724921,41.8928622],[-75.2727351,41.8941784],[-75.2731208,41.8961625],[-75.2730838,41.8965191],[-75.2729223,41.8968565],[-75.2726755,41.897241],[-75.2702208,41.8995226],[-75.268207,41.9014044],[-75.2677682,41.9019334],[-75.267516,41.9025638],[-75.26731,41.9034394],[-75.2671877,41.9044388],[-75.2672033,41.905401],[-75.267346,41.9063496],[-75.2675579,41.9071373],[-75.2680208,41.9082874],[-75.269736,41.911363],[-75.2709536,41.9133658],[-75.2720232,41.9149227],[-75.2728091,41.9159969],[-75.2739034,41.9173648],[-75.2755358,41.9200492],[-75.2763443,41.9217009],[-75.2766516,41.9225702],[-75.2767278,41.9229506],[-75.2767402,41.923495],[-75.276686,41.9240378],[-75.2764789,41.9251334],[-75.2764752,41.9255705],[-75.276554,41.9270009],[-75.2766892,41.9282413],[-75.2769649,41.9300145],[-75.2770148,41.930673],[-75.2770255,41.933188],[-75.2770969,41.9334801],[-75.2772449,41.9338417],[-75.2789186,41.9366806],[-75.2789642,41.9368889],[-75.2789755,41.9372445],[-75.2788704,41.9383127],[-75.2788983,41.9387695],[-75.2790598,41.9389635],[-75.2791751,41.9390314],[-75.2796455,41.9392784],[-75.2800135,41.9393961],[-75.2810151,41.9396515],[-75.2815595,41.939845],[-75.2827848,41.9404771],[-75.2834076,41.9409],[-75.2842675,41.9416606],[-75.28468,41.9418956],[-75.2851151,41.9420237],[-75.2859503,41.9421162],[-75.2874937,41.9422447],[-75.2881921,41.9423457],[-75.2887135,41.9424354],[-75.2889737,41.9425292],[-75.289184,41.9426856],[-75.2893189,41.9428638],[-75.2901753,41.9442114],[-75.2912547,41.9457472],[-75.291458,41.9461007],[-75.2915459,41.9463241],[-75.2916098,41.9466449],[-75.2916945,41.9473431],[-75.2917214,41.9487416],[-75.291657,41.9501455],[-75.2915942,41.9506163],[-75.2913936,41.9516983],[-75.2913437,41.952025],[-75.2913448,41.9523885],[-75.2913861,41.9526414],[-75.2914934,41.9528365],[-75.2918013,41.9532191],[-75.2922766,41.9536448],[-75.2932191,41.9542332],[-75.2938881,41.9545328],[-75.2942437,41.9546377],[-75.2945945,41.954694],[-75.2956685,41.9547008],[-75.2975611,41.9545779],[-75.2983335,41.9544953],[-75.2991597,41.9543397],[-75.3000314,41.9540449],[-75.3006483,41.9537453],[-75.3010957,41.9534329],[-75.3013956,41.9530599],[-75.3015726,41.9527108],[-75.3016864,41.9521847],[-75.3016772,41.9517565],[-75.3016697,41.9517087],[-75.3016353,41.9513951],[-75.3010276,41.9491705],[-75.3009213,41.9487088],[-75.3009584,41.9484982],[-75.3010415,41.9483358],[-75.301292,41.948179],[-75.3016252,41.9480988],[-75.3021326,41.948037],[-75.3028343,41.948037],[-75.3036534,41.9481064],[-75.3045638,41.9483011],[-75.3056034,41.9487224],[-75.3063292,41.9490081],[-75.3068018,41.9491226],[-75.3071757,41.9491469],[-75.3075314,41.9491274],[-75.308483,41.9488473],[-75.3090168,41.9487631],[-75.3096932,41.9487639],[-75.3103472,41.9488712],[-75.3109228,41.9490679],[-75.3120096,41.949579],[-75.3129371,41.9501555],[-75.3133984,41.9505389],[-75.3140379,41.9512191],[-75.3150625,41.9523163],[-75.3154997,41.9526681],[-75.3163365,41.9531138],[-75.3177678,41.9537964],[-75.3179775,41.9540126],[-75.3181293,41.9542328],[-75.3181985,41.9545093],[-75.318411,41.9569152],[-75.3184936,41.9571981],[-75.3186368,41.9574961],[-75.3190842,41.9582161],[-75.3192312,41.9585532],[-75.3196968,41.9602573],[-75.3198154,41.9605445],[-75.3199956,41.9607157],[-75.3202515,41.9608852],[-75.3220588,41.96161],[-75.322475,41.961811],[-75.3227438,41.9619893],[-75.3230088,41.9622478],[-75.3239052,41.9632331],[-75.3242641,41.9635566],[-75.3256567,41.9644891],[-75.3260692,41.9648741],[-75.3263455,41.9651932],[-75.326582,41.965569],[-75.3272778,41.9668744],[-75.327663,41.9674783],[-75.3279913,41.9678819],[-75.3283405,41.9681619],[-75.3288308,41.9684104],[-75.3292937,41.9685911],[-75.3309315,41.9690154],[-75.3325548,41.9694382],[-75.3334614,41.9696899],[-75.3343814,41.9700161],[-75.3354494,41.9704042],[-75.3358265,41.970492],[-75.3363812,41.9704816],[-75.3381536,41.9704485],[-75.3387898,41.9704984],[-75.3393515,41.9706089],[-75.3397039,41.9707273],[-75.3399899,41.9709475],[-75.340537,41.9715166],[-75.3411239,41.971913],[-75.3417998,41.9723892],[-75.3421372,41.9727653],[-75.3423062,41.9731179],[-75.3423513,41.9734006],[-75.3423518,41.973866],[-75.3422848,41.9743235],[-75.3421179,41.9748192],[-75.3419951,41.975039],[-75.3403691,41.9774015],[-75.340176,41.9777899],[-75.3400279,41.9782385],[-75.3396814,41.9799681],[-75.3395795,41.980313],[-75.339403,41.9806412],[-75.3384395,41.9822845],[-75.3377094,41.9838365],[-75.3376402,41.9841136],[-75.3376113,41.9843864],[-75.337673,41.9852385],[-75.3376297,41.9858916],[-75.3375775,41.9863789],[-75.3374713,41.9867677],[-75.3374852,41.9869575],[-75.3376129,41.9871891],[-75.3381772,41.9878199],[-75.3384508,41.9881381],[-75.3386021,41.988361],[-75.3387807,41.9887235],[-75.3394271,41.9902852],[-75.3397635,41.9909838],[-75.3409136,41.9927481],[-75.3410821,41.9929275],[-75.3413154,41.993085],[-75.3418942,41.9933581],[-75.3426093,41.9936471],[-75.3433716,41.993923],[-75.3456381,41.9949544],[-75.3462432,41.9951761],[-75.3467598,41.9953128],[-75.3485059,41.9956302],[-75.3494688,41.9958263],[-75.3502767,41.9960217],[-75.3539749,41.9972277],[-75.3550403,41.9976363],[-75.3567193,41.9982945],[-75.3579827,41.9988108],[-75.3595475,41.9995045],[-75.3617959,41.9994838],[-75.3916852,41.9994638],[-75.4016462,41.9994552],[-75.4088615,41.9994452],[-75.424876,41.9993407],[-75.436586,41.9993248],[-75.4675495,41.9991402],[-75.4773128,41.9991934],[-75.4831706,41.9992505],[-75.4957638,41.9992205],[-75.5403537,41.9991047],[-75.554223,41.999028],[-75.607524,41.9988812],[-75.6555672,41.9986186],[-75.6960415,41.9983421],[-75.7417994,41.9980487],[-75.753828,41.997954],[-75.7563413,41.9979267],[-75.7624008,41.9978809],[-75.7646456,41.9978574],[-75.7646874,41.9978575],[-75.7732451,41.9978692],[-75.7734446,41.9978712],[-75.7929562,41.9979755],[-75.8321176,41.9981747],[-75.8516851,41.9983071],[-75.8700433,41.9984337],[-75.8713424,41.9984434],[-75.8906148,41.9985793],[-75.9113688,41.9987163],[-75.9310175,41.99885],[-75.9585834,41.9989573],[-75.9698356,41.9990119],[-75.988817,41.9990032],[-76.0056702,41.9990073],[-76.0091551,41.9990082],[-76.0284781,41.9990252],[-76.0478522,41.9990454],[-76.0601032,41.9990222],[-76.067499,41.9989704],[-76.0869241,41.9989022],[-76.105896,41.9989777],[-76.1062623,41.9989724],[-76.1108473,41.9988962],[-76.1260452,41.9989181],[-76.1456852,41.9988654],[-76.165155,41.9987224],[-76.1844841,41.9986124],[-76.2049801,41.9985747],[-76.224615,41.9984878],[-76.2250675,41.9984846],[-76.2285149,41.998471],[-76.231618,41.9984583],[-76.2440887,41.9984041],[-76.2445303,41.9984046],[-76.2446052,41.9984047],[-76.2633207,41.998405],[-76.2641677,41.9984063],[-76.264483,41.9984021],[-76.2698579,41.9983956],[-76.2761208,41.9983817],[-76.284126,41.998372],[-76.3040618,41.998317],[-76.3131031,41.9983339],[-76.323663,41.9983478],[-76.3319457,41.9983638],[-76.3394853,41.9983757],[-76.3435704,41.9983817],[-76.3447767,41.9983832],[-76.3505334,41.9983996],[-76.3515433,41.998394],[-76.3633382,41.9984395],[-76.3786952,41.9984804],[-76.381478,41.9984814],[-76.3816068,41.9984834],[-76.3908242,41.9985023],[-76.402979,41.9985338],[-76.423125,41.9986156],[-76.4427787,41.9986773],[-76.462407,41.9989743],[-76.4731772,41.9990975],[-76.4754975,41.9991531],[-76.4821696,41.9992211],[-76.5207146,41.99973],[-76.5244039,41.999739],[-76.5320922,41.9998339],[-76.5576948,42.0001577],[-76.5795729,42.0002038],[-76.6184709,42.0005259],[-76.6250412,42.0005783],[-76.6379857,42.0006816],[-76.6381561,42.000683],[-76.6570378,42.0008185],[-76.6764929,42.0011036],[-76.6952974,42.0012052],[-76.701657,42.0012455],[-76.7146742,42.001328],[-76.7250894,42.0014089],[-76.7285165,42.0014356],[-76.7304005,42.0014503],[-76.7340027,42.0014783],[-76.7472741,42.0015931],[-76.7473199,42.0015935],[-76.7529584,42.0016098],[-76.7892111,42.0018569],[-76.7915597,42.0018729],[-76.8304905,42.0020265],[-76.8498748,42.0019408],[-76.8887835,42.0018443],[-76.9014175,42.0017369],[-76.9075992,42.0016844],[-76.9268708,42.001476],[-76.946422,42.0013344],[-76.9656969,42.0010749],[-76.9657926,42.0010742],[-76.9853848,42.000929],[-77.00487,42.0006575],[-77.0243611,42.0004088],[-77.0310248,42.0002896],[-77.0440989,42.0002493],[-77.052742,42.0001958],[-77.0636125,42.0001285],[-77.08312,42.0000385],[-77.08322,42.000038],[-77.1027562,41.999818],[-77.114493,41.9997707],[-77.1146378,41.9997701],[-77.1148175,41.9997694],[-77.1224661,41.9997386],[-77.134219,41.9997075],[-77.1416058,41.999688],[-77.1439585,41.9996823],[-77.1612728,41.9996402],[-77.1809656,41.9995549],[-77.1846957,41.9995939],[-77.2003982,41.9997581],[-77.2004041,41.9997582],[-77.2196191,41.999713],[-77.2197968,41.9997122],[-77.239588,41.9996238],[-77.2442762,41.9996298],[-77.2595655,41.9996495],[-77.2795641,41.9996753],[-77.2911739,41.9996902],[-77.2956268,41.9996985],[-77.299584,41.9997059],[-77.3167533,41.9997379],[-77.3300429,41.9997625],[-77.3347531,41.9997808],[-77.3370109,41.9997894],[-77.3547515,41.9998567],[-77.3747756,41.9999327],[-77.3945434,41.9999647],[-77.4142958,42.0000268],[-77.4333749,42.000024],[-77.4396705,42.0000267],[-77.4530076,42.0000324],[-77.4567509,42.0000294],[-77.4722476,42.0000172],[-77.4757499,42.0000154],[-77.4763552,42.0000151],[-77.4926345,42.0000065],[-77.5038372,41.9999591],[-77.5120403,41.9999244],[-77.5316059,41.9998243],[-77.5513078,41.9996895],[-77.5710784,41.9995109],[-77.590783,41.9993327],[-77.610026,41.9993331],[-77.6288585,41.9994806],[-77.6361331,41.9995035],[-77.6364802,41.9995046],[-77.6483308,41.999542],[-77.6590301,41.9993956],[-77.6678679,41.9992747],[-77.6679383,41.9992737],[-77.6684402,41.999269],[-77.6749657,41.9992084],[-77.6881241,41.999086],[-77.6883617,41.9990836],[-77.70776,41.998891],[-77.717131,41.9988458],[-77.7274844,41.9987958],[-77.7286968,41.9987931],[-77.7471515,41.9987515],[-77.7497292,41.9987158],[-77.7558029,41.9986317],[-77.7668979,41.998478],[-77.7867162,41.9983082],[-77.7885843,41.9983107],[-77.8065029,41.9983349],[-77.8229544,41.9982592],[-77.8265769,41.9982775],[-77.8404142,41.9983476],[-77.8454905,41.9983733],[-77.8455403,41.9983736],[-77.8651998,41.9983664],[-77.8847375,41.9982217],[-77.9044126,41.9982508],[-77.9238913,41.9983612],[-77.9433374,41.9985043],[-77.9572394,41.9986506],[-77.9627562,41.9987087],[-77.9628032,41.9987092],[-77.9823769,41.9988902],[-77.9970318,41.9990724],[-78.0017103,41.9991306],[-78.0211321,41.9993365],[-78.0248191,41.9993756],[-78.0364461,41.9994988],[-78.0406307,41.9995432],[-78.0489633,41.9996304],[-78.0592798,41.9997384],[-78.0742597,41.9998716],[-78.0742678,41.9998717],[-78.0785175,41.9999267],[-78.0864986,41.9999639],[-78.0866895,41.9999647],[-78.0889798,41.9999754],[-78.0978009,42.0000164],[-78.1157835,42.0001916],[-78.1173213,42.0002066],[-78.1344008,42.0002995],[-78.1367455,42.0003122],[-78.1535899,42.0000494],[-78.1558064,42.0000148],[-78.1673233,41.9999766],[-78.1773214,41.9997257],[-78.1914021,41.9996118],[-78.195069,41.9995821],[-78.2066039,41.9995371],[-78.2338511,41.9993812],[-78.2534188,41.9991954],[-78.2729877,41.9989909],[-78.2928709,41.9991384],[-78.3081348,41.9992397],[-78.312267,41.9992357],[-78.3320998,41.9993581],[-78.3466803,41.9994709],[-78.3469752,41.9994695],[-78.3500103,41.9994555],[-78.3505922,41.9994528],[-78.3506382,41.9994526],[-78.3580879,41.9994922],[-78.3603899,41.9995045],[-78.3708363,41.9995602],[-78.3859898,41.9996345],[-78.3902855,41.9996556],[-78.4094923,41.9997388],[-78.4288047,41.9997771],[-78.4480614,41.9998229],[-78.4629474,41.999797],[-78.4632409,41.9997965],[-78.4675291,41.999789],[-78.4866932,41.9997827],[-78.5061033,41.9998393],[-78.5225204,41.9998666],[-78.5250596,41.9998708],[-78.5331136,41.999867],[-78.5344307,41.9998664],[-78.5447459,41.9998532],[-78.5640272,41.9998576],[-78.5798681,41.9998771],[-78.58302,41.999881],[-78.5830757,41.9998811],[-78.6025781,41.999852],[-78.6218583,41.9997611],[-78.6416405,41.9994909],[-78.6432856,41.9994671],[-78.6609953,41.9992651],[-78.6805655,41.9990419],[-78.6971341,41.998795],[-78.6990399,41.9987702],[-78.7188976,41.9985223],[-78.7390736,41.9982347],[-78.739118,41.9982343],[-78.7526792,41.9981022],[-78.7536327,41.9980929],[-78.7589926,41.9980633],[-78.7779081,41.997959],[-78.779219,41.9979518],[-78.7805398,41.9979605],[-78.7805452,41.9979605],[-78.7983404,41.9980772],[-78.8125686,41.9980251],[-78.8181673,41.9980046],[-78.8274498,41.9978808],[-78.827519,41.9978798],[-78.8376482,41.997738],[-78.856107,41.9974795],[-78.857196,41.9974642],[-78.8772541,41.997702],[-78.8773175,41.9977028],[-78.8969476,41.9978139],[-78.8975398,41.9978172],[-78.9056437,41.9979273],[-78.9057976,41.9979294],[-78.9175888,41.9980886],[-78.9188549,41.9981057],[-78.9445211,41.9984543],[-78.9612306,41.9986694],[-78.9613279,41.9986707],[-78.9614285,41.9986726],[-78.9620899,41.998685],[-78.9774734,41.9989738],[-78.9922567,41.9990186],[-78.9965851,41.9990372],[-78.9996632,41.9990505],[-79.0165731,41.9991572],[-79.0197412,41.9991772],[-79.036196,41.999281],[-79.0525257,41.999384],[-79.0563287,41.9994234],[-79.0612743,41.9994966],[-79.0685687,41.9995035],[-79.0763015,41.9995108],[-79.087776,41.9996094],[-79.1002434,41.9997165],[-79.11076,41.9996899],[-79.1161554,41.9996762],[-79.128461,41.9995846],[-79.1366222,41.9995239],[-79.1447676,41.9995196],[-79.1454549,41.9995192],[-79.1478782,41.9995179],[-79.1585434,41.9995123],[-79.1782689,41.9996224],[-79.1795621,41.9994971],[-79.1798766,41.9994667],[-79.1973783,41.9994542],[-79.1974746,41.9994541],[-79.2170263,41.999146],[-79.2343251,41.9990962],[-79.2366756,41.9990894],[-79.2498723,41.9989092],[-79.2564118,41.9988199],[-79.2743827,41.9988532],[-79.2762022,41.9988566],[-79.2807843,41.9988782],[-79.2853663,41.9988998],[-79.2891845,41.998919],[-79.2954773,41.9989507],[-79.3149357,41.9988394],[-79.3347529,41.9988813],[-79.3540471,41.9987474],[-79.3649342,41.9987318],[-79.3736036,41.9987318],[-79.3816899,41.9986724],[-79.3940195,41.9985819],[-79.4131834,41.9985197],[-79.4327281,41.9984759],[-79.4520974,41.9983316],[-79.4721174,41.9983399],[-79.4907154,41.9984068],[-79.4913463,41.9984091],[-79.4914902,41.9984086],[-79.5109256,41.9983419],[-79.5270519,41.99838],[-79.5279963,41.9983822],[-79.5485534,41.9984308],[-79.5499712,41.9984292],[-79.5573181,41.9984644],[-79.5695315,41.9985229],[-79.5748471,41.9985556],[-79.5891921,41.9986632],[-79.5976702,41.99876],[-79.6099305,41.9989],[-79.6143323,41.9989072],[-79.6280155,41.9988304],[-79.6320844,41.998829],[-79.6357309,41.9988201],[-79.6387155,41.9988436],[-79.640715,41.9988694],[-79.6418333,41.9988773],[-79.6441459,41.9988943],[-79.6448591,41.9988996],[-79.6455003,41.9988958],[-79.6474104,41.9989038],[-79.649845,41.9988854],[-79.6527831,41.9988851],[-79.654973,41.9988902],[-79.6576534,41.9988914],[-79.6597362,41.9989046],[-79.6616728,41.9989105],[-79.6639202,41.9989077],[-79.6669333,41.9989355],[-79.6679024,41.9989337],[-79.6704335,41.9989292],[-79.6734686,41.9989237],[-79.6759597,41.9989193],[-79.6783257,41.9989141],[-79.6783461,41.9989149],[-79.6866599,41.9989044],[-79.6870669,41.9989074],[-79.6882823,41.9988984],[-79.6892387,41.9988914],[-79.6942987,41.9988643],[-79.6948292,41.9988633],[-79.6963745,41.9988611],[-79.6990403,41.998842],[-79.701343,41.9988514],[-79.7031918,41.9988633],[-79.7033828,41.9988739],[-79.7034722,41.9988894],[-79.7035667,41.9988693],[-79.7036426,41.9988675],[-79.7075279,41.9988599],[-79.7102825,41.9988557],[-79.7106302,41.9988547],[-79.7139609,41.9988449],[-79.7165245,41.9988474],[-79.7192691,41.9988216],[-79.721177,41.9988002],[-79.7226499,41.9988195],[-79.7243393,41.9988575],[-79.7257766,41.9988787],[-79.7311992,41.9988638],[-79.7336274,41.9988785],[-79.7430275,41.9988823],[-79.7470218,41.9988653],[-79.7504629,41.9988513],[-79.7528304,41.9988416],[-79.753631,41.998832],[-79.7536833,41.9988314],[-79.7604973,41.9988267],[-79.761785,41.9988366],[-79.7618019,42.0014807],[-79.7618075,42.0084486],[-79.761812,42.0141563],[-79.7618162,42.0193681],[-79.7618194,42.0234087],[-79.7618223,42.0269876],[-79.7618232,42.0281045],[-79.7618252,42.0306451],[-79.7618279,42.0340643],[-79.7618317,42.0388689],[-79.761833,42.0404391],[-79.7618344,42.0421294],[-79.7618375,42.0460642],[-79.7618375,42.0461195],[-79.7618383,42.0470693],[-79.7618408,42.0502146],[-79.7618429,42.052852],[-79.7618446,42.0549404],[-79.7618448,42.0552296],[-79.7618449,42.0553983],[-79.7618454,42.0559981],[-79.7618463,42.0571445],[-79.7618475,42.0586354],[-79.7618489,42.0602997],[-79.7618501,42.061845],[-79.761851,42.0629538],[-79.7618531,42.0655727],[-79.7618547,42.0676117],[-79.7618553,42.0684018],[-79.7618568,42.0702961],[-79.7618597,42.0738555],[-79.761862,42.0767799],[-79.7618638,42.0790637],[-79.7618645,42.0798844],[-79.7618657,42.0814366],[-79.7618674,42.0835485],[-79.7618695,42.086144],[-79.7618698,42.086331],[-79.7618701,42.0865023],[-79.7618758,42.0901958],[-79.7618799,42.0928479],[-79.7618876,42.0977787],[-79.761898,42.1044769],[-79.7619038,42.1082479],[-79.7619065,42.1099536],[-79.7619101,42.113855],[-79.7619134,42.1174782],[-79.7619146,42.1188346],[-79.7619166,42.1209736],[-79.7619221,42.127041],[-79.7619243,42.1294039],[-79.761925,42.1301738],[-79.7619256,42.1308205],[-79.7619263,42.1311558],[-79.7619324,42.132654],[-79.7619313,42.1327886],[-79.7619166,42.1374961],[-79.7619321,42.1380439],[-79.7619558,42.1394447],[-79.7619682,42.1424838],[-79.7619758,42.1451775],[-79.7619723,42.1461964],[-79.7619662,42.1479712],[-79.761956,42.1509134],[-79.7618655,42.1507719],[-79.7617687,42.1506097],[-79.7617856,42.1512813],[-79.7617843,42.1545501],[-79.7617922,42.1550349],[-79.7617913,42.1553294],[-79.761766,42.1581609],[-79.7617675,42.1600657],[-79.7617628,42.1627267],[-79.7617666,42.1660306],[-79.7617707,42.1665651],[-79.761782,42.168041],[-79.7617837,42.1693079],[-79.7617864,42.1713948],[-79.7617878,42.1724328],[-79.7617902,42.1733843],[-79.7617976,42.1741992],[-79.7618022,42.1747018],[-79.7618073,42.1751189],[-79.761812,42.1776977],[-79.761803,42.1791624],[-79.7617991,42.1796232],[-79.7618054,42.1800305],[-79.7617929,42.180722],[-79.7617861,42.1811515],[-79.7617654,42.1834554],[-79.7617663,42.1837267],[-79.7617604,42.1844587],[-79.7618162,42.1888088],[-79.7618209,42.1954835],[-79.761828,42.200218],[-79.7618389,42.2036046],[-79.7618483,42.2078599],[-79.7618498,42.2085421],[-79.7618566,42.2116268],[-79.7618652,42.2154774],[-79.7618733,42.2191422],[-79.7618735,42.2192376],[-79.7618749,42.2198854],[-79.7618848,42.224335],[-79.7618881,42.2258004],[-79.7618944,42.2286588],[-79.7619035,42.2327593],[-79.7619046,42.2332658],[-79.7619072,42.2344135],[-79.761911,42.2361437],[-79.7619118,42.2364967],[-79.7619216,42.2409314],[-79.7619244,42.2422073],[-79.7619262,42.2430167],[-79.7619265,42.2431809],[-79.7619268,42.2432947],[-79.7619265,42.2434831],[-79.7619262,42.2436793],[-79.7619252,42.2443248],[-79.7619157,42.2502177],[-79.7619144,42.2510117],[-79.7619118,42.2526478],[-79.7619102,42.2536335],[-79.76191,42.2537714],[-79.7619077,42.2551808],[-79.7619075,42.2553101],[-79.7619043,42.2573404],[-79.7619038,42.2576765],[-79.7618985,42.2609828],[-79.7618972,42.261775],[-79.7618967,42.2620974],[-79.7618943,42.2636133],[-79.7618912,42.2655247],[-79.761888,42.2675523],[-79.7618868,42.2682846],[-79.7618726,42.2694061],[-79.761885,42.2702127],[-79.7618404,42.5161334],[-79.779145,42.5094999],[-79.8006666,42.5012442],[-79.8221825,42.4929843],[-79.8436929,42.4847204],[-79.8651975,42.4764525],[-79.8866964,42.4681806],[-79.9081897,42.4599046],[-79.9296774,42.4516245],[-79.9511592,42.4433404],[-79.9726356,42.4350523],[-79.9941063,42.4267601],[-80.0155712,42.4184639],[-80.0370306,42.4101637],[-80.0584842,42.4018594],[-80.0799323,42.3935512],[-80.1035505,42.3899114],[-80.1271661,42.3862669],[-80.1507789,42.3826175],[-80.1743889,42.3789631],[-80.1979963,42.375304],[-80.2216009,42.3716399],[-80.2452028,42.3679711],[-80.2688019,42.3642973],[-80.2923983,42.3606187],[-80.3159919,42.3569352],[-80.3395827,42.3532469],[-80.3631708,42.3495538],[-80.3867561,42.3458558],[-80.4103387,42.3421529],[-80.4339185,42.3384452],[-80.4574954,42.3347326],[-80.4810697,42.3310151],[-80.5046411,42.3272929],[-80.5210906,42.3246919]]]}}]}