{"type":"FeatureCollection","licence":"Data © OpenStreetMap contributors, ODbL 1.0. http://osm.org/copyright","features":[{"type":"Feature","properties":{"place_id":339502395,"osm_type":"relation","osm_id":161838,"place_rank":8,"category":"boundary","type":"administrative","importance":0.7633471192503373,"addresstype":"state","name":"Tennessee","display_name":"Tennessee, United States"},"bbox":[-90.3102980,34.9831554,-81.6472191,36.6781180],"geometry":{"type":"Polygon","coordinates":[[[-90.310298,35.004295],[-90.3100821,35.0010524],[-90.309297,34.9956588],[-90.307749,34.9956588],[-90.305891,34.9956588],[-90.304914,34.9956588],[-90.304033,34.9956588],[-90.303097,34.9956588],[-90.296412,34.9955508],[-90.293621,34.9955058],[-90.293578,34.9955058],[-90.293574,34.9955048],[-90.293563,34.9955048],[-90.29356,34.9955048],[-90.290696,34.9954588],[-90.288295,34.9954588],[-90.2767181,34.9954606],[-90.273011,34.9954628],[-90.272499,34.9954628],[-90.267234,34.9954698],[-90.267147,34.9954698],[-90.267017,34.9954708],[-90.266886,34.9954708],[-90.266873,34.9954708],[-90.2668,34.9954708],[-90.263601,34.9954738],[-90.2554724,34.9954869],[-90.254006,34.9954868],[-90.251618,34.9954898],[-90.251521,34.9954898],[-90.250808,34.9954908],[-90.25076,34.9954908],[-90.250711,34.9954908],[-90.250617,34.9954908],[-90.25057,34.9954908],[-90.250522,34.9954908],[-90.250486,34.9954908],[-90.25038,34.9954908],[-90.250333,34.9954908],[-90.249888,34.9954908],[-90.248553,34.9954928],[-90.248109,34.9954938],[-90.246957,34.9954948],[-90.244829,34.9954968],[-90.237724,34.9955068],[-90.234991,34.9954818],[-90.231712,34.9954528],[-90.229842,34.9954358],[-90.226446,34.9954058],[-90.225869,34.9954008],[-90.225706,34.9953988],[-90.225542,34.9953978],[-90.224235,34.9953858],[-90.223571,34.9953798],[-90.222366,34.9953698],[-90.222207,34.9953678],[-90.22173,34.9953638],[-90.221571,34.9953628],[-90.221256,34.9953598],[-90.22011,34.9953488],[-90.215729,34.9953098],[-90.214269,34.9952968],[-90.211173,34.9952688],[-90.211147,34.9952688],[-90.201887,34.9951858],[-90.199308,34.9951628],[-90.198792,34.9951578],[-90.198243,34.9951528],[-90.196599,34.9951378],[-90.196342,34.9951358],[-90.196285,34.9951358],[-90.196051,34.9951338],[-90.195886,34.9951318],[-90.19572,34.9951308],[-90.187073,34.9950528],[-90.167012,34.9948738],[-90.160141,34.9948278],[-90.151258,34.9947698],[-90.151164,34.9947688],[-90.150695,34.9947648],[-90.149993,34.9947608],[-90.14929,34.9947558],[-90.149,34.9947538],[-90.148822,34.9947528],[-90.148233,34.9947488],[-90.146469,34.9947368],[-90.145881,34.9947338],[-90.145522,34.9947318],[-90.144676,34.9947258],[-90.144238,34.9947228],[-90.142043,34.9947078],[-90.14204,34.9947078],[-90.139312,34.9946888],[-90.13767,34.9946788],[-90.137665,34.9946788],[-90.137651,34.9946788],[-90.137647,34.9946788],[-90.137466,34.9946778],[-90.137428,34.9946778],[-90.136925,34.9946738],[-90.136745,34.9946728],[-90.136063,34.9946708],[-90.134917,34.9946668],[-90.131723,34.9946588],[-90.129434,34.9946528],[-90.129245,34.9946528],[-90.129102,34.9946528],[-90.128959,34.9946518],[-90.127607,34.9946488],[-90.127554,34.9946488],[-90.127399,34.9946488],[-90.127347,34.9946498],[-90.1241,34.9946578],[-90.123988,34.9946578],[-90.123741,34.9946588],[-90.123494,34.9946588],[-90.122535,34.9946608],[-90.12213,34.9946628],[-90.1174712,34.994674],[-90.117123,34.9946748],[-90.116984,34.9946748],[-90.116846,34.9946758],[-90.116527,34.9946758],[-90.116434,34.9946768],[-90.11634,34.9946768],[-90.115845,34.9946778],[-90.115705,34.9946778],[-90.110439,34.9946918],[-90.108102,34.9946978],[-90.1052726,34.9947051],[-90.103482,34.9947098],[-90.103291,34.9947098],[-90.1019,34.9947128],[-90.097728,34.9947228],[-90.096338,34.9947268],[-90.096111,34.9947278],[-90.09543,34.9947328],[-90.095311,34.9947338],[-90.095204,34.9947348],[-90.093935,34.9947438],[-90.091266,34.9947638],[-90.090129,34.9947718],[-90.088861,34.9947818],[-90.088619,34.9947828],[-90.087896,34.9947888],[-90.087762,34.9947898],[-90.087655,34.9947908],[-90.087408,34.9947918],[-90.086669,34.9947978],[-90.086423,34.9947998],[-90.08483,34.9948108],[-90.080052,34.9948458],[-90.07846,34.9948578],[-90.075391,34.9948808],[-90.074924,34.9948788],[-90.064319,34.9948338],[-90.063044,34.9948288],[-90.060784,34.9948188],[-90.059431,34.9948218],[-90.055373,34.9948318],[-90.054003,34.9948358],[-90.053998,34.9948358],[-90.052764,34.9948388],[-90.051823,34.9948468],[-90.045233,34.9949088],[-90.044794,34.9949138],[-90.043036,34.9949288],[-90.042672,34.9949258],[-90.041583,34.9949168],[-90.04122,34.9949148],[-90.041158,34.9949138],[-90.039241,34.9948958],[-90.033307,34.9948428],[-90.031548,34.9948278],[-90.031329,34.9948258],[-90.030341,34.9948258],[-90.030077,34.9948248],[-90.026323,34.9948228],[-90.025072,34.9948228],[-90.023336,34.9948328],[-90.018128,34.9948648],[-90.016393,34.9948758],[-90.015408,34.9948808],[-90.012456,34.9948998],[-90.011472,34.9949058],[-90.011244,34.9949068],[-90.010563,34.9949108],[-90.010336,34.9949128],[-90.010124,34.9949138],[-90.009492,34.9949168],[-90.0092945,34.9949182],[-90.009055,34.9949198],[-90.008379,34.9949238],[-90.008154,34.9949258],[-90.007569,34.9949278],[-90.005816,34.9949378],[-90.005453,34.9949408],[-90.005232,34.9949438],[-90.004889,34.9949468],[-90.003863,34.9949558],[-90.00352,34.9949578],[-90.003325,34.9949588],[-90.002743,34.9949628],[-90.002549,34.9949648],[-90.002491,34.9949648],[-90.002321,34.9949658],[-90.002264,34.9949668],[-90.002254,34.9949668],[-90.002226,34.9949668],[-90.002217,34.9949678],[-90.00212,34.9949678],[-90.0019689,34.9949688],[-89.997044,34.9950032],[-89.992271,34.9950368],[-89.989906,34.9950417],[-89.988875,34.9950488],[-89.985785,34.9950368],[-89.985348,34.9950358],[-89.985023,34.9950348],[-89.984755,34.9950338],[-89.983907,34.9950298],[-89.981363,34.9950198],[-89.980516,34.9950168],[-89.978852,34.9950098],[-89.978703,34.9950098],[-89.9764933,34.9950235],[-89.976101,34.9949998],[-89.97386,34.9949908],[-89.973183,34.9949888],[-89.972197,34.9949848],[-89.970449,34.9949768],[-89.968975,34.9949718],[-89.965205,34.9949558],[-89.963458,34.9949498],[-89.963416,34.9949488],[-89.963291,34.9949488],[-89.96325,34.9949488],[-89.961779,34.9949428],[-89.957367,34.9949258],[-89.957052,34.9949248],[-89.955897,34.9949198],[-89.95415,34.9949118],[-89.953416,34.9949098],[-89.953252,34.9949088],[-89.953088,34.9949078],[-89.952928,34.9949078],[-89.948909,34.9948908],[-89.947163,34.9948838],[-89.946734,34.9948818],[-89.945447,34.9948758],[-89.945019,34.9948748],[-89.943555,34.9948688],[-89.943365,34.9948678],[-89.938407,34.9948468],[-89.93717,34.9948418],[-89.936754,34.9948408],[-89.934615,34.9948298],[-89.934009,34.9948278],[-89.928201,34.9948038],[-89.926831,34.9947988],[-89.92618,34.9947958],[-89.926063,34.9947958],[-89.92479,34.9947898],[-89.924398,34.9947888],[-89.924252,34.9947878],[-89.924105,34.9947878],[-89.920972,34.9947728],[-89.920752,34.9947728],[-89.9197,34.9947678],[-89.9196,34.9947668],[-89.919303,34.9947658],[-89.919204,34.9947658],[-89.919169,34.9947648],[-89.919066,34.9947648],[-89.9190249,34.9947668],[-89.918959,34.9947638],[-89.918743,34.9947608],[-89.918671,34.9947608],[-89.917605,34.9947488],[-89.915337,34.9947248],[-89.915229,34.9947238],[-89.91323,34.9947098],[-89.911797,34.9946998],[-89.910519,34.9946848],[-89.909434,34.9946838],[-89.904905,34.9946508],[-89.904522,34.9946488],[-89.9012601,34.9946306],[-89.899849,34.9945938],[-89.898169,34.9945598],[-89.8965338,34.9945259],[-89.896481,34.9945248],[-89.896256,34.9945198],[-89.89603,34.9945148],[-89.895547,34.9945048],[-89.895064,34.9944958],[-89.895006,34.9944938],[-89.893452,34.9944618],[-89.893449,34.9944608],[-89.893392,34.9944598],[-89.893386,34.9944568],[-89.893264,34.9944538],[-89.89288,34.9944478],[-89.892753,34.9944458],[-89.892543,34.9944418],[-89.89208,34.9944338],[-89.891915,34.9944348],[-89.891706,34.9944368],[-89.891669,34.9944368],[-89.891503,34.9944348],[-89.891064,34.9944328],[-89.890981,34.9944328],[-89.890897,34.9944318],[-89.890815,34.9944318],[-89.890696,34.9944308],[-89.89069,34.9944308],[-89.890673,34.9944308],[-89.890668,34.9944308],[-89.890459,34.9944298],[-89.890232,34.9944288],[-89.890026,34.9944278],[-89.889833,34.9944258],[-89.889625,34.9944248],[-89.887272,34.9944008],[-89.886983,34.9943918],[-89.886691,34.9943928],[-89.883892,34.9943568],[-89.883764,34.9943578],[-89.883748,34.9943578],[-89.882748,34.9943568],[-89.879751,34.9943568],[-89.879277,34.9943568],[-89.878752,34.9943568],[-89.878683,34.9943568],[-89.878595,34.9943568],[-89.878478,34.9943568],[-89.87841,34.9943568],[-89.8784,34.9943438],[-89.878373,34.9943048],[-89.878364,34.9942918],[-89.877045,34.9942848],[-89.873088,34.9942638],[-89.871774,34.9942578],[-89.871699,34.9942568],[-89.871489,34.9942558],[-89.871419,34.9942558],[-89.8710968,34.994251],[-89.870867,34.9942528],[-89.870812,34.9942528],[-89.870721,34.9942518],[-89.870547,34.9942508],[-89.86995,34.9942478],[-89.868162,34.9942388],[-89.867566,34.9942358],[-89.867289,34.9942348],[-89.867184,34.9942338],[-89.866329,34.9942308],[-89.866166,34.9942298],[-89.86604,34.9942288],[-89.866002,34.9942288],[-89.865659,34.9942278],[-89.865556,34.9942268],[-89.865248,34.9942238],[-89.865146,34.9942238],[-89.864476,34.9942198],[-89.862468,34.9942098],[-89.861799,34.9942068],[-89.859114,34.9941928],[-89.855609,34.9941748],[-89.851384,34.9941528],[-89.851062,34.9941758],[-89.848385,34.9943738],[-89.847229,34.9943618],[-89.846998,34.9943598],[-89.846829,34.9943568],[-89.846081,34.9943728],[-89.846027,34.9943718],[-89.845868,34.9943698],[-89.845521,34.9943688],[-89.844976,34.9943708],[-89.844435,34.9943758],[-89.843761,34.9943808],[-89.843606,34.9943828],[-89.842728,34.9943808],[-89.8425963,34.9943817],[-89.84218,34.9943798],[-89.842118,34.9943798],[-89.840668,34.9943928],[-89.840655,34.9943928],[-89.840168,34.9944168],[-89.840111,34.9944178],[-89.839942,34.9944228],[-89.839886,34.9944258],[-89.839767,34.9944298],[-89.839464,34.9944298],[-89.838199,34.9944328],[-89.838079,34.9944338],[-89.837842,34.9944488],[-89.83778,34.9944638],[-89.837761,34.9944428],[-89.837737,34.9944298],[-89.837685,34.9944018],[-89.837581,34.9943848],[-89.837527,34.9943768],[-89.836653,34.9943918],[-89.836238,34.9944018],[-89.836159,34.9944018],[-89.835259,34.9944038],[-89.834689,34.9944158],[-89.834237,34.9944198],[-89.833195,34.9944278],[-89.832548,34.9944568],[-89.832057,34.9944648],[-89.831741,34.9944708],[-89.830807,34.9944718],[-89.83069,34.9944628],[-89.83059,34.9944618],[-89.830291,34.9944588],[-89.830192,34.9944588],[-89.829653,34.9944538],[-89.828726,34.9944578],[-89.827387,34.9944638],[-89.8273351,34.9945298],[-89.826782,34.9944668],[-89.826207,34.9944688],[-89.825056,34.9944678],[-89.824364,34.9944984],[-89.824328,34.9944668],[-89.8235374,34.99448],[-89.8234917,34.994479],[-89.823215,34.9944678],[-89.822863,34.9944678],[-89.822597,34.9944678],[-89.821801,34.9944678],[-89.821536,34.9944688],[-89.821503,34.9944688],[-89.821405,34.9944688],[-89.820939,34.9944698],[-89.819636,34.9944738],[-89.819203,34.9944758],[-89.818971,34.9944768],[-89.818278,34.9944798],[-89.818047,34.9944818],[-89.81802,34.9944818],[-89.817941,34.9944818],[-89.817915,34.9944818],[-89.817628,34.9944818],[-89.816766,34.9944848],[-89.81648,34.9944858],[-89.816419,34.9944858],[-89.816237,34.9944858],[-89.816177,34.9944868],[-89.816153,34.9944868],[-89.816091,34.9944878],[-89.815835,34.9944928],[-89.81575,34.9944948],[-89.81572,34.9944948],[-89.815631,34.9944968],[-89.815602,34.9944978],[-89.815506,34.9944978],[-89.815108,34.9944938],[-89.814604,34.9944898],[-89.813626,34.9944818],[-89.813133,34.9944788],[-89.813053,34.9944778],[-89.8122682,34.9944827],[-89.812097,34.9944838],[-89.810158,34.9944968],[-89.80899,34.9945008],[-89.807955,34.9945058],[-89.807353,34.9945088],[-89.805435,34.9945148],[-89.80421,34.9945188],[-89.80362,34.9945188],[-89.802837,34.9945198],[-89.802246,34.9945218],[-89.80207,34.9945188],[-89.801371,34.9945218],[-89.800175,34.9945278],[-89.799422,34.9945308],[-89.797876,34.9945378],[-89.797085,34.9945428],[-89.795651,34.9945418],[-89.795357,34.9945288],[-89.795037,34.9945348],[-89.793754,34.9945208],[-89.792377,34.9945068],[-89.792192,34.9945078],[-89.790305,34.9945158],[-89.7848584,34.9945685],[-89.7846152,34.9945695],[-89.7843711,34.9945704],[-89.7843141,34.9945706],[-89.7833739,34.9945742],[-89.7831398,34.994575],[-89.7830608,34.9945753],[-89.7773805,34.9945969],[-89.768413,34.9946308],[-89.764406,34.9946848],[-89.75986,34.9947478],[-89.7548871,34.9948609],[-89.753042,34.9949028],[-89.741785,34.9951588],[-89.7287912,34.995172],[-89.7242359,34.9951766],[-89.6616777,34.9952401],[-89.644282,34.9952578],[-89.629981,34.9951588],[-89.625081,34.9951438],[-89.617973,34.9951818],[-89.612014,34.9951508],[-89.6024269,34.9951093],[-89.592841,34.9950688],[-89.582934,34.9950278],[-89.58259,34.9950298],[-89.573092,34.9949868],[-89.571065,34.9949828],[-89.561628,34.9949398],[-89.5528,34.9948648],[-89.538281,34.9947548],[-89.531192,34.9946938],[-89.528748,34.9946948],[-89.526577,34.9947048],[-89.517756,34.9947098],[-89.511136,34.9945968],[-89.50447,34.9944528],[-89.5001,34.9943438],[-89.494164,34.9941858],[-89.493835,34.9941858],[-89.488128,34.9939708],[-89.486693,34.9939428],[-89.4819643,34.9939197],[-89.469937,34.9938608],[-89.461374,34.9938218],[-89.455279,34.9938348],[-89.444095,34.9937438],[-89.4409981,34.9937445],[-89.4404684,34.9937422],[-89.434954,34.9937188],[-89.429773,34.9937548],[-89.424124,34.9938398],[-89.409023,34.9938998],[-89.4057758,34.9938903],[-89.3770824,34.9938147],[-89.371441,34.9938658],[-89.363466,34.9938768],[-89.362482,34.9938758],[-89.352679,34.9938278],[-89.352575,34.9938283],[-89.342735,34.9939128],[-89.335149,34.9939718],[-89.326988,34.9940428],[-89.325182,34.9940248],[-89.324731,34.9940278],[-89.319834,34.9941018],[-89.30002,34.9943458],[-89.284487,34.9944288],[-89.274284,34.9944688],[-89.268792,34.9944698],[-89.265961,34.9944798],[-89.2620907,34.9944891],[-89.251811,34.9945138],[-89.25154,34.994515],[-89.248086,34.9945308],[-89.23319,34.9946108],[-89.232349,34.9946128],[-89.229758,34.9946288],[-89.228743,34.9945908],[-89.222391,34.9946518],[-89.217432,34.9946948],[-89.2104,34.9946328],[-89.206242,34.9946428],[-89.199375,34.9944748],[-89.198288,34.9944488],[-89.196249,34.9943998],[-89.188275,34.9943108],[-89.17682,34.9941898],[-89.156827,34.9938908],[-89.147809,34.9941348],[-89.146077,34.9941698],[-89.139136,34.9942718],[-89.138997,34.9942948],[-89.135408,34.9944078],[-89.125065,34.9946588],[-89.11095,34.9946868],[-89.100666,34.9946938],[-89.088365,34.9947024],[-89.080926,34.9947148],[-89.075768,34.9947368],[-89.055593,34.9947748],[-89.042173,34.9948398],[-89.02654,34.9949208],[-89.0230332,34.9949266],[-89.0171273,34.9949364],[-89.003618,34.9949588],[-89.000062,34.9949488],[-89.000062,34.9949348],[-88.99382,34.9948408],[-88.992707,34.9949098],[-88.964628,34.9948538],[-88.954794,34.9949458],[-88.928722,34.9947868],[-88.925176,34.9948088],[-88.922146,34.9949068],[-88.895295,34.9958078],[-88.893901,34.9958848],[-88.893327,34.9958158],[-88.88698,34.9958318],[-88.879837,34.9956488],[-88.875058,34.9953878],[-88.868263,34.9954168],[-88.858413,34.9951008],[-88.854934,34.9951018],[-88.851037,34.9950498],[-88.843359,34.9951518],[-88.84228,34.9951538],[-88.841516,34.9951508],[-88.838186,34.9951758],[-88.834033,34.9951698],[-88.823314,34.9951878],[-88.8230628,34.9951865],[-88.81272,34.9951348],[-88.79859,34.9951558],[-88.793891,34.9952318],[-88.787731,34.9952188],[-88.786612,34.9952168],[-88.720734,34.9953792],[-88.6844383,34.9954687],[-88.6063631,34.9956613],[-88.5642576,34.9957651],[-88.5310457,34.995847],[-88.5285081,34.9958532],[-88.5190554,34.9958765],[-88.5186607,34.9958767],[-88.5142199,34.9958873],[-88.5049576,34.9959113],[-88.504633,34.9959121],[-88.487609,34.9959541],[-88.4865255,34.9959567],[-88.4848582,34.9959608],[-88.4788665,34.9959756],[-88.47298,34.9959901],[-88.469877,34.9959978],[-88.469801,34.9960168],[-88.380508,34.9955748],[-88.3635085,34.9954726],[-88.3630673,34.9954724],[-88.258111,34.9954278],[-88.2561618,34.9954422],[-88.2545475,34.9954944],[-88.2538578,34.9955167],[-88.253825,34.9955178],[-88.2518117,34.9955208],[-88.2516818,34.995521],[-88.2003353,34.9955984],[-88.2000237,34.9955693],[-88.2010054,34.9993506],[-88.2015222,35.0037949],[-88.2022973,35.0065884],[-88.202969,35.0081121],[-88.195917,35.0079765],[-88.000032,35.005939],[-87.9848868,35.0059935],[-87.9547428,35.0058883],[-87.926893,35.0056568],[-87.877969,35.005468],[-87.877742,35.005512],[-87.872626,35.005571],[-87.853528,35.005541],[-87.853411,35.005576],[-87.851886,35.005656],[-87.8235026,35.0053986],[-87.8212569,35.0053782],[-87.819533,35.0053626],[-87.773586,35.004946],[-87.767602,35.004783],[-87.75889,35.004711],[-87.709491,35.004089],[-87.702321,35.003945],[-87.700543,35.003988],[-87.696834,35.003852],[-87.6886228,35.0037503],[-87.671405,35.003537],[-87.664123,35.003523],[-87.625025,35.003732],[-87.606031,35.003425],[-87.5826286,35.0035297],[-87.5773317,35.0035045],[-87.5364391,35.0033094],[-87.522815,35.003052],[-87.522451,35.003049],[-87.522301,35.003049],[-87.521359,35.003054],[-87.520996,35.003056],[-87.519006,35.00306],[-87.513039,35.003073],[-87.510784,35.003079],[-87.509987,35.003081],[-87.509722,35.003083],[-87.508569,35.003085],[-87.505113,35.003094],[-87.503961,35.003098],[-87.502286,35.003103],[-87.499984,35.00311],[-87.497267,35.002959],[-87.497057,35.002948],[-87.495594,35.002993],[-87.4928217,35.0031013],[-87.4432457,35.0028648],[-87.4373083,35.0028365],[-87.428613,35.002795],[-87.421543,35.002679],[-87.4174,35.002669],[-87.391314,35.002374],[-87.381071,35.002118],[-87.359281,35.001823],[-87.349251,35.001662],[-87.299185,35.000915],[-87.270014,35.00039],[-87.230544,34.999484],[-87.224052,34.999377],[-87.216683,34.999148],[-87.2107603,34.9990141],[-87.162753,34.998066],[-87.1396198,34.9976474],[-87.1225667,34.9973175],[-87.0729496,34.9963574],[-87.011174,34.995162],[-87.000007,34.995121],[-86.9887928,34.9948546],[-86.974412,34.994513],[-86.972613,34.99461],[-86.970236,34.994546],[-86.96712,34.9944],[-86.9273438,34.9934739],[-86.879166,34.9923522],[-86.862147,34.991956],[-86.8573739,34.9919436],[-86.849794,34.991924],[-86.846466,34.99186],[-86.8366927,34.9917716],[-86.820657,34.991764],[-86.8193931,34.9917695],[-86.7835961,34.9918415],[-86.677616,34.99207],[-86.676726,34.99207],[-86.67436,34.992001],[-86.670853,34.992],[-86.65961,34.991792],[-86.641212,34.99174],[-86.600039,34.99124],[-86.588962,34.991197],[-86.571217,34.991011],[-86.555864,34.990971],[-86.5285747,34.990678],[-86.528485,34.990677],[-86.5234314,34.9906782],[-86.4874938,34.9906871],[-86.4731688,34.9906907],[-86.467798,34.990692],[-86.433927,34.991085],[-86.397203,34.99166],[-86.3777158,34.9915325],[-86.3212578,34.9911633],[-86.3186927,34.9911465],[-86.311274,34.991098],[-86.2535287,34.990747],[-86.2055423,34.9904553],[-86.1795389,34.9902973],[-86.1530465,34.9901363],[-86.0729557,34.9896495],[-86.0670872,34.9896138],[-86.0613539,34.989579],[-85.9309576,34.9887864],[-85.9043793,34.9886248],[-85.8980778,34.9885865],[-85.8729939,34.9882893],[-85.8639356,34.9882532],[-85.8610081,34.9882441],[-85.8348137,34.9880651],[-85.8208486,34.9879529],[-85.80813,34.9877951],[-85.7933909,34.9876984],[-85.7266554,34.9865975],[-85.7199414,34.9864922],[-85.7020976,34.9862095],[-85.700327,34.9861815],[-85.6949309,34.9859927],[-85.6127712,34.9847982],[-85.6114179,34.9847768],[-85.605165,34.984678],[-85.5975024,34.9845784],[-85.5866715,34.9844369],[-85.5756314,34.9842927],[-85.5647541,34.9841513],[-85.5373313,34.9837953],[-85.5099404,34.983321],[-85.473871,34.9832024],[-85.4254249,34.9831554],[-85.4089867,34.9831685],[-85.4077261,34.9831825],[-85.3946594,34.9832416],[-85.3796124,34.9833545],[-85.3645302,34.9835691],[-85.3633354,34.9835865],[-85.3456267,34.9838578],[-85.344353,34.9838825],[-85.3010172,34.9845875],[-85.277556,34.984975],[-85.2730412,34.9850017],[-85.2651188,34.9850724],[-85.2304046,34.9854792],[-85.2219027,34.9854632],[-85.220554,34.985575],[-85.2180443,34.9856892],[-85.216554,34.985675],[-85.2112598,34.9857303],[-85.2058159,34.9857871],[-85.1999693,34.9858482],[-85.1955906,34.9858939],[-85.185905,34.985995],[-85.180553,34.986075],[-85.1751043,34.9861075],[-85.1401339,34.9863163],[-85.1267748,34.986396],[-85.1239317,34.986413],[-85.0997355,34.9865574],[-85.0960737,34.9865414],[-85.0648529,34.9866416],[-85.0479647,34.9867629],[-85.0361093,34.986956],[-85.0256529,34.9871314],[-85.0130599,34.9873535],[-84.9798625,34.9876184],[-84.9773596,34.9876246],[-84.9303836,34.9879162],[-84.8103384,34.9878011],[-84.7758131,34.9879454],[-84.7495668,34.9879505],[-84.741839,34.9881089],[-84.7096628,34.9881264],[-84.6998671,34.9881265],[-84.6887303,34.9881302],[-84.6834159,34.9881406],[-84.6821833,34.9881467],[-84.6773557,34.9881706],[-84.6729753,34.9881923],[-84.6658432,34.9881821],[-84.6656159,34.9881819],[-84.6318994,34.9882291],[-84.6213991,34.9881506],[-84.6162506,34.9884102],[-84.6115273,34.9884096],[-84.568093,34.9883303],[-84.5188914,34.9882405],[-84.5184354,34.9882396],[-84.5176936,34.9882382],[-84.5013972,34.9882082],[-84.4882653,34.988184],[-84.487632,34.9881828],[-84.4728678,34.9880459],[-84.4622319,34.9881776],[-84.4582492,34.9881748],[-84.4574901,34.9881742],[-84.4452098,34.9881655],[-84.44505,34.9881654],[-84.4394836,34.9881615],[-84.4385328,34.9881608],[-84.4138843,34.9881434],[-84.4134985,34.9881431],[-84.4054159,34.9881374],[-84.4051272,34.9881372],[-84.4045452,34.9881368],[-84.3898824,34.987996],[-84.3828833,34.9880057],[-84.3591921,34.9881632],[-84.3433674,34.9883073],[-84.3218293,34.988494],[-84.3214921,34.991082],[-84.3212362,34.9930456],[-84.3204345,34.9991985],[-84.3203049,35.0001931],[-84.3157611,35.0350539],[-84.3114133,35.0682589],[-84.3108584,35.0724956],[-84.310851,35.072552],[-84.310022,35.078883],[-84.3082748,35.0927199],[-84.3081692,35.0935153],[-84.3045143,35.1213692],[-84.3044764,35.1216581],[-84.3026205,35.1355305],[-84.2998195,35.1564626],[-84.2988467,35.1632504],[-84.2980589,35.1678429],[-84.2977549,35.1697477],[-84.2968145,35.1744912],[-84.2959858,35.1786705],[-84.2956255,35.1804878],[-84.2955004,35.1811185],[-84.295238,35.182442],[-84.2951151,35.1834632],[-84.2948902,35.1851664],[-84.2922902,35.206821],[-84.2905173,35.2235749],[-84.2904038,35.2241678],[-84.2902965,35.2249812],[-84.2902613,35.2251409],[-84.2902622,35.2251501],[-84.2902426,35.2253183],[-84.2900401,35.2253249],[-84.2899394,35.2252929],[-84.2897669,35.2251155],[-84.2896593,35.2250171],[-84.2890929,35.2246166],[-84.2888263,35.2244572],[-84.2886641,35.224388],[-84.2884884,35.2243427],[-84.2883008,35.2243413],[-84.2880278,35.2243713],[-84.2874557,35.2245615],[-84.2869085,35.2249438],[-84.28643,35.2253958],[-84.2862091,35.2257374],[-84.2859971,35.2260667],[-84.2858128,35.2262278],[-84.2854794,35.2263555],[-84.2853037,35.2263936],[-84.2850685,35.226373],[-84.2842483,35.2262603],[-84.2837547,35.2262923],[-84.2835021,35.2263542],[-84.2832962,35.2264664],[-84.2831353,35.2266344],[-84.2829633,35.2270183],[-84.282886,35.2273791],[-84.2828023,35.2276408],[-84.2826664,35.2277951],[-84.2822799,35.2281114],[-84.281542,35.2289471],[-84.2812062,35.2291486],[-84.2797001,35.2301427],[-84.2792561,35.2306041],[-84.2785059,35.2310557],[-84.2783715,35.2310969],[-84.2779705,35.2313714],[-84.2778682,35.231508],[-84.2775761,35.232187],[-84.2775276,35.2322894],[-84.2774051,35.2325321],[-84.2772379,35.2328635],[-84.2764556,35.2334571],[-84.2759068,35.2342131],[-84.2747668,35.2349028],[-84.2725329,35.2358577],[-84.2719728,35.2361256],[-84.2709946,35.2368239],[-84.2702851,35.2371076],[-84.2695507,35.2376078],[-84.268672,35.2380233],[-84.2678227,35.2382262],[-84.2674149,35.2382717],[-84.2672353,35.2382917],[-84.2662041,35.238895],[-84.2655862,35.2395949],[-84.2652008,35.2399163],[-84.263749,35.2404656],[-84.2623087,35.2410751],[-84.2615752,35.2414319],[-84.2610623,35.2415598],[-84.260915,35.2415576],[-84.2604064,35.2418442],[-84.2599929,35.2422256],[-84.2598725,35.2425234],[-84.2597496,35.2430931],[-84.2596423,35.2434103],[-84.2592022,35.2442447],[-84.2589925,35.2447844],[-84.2586827,35.2453529],[-84.2581401,35.2458876],[-84.2576941,35.2461318],[-84.2573473,35.246326],[-84.2562247,35.2471072],[-84.2556476,35.247476],[-84.2551691,35.2478144],[-84.2546147,35.2483046],[-84.2538165,35.2488886],[-84.2531918,35.2492661],[-84.2527276,35.2495652],[-84.2525558,35.2496516],[-84.2519312,35.2498657],[-84.2516945,35.2499773],[-84.2510075,35.2506067],[-84.2504661,35.2509177],[-84.2501718,35.2510207],[-84.2494516,35.2510568],[-84.2487938,35.2510775],[-84.2483871,35.251143],[-84.2479745,35.2512401],[-84.2473199,35.2514643],[-84.2460911,35.2519721],[-84.2446618,35.2526035],[-84.2434857,35.2530137],[-84.2429758,35.2532342],[-84.2424686,35.253533],[-84.2421897,35.2537586],[-84.2418423,35.2541711],[-84.2416124,35.2544026],[-84.2410768,35.2548633],[-84.2407869,35.2549442],[-84.2406018,35.2550391],[-84.2404373,35.2551562],[-84.2403024,35.2553493],[-84.2398651,35.2564094],[-84.2396937,35.2566785],[-84.2393373,35.2570227],[-84.2386519,35.2576628],[-84.2379008,35.2583853],[-84.237204,35.2589967],[-84.2366026,35.2596903],[-84.2335983,35.2625404],[-84.2333856,35.2627157],[-84.2332003,35.2630043],[-84.2326426,35.2641007],[-84.2324371,35.2643003],[-84.232055,35.2644955],[-84.2311183,35.2648613],[-84.2300537,35.2654882],[-84.2292013,35.2659513],[-84.2291028,35.2660885],[-84.2290293,35.2662766],[-84.2289388,35.2667531],[-84.2287969,35.2670408],[-84.2286398,35.2672064],[-84.2283554,35.2673896],[-84.2278621,35.2677285],[-84.2274823,35.2679345],[-84.2269918,35.2680835],[-84.2265511,35.2681812],[-84.2254892,35.2685436],[-84.224666,35.2688443],[-84.2240251,35.2690078],[-84.2237443,35.2690321],[-84.2233518,35.2688657],[-84.2221804,35.2679986],[-84.2214561,35.2676046],[-84.2206465,35.2675139],[-84.2199612,35.2676001],[-84.2190329,35.2679534],[-84.217962,35.2681584],[-84.2172767,35.2680905],[-84.2164374,35.2677811],[-84.2160162,35.2675193],[-84.2151025,35.266423],[-84.2146105,35.2661977],[-84.2133582,35.266102],[-84.2120446,35.2659267],[-84.2115457,35.2656978],[-84.2113946,35.2656284],[-84.2103641,35.2642116],[-84.2100681,35.2636227],[-84.209525,35.2626663],[-84.2094002,35.2625365],[-84.2087581,35.2618684],[-84.2079974,35.2615252],[-84.207672,35.2612943],[-84.2072336,35.260858],[-84.2064731,35.2603778],[-84.2059614,35.2597802],[-84.2057268,35.259141],[-84.2055585,35.2585807],[-84.2050538,35.2577],[-84.2038472,35.2565245],[-84.20339,35.2559363],[-84.2031597,35.2556316],[-84.2028878,35.2549977],[-84.2024207,35.2529794],[-84.2026065,35.2523957],[-84.2028041,35.2518574],[-84.202541,35.2510943],[-84.2020863,35.2504695],[-84.2017226,35.2501509],[-84.2016721,35.2499015],[-84.2014623,35.2491919],[-84.2015069,35.2487471],[-84.2017343,35.248308],[-84.2017991,35.2480235],[-84.201717,35.247779],[-84.2015171,35.2472482],[-84.2013178,35.2468826],[-84.2010809,35.2466289],[-84.2008791,35.2462207],[-84.2005079,35.2452168],[-84.2001659,35.2448089],[-84.1997883,35.244169],[-84.1994771,35.2438191],[-84.1991476,35.243654],[-84.1988612,35.2436092],[-84.1985491,35.2436302],[-84.1972582,35.2442905],[-84.1963368,35.2443315],[-84.1954835,35.2442524],[-84.1949365,35.2444876],[-84.1944359,35.2447534],[-84.1939528,35.2448282],[-84.1933805,35.2447833],[-84.1931134,35.2446662],[-84.1927045,35.2442593],[-84.1921633,35.2433243],[-84.1919615,35.2429485],[-84.1913083,35.2421905],[-84.1910425,35.2418641],[-84.1902201,35.2412794],[-84.1895823,35.2406681],[-84.1890358,35.2402965],[-84.1885334,35.2401022],[-84.1883226,35.2400493],[-84.188071,35.2400344],[-84.1877167,35.2400373],[-84.1871384,35.2401425],[-84.1868585,35.2401289],[-84.1865696,35.2401149],[-84.1860574,35.2400901],[-84.1845129,35.2399982],[-84.1835276,35.2399989],[-84.181177,35.2402407],[-84.1800245,35.2403597],[-84.1795958,35.2403555],[-84.1793473,35.2403871],[-84.1788916,35.2404963],[-84.1784792,35.240684],[-84.1782229,35.2408907],[-84.1777809,35.2418415],[-84.1775824,35.2419829],[-84.1772422,35.2421974],[-84.1770696,35.2422525],[-84.1770222,35.242267],[-84.1766561,35.242379],[-84.1760799,35.2426298],[-84.1754212,35.2430339],[-84.1753198,35.2430961],[-84.1750198,35.2432836],[-84.1745317,35.2435886],[-84.174454,35.2436324],[-84.1737276,35.2440418],[-84.1731485,35.244299],[-84.1726944,35.244414],[-84.1716758,35.244612],[-84.1713987,35.2447278],[-84.1709776,35.2451829],[-84.1706962,35.2456071],[-84.1703782,35.2462664],[-84.1702204,35.2464076],[-84.1700488,35.2464549],[-84.1698816,35.2464319],[-84.1696911,35.2462879],[-84.1692061,35.2460392],[-84.168772,35.2457375],[-84.1682849,35.245462],[-84.1676819,35.2452682],[-84.1667199,35.2452241],[-84.1658262,35.2448972],[-84.1655551,35.244729],[-84.1629241,35.2438256],[-84.1619363,35.2436916],[-84.1614837,35.2435202],[-84.161176,35.2435878],[-84.1605228,35.2440992],[-84.1600113,35.2447085],[-84.1594886,35.2456823],[-84.1588773,35.2457617],[-84.1578579,35.2457857],[-84.1570067,35.2459024],[-84.1556468,35.2463658],[-84.155275,35.2464379],[-84.1547394,35.2464985],[-84.1540974,35.2463788],[-84.1536838,35.2461956],[-84.1527375,35.2460061],[-84.1511364,35.2462161],[-84.1497022,35.2460585],[-84.1491905,35.2461353],[-84.1484504,35.2466777],[-84.148431,35.2466932],[-84.1479731,35.2468778],[-84.1475155,35.2468835],[-84.1472825,35.2468523],[-84.1463205,35.2465654],[-84.1456273,35.2464738],[-84.1447596,35.2465802],[-84.1436129,35.246685],[-84.1417025,35.2463139],[-84.1403455,35.246124],[-84.1394034,35.2461283],[-84.1390129,35.2459991],[-84.1349656,35.2435872],[-84.1348336,35.2435085],[-84.1347164,35.243402],[-84.1336211,35.2424066],[-84.1319206,35.2418185],[-84.1297566,35.2416985],[-84.1271422,35.2407996],[-84.1269317,35.2408335],[-84.1262871,35.2412474],[-84.1259612,35.2415542],[-84.1257706,35.2420147],[-84.1256908,35.2424512],[-84.1257577,35.2426388],[-84.1262041,35.2433476],[-84.1262474,35.243513],[-84.1261837,35.2439394],[-84.1260685,35.2442751],[-84.1260767,35.2447572],[-84.1261379,35.2449447],[-84.1266615,35.2458029],[-84.126721,35.2463165],[-84.1264938,35.2471857],[-84.1259478,35.248239],[-84.125431,35.2494677],[-84.1253025,35.2496653],[-84.1252188,35.249875],[-84.1229915,35.2498949],[-84.122586,35.2499511],[-84.1222163,35.2500645],[-84.1213092,35.2504821],[-84.1211281,35.2506359],[-84.1207835,35.2513312],[-84.1203953,35.2517427],[-84.1202266,35.2518707],[-84.1199257,35.2520569],[-84.1195777,35.2521833],[-84.1192916,35.252242],[-84.1190769,35.2522551],[-84.1186589,35.2521886],[-84.1178505,35.2519304],[-84.117086,35.2516528],[-84.1164462,35.2513402],[-84.1160109,35.2510311],[-84.1156177,35.250696],[-84.1153687,35.2503997],[-84.1147563,35.2497404],[-84.1141706,35.2491631],[-84.1140059,35.2490539],[-84.113774,35.2490329],[-84.1135636,35.2489859],[-84.1133729,35.2489832],[-84.1131077,35.2490228],[-84.1128112,35.249119],[-84.112102,35.2494012],[-84.1114886,35.2496721],[-84.1111757,35.249841],[-84.110796,35.250107],[-84.1105638,35.2503099],[-84.1103095,35.2504433],[-84.1100255,35.2504086],[-84.1098007,35.2502841],[-84.1096666,35.2501487],[-84.1093883,35.2499094],[-84.1092873,35.2498956],[-84.1088418,35.2500157],[-84.10868,35.2500744],[-84.108081,35.2506196],[-84.1071046,35.2513674],[-84.1068504,35.2515234],[-84.1067064,35.2515239],[-84.1064792,35.2514983],[-84.1062502,35.2514067],[-84.1059764,35.2511642],[-84.1054869,35.2505373],[-84.1053133,35.2503697],[-84.1051578,35.2502875],[-84.1049313,35.2502344],[-84.1043785,35.2502412],[-84.1042081,35.2502202],[-84.1041075,35.2500812],[-84.1040452,35.2498447],[-84.1033593,35.2491313],[-84.1030469,35.2487338],[-84.1028712,35.2485483],[-84.1025709,35.2483602],[-84.1021831,35.2482819],[-84.1017078,35.248321],[-84.1010653,35.2484592],[-84.1008592,35.2484675],[-84.1002814,35.2483073],[-84.0996367,35.2480875],[-84.0986377,35.2475701],[-84.0980063,35.2474919],[-84.0976467,35.2475655],[-84.0972618,35.2477071],[-84.0954772,35.2483008],[-84.0949846,35.2485669],[-84.0947061,35.2485549],[-84.0937673,35.2488932],[-84.0934345,35.2488851],[-84.0926425,35.2492007],[-84.0916377,35.249779],[-84.0913253,35.2500853],[-84.0912439,35.250717],[-84.09106,35.2512419],[-84.0909032,35.2513919],[-84.0901066,35.2514894],[-84.0895361,35.2521619],[-84.0892545,35.2524401],[-84.088797,35.2526973],[-84.0880216,35.2529796],[-84.0877957,35.2531078],[-84.0872295,35.2539282],[-84.0870468,35.2540621],[-84.0863192,35.2543166],[-84.086139,35.2544086],[-84.0853967,35.255232],[-84.0849356,35.2555613],[-84.0846153,35.2555793],[-84.084139,35.2555651],[-84.083604,35.255657],[-84.0825305,35.2562934],[-84.0824744,35.2565733],[-84.0828227,35.2574058],[-84.0829112,35.2577449],[-84.0829049,35.2580068],[-84.0828383,35.2584115],[-84.0821502,35.2597305],[-84.0812152,35.2610014],[-84.0810742,35.2611413],[-84.0806975,35.2613152],[-84.08032,35.261436],[-84.0795185,35.2615699],[-84.0772518,35.2621221],[-84.0760261,35.2627836],[-84.075691,35.2629309],[-84.0747626,35.2632002],[-84.074097,35.263349],[-84.0736129,35.2633962],[-84.0726367,35.263309],[-84.0718606,35.2636129],[-84.0710249,35.2637392],[-84.0703582,35.264039],[-84.0700194,35.2641736],[-84.0679181,35.2647552],[-84.0671795,35.265045],[-84.0658054,35.2658045],[-84.0650337,35.2661292],[-84.0636887,35.2666367],[-84.0634012,35.2667183],[-84.061693,35.2669492],[-84.0614195,35.2669593],[-84.0608986,35.267162],[-84.0600196,35.2674493],[-84.0590128,35.267378],[-84.0584298,35.2675454],[-84.0578329,35.2677552],[-84.0574465,35.2679718],[-84.0566269,35.2682213],[-84.0562342,35.2682507],[-84.0556757,35.2684676],[-84.0542808,35.2691845],[-84.0532956,35.2697156],[-84.0525461,35.2701926],[-84.0524122,35.2704056],[-84.0523941,35.2704975],[-84.0526138,35.2712725],[-84.0526141,35.2714234],[-84.0522742,35.2719618],[-84.0513316,35.2728285],[-84.0510076,35.2733399],[-84.0506702,35.2735734],[-84.0503192,35.2736708],[-84.0499814,35.2737321],[-84.049641,35.2736942],[-84.0494562,35.2737074],[-84.0488388,35.2739475],[-84.0484184,35.2740821],[-84.0473066,35.2741197],[-84.0469861,35.2741995],[-84.0467736,35.2743651],[-84.0456846,35.2759781],[-84.0452311,35.2764783],[-84.0445686,35.2768944],[-84.0438941,35.2771442],[-84.0434797,35.2775473],[-84.043247,35.2779385],[-84.042711,35.278383],[-84.0419561,35.2786864],[-84.0412355,35.2791949],[-84.0406754,35.2798539],[-84.0394923,35.2836773],[-84.0390232,35.2846549],[-84.0374278,35.2865506],[-84.0361226,35.2885555],[-84.0351993,35.2888605],[-84.034422,35.2892185],[-84.0325106,35.2903302],[-84.0302636,35.2917447],[-84.0290694,35.2922492],[-84.0280344,35.2927591],[-84.0260859,35.2941778],[-84.0242617,35.2955068],[-84.0233754,35.296314],[-84.0232668,35.2965243],[-84.0231473,35.2969108],[-84.0230905,35.2971979],[-84.0231078,35.2974997],[-84.0232243,35.2978286],[-84.023438,35.2981221],[-84.02352,35.2983515],[-84.0232998,35.2989099],[-84.0229341,35.2993768],[-84.0226751,35.2997037],[-84.0223199,35.3001031],[-84.0220471,35.30041],[-84.0218056,35.3006827],[-84.0214975,35.3010928],[-84.0214886,35.3016103],[-84.0217788,35.3018634],[-84.0219435,35.3019318],[-84.0222889,35.3020801],[-84.0227197,35.3022339],[-84.0230362,35.3023921],[-84.0233886,35.3028939],[-84.0235222,35.3030877],[-84.0236032,35.3032589],[-84.0237614,35.3035896],[-84.0239326,35.3040628],[-84.0239809,35.3041938],[-84.024234,35.304502],[-84.0248542,35.3050702],[-84.0253506,35.3055473],[-84.0260559,35.3060801],[-84.0263009,35.3063211],[-84.0263925,35.3066469],[-84.0263136,35.3078989],[-84.0263763,35.3084417],[-84.0265288,35.3090043],[-84.026751,35.3094528],[-84.02695,35.3096605],[-84.0272801,35.3098581],[-84.0279161,35.3101079],[-84.028407,35.3102273],[-84.0292045,35.3103926],[-84.0317875,35.3106744],[-84.0330011,35.3108956],[-84.0341184,35.3111894],[-84.0344569,35.3113727],[-84.0346254,35.3115467],[-84.0348187,35.3119474],[-84.035106,35.3123491],[-84.0357068,35.3128935],[-84.0359088,35.3132179],[-84.0360265,35.3137813],[-84.0359455,35.3146152],[-84.0358347,35.3158036],[-84.0356896,35.3163756],[-84.035435,35.317031],[-84.0352719,35.3178993],[-84.0351055,35.3184286],[-84.0347931,35.3189481],[-84.0344281,35.3193947],[-84.0340776,35.3200878],[-84.0339227,35.3206172],[-84.0339264,35.3208439],[-84.0340613,35.3212226],[-84.0344016,35.3217008],[-84.0345725,35.3221164],[-84.0345542,35.3223785],[-84.0344978,35.3225631],[-84.0343064,35.3228219],[-84.0335599,35.3234531],[-84.0328823,35.3240776],[-84.0326021,35.3245549],[-84.0325733,35.3246193],[-84.032544,35.3251508],[-84.0324535,35.3252962],[-84.0325095,35.3265253],[-84.0325356,35.3276469],[-84.0325006,35.3279815],[-84.0323808,35.3283455],[-84.0321861,35.3287705],[-84.0319396,35.3291154],[-84.0313649,35.3296318],[-84.0306407,35.3303938],[-84.0304046,35.3307044],[-84.0299456,35.3316004],[-84.0297281,35.332064],[-84.0293103,35.3329717],[-84.029268,35.3331049],[-84.029291,35.3332575],[-84.0294847,35.3335971],[-84.0298961,35.3342228],[-84.0303406,35.3348371],[-84.0305706,35.3353504],[-84.0309402,35.3360329],[-84.0311076,35.3362299],[-84.0312585,35.3363467],[-84.031497,35.3365447],[-84.0318357,35.3367587],[-84.0324371,35.3370506],[-84.0327672,35.3371844],[-84.0331335,35.337256],[-84.0339809,35.337235],[-84.0347183,35.3372744],[-84.0352355,35.337341],[-84.0359271,35.3374995],[-84.0362052,35.3376659],[-84.0362481,35.3378626],[-84.0361346,35.3381808],[-84.0360924,35.338668],[-84.0362057,35.3391748],[-84.0362206,35.3393766],[-84.0361568,35.3398848],[-84.0360186,35.3403236],[-84.0357052,35.3412729],[-84.0355709,35.3414765],[-84.0348933,35.3417401],[-84.0345471,35.3420481],[-84.0340555,35.3425483],[-84.0339735,35.3428583],[-84.033963,35.3431072],[-84.0340045,35.3432766],[-84.0341502,35.3435002],[-84.0344243,35.3438006],[-84.0349674,35.3443036],[-84.035467,35.344708],[-84.035696,35.3450132],[-84.0358624,35.345316],[-84.0362268,35.3458658],[-84.0374872,35.3471231],[-84.0378625,35.3474123],[-84.0382614,35.347831],[-84.038298,35.3479496],[-84.0382631,35.3483484],[-84.0388863,35.3482177],[-84.0387361,35.3485503],[-84.0386616,35.3489974],[-84.0387041,35.3494846],[-84.0386368,35.3496536],[-84.0384624,35.3499068],[-84.0383286,35.3504262],[-84.0383844,35.3509339],[-84.0383597,35.3509848],[-84.038253,35.3510972],[-84.0380854,35.3511834],[-84.0377142,35.3512735],[-84.0366002,35.351431],[-84.0359471,35.3513901],[-84.035112,35.3513862],[-84.0346159,35.3515009],[-84.0342767,35.3516567],[-84.0337926,35.3519997],[-84.0334686,35.3523361],[-84.0329564,35.3528764],[-84.0315797,35.3532172],[-84.0303508,35.3535074],[-84.0296098,35.3537672],[-84.0293981,35.3537857],[-84.0289592,35.3537648],[-84.028048,35.3536322],[-84.0278051,35.3536386],[-84.027537,35.3536753],[-84.0266645,35.3539166],[-84.0259462,35.3540271],[-84.025055,35.3540329],[-84.0244186,35.3539976],[-84.0239722,35.3540405],[-84.0237152,35.3540932],[-84.0233399,35.3543197],[-84.0232302,35.3544452],[-84.0230868,35.3549539],[-84.0229508,35.3559821],[-84.022728,35.3562794],[-84.0210077,35.3569695],[-84.0206772,35.357205],[-84.0201511,35.3575649],[-84.0197144,35.3579731],[-84.0194575,35.358348],[-84.0193847,35.3585777],[-84.0192473,35.3595234],[-84.0189524,35.3599292],[-84.0184255,35.3604688],[-84.0182439,35.3607624],[-84.017504,35.3616959],[-84.0170967,35.3619814],[-84.0164558,35.362662],[-84.0161983,35.3631325],[-84.0156743,35.3640527],[-84.0150563,35.3649883],[-84.0138255,35.3660561],[-84.0123199,35.3672773],[-84.0108336,35.3687406],[-84.0102733,35.3690706],[-84.0084441,35.3705918],[-84.007752,35.3712922],[-84.0073928,35.3716538],[-84.0081153,35.3718747],[-84.0084942,35.3721531],[-84.0086001,35.3723355],[-84.0087426,35.3728222],[-84.0088166,35.3738775],[-84.0088497,35.3751267],[-84.0088849,35.3757346],[-84.0088203,35.3761549],[-84.008706,35.3766776],[-84.0085376,35.3771702],[-84.0082199,35.3780566],[-84.0082331,35.3784817],[-84.0082993,35.3787566],[-84.0087028,35.3795617],[-84.0092304,35.380336],[-84.0095888,35.3808905],[-84.0097098,35.3811536],[-84.0097353,35.3813408],[-84.009601,35.3820201],[-84.0096829,35.3825051],[-84.010124,35.3831197],[-84.0103109,35.383296],[-84.0107931,35.3836035],[-84.0112203,35.3840997],[-84.0113441,35.3843848],[-84.0113957,35.3846055],[-84.0113286,35.3850111],[-84.0110445,35.3853965],[-84.0107248,35.3862184],[-84.0104599,35.3868219],[-84.0099334,35.3874823],[-84.0085627,35.3910003],[-84.0089212,35.3913098],[-84.0094309,35.3915383],[-84.0097241,35.3916454],[-84.0104741,35.3919849],[-84.0108382,35.3920514],[-84.0110799,35.3920499],[-84.0119631,35.3918887],[-84.0122065,35.3919532],[-84.0125126,35.3921946],[-84.0127961,35.3926693],[-84.0128498,35.3929539],[-84.0128751,35.3936763],[-84.0133167,35.3949504],[-84.0134387,35.395579],[-84.0136982,35.39766],[-84.0138676,35.3978844],[-84.0142057,35.3981408],[-84.0151377,35.3985616],[-84.0178881,35.3993179],[-84.0181286,35.3994914],[-84.0184637,35.3996822],[-84.0187332,35.4000075],[-84.0199289,35.4023481],[-84.0203253,35.4030439],[-84.0206236,35.4033993],[-84.0211376,35.4038],[-84.0214336,35.4042068],[-84.0214848,35.4044214],[-84.0214829,35.4047633],[-84.0214045,35.4051897],[-84.0211512,35.4059748],[-84.021101,35.4064159],[-84.0211674,35.4067098],[-84.0213141,35.4071601],[-84.0216631,35.4075671],[-84.0220961,35.4082323],[-84.0228294,35.4092708],[-84.0229981,35.4097271],[-84.0233812,35.4107116],[-84.0234978,35.4114252],[-84.0234187,35.4116175],[-84.0232357,35.4117925],[-84.0230693,35.411935],[-84.0228643,35.4120019],[-84.0225518,35.4120121],[-84.0217687,35.4121249],[-84.0208825,35.412124],[-84.0202243,35.4120032],[-84.0186429,35.4114769],[-84.0183058,35.4113999],[-84.0179438,35.4113774],[-84.01752,35.4113866],[-84.0170009,35.4114488],[-84.0164869,35.4115766],[-84.0161382,35.4116621],[-84.0153037,35.4119403],[-84.0148922,35.4121401],[-84.0144442,35.4123579],[-84.0142142,35.4125089],[-84.0138931,35.4127203],[-84.0136671,35.4129361],[-84.0134715,35.4131649],[-84.0131529,35.4135417],[-84.0129066,35.4139466],[-84.0126313,35.4144211],[-84.0124656,35.4146593],[-84.0121739,35.415075],[-84.0119188,35.4153517],[-84.0117033,35.4155241],[-84.0115191,35.4156727],[-84.0113725,35.4157649],[-84.0110973,35.4159298],[-84.010558,35.4165584],[-84.0096635,35.4171136],[-84.0086804,35.4178187],[-84.0081951,35.4183025],[-84.0078131,35.41857],[-84.0074443,35.4187956],[-84.0067037,35.419146],[-84.0064646,35.4193124],[-84.0061811,35.4196429],[-84.0057524,35.4206828],[-84.0054949,35.4210467],[-84.005253,35.4211883],[-84.0050127,35.4212667],[-84.0046673,35.4213568],[-84.004269,35.4214563],[-84.0039265,35.4216457],[-84.0037003,35.4218417],[-84.0035057,35.4220114],[-84.003216,35.4222029],[-84.0029911,35.4223152],[-84.0027125,35.4224509],[-84.0025126,35.4225628],[-84.0021819,35.422755],[-84.0016847,35.4230389],[-84.0012871,35.4233961],[-84.0010853,35.4236304],[-84.0010422,35.4238933],[-84.0008866,35.4242343],[-84.0006425,35.4245768],[-84.0001665,35.4249622],[-83.9999561,35.4252729],[-83.9994895,35.4259416],[-83.9993331,35.4262336],[-83.9992467,35.4264469],[-83.9992173,35.4266917],[-83.9991708,35.426944],[-83.9992213,35.4272968],[-83.9992636,35.4274919],[-83.9994762,35.4276868],[-83.9995654,35.4277711],[-83.999885,35.4280623],[-83.999944,35.4282388],[-83.9998875,35.4283715],[-83.9994511,35.4288408],[-83.9991812,35.4290489],[-83.9987204,35.4295575],[-83.9986252,35.42981],[-83.9985183,35.4300721],[-83.9984088,35.4302942],[-83.9982892,35.4304391],[-83.9980803,35.4306006],[-83.9979586,35.4307403],[-83.9980349,35.4309644],[-83.9982264,35.4310481],[-83.9984151,35.4310929],[-83.9990194,35.4310952],[-83.9992626,35.4311483],[-83.9993962,35.4312453],[-83.9994166,35.4313497],[-83.9993328,35.4315226],[-83.9991524,35.4317633],[-83.9988414,35.4320444],[-83.9986431,35.4321833],[-83.9986167,35.4323062],[-83.998668,35.4324002],[-83.9987854,35.4325627],[-83.9990549,35.4327586],[-83.9993607,35.4329166],[-83.9997107,35.4331978],[-83.9997739,35.4334371],[-83.9997358,35.4336384],[-83.9996031,35.4338986],[-83.999362,35.4341147],[-83.9991268,35.4342325],[-83.9988803,35.4342406],[-83.9985177,35.4341686],[-83.9979498,35.4340052],[-83.9974479,35.4338047],[-83.9971302,35.4337928],[-83.9968799,35.4338299],[-83.9967302,35.4339278],[-83.9965864,35.4341033],[-83.9966028,35.4343221],[-83.9964765,35.434599],[-83.9964413,35.4348064],[-83.9963607,35.4349115],[-83.9961707,35.4349987],[-83.9958947,35.4350718],[-83.9955923,35.4350463],[-83.9951652,35.4350401],[-83.9948961,35.4350754],[-83.994718,35.4351861],[-83.9945509,35.435338],[-83.9944208,35.4355204],[-83.9943685,35.4356913],[-83.9943966,35.4358727],[-83.9944548,35.4360383],[-83.9945413,35.436206],[-83.9945806,35.4363337],[-83.99456,35.4365279],[-83.9944827,35.4367466],[-83.9940753,35.4370781],[-83.9938448,35.4372633],[-83.9932139,35.4375887],[-83.9929917,35.4377635],[-83.9927301,35.4381774],[-83.9927266,35.4383713],[-83.9927507,35.438728],[-83.9927062,35.4390653],[-83.992612,35.4394365],[-83.9924519,35.4399095],[-83.9921704,35.4403998],[-83.9919964,35.4405423],[-83.9917854,35.4406872],[-83.99153,35.4407258],[-83.9912898,35.4406697],[-83.9907198,35.4404313],[-83.9905888,35.4402199],[-83.9904836,35.439913],[-83.9903184,35.439613],[-83.9901253,35.4394129],[-83.9898333,35.439262],[-83.9893714,35.4391646],[-83.9889271,35.4390935],[-83.9886235,35.4391193],[-83.9883456,35.4392224],[-83.9881993,35.4393673],[-83.9882186,35.4395389],[-83.9882908,35.4396747],[-83.9885434,35.4399246],[-83.9886475,35.4401011],[-83.9886757,35.440317],[-83.9885751,35.4405426],[-83.9882577,35.4407765],[-83.9879897,35.4409298],[-83.9877218,35.440944],[-83.9873076,35.4409298],[-83.9869063,35.4408091],[-83.986021,35.4402819],[-83.9855024,35.4401081],[-83.9850706,35.4400375],[-83.9847739,35.4400648],[-83.9844368,35.4401595],[-83.9841502,35.4403493],[-83.9838922,35.4405572],[-83.9836631,35.4407114],[-83.9834504,35.4408162],[-83.98337,35.4409634],[-83.983321,35.4411961],[-83.9834722,35.4416293],[-83.983433,35.4417838],[-83.9832841,35.4422975],[-83.9830143,35.4428678],[-83.9827745,35.4431939],[-83.9826467,35.4434112],[-83.9825933,35.4436161],[-83.9825413,35.443994],[-83.9825357,35.4442819],[-83.9823857,35.4445548],[-83.9820053,35.4452424],[-83.9816155,35.44572],[-83.9813508,35.4461574],[-83.9806962,35.4467977],[-83.9804462,35.4472627],[-83.9801169,35.4479708],[-83.9799608,35.4481817],[-83.979763,35.4482645],[-83.9793028,35.4482598],[-83.9789088,35.4481431],[-83.9785424,35.4479704],[-83.9779984,35.4476186],[-83.9767236,35.4467001],[-83.9764492,35.4465935],[-83.9761004,35.4465435],[-83.975837,35.4465667],[-83.9756451,35.4466924],[-83.9754079,35.4470632],[-83.9753778,35.4473045],[-83.9753248,35.4478143],[-83.9751329,35.448017],[-83.9748507,35.4480682],[-83.9744223,35.4479962],[-83.9739725,35.4478829],[-83.9735967,35.4476683],[-83.9733294,35.4474451],[-83.9731173,35.4473121],[-83.9728886,35.4472313],[-83.9727485,35.4472375],[-83.972649,35.4473133],[-83.9724789,35.447467],[-83.9724099,35.4476115],[-83.972398,35.4477293],[-83.9727725,35.4482157],[-83.9730749,35.4486548],[-83.9731761,35.4489265],[-83.9731574,35.4491991],[-83.9730795,35.4494388],[-83.9729365,35.449927],[-83.9729734,35.4505086],[-83.9729314,35.4509989],[-83.972953,35.4512368],[-83.9730207,35.4517997],[-83.9731609,35.4520125],[-83.9731913,35.4523767],[-83.9733013,35.4526262],[-83.9732951,35.4527686],[-83.9731892,35.4528894],[-83.9729758,35.4529764],[-83.9727266,35.4529981],[-83.9718901,35.4529928],[-83.9714728,35.4529216],[-83.9712215,35.4529437],[-83.9710997,35.4530137],[-83.9710744,35.4531073],[-83.9710991,35.4532335],[-83.9712312,35.4534334],[-83.9717626,35.4538373],[-83.9718853,35.4540468],[-83.9719758,35.4543838],[-83.9719732,35.4546461],[-83.9718566,35.4548607],[-83.9716657,35.4551243],[-83.9713787,35.4553264],[-83.9709486,35.4554907],[-83.9706051,35.4555259],[-83.9703149,35.455476],[-83.9698469,35.4552776],[-83.9694675,35.4551759],[-83.9684662,35.4552528],[-83.9679132,35.4551848],[-83.9673589,35.4551423],[-83.9668547,35.4551753],[-83.966524,35.4551265],[-83.9661928,35.4549844],[-83.9658677,35.4547653],[-83.9655732,35.4546368],[-83.9650618,35.4542694],[-83.9648044,35.454113],[-83.9646281,35.4541198],[-83.9645537,35.4541888],[-83.9644352,35.4543504],[-83.9642506,35.4546499],[-83.9642348,35.4548673],[-83.9642486,35.4550881],[-83.9646781,35.4553776],[-83.9654017,35.4555748],[-83.9656326,35.4557304],[-83.9656938,35.4559446],[-83.9656877,35.4562421],[-83.9655987,35.4564061],[-83.9654032,35.4565758],[-83.9651733,35.456638],[-83.9648616,35.4566264],[-83.9643947,35.4565194],[-83.9638182,35.4564396],[-83.9633315,35.4564159],[-83.9630864,35.4564331],[-83.9628886,35.456505],[-83.9627819,35.4566167],[-83.9628032,35.4567459],[-83.9630616,35.4569983],[-83.9632124,35.4571735],[-83.9632295,35.4580386],[-83.9630804,35.4584459],[-83.9629048,35.4586315],[-83.9626885,35.4588112],[-83.9623759,35.4589453],[-83.9618264,35.4591673],[-83.9616438,35.4592948],[-83.9614553,35.4594815],[-83.9612625,35.4597034],[-83.9611223,35.4599956],[-83.9610546,35.4601825],[-83.9611213,35.4604969],[-83.9612059,35.4612853],[-83.9611946,35.4618421],[-83.9611513,35.4623993],[-83.9611483,35.4627576],[-83.961109,35.463612],[-83.9610797,35.4641441],[-83.960375,35.4641507],[-83.9598017,35.4642117],[-83.9589265,35.4642975],[-83.9584584,35.4643046],[-83.9579351,35.4642733],[-83.9573306,35.4641487],[-83.9564879,35.4639203],[-83.9557805,35.46365],[-83.9551364,35.4632883],[-83.9545786,35.4628621],[-83.9543235,35.4624918],[-83.9541075,35.462152],[-83.9538408,35.4616782],[-83.9536565,35.4613565],[-83.9533334,35.4609067],[-83.9529597,35.4605486],[-83.9525814,35.4606207],[-83.9518862,35.4605839],[-83.9513698,35.4606026],[-83.9505326,35.4607412],[-83.9496528,35.4609456],[-83.9492467,35.4611073],[-83.9490903,35.4613694],[-83.9487391,35.4617137],[-83.9483651,35.4619558],[-83.9475785,35.4622194],[-83.9473981,35.4623893],[-83.9473196,35.4625568],[-83.9472335,35.4629047],[-83.9471673,35.463051],[-83.9469613,35.463192],[-83.9466061,35.4633646],[-83.9462343,35.4637377],[-83.94498,35.4642291],[-83.944031,35.4641901],[-83.9438113,35.4642356],[-83.9435789,35.4643094],[-83.9429673,35.4643748],[-83.942879,35.4644054],[-83.9427428,35.4645323],[-83.9428486,35.4649125],[-83.9429861,35.4653236],[-83.9430123,35.465459],[-83.9429196,35.4656107],[-83.9425878,35.4658862],[-83.9423359,35.4661286],[-83.9422833,35.4663683],[-83.9423236,35.4666293],[-83.9423002,35.4668237],[-83.9422069,35.4670436],[-83.9419731,35.4673239],[-83.9411539,35.4679266],[-83.9406551,35.4682723],[-83.9401563,35.4686785],[-83.9394854,35.469008],[-83.9386624,35.4694646],[-83.9384928,35.4695915],[-83.9381991,35.4698873],[-83.9377217,35.4705347],[-83.9373704,35.4708236],[-83.936978,35.4714507],[-83.9367236,35.4715589],[-83.9364405,35.4715994],[-83.9361294,35.4717287],[-83.9354228,35.4719331],[-83.934914,35.4721637],[-83.9339117,35.4723748],[-83.9334331,35.472532],[-83.9329294,35.4726334],[-83.9322914,35.4727118],[-83.9314731,35.4728938],[-83.9306787,35.4730209],[-83.9303485,35.4730472],[-83.9297683,35.473168],[-83.9292218,35.4732188],[-83.9286694,35.4731426],[-83.928325,35.473014],[-83.927997,35.4730097],[-83.9265357,35.4735882],[-83.9263192,35.4736244],[-83.9255115,35.4735509],[-83.9252559,35.4736476],[-83.9246922,35.4741222],[-83.9244112,35.4742721],[-83.9241429,35.4743184],[-83.9235755,35.4742578],[-83.9231605,35.4742412],[-83.9227657,35.4743136],[-83.9223931,35.4743362],[-83.9220167,35.4743099],[-83.9217182,35.4742581],[-83.9211657,35.4739757],[-83.9209822,35.4739359],[-83.9205252,35.4736839],[-83.9201858,35.4734403],[-83.9197026,35.4732989],[-83.9192862,35.4732787],[-83.9190242,35.4732959],[-83.9186039,35.4735977],[-83.9183741,35.4737902],[-83.9181076,35.4738733],[-83.917928,35.4739009],[-83.9171071,35.4736756],[-83.9168611,35.4736482],[-83.916621,35.4736519],[-83.9162712,35.4737695],[-83.915846,35.473896],[-83.9155081,35.4740951],[-83.915033,35.474547],[-83.9143507,35.4749874],[-83.9138126,35.4754649],[-83.9134106,35.4756509],[-83.9128031,35.4758319],[-83.9118828,35.4760706],[-83.9116595,35.4762491],[-83.9115664,35.4763489],[-83.9113212,35.4769102],[-83.9109771,35.4774123],[-83.9107219,35.4778718],[-83.9100433,35.4788995],[-83.9094433,35.4794913],[-83.9092598,35.4797481],[-83.9090295,35.4802779],[-83.9089816,35.480477],[-83.9089874,35.4807135],[-83.9090992,35.4816306],[-83.9091549,35.4823373],[-83.9091448,35.4825253],[-83.9088874,35.4831231],[-83.9088374,35.4833451],[-83.9088376,35.4836462],[-83.9087886,35.4837635],[-83.908176,35.4842607],[-83.9079133,35.4846141],[-83.9076863,35.4849918],[-83.9072162,35.48551],[-83.90711,35.4860156],[-83.906997,35.4862729],[-83.9068296,35.4864628],[-83.906626,35.4868099],[-83.9062632,35.487528],[-83.9061508,35.4879108],[-83.9057854,35.4886901],[-83.9055702,35.4890046],[-83.9053095,35.489204],[-83.9049305,35.4894171],[-83.9038787,35.4897022],[-83.9035197,35.4899043],[-83.9031851,35.490144],[-83.9026272,35.4904896],[-83.9018571,35.4907983],[-83.9016659,35.4909164],[-83.9014721,35.4910686],[-83.9012557,35.4913508],[-83.9010862,35.4916729],[-83.900878,35.4922368],[-83.9003694,35.4930439],[-83.9002933,35.493484],[-83.9002889,35.4943081],[-83.90043,35.4945092],[-83.9012121,35.4949497],[-83.9013376,35.4951077],[-83.9013724,35.4958516],[-83.9014865,35.4960937],[-83.9015013,35.4964657],[-83.9014677,35.4965617],[-83.9007543,35.4971035],[-83.8990307,35.4985464],[-83.8985232,35.4991705],[-83.898277,35.4993885],[-83.8980259,35.4994966],[-83.8975206,35.4996506],[-83.897221,35.4997185],[-83.8969111,35.4999281],[-83.8968039,35.500137],[-83.8968169,35.5003179],[-83.896923,35.5005019],[-83.896984,35.5006947],[-83.8969725,35.5008342],[-83.8968608,35.5010117],[-83.8963794,35.5013303],[-83.896019,35.5015353],[-83.8954049,35.501785],[-83.8947191,35.5020418],[-83.894166,35.5021508],[-83.8931225,35.5022296],[-83.8927229,35.5022592],[-83.892269,35.5024633],[-83.8920189,35.5026874],[-83.8918506,35.5031555],[-83.8917256,35.503353],[-83.891534,35.5035534],[-83.89112,35.5038865],[-83.8907556,35.5042197],[-83.8904359,35.5044092],[-83.8901416,35.5045173],[-83.8898762,35.5047239],[-83.8893983,35.5055808],[-83.8891444,35.5064114],[-83.8890373,35.5065506],[-83.8886373,35.5068949],[-83.8884107,35.5072872],[-83.8879801,35.5082534],[-83.8877318,35.5086467],[-83.8860405,35.5106205],[-83.8839241,35.5126564],[-83.8836965,35.5129302],[-83.8834076,35.5134009],[-83.8832326,35.5137385],[-83.8831703,35.5140587],[-83.8833197,35.5153902],[-83.8832127,35.5156434],[-83.8828847,35.5160602],[-83.8817837,35.5169691],[-83.8815524,35.5172438],[-83.8807303,35.5184211],[-83.8802756,35.5188204],[-83.8798206,35.5190762],[-83.8791601,35.5193256],[-83.8787895,35.5193825],[-83.8782968,35.5193991],[-83.8767239,35.5192531],[-83.8761095,35.5194714],[-83.8748852,35.5198708],[-83.8737957,35.5206675],[-83.8734717,35.5208003],[-83.8730945,35.5208795],[-83.87263,35.5209055],[-83.8722801,35.5208793],[-83.8720076,35.5208135],[-83.8712725,35.5205463],[-83.86877,35.5200102],[-83.8680619,35.5200142],[-83.8675742,35.5200755],[-83.8670685,35.5201853],[-83.8649708,35.5207339],[-83.8645363,35.5208094],[-83.864121,35.5208649],[-83.8636408,35.5208681],[-83.8630666,35.5208105],[-83.8625893,35.520723],[-83.8622221,35.5206277],[-83.8618541,35.5205822],[-83.8613389,35.52062],[-83.8607574,35.5206975],[-83.8604285,35.5207657],[-83.860044,35.5209001],[-83.859319,35.5212745],[-83.8589707,35.5214155],[-83.858704,35.5214669],[-83.8575287,35.5215446],[-83.8573375,35.5215722],[-83.8571888,35.5215767],[-83.8570269,35.5215241],[-83.8561735,35.5211899],[-83.8546089,35.5207811],[-83.8539548,35.5205811],[-83.8534082,35.5203869],[-83.8530659,35.5202385],[-83.8523804,35.5199058],[-83.8513011,35.5193549],[-83.8501886,35.5189211],[-83.8494819,35.518657],[-83.8493232,35.5186268],[-83.8491441,35.5186402],[-83.8488993,35.5186896],[-83.8483846,35.5189024],[-83.8475033,35.5193904],[-83.8466731,35.5197836],[-83.8463048,35.5199557],[-83.8460016,35.5201394],[-83.8453242,35.5207046],[-83.8450089,35.5209522],[-83.844276,35.5212172],[-83.8429544,35.5214186],[-83.8423723,35.5215181],[-83.841904,35.5215343],[-83.8401941,35.5215124],[-83.8401101,35.5215325],[-83.8399361,35.5215915],[-83.8396423,35.5217327],[-83.839092,35.5220582],[-83.8388291,35.5221571],[-83.8385718,35.5223323],[-83.8382361,35.5225115],[-83.8378836,35.5226683],[-83.8374919,35.5227941],[-83.8370533,35.5229304],[-83.8369037,35.5229836],[-83.8364112,35.5232318],[-83.8360074,35.5234481],[-83.8354966,35.5236277],[-83.8350892,35.5236515],[-83.8345779,35.5237294],[-83.8341751,35.5238103],[-83.8338987,35.5239137],[-83.8330478,35.5242756],[-83.8325732,35.5244528],[-83.8321487,35.5245798],[-83.8316326,35.5246548],[-83.8314447,35.5246821],[-83.8311396,35.5246959],[-83.8308469,35.5246593],[-83.8304583,35.5245877],[-83.8301036,35.5245006],[-83.8298195,35.524487],[-83.8288968,35.5245086],[-83.8279426,35.5245443],[-83.8272488,35.5245],[-83.8265031,35.5244253],[-83.8258299,35.5243274],[-83.825551,35.5243156],[-83.8254157,35.5243223],[-83.8252976,35.5243574],[-83.8249038,35.5246969],[-83.8246562,35.5248545],[-83.824034,35.5251575],[-83.8233706,35.5254603],[-83.8231913,35.5254917],[-83.8230143,35.5254939],[-83.8220268,35.5254739],[-83.8214646,35.5254878],[-83.8210066,35.5255293],[-83.8206904,35.5255824],[-83.8204695,35.5256596],[-83.8201923,35.5258079],[-83.8200739,35.5259368],[-83.8199862,35.5261022],[-83.8198862,35.5265795],[-83.8197774,35.5268184],[-83.8192845,35.5273311],[-83.8185679,35.5277673],[-83.8180842,35.5280159],[-83.8170654,35.5285784],[-83.8164949,35.5289115],[-83.8159579,35.5292772],[-83.8148062,35.5301806],[-83.8143009,35.5305749],[-83.8133996,35.5312331],[-83.8131668,35.5314711],[-83.8127931,35.5317762],[-83.8125469,35.5319554],[-83.8121177,35.5322211],[-83.8113866,35.5326234],[-83.8106614,35.5328083],[-83.8103494,35.5328627],[-83.8100729,35.5329316],[-83.8099006,35.5330022],[-83.809727,35.5331579],[-83.8095206,35.5334222],[-83.8092755,35.5338565],[-83.8091984,35.5340083],[-83.8087052,35.5347798],[-83.8086273,35.53515],[-83.8086197,35.5355715],[-83.808553,35.5360168],[-83.8084403,35.5363604],[-83.8083812,35.5365107],[-83.8082778,35.5367366],[-83.8080393,35.5371048],[-83.8077991,35.5373203],[-83.8074938,35.537515],[-83.807133,35.5376953],[-83.8066103,35.5379162],[-83.806464,35.5379897],[-83.806317,35.5380936],[-83.806131,35.5383293],[-83.8060133,35.5385418],[-83.8058867,35.5387352],[-83.8055396,35.5389776],[-83.8049586,35.5394135],[-83.804148,35.5401117],[-83.8034603,35.5407613],[-83.802961,35.5413004],[-83.8028114,35.5414905],[-83.8027248,35.5415427],[-83.802612,35.5415695],[-83.801872,35.5416058],[-83.8015294,35.5416163],[-83.8010905,35.5416491],[-83.8008983,35.5416498],[-83.800368,35.5417418],[-83.8002242,35.5417596],[-83.8000606,35.5417643],[-83.7994829,35.5416923],[-83.7991782,35.5416285],[-83.7989582,35.5416144],[-83.7987927,35.5416462],[-83.7985997,35.541764],[-83.7980566,35.5421787],[-83.7974488,35.5426437],[-83.796747,35.5431816],[-83.7965754,35.5433166],[-83.7963862,35.5434981],[-83.7960373,35.5439457],[-83.7955814,35.5445521],[-83.7951365,35.5451585],[-83.7950449,35.5452808],[-83.7947983,35.5455616],[-83.7946488,35.5456564],[-83.7944119,35.5457004],[-83.7940127,35.5457458],[-83.7937095,35.5457757],[-83.7933592,35.5458085],[-83.7930293,35.5458381],[-83.7925672,35.5458759],[-83.792162,35.5459643],[-83.7917534,35.5460979],[-83.7912922,35.5463481],[-83.7909998,35.5465265],[-83.7907359,35.54671],[-83.7905276,35.5468348],[-83.7902708,35.5469638],[-83.7895144,35.5471769],[-83.7892319,35.5472781],[-83.7886049,35.5474296],[-83.7884833,35.5474866],[-83.7878404,35.5476171],[-83.7869656,35.5478036],[-83.7867047,35.5478867],[-83.7863696,35.5480405],[-83.7861622,35.5481432],[-83.7858858,35.5483327],[-83.7856696,35.5484771],[-83.7853546,35.5487918],[-83.7849348,35.5493496],[-83.7847546,35.5495522],[-83.7846299,35.5496686],[-83.7844365,35.54981],[-83.7841905,35.5499372],[-83.7839318,35.5500637],[-83.7836397,35.5501629],[-83.7832961,35.550252],[-83.7831149,35.550266],[-83.7829749,35.5503396],[-83.7827513,35.550416],[-83.7825191,35.5504525],[-83.7818327,35.5504782],[-83.7813154,35.5504505],[-83.7807857,35.5504829],[-83.7804454,35.5505294],[-83.7801871,35.5506384],[-83.7799397,35.5508249],[-83.7795848,35.5511863],[-83.7794235,35.5513826],[-83.7792618,35.5516483],[-83.778418,35.5529993],[-83.7782216,35.5532263],[-83.7779811,35.5534113],[-83.7772366,35.5538614],[-83.7770441,35.5539994],[-83.7768112,35.5542416],[-83.7767639,35.5543479],[-83.7767262,35.5545158],[-83.776662,35.5546788],[-83.7765881,35.5548021],[-83.7764938,35.5548987],[-83.7762451,35.5550551],[-83.7757977,35.5552745],[-83.7756787,35.5553652],[-83.7755949,35.5554651],[-83.7755362,35.5555924],[-83.7755031,35.5557239],[-83.7753413,35.5559528],[-83.7752427,35.5561441],[-83.7750974,35.5563667],[-83.7749781,35.5564534],[-83.7748038,35.5565213],[-83.7738659,35.5569348],[-83.7733321,35.5571402],[-83.7729935,35.5572595],[-83.7727369,35.5573747],[-83.7726703,35.5574396],[-83.7726222,35.5575505],[-83.7725603,35.5580579],[-83.7724054,35.5592896],[-83.7722912,35.5606181],[-83.7722105,35.5609256],[-83.772079,35.5611952],[-83.7719026,35.5613945],[-83.7716992,35.5615018],[-83.77136,35.5616107],[-83.7710086,35.5616888],[-83.7705942,35.5617519],[-83.7701503,35.5617719],[-83.7696811,35.561758],[-83.7687541,35.5617848],[-83.7679483,35.561864],[-83.7675844,35.5618861],[-83.7671927,35.5618627],[-83.7666399,35.5618045],[-83.7654078,35.5616431],[-83.7652438,35.561652],[-83.7650596,35.5616865],[-83.764898,35.561788],[-83.7647131,35.561957],[-83.7645734,35.5621167],[-83.7643981,35.5624512],[-83.7642972,35.5626163],[-83.7641881,35.5627036],[-83.7639964,35.562754],[-83.7637212,35.5627701],[-83.7630937,35.5626973],[-83.7627745,35.562647],[-83.7618795,35.562637],[-83.7603461,35.5625975],[-83.7595469,35.5625809],[-83.7588166,35.562742],[-83.7582451,35.5630272],[-83.7576736,35.5633263],[-83.7574765,35.5634799],[-83.7565379,35.5639804],[-83.7559745,35.5642423],[-83.7551164,35.564594],[-83.7549884,35.5646218],[-83.7548605,35.5646041],[-83.7547119,35.5645244],[-83.7537528,35.5638199],[-83.7535249,35.5637377],[-83.7532307,35.5636833],[-83.7530153,35.5636226],[-83.7527458,35.5634986],[-83.7519288,35.563009],[-83.7514026,35.5627371],[-83.7511174,35.5626167],[-83.7508901,35.5624812],[-83.7504611,35.5621747],[-83.7497315,35.5617265],[-83.748779,35.5610515],[-83.7478839,35.5605754],[-83.7475624,35.5604076],[-83.7472651,35.5603226],[-83.7471434,35.560312],[-83.746513,35.5603409],[-83.7463031,35.5603735],[-83.7461718,35.5604261],[-83.7460215,35.5605122],[-83.7449016,35.5612269],[-83.7446742,35.5613911],[-83.7440616,35.5619365],[-83.7438749,35.5621686],[-83.7437567,35.562415],[-83.7437227,35.5625364],[-83.7436183,35.5627265],[-83.7435156,35.5628345],[-83.7433506,35.5629603],[-83.7431481,35.5630685],[-83.7430256,35.5631195],[-83.7427805,35.5631426],[-83.7426062,35.563129],[-83.7421801,35.5630126],[-83.7414894,35.56286],[-83.741288,35.5628393],[-83.7411972,35.5628544],[-83.7411061,35.5629009],[-83.7408347,35.563171],[-83.740003,35.5638155],[-83.7398217,35.5639926],[-83.7393712,35.5643452],[-83.7391401,35.5644992],[-83.7388748,35.5646588],[-83.738709,35.5647241],[-83.7376342,35.5650337],[-83.7372407,35.5651721],[-83.7368444,35.565303],[-83.7364121,35.5654687],[-83.7361379,35.5655271],[-83.735929,35.5654897],[-83.7352097,35.565198],[-83.7347964,35.5651089],[-83.7346728,35.5650894],[-83.7344761,35.5650319],[-83.7342667,35.5649289],[-83.7341483,35.5648647],[-83.7339974,35.5647316],[-83.7338916,35.5645939],[-83.7336963,35.5642205],[-83.7335273,35.5640969],[-83.733034,35.5638162],[-83.732795,35.5637032],[-83.7326445,35.5636588],[-83.7324932,35.5636735],[-83.7323475,35.5637335],[-83.7321581,35.5638186],[-83.7319294,35.5639026],[-83.7311778,35.5640342],[-83.7309229,35.5640643],[-83.730703,35.5641138],[-83.7304369,35.5641406],[-83.7301812,35.5641562],[-83.7294844,35.5641396],[-83.7291953,35.5641176],[-83.7290309,35.564096],[-83.7288045,35.5640358],[-83.7284505,35.563878],[-83.7283326,35.5637781],[-83.7281093,35.5635366],[-83.7277504,35.5631996],[-83.7274665,35.5629168],[-83.7273308,35.562794],[-83.7271786,35.5626911],[-83.7270756,35.5626414],[-83.7268459,35.5625927],[-83.7267137,35.5625872],[-83.7262146,35.5626143],[-83.7257153,35.5626527],[-83.7250746,35.5626862],[-83.7246837,35.5627079],[-83.7245351,35.5626971],[-83.7243897,35.5626491],[-83.7242616,35.56263],[-83.7240876,35.5625817],[-83.7235615,35.5624043],[-83.7231803,35.5623071],[-83.7229336,35.5622962],[-83.7227707,35.5623029],[-83.7225407,35.5623623],[-83.7223948,35.5624983],[-83.7223375,35.5625963],[-83.7222332,35.5626796],[-83.7220113,35.5629015],[-83.7219094,35.5629899],[-83.7217363,35.5631125],[-83.7214837,35.5632605],[-83.7212642,35.563338],[-83.7211072,35.5633861],[-83.7209069,35.5634248],[-83.7195863,35.5637122],[-83.7190601,35.5637999],[-83.7186946,35.5638713],[-83.7179683,35.5640623],[-83.7177018,35.5640794],[-83.7174353,35.5640965],[-83.7172054,35.5640875],[-83.7166061,35.5640531],[-83.7157175,35.5639545],[-83.7153637,35.5639004],[-83.7151381,35.5639206],[-83.7146417,35.5640022],[-83.714365,35.5640681],[-83.7141689,35.5641276],[-83.71401,35.5641901],[-83.7139273,35.564247],[-83.7138338,35.5643258],[-83.7137465,35.564411],[-83.7137036,35.5644845],[-83.7135269,35.5649315],[-83.7133986,35.5651768],[-83.7131747,35.5655108],[-83.7128514,35.5659547],[-83.7125713,35.566328],[-83.7124791,35.5664094],[-83.7121815,35.5665305],[-83.7117123,35.5666518],[-83.7115773,35.5666569],[-83.7111035,35.5666006],[-83.7109302,35.5665738],[-83.7105187,35.5666018],[-83.7102321,35.5666075],[-83.7101198,35.5666301],[-83.7096956,35.5667894],[-83.7093593,35.566976],[-83.709212,35.5670746],[-83.7090463,35.5672561],[-83.7087954,35.5675253],[-83.7085196,35.5677569],[-83.7082376,35.5679601],[-83.7080832,35.5680476],[-83.7079322,35.5680878],[-83.707653,35.5681737],[-83.7074635,35.5682844],[-83.7073182,35.5684103],[-83.7071319,35.568508],[-83.7069935,35.5685574],[-83.7068466,35.5685964],[-83.7066087,35.568619],[-83.7060559,35.5686349],[-83.7055136,35.5686407],[-83.7051723,35.5686798],[-83.7048299,35.5687016],[-83.7045211,35.5686959],[-83.704331,35.5686791],[-83.7041513,35.5686341],[-83.7038942,35.5685473],[-83.7035973,35.5684095],[-83.7031433,35.5682205],[-83.7027551,35.5680627],[-83.7023267,35.5678849],[-83.7019189,35.567705],[-83.7015303,35.5675392],[-83.7013259,35.5674757],[-83.7012456,35.567482],[-83.70113,35.5675391],[-83.7009414,35.567672],[-83.7007725,35.5677708],[-83.7004633,35.5679176],[-83.7001615,35.5680503],[-83.6998974,35.5681645],[-83.6996079,35.5683193],[-83.6992848,35.5685154],[-83.6989148,35.5686938],[-83.6986151,35.5688327],[-83.6983562,35.5689549],[-83.6978011,35.5692244],[-83.6974882,35.5693629],[-83.697071,35.5695796],[-83.6968486,35.5697536],[-83.6967741,35.5698585],[-83.6967133,35.5699794],[-83.6966488,35.5700823],[-83.6965305,35.5701651],[-83.6964168,35.5702244],[-83.6960852,35.5702996],[-83.6956011,35.5703289],[-83.6953782,35.5703199],[-83.6951786,35.5702847],[-83.6950429,35.5702432],[-83.6946679,35.5700599],[-83.694402,35.5698676],[-83.6937778,35.5693466],[-83.6935035,35.5691671],[-83.6930298,35.5689161],[-83.6927421,35.5688262],[-83.6922525,35.5687156],[-83.6917496,35.5686862],[-83.6912655,35.5687198],[-83.6909183,35.5688574],[-83.69061,35.5689981],[-83.6904076,35.5690319],[-83.6900662,35.5690219],[-83.6896908,35.5689729],[-83.6895012,35.568912],[-83.688188,35.5683443],[-83.6878825,35.5682455],[-83.6877011,35.5682048],[-83.6875341,35.5682538],[-83.6872982,35.5684007],[-83.6870913,35.5684973],[-83.6869123,35.5685186],[-83.685666,35.5685001],[-83.6854879,35.5685411],[-83.6851538,35.5686563],[-83.6847834,35.5688322],[-83.6844234,35.5689386],[-83.6842337,35.5689481],[-83.6841009,35.5689434],[-83.6832367,35.5687268],[-83.6830195,35.5687025],[-83.6827761,35.5687597],[-83.6823031,35.5689043],[-83.6819617,35.5690405],[-83.6812502,35.5693771],[-83.6807493,35.5696055],[-83.6803425,35.5698414],[-83.6799339,35.5701974],[-83.6798276,35.5703443],[-83.6797477,35.5703598],[-83.6796905,35.5703304],[-83.6796351,35.5702028],[-83.6796124,35.5700977],[-83.6794184,35.5699713],[-83.6792267,35.5698885],[-83.6783453,35.5697651],[-83.678207,35.5697822],[-83.6777099,35.5699751],[-83.6773375,35.5700936],[-83.6766987,35.5702299],[-83.6757297,35.5702724],[-83.6755851,35.5702624],[-83.6752933,35.5701985],[-83.6748104,35.5701842],[-83.6747118,35.5701666],[-83.6745586,35.570109],[-83.674347,35.5699907],[-83.6739245,35.5696794],[-83.673744,35.5695962],[-83.6733312,35.5694431],[-83.6731629,35.5693966],[-83.6729398,35.5693874],[-83.6723357,35.5694054],[-83.6721725,35.5694049],[-83.6719638,35.5693944],[-83.6712266,35.5693484],[-83.670794,35.569334],[-83.6702925,35.5693543],[-83.6698078,35.5693305],[-83.6695471,35.5693021],[-83.6692305,35.5693177],[-83.6689814,35.5694142],[-83.668857,35.5694402],[-83.6684867,35.5694605],[-83.6683297,35.5694554],[-83.6677765,35.5693023],[-83.6676179,35.5692947],[-83.6671941,35.569397],[-83.6663831,35.5695998],[-83.6660978,35.5696594],[-83.6653959,35.5697517],[-83.6648773,35.5698051],[-83.6640536,35.569765],[-83.6638098,35.5697627],[-83.6636393,35.5697111],[-83.6633287,35.5695525],[-83.6630463,35.5694874],[-83.6627246,35.5694283],[-83.6625881,35.5693388],[-83.6620054,35.5688369],[-83.6612702,35.5684397],[-83.6611397,35.5683882],[-83.6610057,35.5683426],[-83.6608313,35.5683492],[-83.660597,35.5684261],[-83.660012,35.5687041],[-83.6596413,35.5688266],[-83.6592846,35.5689199],[-83.6590044,35.5689934],[-83.6579757,35.5690983],[-83.657728,35.569162],[-83.657637,35.5691919],[-83.6575253,35.5692353],[-83.6572383,35.5694522],[-83.6571451,35.5695382],[-83.657025,35.5696152],[-83.656778,35.5697169],[-83.656545,35.5697721],[-83.6563694,35.5698525],[-83.6562005,35.5699414],[-83.6560159,35.5700201],[-83.6558628,35.5699973],[-83.655693,35.5699155],[-83.6555648,35.569888],[-83.6544121,35.5697237],[-83.6540412,35.569614],[-83.6538175,35.5694735],[-83.653528,35.5690489],[-83.6534724,35.568942],[-83.6534669,35.5688559],[-83.6534976,35.5687619],[-83.6534903,35.5685838],[-83.653211,35.5684211],[-83.6525258,35.5682901],[-83.6522395,35.5682164],[-83.6520115,35.5681784],[-83.6518693,35.568174],[-83.6512397,35.5681852],[-83.6511349,35.568174],[-83.6510223,35.5681455],[-83.6504471,35.5678981],[-83.6500377,35.5677531],[-83.64986,35.5676995],[-83.6494371,35.5676235],[-83.6491061,35.5676132],[-83.6488277,35.5675858],[-83.6486387,35.5675815],[-83.6485296,35.5675436],[-83.6483156,35.5674327],[-83.6478727,35.567118],[-83.6474972,35.566902],[-83.6473658,35.5668633],[-83.6472283,35.566833],[-83.6469975,35.5668032],[-83.6467796,35.5668043],[-83.646445,35.5667857],[-83.6463208,35.5667583],[-83.6461928,35.5667082],[-83.6460295,35.5665963],[-83.6457126,35.5663449],[-83.6453705,35.5660321],[-83.6452557,35.5659585],[-83.6451614,35.5659194],[-83.6450578,35.5658976],[-83.6446111,35.5659045],[-83.6436452,35.5660775],[-83.6430795,35.5661847],[-83.642122,35.5662532],[-83.6414424,35.5662947],[-83.6410817,35.5662926],[-83.6403029,35.5661756],[-83.6401347,35.5661694],[-83.6399698,35.5662081],[-83.6398466,35.56633],[-83.6397144,35.566503],[-83.6395548,35.5666638],[-83.6394659,35.5667192],[-83.6392191,35.5668122],[-83.6388408,35.566878],[-83.6386112,35.5669301],[-83.6383918,35.566993],[-83.6382436,35.5670464],[-83.6380741,35.5671281],[-83.6377826,35.5673003],[-83.6376479,35.5673519],[-83.636835,35.5675254],[-83.6363784,35.5676534],[-83.6360969,35.5677191],[-83.6356956,35.5678786],[-83.6354333,35.5680335],[-83.6351306,35.5682531],[-83.6349911,35.5684139],[-83.6348523,35.5686327],[-83.6347187,35.5688969],[-83.6343949,35.5694664],[-83.6342706,35.5697137],[-83.6342043,35.5699467],[-83.6341013,35.5704096],[-83.6340222,35.5705785],[-83.6338672,35.5706782],[-83.6336922,35.5707156],[-83.6335271,35.5706995],[-83.6333738,35.570641],[-83.6330852,35.5704456],[-83.6327608,35.5701767],[-83.632463,35.5700012],[-83.6322178,35.5698663],[-83.6319443,35.569673],[-83.631608,35.5694752],[-83.63098,35.5691255],[-83.630638,35.5689529],[-83.6302048,35.5687137],[-83.6298581,35.5684426],[-83.6296204,35.5682426],[-83.6294725,35.5681721],[-83.6293177,35.5681772],[-83.6292088,35.5681945],[-83.6290074,35.5682322],[-83.6287999,35.5682936],[-83.628528,35.5683818],[-83.6283281,35.568452],[-83.628108,35.5685502],[-83.627883,35.5686688],[-83.627613,35.5688005],[-83.6273485,35.568934],[-83.6271875,35.5690233],[-83.6271794,35.5690274],[-83.6270903,35.56906],[-83.6266093,35.5692307],[-83.6263818,35.5693658],[-83.6262577,35.5694777],[-83.6260854,35.5696679],[-83.6259896,35.5698077],[-83.6257547,35.5700371],[-83.6255984,35.5701584],[-83.6254526,35.5703174],[-83.6252883,35.5704557],[-83.6251131,35.5705768],[-83.6248941,35.5706971],[-83.6234735,35.5710957],[-83.6232797,35.5712132],[-83.623116,35.5713356],[-83.6229085,35.5715518],[-83.6227255,35.5717201],[-83.6225336,35.5718517],[-83.6222481,35.5719986],[-83.6214149,35.5726548],[-83.6213154,35.5727032],[-83.6211476,35.5727324],[-83.6209917,35.5727345],[-83.6207006,35.5726479],[-83.6202297,35.5724073],[-83.6195719,35.5723831],[-83.6190238,35.5723055],[-83.6187262,35.5722392],[-83.6185784,35.57226],[-83.618422,35.572336],[-83.6182739,35.5724785],[-83.6181189,35.5727058],[-83.6180728,35.572893],[-83.6179821,35.5729808],[-83.6179058,35.5730248],[-83.61778,35.57304],[-83.6175418,35.5730812],[-83.6172708,35.5731115],[-83.6169158,35.5731735],[-83.6166592,35.5732364],[-83.6163459,35.5733409],[-83.6160948,35.5734957],[-83.615669,35.5739066],[-83.6152628,35.5743119],[-83.6149378,35.5747009],[-83.6148358,35.5747943],[-83.6147003,35.5748665],[-83.6144871,35.5749329],[-83.6141835,35.5749836],[-83.6138088,35.5750145],[-83.613657,35.5750561],[-83.6135013,35.5751417],[-83.6126921,35.5760092],[-83.6123167,35.5763515],[-83.6120565,35.5765696],[-83.6118617,35.5766656],[-83.6114475,35.5768035],[-83.6111015,35.5769657],[-83.6107411,35.5772485],[-83.6103925,35.5776047],[-83.6102189,35.5778147],[-83.609651,35.5787351],[-83.6091005,35.5793162],[-83.6086581,35.5798519],[-83.608502,35.5800162],[-83.6083396,35.5800209],[-83.6082368,35.58],[-83.6080646,35.5799242],[-83.6075245,35.5796655],[-83.6071624,35.5795409],[-83.6069483,35.5795126],[-83.6067133,35.5795037],[-83.6063622,35.5795439],[-83.6061868,35.5795822],[-83.6056849,35.5796065],[-83.6048513,35.5793961],[-83.6045476,35.5793316],[-83.6043023,35.579298],[-83.6038368,35.579271],[-83.603544,35.5792926],[-83.6030545,35.5792151],[-83.6027446,35.5792006],[-83.6023434,35.5791193],[-83.6021049,35.5790579],[-83.6017779,35.578925],[-83.6016434,35.5788333],[-83.6014828,35.578669],[-83.6011666,35.5782524],[-83.6009017,35.5779137],[-83.6007822,35.577789],[-83.6006326,35.5776833],[-83.6003573,35.5775299],[-83.6001418,35.5774488],[-83.5999581,35.5773114],[-83.599822,35.5772039],[-83.5996438,35.576944],[-83.5995521,35.5768008],[-83.5992564,35.5763032],[-83.5991917,35.5761848],[-83.5989832,35.5757907],[-83.5988581,35.5755821],[-83.5986337,35.5753154],[-83.5983526,35.5750317],[-83.5980669,35.5748635],[-83.5979296,35.5748085],[-83.5976621,35.574879],[-83.5973788,35.5749898],[-83.5972801,35.575006],[-83.5970831,35.575072],[-83.5967032,35.5750956],[-83.5963985,35.5750945],[-83.596121,35.5750063],[-83.5957081,35.5746386],[-83.5954027,35.5742637],[-83.5949525,35.5737479],[-83.5947074,35.5735475],[-83.5945969,35.5734776],[-83.5937835,35.5730732],[-83.5934837,35.5728708],[-83.59312,35.5726431],[-83.5926651,35.5724422],[-83.5919999,35.571863],[-83.5917838,35.5716417],[-83.5916759,35.5714228],[-83.5915891,35.5708146],[-83.5913734,35.5700958],[-83.5913351,35.5697892],[-83.5913135,35.5694909],[-83.5913658,35.5692553],[-83.5913116,35.5691325],[-83.5912584,35.5690645],[-83.5910851,35.5689959],[-83.5901612,35.5687008],[-83.5898234,35.5685807],[-83.5894456,35.5683878],[-83.5888063,35.5679713],[-83.5878822,35.5673212],[-83.5875665,35.5670341],[-83.5871366,35.5663138],[-83.5867947,35.5652205],[-83.5866159,35.5642352],[-83.5862741,35.5637024],[-83.5859914,35.5634488],[-83.5853732,35.5631504],[-83.5849172,35.5628695],[-83.5846967,35.5627787],[-83.5843756,35.5627067],[-83.5821029,35.5627842],[-83.5811543,35.5628219],[-83.5807199,35.5630495],[-83.5803172,35.5633447],[-83.5793772,35.5637593],[-83.5791587,35.5638249],[-83.5788692,35.5638379],[-83.5786542,35.5638057],[-83.5785122,35.5637223],[-83.5782303,35.5635895],[-83.5780713,35.5635592],[-83.5779638,35.5635661],[-83.5777274,35.5636663],[-83.5774117,35.5637492],[-83.5763868,35.5637562],[-83.5757408,35.5637897],[-83.5753308,35.5638324],[-83.5750277,35.5638982],[-83.5747839,35.5639753],[-83.5745532,35.5641958],[-83.5732553,35.5651965],[-83.5729116,35.5653478],[-83.5726664,35.5653877],[-83.5720728,35.5653908],[-83.5715638,35.565351],[-83.5705953,35.5650659],[-83.5699918,35.5646837],[-83.569537,35.5643247],[-83.5693464,35.5642245],[-83.5690777,35.5641769],[-83.5680719,35.5640707],[-83.5669581,35.5642526],[-83.5665318,35.5643002],[-83.5663126,35.5643698],[-83.5662196,35.564448],[-83.566191,35.5647301],[-83.5660499,35.565111],[-83.5658755,35.5653703],[-83.5654133,35.5658833],[-83.5651677,35.5660657],[-83.5649841,35.5660967],[-83.5644254,35.565938],[-83.5634236,35.5655377],[-83.562074,35.5651819],[-83.5601494,35.5647576],[-83.5593124,35.5646233],[-83.5589115,35.5645969],[-83.5585902,35.5646041],[-83.5573229,35.5649278],[-83.5569103,35.5649806],[-83.5562677,35.5650069],[-83.5560614,35.564983],[-83.553644,35.5645386],[-83.5531105,35.5644168],[-83.5521987,35.5641844],[-83.5518966,35.5640829],[-83.5516011,35.5638919],[-83.5512905,35.5635936],[-83.5511755,35.5635],[-83.5510445,35.5634612],[-83.5508078,35.5634787],[-83.5506002,35.5635297],[-83.5504468,35.5636164],[-83.5502008,35.5637945],[-83.5498939,35.5639771],[-83.5496554,35.5640448],[-83.5493729,35.5640981],[-83.5489913,35.5641833],[-83.5485942,35.5642122],[-83.5481726,35.5641798],[-83.5478306,35.5642046],[-83.5471865,35.5643418],[-83.5449405,35.5652709],[-83.5444632,35.5653015],[-83.5439288,35.5652458],[-83.5431148,35.5651862],[-83.5425982,35.5651795],[-83.5423107,35.5652437],[-83.5414451,35.5656016],[-83.5410901,35.5657688],[-83.5408649,35.5658431],[-83.5407238,35.565871],[-83.5405006,35.5658507],[-83.5403097,35.5658009],[-83.5399111,35.5657519],[-83.5396589,35.5657511],[-83.5393351,35.5657063],[-83.5389936,35.5654953],[-83.5384249,35.5652192],[-83.5370985,35.564868],[-83.5366366,35.5647937],[-83.5360087,35.5647295],[-83.535441,35.564705],[-83.5350684,35.5647464],[-83.5347871,35.5647396],[-83.5346636,35.5647447],[-83.5342403,35.5647346],[-83.5325413,35.5645336],[-83.531985,35.5644923],[-83.5306389,35.5644737],[-83.5303068,35.5645188],[-83.5299426,35.5646363],[-83.5295502,35.5647751],[-83.5292945,35.5648655],[-83.5289911,35.5649526],[-83.5287336,35.564986],[-83.5282991,35.5649913],[-83.5273673,35.5649358],[-83.5270328,35.5649033],[-83.5266853,35.5648368],[-83.5262915,35.5648153],[-83.5259581,35.5648478],[-83.5257706,35.5648478],[-83.5253479,35.5649574],[-83.521978,35.5655996],[-83.5216687,35.5656107],[-83.5213061,35.5655998],[-83.5210181,35.5655613],[-83.5208334,35.5655035],[-83.5205483,35.5653221],[-83.519964,35.5649956],[-83.5196397,35.5647191],[-83.5193999,35.5642953],[-83.5181003,35.5630747],[-83.5174845,35.562793],[-83.5172206,35.5626147],[-83.5169105,35.5624944],[-83.5165683,35.5624447],[-83.5162398,35.5624213],[-83.5160237,35.5624458],[-83.5152624,35.5626176],[-83.5136143,35.5630227],[-83.5132368,35.5630854],[-83.5130926,35.5630918],[-83.5120946,35.5629069],[-83.511652,35.5628716],[-83.5105671,35.5627172],[-83.5103023,35.5626545],[-83.5099881,35.5625533],[-83.5092885,35.5623507],[-83.5089921,35.5622575],[-83.5086404,35.5621578],[-83.5082293,35.5620662],[-83.5078657,35.561981],[-83.5074843,35.5619376],[-83.507101,35.5619537],[-83.5068777,35.5619955],[-83.5065496,35.5620726],[-83.5063777,35.5621482],[-83.5061109,35.5622269],[-83.5058955,35.562243],[-83.5048976,35.5621176],[-83.5042692,35.5620598],[-83.5035558,35.5621433],[-83.5025697,35.5623363],[-83.5013544,35.562624],[-83.5010422,35.5626674],[-83.5007853,35.5626642],[-83.5003485,35.5626899],[-83.4998878,35.5627521],[-83.4994674,35.5627856],[-83.4985514,35.5628988],[-83.4984096,35.5629387],[-83.498259,35.563064],[-83.4979614,35.5632548],[-83.4976533,35.5634784],[-83.4974309,35.5637106],[-83.4968742,35.5643443],[-83.4966238,35.5646106],[-83.4950832,35.5658596],[-83.4947261,35.5660689],[-83.4944717,35.5661819],[-83.4940315,35.566419],[-83.4936122,35.5666924],[-83.4933296,35.5668303],[-83.4930602,35.5668988],[-83.4928768,35.5669233],[-83.4924344,35.5669146],[-83.4920147,35.5669342],[-83.4915181,35.5669685],[-83.49082,35.5669865],[-83.4903682,35.5670142],[-83.4901353,35.5670464],[-83.489905,35.5671188],[-83.4893006,35.5673545],[-83.4889519,35.5674591],[-83.4885356,35.5675532],[-83.488389,35.5675516],[-83.4880631,35.5676142],[-83.4878435,35.5676725],[-83.4874794,35.567783],[-83.4870557,35.5678766],[-83.4865504,35.5679708],[-83.4862144,35.568065],[-83.4858396,35.5681951],[-83.4856214,35.5683187],[-83.4853606,35.5684776],[-83.4851752,35.5687137],[-83.4849166,35.5691633],[-83.4846422,35.5697221],[-83.4842435,35.5704029],[-83.4840757,35.5706952],[-83.4836868,35.5712331],[-83.4832071,35.5717035],[-83.4828596,35.5721563],[-83.4826504,35.5725513],[-83.4825095,35.5730564],[-83.4823863,35.5735866],[-83.4820965,35.5742574],[-83.4820393,35.5743657],[-83.4818813,35.5745043],[-83.4818639,35.5747289],[-83.4818067,35.5748342],[-83.4815666,35.5750962],[-83.4812208,35.5755141],[-83.4811237,35.5757468],[-83.4810926,35.57602],[-83.4810667,35.5761749],[-83.4810402,35.5763196],[-83.4809504,35.5765268],[-83.4808567,35.576667],[-83.480272,35.5777249],[-83.4799646,35.5781152],[-83.479556,35.5785359],[-83.4786376,35.5792371],[-83.4785552,35.5795664],[-83.4785739,35.5798651],[-83.4786264,35.5801731],[-83.4789263,35.581295],[-83.4790237,35.581798],[-83.4791704,35.5827442],[-83.4791651,35.5830296],[-83.4790742,35.5832223],[-83.4789139,35.5833721],[-83.4785957,35.5835472],[-83.4782847,35.5836289],[-83.4776053,35.5838312],[-83.4771173,35.5840725],[-83.476297,35.5843252],[-83.4744238,35.585154],[-83.4739659,35.5854074],[-83.4728633,35.5862586],[-83.4725917,35.5865756],[-83.4724441,35.5869069],[-83.4723821,35.5871735],[-83.4723939,35.5878242],[-83.4724441,35.5884509],[-83.472501,35.5888269],[-83.472501,35.5891582],[-83.4720374,35.5896217],[-83.471311,35.5902723],[-83.4709892,35.5903708],[-83.4702186,35.5905533],[-83.4689959,35.5908948],[-83.467927,35.5911637],[-83.4674192,35.5913126],[-83.4671003,35.5914207],[-83.4665393,35.5916415],[-83.4663799,35.5916896],[-83.4661171,35.5917016],[-83.4658425,35.5917592],[-83.4653258,35.5919201],[-83.4632973,35.5924291],[-83.4628544,35.5924987],[-83.4626979,35.5925756],[-83.4614726,35.5952839],[-83.4613751,35.5953583],[-83.460631,35.5956632],[-83.4601114,35.5957424],[-83.4590366,35.5958553],[-83.457454,35.596566],[-83.4566154,35.5971878],[-83.4562651,35.5975151],[-83.4557377,35.5981667],[-83.4554419,35.598579],[-83.4553136,35.5988437],[-83.4552228,35.5990779],[-83.4551336,35.5993655],[-83.4550631,35.5997689],[-83.4549473,35.600199],[-83.4549458,35.6006355],[-83.4550318,35.6017732],[-83.4550178,35.602029],[-83.4545858,35.6021295],[-83.4540372,35.6023026],[-83.453329,35.6025495],[-83.4529059,35.6027255],[-83.4521357,35.6031541],[-83.4518482,35.6033462],[-83.4512662,35.6039223],[-83.4511738,35.6040615],[-83.4510437,35.6045736],[-83.450852,35.6049382],[-83.4507117,35.6053501],[-83.4506843,35.6055477],[-83.450722,35.6057926],[-83.4507767,35.6063325],[-83.4506569,35.6064188],[-83.4498388,35.6068892],[-83.4494554,35.6070756],[-83.448336,35.6078326],[-83.4477541,35.6081889],[-83.4470379,35.6086381],[-83.4467592,35.6088808],[-83.4465608,35.6091111],[-83.4464044,35.6093831],[-83.4459176,35.6110655],[-83.4458107,35.6114497],[-83.4456859,35.6117581],[-83.4455347,35.6118135],[-83.4450958,35.6117244],[-83.4448349,35.6117008],[-83.4430638,35.6117764],[-83.4420869,35.6117825],[-83.4412662,35.611759],[-83.4408753,35.6117108],[-83.4406458,35.6116661],[-83.4402406,35.6114624],[-83.4398072,35.6112272],[-83.4396201,35.6111701],[-83.4394496,35.6111371],[-83.4384214,35.610968],[-83.4377888,35.6108932],[-83.4374195,35.6108472],[-83.436923,35.6107596],[-83.4363308,35.6107259],[-83.435723,35.6107018],[-83.4351438,35.6106948],[-83.4347373,35.6106131],[-83.433875,35.6102931],[-83.4335803,35.6102268],[-83.4327311,35.6100624],[-83.4323059,35.6099948],[-83.4320618,35.6099972],[-83.4318474,35.6100234],[-83.4312415,35.61006],[-83.4306552,35.6100848],[-83.430172,35.6101601],[-83.429486,35.6102924],[-83.4293692,35.610355],[-83.4291215,35.6105187],[-83.4288283,35.6106511],[-83.4285716,35.6107067],[-83.4280875,35.6107226],[-83.4273896,35.6106623],[-83.4272454,35.6106496],[-83.4270252,35.6106453],[-83.4267743,35.6106828],[-83.4265216,35.6108133],[-83.4261843,35.6109967],[-83.4259298,35.6110893],[-83.4256256,35.6110892],[-83.4251704,35.610981],[-83.4247434,35.6109361],[-83.4243956,35.6109253],[-83.4233331,35.6109854],[-83.4220427,35.6110552],[-83.4216978,35.6111503],[-83.421373,35.6112678],[-83.4211238,35.6113955],[-83.4208761,35.6115847],[-83.420729,35.611793],[-83.4206206,35.612255],[-83.4204548,35.6128815],[-83.4203253,35.6133166],[-83.4202719,35.6134227],[-83.4201439,35.6135224],[-83.4200429,35.6135719],[-83.4198231,35.6136169],[-83.4192624,35.6137665],[-83.418772,35.6138871],[-83.4183367,35.614002],[-83.4178557,35.6141284],[-83.4169237,35.6143135],[-83.4165165,35.6143578],[-83.4159466,35.6144131],[-83.4155352,35.6144179],[-83.4151883,35.6144622],[-83.4150346,35.6145099],[-83.4148981,35.6145869],[-83.4145999,35.6148297],[-83.4140514,35.6153208],[-83.4139193,35.6154133],[-83.4135514,35.6156653],[-83.4132212,35.6158094],[-83.4127609,35.6159662],[-83.4122845,35.6161549],[-83.4120515,35.6162734],[-83.4120272,35.6163491],[-83.4120019,35.6165433],[-83.4118412,35.6167859],[-83.411612,35.6170214],[-83.4113415,35.6172187],[-83.4106778,35.6175485],[-83.4100405,35.6178191],[-83.409009,35.6182572],[-83.4085458,35.6185255],[-83.4083155,35.6186686],[-83.4074306,35.6193331],[-83.4067346,35.6198423],[-83.4065215,35.6199994],[-83.4062126,35.6201792],[-83.4059045,35.6203392],[-83.4055201,35.6205245],[-83.4051135,35.6207109],[-83.4045588,35.6209217],[-83.4040547,35.6211042],[-83.4036708,35.6212422],[-83.4034684,35.6213453],[-83.4033113,35.6213636],[-83.4031042,35.6213526],[-83.4024368,35.6213579],[-83.4018743,35.6213969],[-83.4009228,35.6215488],[-83.4006102,35.6216018],[-83.3999487,35.6217399],[-83.399278,35.6218693],[-83.3985358,35.6221074],[-83.3962461,35.6228274],[-83.3956279,35.6231698],[-83.3938076,35.624309],[-83.3929521,35.6248685],[-83.3927418,35.6251073],[-83.3924063,35.6256035],[-83.3922966,35.6257582],[-83.3918317,35.6264019],[-83.3916708,35.6265761],[-83.3913645,35.6270818],[-83.3911067,35.6274417],[-83.3906692,35.6281595],[-83.3905192,35.6284638],[-83.3903544,35.628842],[-83.3901652,35.6292211],[-83.3899718,35.6296777],[-83.3898555,35.630205],[-83.3897334,35.6305952],[-83.3895483,35.6309756],[-83.3894726,35.6310996],[-83.3893332,35.6312656],[-83.3891843,35.6314201],[-83.3890805,35.6315416],[-83.3889428,35.6317749],[-83.3888727,35.6319255],[-83.3887451,35.632263],[-83.3887176,35.6323988],[-83.3887377,35.6326526],[-83.388784,35.6328919],[-83.3888912,35.6331454],[-83.388905,35.6332665],[-83.3888777,35.6335017],[-83.3888039,35.6335844],[-83.3887295,35.6336295],[-83.3885794,35.6336731],[-83.3883409,35.6337226],[-83.388138,35.6337555],[-83.3876902,35.6337765],[-83.3872849,35.6338216],[-83.3866697,35.6339023],[-83.3863776,35.6339741],[-83.3860989,35.6340074],[-83.3858286,35.6340449],[-83.3852152,35.6340935],[-83.3850156,35.6341087],[-83.3844389,35.6341725],[-83.3836545,35.6342587],[-83.3832046,35.6343458],[-83.3825904,35.6344638],[-83.3822844,35.6345226],[-83.3809778,35.6346377],[-83.3802463,35.6346603],[-83.3797681,35.634674],[-83.3792838,35.6346534],[-83.3785834,35.6346241],[-83.3780903,35.6345689],[-83.3779298,35.6346515],[-83.377688,35.6351746],[-83.3774357,35.6357291],[-83.3773086,35.6360059],[-83.3771685,35.636222],[-83.3770722,35.6363992],[-83.3769115,35.6366182],[-83.3767813,35.6367406],[-83.376615,35.6368548],[-83.3764601,35.6369375],[-83.3762626,35.6370218],[-83.3759921,35.6371161],[-83.3758254,35.637182],[-83.3757053,35.6372398],[-83.3756166,35.6372957],[-83.3755456,35.6373481],[-83.3754993,35.6374237],[-83.3754545,35.6375307],[-83.3753897,35.6376675],[-83.3752753,35.6377708],[-83.3751841,35.6378093],[-83.3749911,35.6378532],[-83.3748479,35.6378607],[-83.3744328,35.6378735],[-83.374135,35.6378892],[-83.3739225,35.637988],[-83.3735498,35.6382501],[-83.3730355,35.6387376],[-83.3728725,35.6388458],[-83.3727343,35.6388742],[-83.3723831,35.6389129],[-83.3720637,35.6390218],[-83.3718339,35.6391703],[-83.3717531,35.639117],[-83.3714277,35.6385558],[-83.3712663,35.6383797],[-83.3711037,35.6382796],[-83.3708718,35.6382014],[-83.3704988,35.6382033],[-83.3691461,35.6380223],[-83.3682963,35.6377783],[-83.368081,35.6377761],[-83.367909,35.6377921],[-83.3678005,35.6378467],[-83.3677092,35.6379648],[-83.3675631,35.6383055],[-83.3673694,35.6387938],[-83.3671886,35.6391571],[-83.3668576,35.6396778],[-83.3665425,35.6401242],[-83.366166,35.6409327],[-83.3660569,35.6410401],[-83.3652324,35.6416814],[-83.3649771,35.6418975],[-83.364653,35.6422171],[-83.3644528,35.6424426],[-83.364242,35.6426195],[-83.3639448,35.6428296],[-83.3637787,35.6429279],[-83.3632844,35.6430875],[-83.3626081,35.6432459],[-83.3624744,35.6433276],[-83.3624067,35.6434146],[-83.3623634,35.6435129],[-83.3622507,35.6438125],[-83.3620811,35.6440694],[-83.3616913,35.644498],[-83.3611471,35.6451137],[-83.360633,35.6457133],[-83.3604128,35.6458805],[-83.3601998,35.6460028],[-83.3596041,35.6462608],[-83.3593492,35.6463609],[-83.3589978,35.6465559],[-83.3588218,35.6467168],[-83.3586856,35.6468135],[-83.3584,35.646924],[-83.3582765,35.647006],[-83.3582509,35.6470829],[-83.3583838,35.6473222],[-83.3583624,35.6484545],[-83.3583179,35.6487072],[-83.3582448,35.6488511],[-83.3581027,35.6489609],[-83.3576829,35.6490995],[-83.3574327,35.6492449],[-83.3572897,35.6493694],[-83.3570787,35.6495393],[-83.3568143,35.6498038],[-83.356527,35.6500219],[-83.3562202,35.6503003],[-83.3560969,35.650435],[-83.355937,35.6507659],[-83.3557563,35.6521755],[-83.3557818,35.6524839],[-83.3558287,35.6529105],[-83.3560345,35.6539411],[-83.3560386,35.6541574],[-83.355972,35.6543121],[-83.3558077,35.6545011],[-83.3548944,35.6551416],[-83.3545264,35.6554185],[-83.3543497,35.6556563],[-83.3542577,35.6558636],[-83.3541273,35.656435],[-83.3540078,35.6568597],[-83.3539056,35.6571109],[-83.3537962,35.6573284],[-83.3537319,35.6574547],[-83.3535626,35.657715],[-83.3533957,35.6579731],[-83.3531693,35.6582815],[-83.3529358,35.6586001],[-83.3528443,35.6587264],[-83.3525511,35.6590236],[-83.3521998,35.659362],[-83.3517548,35.6597426],[-83.3514396,35.6600388],[-83.3509901,35.6604528],[-83.3508173,35.6605508],[-83.3505623,35.6606542],[-83.3501736,35.6606978],[-83.349171,35.6607102],[-83.3485024,35.6608214],[-83.3469457,35.6613765],[-83.3467315,35.6614225],[-83.3462672,35.6614518],[-83.3460434,35.6614069],[-83.3454624,35.6612132],[-83.3452125,35.6611994],[-83.3450172,35.6612094],[-83.3447824,35.6613327],[-83.3445615,35.6615226],[-83.3441522,35.6619324],[-83.3439921,35.6620638],[-83.3436985,35.6622403],[-83.3434201,35.662451],[-83.3431629,35.6625954],[-83.3427728,35.6629324],[-83.3426236,35.6631238],[-83.3422445,35.6637279],[-83.3419304,35.66407],[-83.3416868,35.6642537],[-83.3413197,35.6644799],[-83.3410666,35.6645931],[-83.3409281,35.6646338],[-83.3407871,35.6645803],[-83.3399498,35.6638754],[-83.3396618,35.66369],[-83.3393777,35.6635983],[-83.3390668,35.6636034],[-83.3387149,35.6636391],[-83.3383578,35.6637726],[-83.3374029,35.6642506],[-83.336808,35.6645659],[-83.3359355,35.6651942],[-83.335453,35.6655072],[-83.3351464,35.6656306],[-83.334897,35.66567],[-83.3346579,35.6656644],[-83.3344728,35.6656075],[-83.334298,35.6655297],[-83.3338132,35.6652595],[-83.333153,35.6650793],[-83.3326905,35.6647816],[-83.3324005,35.6646248],[-83.3321466,35.6645553],[-83.3315393,35.6645432],[-83.3309359,35.6645704],[-83.3304771,35.6645475],[-83.3303005,35.6644833],[-83.3302018,35.6643843],[-83.3301221,35.6641411],[-83.3299989,35.6639535],[-83.3297973,35.6638119],[-83.3295696,35.6637343],[-83.3290007,35.6637193],[-83.3281818,35.6637494],[-83.3277014,35.6637701],[-83.3275055,35.6637418],[-83.3268875,35.663346],[-83.3254737,35.6631815],[-83.3246813,35.6630892],[-83.3235536,35.6630425],[-83.3228914,35.6629753],[-83.3224044,35.6629827],[-83.3220633,35.6630272],[-83.3219091,35.6631009],[-83.3217588,35.6631144],[-83.3216176,35.6630595],[-83.3211186,35.6626421],[-83.3205785,35.6622331],[-83.3204749,35.6620788],[-83.3203803,35.6618987],[-83.3203468,35.6616996],[-83.3202859,35.6615382],[-83.320083,35.6612182],[-83.3198181,35.6609489],[-83.3195808,35.6607705],[-83.3191366,35.6605133],[-83.318804,35.6602974],[-83.318438,35.6599698],[-83.3181185,35.659628],[-83.3178531,35.6592237],[-83.3176296,35.6589525],[-83.3171136,35.6585532],[-83.316696,35.6582581],[-83.3163493,35.6580404],[-83.3161768,35.6578538],[-83.3159301,35.6574413],[-83.3157225,35.6572669],[-83.3153369,35.657019],[-83.3143418,35.6565601],[-83.3138514,35.6562685],[-83.3136181,35.6560926],[-83.3132221,35.6557267],[-83.3129174,35.655311],[-83.3126534,35.6549562],[-83.3123828,35.654711],[-83.3120793,35.6546185],[-83.3114661,35.654525],[-83.3109489,35.6544965],[-83.3105504,35.6545352],[-83.3101156,35.6546604],[-83.3099357,35.6547712],[-83.3097159,35.6549645],[-83.3095946,35.6551318],[-83.3090357,35.6560308],[-83.3089259,35.6561529],[-83.3087917,35.6562161],[-83.3086307,35.6562124],[-83.3083368,35.6561352],[-83.3071973,35.6556825],[-83.3065223,35.6554884],[-83.3061279,35.6554526],[-83.3057833,35.6554636],[-83.3053802,35.6555154],[-83.3047003,35.6556221],[-83.303555,35.6558711],[-83.3033069,35.6560202],[-83.3031132,35.656183],[-83.3028483,35.656343],[-83.3025536,35.6564824],[-83.3022604,35.6565897],[-83.3016747,35.6566738],[-83.3009892,35.6568129],[-83.3004658,35.6569408],[-83.3001493,35.6570087],[-83.2996704,35.6570649],[-83.2989175,35.6571281],[-83.2985743,35.65714],[-83.2982463,35.6572613],[-83.2980426,35.6574081],[-83.2979237,35.6576035],[-83.2978081,35.6579063],[-83.2977207,35.6580551],[-83.2976259,35.6581532],[-83.297452,35.6582652],[-83.2971454,35.6583816],[-83.2967785,35.658539],[-83.2964826,35.6586932],[-83.2962122,35.6588884],[-83.2960405,35.6590863],[-83.2958473,35.6593994],[-83.2957069,35.659643],[-83.2955534,35.659815],[-83.295351,35.6600013],[-83.2952678,35.6601616],[-83.2951921,35.6603363],[-83.2950584,35.6604901],[-83.2948725,35.6605542],[-83.29459,35.6606068],[-83.2943435,35.6608049],[-83.294073,35.6613303],[-83.2936304,35.6617374],[-83.2935482,35.6618892],[-83.2935017,35.6620613],[-83.2936281,35.6628834],[-83.293762,35.6634028],[-83.2938047,35.6636465],[-83.2938044,35.6637994],[-83.2937373,35.6640238],[-83.2936752,35.6649237],[-83.29358,35.6651169],[-83.2932338,35.6654684],[-83.2931053,35.6655731],[-83.2928672,35.6656706],[-83.2923066,35.665803],[-83.2921095,35.6658822],[-83.2919281,35.6660169],[-83.2917027,35.6663177],[-83.2916472,35.666472],[-83.2916413,35.6665975],[-83.2916851,35.666801],[-83.2916885,35.6670597],[-83.2916823,35.6672862],[-83.2915823,35.6675819],[-83.2914518,35.6678527],[-83.2912572,35.6687134],[-83.2911817,35.6690434],[-83.2911324,35.6693978],[-83.2910734,35.6703557],[-83.2910041,35.6712594],[-83.2909869,35.6717067],[-83.290954,35.6726102],[-83.2908935,35.6728522],[-83.2907334,35.6731159],[-83.2903069,35.6735034],[-83.2899959,35.6737225],[-83.2892782,35.6741578],[-83.2891169,35.6742736],[-83.288848,35.6744877],[-83.288543,35.674605],[-83.2883868,35.6746533],[-83.2881748,35.6746699],[-83.2876564,35.6745419],[-83.2867258,35.6745469],[-83.2855883,35.6745181],[-83.2848933,35.67448],[-83.2842492,35.6744411],[-83.2839896,35.6744691],[-83.2837567,35.6745583],[-83.2833676,35.6748248],[-83.2830053,35.6750794],[-83.2828011,35.6752125],[-83.2826132,35.6753992],[-83.2824979,35.6756123],[-83.2823881,35.6759053],[-83.2822526,35.6762994],[-83.2821281,35.6766258],[-83.2820938,35.6767178],[-83.2820177,35.6768717],[-83.2819098,35.677092],[-83.2817357,35.6773608],[-83.2815345,35.67758],[-83.2813449,35.6777057],[-83.2810001,35.6778272],[-83.2804848,35.6779369],[-83.2801674,35.6780733],[-83.2798517,35.678135],[-83.2793804,35.6781232],[-83.2782218,35.678431],[-83.2778494,35.6785297],[-83.2773933,35.678606],[-83.2769767,35.6786086],[-83.2767136,35.6786114],[-83.2761196,35.6787145],[-83.2756922,35.6787887],[-83.275203,35.6788765],[-83.2749418,35.6789234],[-83.2744675,35.6790863],[-83.2742382,35.6792684],[-83.2737743,35.679771],[-83.2734899,35.6799622],[-83.273236,35.6802445],[-83.2730436,35.6805367],[-83.2727434,35.6811423],[-83.272565,35.6814961],[-83.2724237,35.6817829],[-83.2722212,35.6821288],[-83.272085,35.6823282],[-83.2713534,35.6829816],[-83.2711706,35.6831706],[-83.2711115,35.6833281],[-83.2710667,35.6836204],[-83.2710642,35.6838824],[-83.2710715,35.6848743],[-83.27106,35.6862486],[-83.2709521,35.6865693],[-83.2708448,35.6867062],[-83.2706801,35.6868339],[-83.2686205,35.6879695],[-83.2680675,35.6882557],[-83.2668934,35.688661],[-83.2665517,35.6887404],[-83.2659913,35.6887721],[-83.2652034,35.6887451],[-83.2642536,35.6884817],[-83.2638728,35.6884375],[-83.2636006,35.6884589],[-83.263311,35.6885232],[-83.2629515,35.6886623],[-83.2624985,35.6889164],[-83.2620557,35.689189],[-83.2615009,35.6895531],[-83.26108,35.6897811],[-83.26065,35.6899376],[-83.2599803,35.6901456],[-83.2592911,35.6903773],[-83.2590741,35.6905744],[-83.2589651,35.6907426],[-83.2587127,35.6913194],[-83.2585194,35.6916519],[-83.2583057,35.6919489],[-83.2581532,35.6921136],[-83.2580675,35.6923993],[-83.2579086,35.6931775],[-83.2578748,35.6935275],[-83.2578293,35.6936625],[-83.2577363,35.6938314],[-83.2576126,35.6939763],[-83.2573018,35.6942414],[-83.2567797,35.6946057],[-83.256324,35.6948482],[-83.2559663,35.6949978],[-83.2556453,35.6950677],[-83.254862,35.6951364],[-83.2546182,35.6952113],[-83.2544461,35.6953067],[-83.2543256,35.6954516],[-83.2542578,35.6955998],[-83.2543061,35.6959234],[-83.2544889,35.6962569],[-83.2547744,35.6970519],[-83.2547927,35.6974562],[-83.2548278,35.6976659],[-83.2549733,35.6978753],[-83.2553049,35.6982575],[-83.2555508,35.6984781],[-83.2556655,35.6987129],[-83.2557472,35.6990026],[-83.2557227,35.6993149],[-83.2555908,35.6998449],[-83.2555068,35.7000884],[-83.255368,35.7003137],[-83.2552685,35.7004361],[-83.2552265,35.7005883],[-83.2552611,35.7008191],[-83.2554688,35.7012251],[-83.2555366,35.7014514],[-83.255598,35.7018856],[-83.255692,35.7022273],[-83.2558287,35.7024418],[-83.2560675,35.7027228],[-83.2561614,35.7028566],[-83.2563037,35.703264],[-83.2563578,35.7035933],[-83.2564188,35.703869],[-83.2564971,35.7040374],[-83.2567883,35.7044072],[-83.2572942,35.704882],[-83.2574044,35.7050377],[-83.2574349,35.7051232],[-83.2574327,35.7051396],[-83.2574201,35.7052336],[-83.2572815,35.705334],[-83.2570758,35.7054352],[-83.2565331,35.7057682],[-83.2554146,35.7062223],[-83.2552238,35.7063957],[-83.2547984,35.7068164],[-83.2546159,35.706934],[-83.2543711,35.7070557],[-83.2538164,35.7073795],[-83.2533845,35.7075936],[-83.252979,35.7078248],[-83.2523555,35.7082708],[-83.2516451,35.7088822],[-83.2515756,35.708991],[-83.2515268,35.709191],[-83.2515474,35.7092822],[-83.2516617,35.7095517],[-83.2528947,35.7110369],[-83.2532737,35.7117721],[-83.2534918,35.7121567],[-83.2535217,35.7124129],[-83.2534611,35.7129046],[-83.2534855,35.7130387],[-83.2535708,35.7132478],[-83.2535904,35.7142181],[-83.2552769,35.7149701],[-83.2553587,35.7152507],[-83.2553375,35.7154934],[-83.2553001,35.7156773],[-83.2552074,35.7158812],[-83.2549147,35.71623],[-83.2547206,35.7164091],[-83.2545596,35.7166615],[-83.2544328,35.7169283],[-83.254292,35.7172914],[-83.2541396,35.7175515],[-83.2539008,35.7178117],[-83.2534296,35.7182197],[-83.2529355,35.7184],[-83.2528018,35.7184937],[-83.2525949,35.7186915],[-83.2521777,35.7191555],[-83.2518694,35.719478],[-83.2515098,35.7197599],[-83.2509466,35.7201243],[-83.2503772,35.7204282],[-83.2498808,35.7206076],[-83.2493419,35.7207277],[-83.2483875,35.7209731],[-83.2479339,35.7211179],[-83.2473826,35.7213282],[-83.246829,35.721522],[-83.2466974,35.7215415],[-83.2461445,35.7215641],[-83.2458903,35.721592],[-83.2455866,35.7216516],[-83.2453598,35.7217024],[-83.2448084,35.7219013],[-83.2446381,35.7219768],[-83.2443686,35.7221327],[-83.2442265,35.7221862],[-83.2440275,35.7222412],[-83.2438626,35.722279],[-83.2436098,35.7223565],[-83.2433858,35.722444],[-83.2432467,35.7225321],[-83.2430568,35.7226864],[-83.242958,35.7227982],[-83.2428544,35.7229235],[-83.2427532,35.7230679],[-83.2426037,35.7233394],[-83.242277,35.7239904],[-83.2416413,35.7253995],[-83.2414093,35.725939],[-83.2413148,35.7262515],[-83.2411307,35.7267384],[-83.2410248,35.7268137],[-83.2408301,35.7268624],[-83.2405911,35.7268677],[-83.2402079,35.72686],[-83.2398489,35.7268437],[-83.2391507,35.7267861],[-83.2380087,35.7265946],[-83.2374142,35.7264769],[-83.2366194,35.7263909],[-83.2353571,35.7262857],[-83.2350269,35.7262276],[-83.2346212,35.7261467],[-83.2338261,35.7260281],[-83.2334875,35.7259987],[-83.2327493,35.725965],[-83.2322199,35.7259786],[-83.2316657,35.7260112],[-83.2307726,35.7260422],[-83.2302389,35.7260419],[-83.2298438,35.7260115],[-83.2294059,35.725959],[-83.2289132,35.7258749],[-83.2281792,35.7258193],[-83.2274642,35.7258243],[-83.2263472,35.7258967],[-83.2257058,35.7259586],[-83.2249035,35.7260053],[-83.2244227,35.7259911],[-83.2237673,35.7258548],[-83.2235176,35.7258581],[-83.2232149,35.7259003],[-83.2230101,35.7259469],[-83.2221668,35.726213],[-83.2220224,35.7262435],[-83.221772,35.726255],[-83.2216482,35.7262488],[-83.2214593,35.7262233],[-83.2211875,35.7261688],[-83.2208003,35.7260818],[-83.2204637,35.7260318],[-83.2198442,35.7259303],[-83.219274,35.7259104],[-83.2190939,35.725928],[-83.2188115,35.7259706],[-83.2185702,35.7259768],[-83.2181952,35.7259763],[-83.2179534,35.7259486],[-83.2177504,35.7259027],[-83.217613,35.7258554],[-83.2174694,35.7257916],[-83.217362,35.7257353],[-83.2172267,35.7256428],[-83.2168336,35.7253388],[-83.2166101,35.7251792],[-83.2162395,35.7249294],[-83.2157407,35.7246204],[-83.2155071,35.7244726],[-83.215154,35.7243051],[-83.2148591,35.7241823],[-83.2146722,35.7241285],[-83.2144023,35.7241132],[-83.2141409,35.7241277],[-83.213857,35.7241742],[-83.2134828,35.7242226],[-83.2132276,35.7242837],[-83.2128216,35.7243384],[-83.2126272,35.7243787],[-83.2124827,35.7244375],[-83.2123572,35.7244612],[-83.2121997,35.7244772],[-83.2114678,35.7244973],[-83.2112993,35.7245159],[-83.2111748,35.724542],[-83.2109448,35.7246314],[-83.2100783,35.7251351],[-83.2096474,35.7253623],[-83.2094497,35.7254528],[-83.2090946,35.7255793],[-83.2083909,35.7258101],[-83.2077347,35.7260645],[-83.207532,35.7261533],[-83.2073846,35.7261982],[-83.2071997,35.7261986],[-83.2069108,35.7261052],[-83.2067852,35.7260799],[-83.2063909,35.7260492],[-83.205844,35.7259397],[-83.2057248,35.7259288],[-83.2055481,35.7259241],[-83.2053801,35.7259373],[-83.2052461,35.7259528],[-83.2050524,35.7259908],[-83.2047381,35.7260333],[-83.2045725,35.7260392],[-83.2043823,35.7260311],[-83.2042639,35.7260216],[-83.2038964,35.7259281],[-83.2030956,35.7257311],[-83.2023544,35.725492],[-83.2015827,35.7253022],[-83.2008819,35.7250794],[-83.2006725,35.7250317],[-83.2004286,35.7250275],[-83.2001894,35.7250499],[-83.1995276,35.7251398],[-83.1990182,35.7251753],[-83.1982447,35.7251998],[-83.1978264,35.7252465],[-83.1975418,35.7253125],[-83.1973673,35.7253979],[-83.196975,35.7256933],[-83.1966721,35.7260085],[-83.1959019,35.7266859],[-83.1955649,35.7269727],[-83.1953974,35.7270676],[-83.1952736,35.7271157],[-83.1950206,35.7271835],[-83.1948563,35.7272619],[-83.1946301,35.727424],[-83.1940289,35.7277792],[-83.1937115,35.7279492],[-83.1934007,35.7280568],[-83.1929698,35.7281613],[-83.192683,35.7282112],[-83.1918134,35.7284263],[-83.191372,35.7286355],[-83.1908592,35.7288631],[-83.1904425,35.7289941],[-83.1897285,35.729311],[-83.1892804,35.7295538],[-83.1889342,35.7296624],[-83.1887174,35.729701],[-83.1883878,35.7297185],[-83.1868392,35.7297764],[-83.1866461,35.7298004],[-83.1860833,35.7300128],[-83.1858246,35.7301502],[-83.1855747,35.7302984],[-83.1853502,35.7304984],[-83.1850955,35.730816],[-83.1849517,35.7310747],[-83.1848229,35.7313573],[-83.1844125,35.7324615],[-83.1842286,35.7328819],[-83.1839037,35.7335321],[-83.1835843,35.7342236],[-83.1834757,35.7345735],[-83.1834006,35.7347239],[-83.183311,35.7348742],[-83.1832301,35.7350579],[-83.1829462,35.7354177],[-83.1827089,35.7356726],[-83.1825068,35.7358463],[-83.1822515,35.7360138],[-83.1820844,35.7360952],[-83.1817529,35.736293],[-83.1816078,35.7364392],[-83.1814307,35.7366651],[-83.1813543,35.7368623],[-83.181104,35.7378704],[-83.180836,35.738882],[-83.1806939,35.7391416],[-83.1802319,35.7399125],[-83.1798021,35.7405417],[-83.1779992,35.7425527],[-83.1778735,35.7430636],[-83.177812,35.7438645],[-83.1777914,35.7444006],[-83.1771995,35.7444696],[-83.1765641,35.7446246],[-83.1757788,35.7449579],[-83.1755151,35.7450406],[-83.1752551,35.745091],[-83.1747939,35.7451676],[-83.1738969,35.7452969],[-83.173601,35.7453208],[-83.1733419,35.7453705],[-83.1731035,35.7453892],[-83.1724218,35.7455155],[-83.1712259,35.7457615],[-83.1708448,35.7458512],[-83.1704572,35.7459754],[-83.1702871,35.7460366],[-83.1702223,35.7461634],[-83.1701606,35.7464212],[-83.1700374,35.7467463],[-83.1700128,35.7468329],[-83.1696598,35.7475193],[-83.1695606,35.7476791],[-83.1694846,35.7478645],[-83.1694458,35.7479753],[-83.1694111,35.7481347],[-83.1693988,35.7483079],[-83.1693177,35.7485269],[-83.1692447,35.7487566],[-83.1691594,35.7489055],[-83.1689829,35.7491643],[-83.168884,35.7492704],[-83.16879,35.7493925],[-83.1687581,35.7494644],[-83.168738,35.7496415],[-83.1687397,35.7498473],[-83.1687175,35.7499521],[-83.1686153,35.750181],[-83.1684676,35.7505081],[-83.1683245,35.7507678],[-83.1682097,35.7508997],[-83.1680155,35.7510626],[-83.1676566,35.7513056],[-83.1672631,35.7515333],[-83.1666911,35.7518871],[-83.1662249,35.7523025],[-83.1656202,35.752977],[-83.1649291,35.7537706],[-83.1647942,35.7539967],[-83.1647476,35.7542051],[-83.164748,35.7543679],[-83.1648364,35.7547717],[-83.1649444,35.7550749],[-83.1651179,35.7555663],[-83.1653013,35.756544],[-83.1653943,35.7570387],[-83.1653534,35.7574922],[-83.1652055,35.7582397],[-83.1651431,35.7590027],[-83.165062,35.7595121],[-83.1649758,35.7596869],[-83.1648814,35.7598028],[-83.1647733,35.7598693],[-83.1643697,35.7600653],[-83.1642477,35.7601539],[-83.1640913,35.7603423],[-83.1638996,35.7605973],[-83.163649,35.7609355],[-83.1633916,35.761281],[-83.1632567,35.7614605],[-83.1629437,35.7619924],[-83.1627947,35.7622537],[-83.1627033,35.7624313],[-83.1626284,35.7625532],[-83.1624675,35.7626974],[-83.1618574,35.763096],[-83.161604,35.7632581],[-83.1613817,35.7634223],[-83.1609085,35.7635666],[-83.1606332,35.7636921],[-83.160398,35.7638741],[-83.1602208,35.7641386],[-83.1599362,35.7644187],[-83.159587,35.7646596],[-83.159229,35.7647962],[-83.1586041,35.7649769],[-83.1582831,35.7650421],[-83.1580658,35.7650366],[-83.1578726,35.7650204],[-83.1575989,35.7649808],[-83.1570619,35.7648267],[-83.1564436,35.7645998],[-83.1556611,35.7644555],[-83.1544341,35.7643158],[-83.1532358,35.7643697],[-83.1529174,35.7644345],[-83.1523326,35.7646387],[-83.1520375,35.7646662],[-83.1516997,35.7646619],[-83.1514831,35.7646342],[-83.151212,35.7645437],[-83.150771,35.7643388],[-83.1502952,35.7641392],[-83.1499184,35.7640562],[-83.1493671,35.7639788],[-83.1490276,35.7639631],[-83.1487996,35.763989],[-83.1485172,35.7640359],[-83.148005,35.7641656],[-83.1475077,35.7643664],[-83.1474073,35.7644466],[-83.1473428,35.7646015],[-83.1471484,35.7649236],[-83.1469041,35.7651789],[-83.1467117,35.765288],[-83.1464322,35.7653957],[-83.1459934,35.7654992],[-83.1455356,35.7655502],[-83.1452441,35.765556],[-83.1449128,35.7655304],[-83.1442571,35.765426],[-83.1437818,35.765292],[-83.1433491,35.7652743],[-83.1429991,35.7653454],[-83.142764,35.7654535],[-83.1423322,35.765603],[-83.1419017,35.7656477],[-83.1400243,35.7655118],[-83.1392877,35.7654014],[-83.138355,35.7652854],[-83.1381587,35.7653041],[-83.137852,35.7653609],[-83.1373048,35.7654197],[-83.1371398,35.7654012],[-83.1365818,35.7651614],[-83.1364738,35.7651446],[-83.1362513,35.7652245],[-83.1351683,35.7661385],[-83.1348609,35.7663542],[-83.1344582,35.7665905],[-83.1339798,35.7668346],[-83.1333676,35.7670959],[-83.1329851,35.7672072],[-83.1325183,35.7672978],[-83.1321238,35.7673534],[-83.1316411,35.7673644],[-83.1304475,35.7673815],[-83.1301459,35.7674129],[-83.1292948,35.7676503],[-83.1279733,35.7679742],[-83.1276426,35.7680734],[-83.1274716,35.7680965],[-83.1273266,35.76809],[-83.1271055,35.7680405],[-83.1264911,35.7678016],[-83.1248658,35.7671747],[-83.1238298,35.7671048],[-83.1233981,35.7671543],[-83.1219803,35.7669898],[-83.1215847,35.7668888],[-83.1213168,35.7667998],[-83.1206122,35.7664386],[-83.1203908,35.7667459],[-83.1202988,35.7669777],[-83.1200501,35.7672986],[-83.119696,35.7679264],[-83.1192132,35.7686456],[-83.1191174,35.7690599],[-83.1189194,35.7693492],[-83.1185972,35.7696048],[-83.1182493,35.7697874],[-83.1177689,35.7699327],[-83.1171084,35.770071],[-83.1169074,35.7700935],[-83.1161669,35.7700822],[-83.1157083,35.770036],[-83.1152061,35.7700577],[-83.114289,35.7702238],[-83.1138793,35.7703155],[-83.1134126,35.7704909],[-83.113157,35.7706766],[-83.1125157,35.7708951],[-83.1123877,35.7709161],[-83.1122591,35.7709159],[-83.1120954,35.7709112],[-83.1118433,35.7708571],[-83.1116018,35.7707601],[-83.1115213,35.7707441],[-83.1112086,35.7706311],[-83.1111945,35.770636],[-83.1107489,35.7707893],[-83.110429,35.7709512],[-83.1100047,35.7711677],[-83.1098339,35.7712303],[-83.1097252,35.7712844],[-83.1095281,35.7714415],[-83.1093711,35.7715842],[-83.1093311,35.7716965],[-83.1093171,35.7717968],[-83.1091914,35.7721554],[-83.109017,35.7721905],[-83.108006,35.7721113],[-83.1078419,35.7720969],[-83.1078081,35.7721082],[-83.1076685,35.7722238],[-83.1073645,35.7725442],[-83.1068387,35.7727868],[-83.1066645,35.7729351],[-83.1065168,35.7730801],[-83.1064091,35.7731591],[-83.1055594,35.7734738],[-83.1047068,35.7735377],[-83.1046598,35.7739596],[-83.1046737,35.7742138],[-83.104717,35.7743286],[-83.104605,35.7743856],[-83.1041014,35.7745049],[-83.1038094,35.7745715],[-83.1035463,35.7746429],[-83.1034292,35.774691],[-83.1031631,35.7748282],[-83.1028997,35.7749793],[-83.1027969,35.7750287],[-83.1026433,35.775077],[-83.102385,35.7751109],[-83.1021267,35.7751214],[-83.1020235,35.7751009],[-83.1008975,35.7748358],[-83.100771,35.7748294],[-83.100631,35.7748352],[-83.1004158,35.774861],[-83.1001953,35.7748965],[-83.0993495,35.7751272],[-83.0990808,35.7752563],[-83.0980481,35.7756998],[-83.0978892,35.7757692],[-83.0974872,35.7760004],[-83.0967599,35.7763575],[-83.0962013,35.7768641],[-83.0955723,35.7776981],[-83.0949082,35.7790767],[-83.0945875,35.7796087],[-83.0943568,35.7796486],[-83.0934927,35.7796952],[-83.092676,35.7799995],[-83.0920237,35.7802861],[-83.0914247,35.780489],[-83.090423,35.7809715],[-83.0900487,35.7812543],[-83.0897645,35.7813473],[-83.0894643,35.7814288],[-83.0893068,35.7814992],[-83.0890391,35.7817308],[-83.0888986,35.7819872],[-83.0888372,35.7823585],[-83.0887689,35.7824095],[-83.0883752,35.7825435],[-83.0882611,35.7826262],[-83.0880566,35.7829121],[-83.0878963,35.7832146],[-83.0877339,35.7834952],[-83.0876041,35.7836829],[-83.0874937,35.7837565],[-83.0873452,35.7838121],[-83.0870872,35.7837842],[-83.0864054,35.7837475],[-83.0862593,35.7837834],[-83.086166,35.7838273],[-83.0860698,35.7839186],[-83.0860233,35.7839893],[-83.0859506,35.7841358],[-83.0857904,35.7846828],[-83.0856978,35.7849943],[-83.0854471,35.7856793],[-83.0853535,35.7857811],[-83.0852699,35.7858513],[-83.0851348,35.7859381],[-83.0849095,35.7860331],[-83.0846852,35.7861072],[-83.0845063,35.7861793],[-83.0842578,35.7863015],[-83.0838889,35.7865525],[-83.0831951,35.7869721],[-83.083029,35.7870544],[-83.0828541,35.7871053],[-83.0826195,35.787152],[-83.0823678,35.787165],[-83.0815753,35.7870606],[-83.0813905,35.7870495],[-83.0811844,35.7870605],[-83.0810675,35.7870941],[-83.0808869,35.7872184],[-83.0807666,35.78736],[-83.0806344,35.7875448],[-83.0804862,35.7878434],[-83.0802505,35.7882386],[-83.0799963,35.7885143],[-83.0797315,35.7887484],[-83.0793715,35.7890308],[-83.0790892,35.7893016],[-83.0787479,35.7895936],[-83.0786777,35.7896358],[-83.0785052,35.7896819],[-83.0783939,35.7896825],[-83.0782338,35.7896523],[-83.077861,35.7895586],[-83.0774376,35.7894194],[-83.0771331,35.7893496],[-83.0767603,35.7893463],[-83.0766468,35.7893582],[-83.0765219,35.7894025],[-83.0762406,35.7895353],[-83.0758862,35.7897108],[-83.0755683,35.7898411],[-83.0754163,35.7899027],[-83.075031,35.7900262],[-83.0747809,35.7900902],[-83.0744816,35.7901442],[-83.0743379,35.7901549],[-83.074201,35.7901433],[-83.0740576,35.7901095],[-83.0739202,35.7900604],[-83.0738315,35.7900105],[-83.0734265,35.7897187],[-83.0731506,35.7894776],[-83.0729909,35.7893387],[-83.0727647,35.7891401],[-83.0724946,35.7889708],[-83.0723178,35.7888606],[-83.0720516,35.788646],[-83.071495,35.7884707],[-83.0708629,35.7882669],[-83.0704085,35.7881825],[-83.0697445,35.7881236],[-83.0694937,35.7881014],[-83.0691539,35.7880841],[-83.0683695,35.7877661],[-83.0679029,35.7875869],[-83.0673485,35.7873497],[-83.0665224,35.7871252],[-83.0661603,35.7871104],[-83.0657686,35.787155],[-83.0654351,35.7871777],[-83.0651023,35.7872289],[-83.0648041,35.7871675],[-83.0640631,35.7869374],[-83.0637466,35.7869178],[-83.0629965,35.7869404],[-83.0627443,35.7869571],[-83.0625196,35.7869514],[-83.0617849,35.7871074],[-83.0613774,35.7871956],[-83.0608567,35.7874913],[-83.0602645,35.7877598],[-83.0598594,35.7879144],[-83.0587133,35.7881562],[-83.0583083,35.7882382],[-83.0575586,35.7885241],[-83.0566446,35.7887393],[-83.0559915,35.788819],[-83.0549999,35.7890771],[-83.0549243,35.7891049],[-83.0542859,35.7893395],[-83.0537717,35.789529],[-83.0530821,35.7896742],[-83.0528243,35.7897115],[-83.052599,35.7896278],[-83.0524647,35.7896114],[-83.0523559,35.7895835],[-83.0522431,35.7895288],[-83.0519052,35.7892772],[-83.0515673,35.7890112],[-83.0510235,35.7886445],[-83.0506216,35.7884845],[-83.04998,35.788288],[-83.0492224,35.7880725],[-83.0489092,35.7880032],[-83.0488218,35.7879798],[-83.0486924,35.7879333],[-83.0485714,35.7878732],[-83.0484184,35.7877692],[-83.0482772,35.7876489],[-83.0480995,35.787408],[-83.0480282,35.7873252],[-83.0479401,35.7872424],[-83.047447,35.7868682],[-83.046959,35.7865062],[-83.0468356,35.7864139],[-83.0464465,35.7861845],[-83.0460891,35.7859772],[-83.0450805,35.7857314],[-83.0442296,35.7855903],[-83.0436267,35.7855271],[-83.0430961,35.7855024],[-83.0430675,35.7854121],[-83.0426136,35.7855642],[-83.0422356,35.7856946],[-83.0419556,35.7858357],[-83.0414485,35.7860591],[-83.0408745,35.786312],[-83.0404165,35.786494],[-83.0400074,35.7866434],[-83.0392831,35.7868598],[-83.0389279,35.786963],[-83.0387555,35.787001],[-83.0386474,35.7870182],[-83.0385472,35.7870174],[-83.0383932,35.787012],[-83.0380833,35.78693],[-83.0379389,35.7868877],[-83.0377482,35.7868233],[-83.0375959,35.7867859],[-83.0375105,35.7867864],[-83.0373787,35.7868204],[-83.0371856,35.7869408],[-83.0369184,35.7871817],[-83.0366307,35.7874225],[-83.0364941,35.7874927],[-83.0362918,35.787529],[-83.0361567,35.7875262],[-83.0360464,35.7875111],[-83.0359029,35.7874558],[-83.0352906,35.7871922],[-83.0351167,35.7871321],[-83.0349612,35.7870935],[-83.0346843,35.7870442],[-83.0343726,35.7870212],[-83.0340555,35.7869909],[-83.033862,35.7869772],[-83.0337538,35.786951],[-83.0335572,35.7868626],[-83.0333662,35.7867707],[-83.0330902,35.7866281],[-83.0328069,35.7864787],[-83.032683,35.786412],[-83.0325177,35.7863342],[-83.0323923,35.7862525],[-83.0322691,35.7861462],[-83.0320922,35.78597],[-83.0319079,35.7857818],[-83.0317079,35.7855788],[-83.0315285,35.7854077],[-83.0314619,35.785343],[-83.0313798,35.7852732],[-83.0312238,35.7852298],[-83.0311039,35.785219],[-83.0309611,35.7852473],[-83.0307079,35.7853548],[-83.0304594,35.7854595],[-83.0301757,35.7855533],[-83.0300447,35.7855816],[-83.0299044,35.7855867],[-83.0297748,35.7855529],[-83.0295484,35.7854609],[-83.0291515,35.7852746],[-83.0289252,35.7851737],[-83.0288449,35.7851391],[-83.0284624,35.7849944],[-83.0283523,35.7849765],[-83.0282383,35.7849707],[-83.0278393,35.7849871],[-83.0276726,35.7849768],[-83.0275738,35.7849587],[-83.0274446,35.7849269],[-83.0272929,35.7848488],[-83.0270377,35.7846424],[-83.0267858,35.7844398],[-83.0265032,35.7842098],[-83.0262412,35.7839961],[-83.0261839,35.7839501],[-83.0260861,35.7838864],[-83.0258243,35.7837669],[-83.0256421,35.7837118],[-83.0253954,35.7836755],[-83.0247456,35.7835955],[-83.0245759,35.7835712],[-83.0242866,35.7835248],[-83.0238909,35.7834264],[-83.0236595,35.7833073],[-83.0234179,35.7831738],[-83.023336,35.7831113],[-83.0231945,35.7829685],[-83.0231345,35.7828911],[-83.023032,35.782699],[-83.0229334,35.7825137],[-83.022749,35.7823642],[-83.0226342,35.7822695],[-83.0223074,35.7820724],[-83.0222711,35.7820506],[-83.0221379,35.7819353],[-83.0220418,35.7818426],[-83.0215065,35.7813039],[-83.0206957,35.7805912],[-83.0205038,35.78047],[-83.020336,35.7804034],[-83.0201185,35.7803447],[-83.0199529,35.780354],[-83.0196616,35.7804364],[-83.019442,35.7805381],[-83.0187586,35.7809176],[-83.0181888,35.7812303],[-83.0173674,35.7816717],[-83.0170582,35.7817998],[-83.0164692,35.7819755],[-83.0161648,35.7820505],[-83.0160283,35.7820555],[-83.0158941,35.7820278],[-83.0157807,35.7819843],[-83.0156703,35.7818888],[-83.0155113,35.7817333],[-83.0153897,35.7816152],[-83.0152662,35.7815096],[-83.0151853,35.7814556],[-83.0150388,35.7813904],[-83.0149187,35.781356],[-83.0147056,35.7813071],[-83.0143916,35.7812583],[-83.0140862,35.7812092],[-83.0139858,35.781176],[-83.0137635,35.7810821],[-83.0135562,35.7809562],[-83.0129869,35.780559],[-83.0126607,35.7803043],[-83.0123043,35.7800463],[-83.0119397,35.7797018],[-83.0118751,35.7796133],[-83.0117055,35.7793129],[-83.0116443,35.7792346],[-83.0114691,35.7790503],[-83.0112451,35.7789026],[-83.0109003,35.7787479],[-83.0107625,35.7787122],[-83.0106765,35.7786961],[-83.0105852,35.7786911],[-83.0105093,35.7787017],[-83.0103598,35.7788094],[-83.0102263,35.7788927],[-83.0101449,35.7789096],[-83.0099656,35.7788667],[-83.0095201,35.7786893],[-83.0094052,35.7786631],[-83.0092879,35.7786517],[-83.009213,35.7786637],[-83.0089574,35.7787879],[-83.0087387,35.7789153],[-83.0086049,35.7789436],[-83.0085116,35.7789499],[-83.0084035,35.7789204],[-83.0080046,35.7787053],[-83.0077858,35.7786247],[-83.0076087,35.778571],[-83.0073156,35.7785577],[-83.0066682,35.7785807],[-83.0064695,35.7785681],[-83.0061925,35.7785348],[-83.0059891,35.7784999],[-83.0058328,35.7784219],[-83.005622,35.7782438],[-83.0054885,35.7781123],[-83.005379,35.7779303],[-83.0052461,35.7777679],[-83.0050616,35.7775715],[-83.0049328,35.7774607],[-83.0044454,35.77729],[-83.0043323,35.7772501],[-83.0040191,35.7771396],[-83.0036876,35.7770386],[-83.0035388,35.7769676],[-83.0034543,35.7768413],[-83.0033764,35.7766641],[-83.0033676,35.7765867],[-83.0033372,35.7763203],[-83.0032617,35.7760864],[-83.0031674,35.7758646],[-83.0030732,35.7757737],[-83.0028135,35.7755935],[-83.002589,35.775465],[-83.0021229,35.7752437],[-83.0019152,35.775115],[-83.0017637,35.7749973],[-83.001621,35.7748447],[-83.0015239,35.7747139],[-83.0014146,35.7743284],[-83.0013703,35.7738591],[-83.0012911,35.7737842],[-83.0011689,35.7737244],[-83.001022,35.7737194],[-83.0005276,35.7737629],[-83.0000128,35.7738295],[-82.9999456,35.7738382],[-82.9996842,35.7738281],[-82.9995905,35.7738032],[-82.9992377,35.7736727],[-82.9986239,35.7734409],[-82.9983516,35.7733411],[-82.9979836,35.7732348],[-82.9978187,35.7732075],[-82.9975314,35.7731801],[-82.997372,35.7731749],[-82.9971203,35.7731776],[-82.996947,35.773165],[-82.9966171,35.773122],[-82.9962171,35.7730987],[-82.9959845,35.7730894],[-82.9958548,35.7730906],[-82.9957368,35.7731172],[-82.9953861,35.7732158],[-82.9951709,35.7732615],[-82.9951175,35.7732728],[-82.9946579,35.7733499],[-82.9944055,35.7734041],[-82.9941114,35.773464],[-82.9934609,35.773576],[-82.9929525,35.773685],[-82.9926373,35.773752],[-82.9923537,35.7738201],[-82.9921157,35.7739212],[-82.9919402,35.7740193],[-82.9918035,35.7741332],[-82.9916948,35.7742448],[-82.9915193,35.7744775],[-82.9914721,35.77454],[-82.9912204,35.7748229],[-82.9911756,35.7748781],[-82.9909626,35.7750994],[-82.9907835,35.7752228],[-82.9905988,35.7753409],[-82.9904896,35.7754341],[-82.9901511,35.7756925],[-82.9900226,35.7757692],[-82.989858,35.7758449],[-82.9895281,35.7759783],[-82.9891831,35.7760481],[-82.9889105,35.7760566],[-82.9885814,35.7760752],[-82.9883022,35.7760796],[-82.9881615,35.7761005],[-82.9878609,35.7761751],[-82.9875087,35.7763033],[-82.9874365,35.7763496],[-82.987314,35.776476],[-82.9871584,35.7766835],[-82.987091,35.776844],[-82.9870414,35.7769129],[-82.9869668,35.7769706],[-82.98686,35.7770288],[-82.9867252,35.7770913],[-82.9863782,35.7772212],[-82.9861439,35.7773358],[-82.9860161,35.7773834],[-82.9859048,35.7774267],[-82.9856982,35.7775178],[-82.9855811,35.7775737],[-82.9854502,35.7776325],[-82.9852163,35.7777188],[-82.9848809,35.7778322],[-82.9844698,35.777944],[-82.984261,35.7779834],[-82.9840599,35.7780366],[-82.9839265,35.7781012],[-82.9838034,35.7781819],[-82.9836576,35.7783041],[-82.9834719,35.7785038],[-82.9832289,35.7787262],[-82.9823773,35.7794131],[-82.9819976,35.7796892],[-82.9816304,35.7799204],[-82.9814824,35.780005],[-82.981374,35.7800764],[-82.9812975,35.7801418],[-82.9812008,35.7802424],[-82.9810486,35.7805264],[-82.9808963,35.7808769],[-82.9808197,35.7810478],[-82.9806485,35.7813096],[-82.9805278,35.7814974],[-82.9804389,35.7816037],[-82.9803546,35.7816863],[-82.9802088,35.7818202],[-82.9798477,35.7820383],[-82.9796015,35.7821588],[-82.9794073,35.782214],[-82.9791165,35.7823113],[-82.9790099,35.7823513],[-82.9788697,35.7824008],[-82.9787834,35.7824224],[-82.9787221,35.7824374],[-82.9785011,35.7825732],[-82.9783265,35.7827336],[-82.9781487,35.7828958],[-82.9778149,35.7831725],[-82.9776988,35.7832883],[-82.977599,35.7834108],[-82.9774873,35.7835603],[-82.9773119,35.7839159],[-82.9771691,35.7842076],[-82.9770321,35.7844038],[-82.9768824,35.7845885],[-82.9768103,35.7846556],[-82.9766111,35.7847955],[-82.9764048,35.7849379],[-82.9763058,35.7849872],[-82.9760751,35.7850566],[-82.9759531,35.7851068],[-82.9758245,35.7851717],[-82.9756729,35.7852591],[-82.9753083,35.7855935],[-82.9751578,35.7857267],[-82.9750648,35.785791],[-82.9748678,35.7859621],[-82.9747275,35.7861067],[-82.9746408,35.786276],[-82.9746093,35.7864554],[-82.9745524,35.7866768],[-82.9744591,35.786821],[-82.9742734,35.7870065],[-82.974168,35.7870729],[-82.9739973,35.7871192],[-82.9736811,35.7873091],[-82.9734435,35.7874907],[-82.9733453,35.7875455],[-82.9731974,35.7876207],[-82.9730153,35.7876889],[-82.9726904,35.7877935],[-82.9725193,35.7878573],[-82.9722851,35.7879572],[-82.972076,35.788068],[-82.9718451,35.7882008],[-82.9715979,35.7884184],[-82.971479,35.7885226],[-82.9711735,35.7888183],[-82.9710606,35.7888998],[-82.9708812,35.7890057],[-82.9707052,35.7890826],[-82.9705088,35.7891383],[-82.9703542,35.7892243],[-82.9700698,35.7893851],[-82.9699306,35.7894768],[-82.9697924,35.7895851],[-82.9697032,35.7896416],[-82.9695877,35.7896986],[-82.9693957,35.7897439],[-82.9691781,35.7897666],[-82.9690306,35.7897683],[-82.9689095,35.789763],[-82.9687717,35.7897469],[-82.9686327,35.7897024],[-82.9685247,35.7896756],[-82.967833,35.7897509],[-82.9672464,35.7898153],[-82.9667461,35.7898667],[-82.9666569,35.7898891],[-82.966515,35.7899248],[-82.9663699,35.7899805],[-82.9661593,35.7900612],[-82.9659462,35.7901426],[-82.9657026,35.7902372],[-82.9654436,35.7903361],[-82.9653268,35.7903816],[-82.965022,35.790436],[-82.9648062,35.7904747],[-82.9644699,35.7904307],[-82.9643627,35.7902851],[-82.9639299,35.7899848],[-82.9636412,35.7898987],[-82.9633088,35.7899102],[-82.9630281,35.790001],[-82.9625112,35.7903968],[-82.9617575,35.7909644],[-82.9617693,35.7912632],[-82.9617907,35.7915583],[-82.9618209,35.7919703],[-82.9618851,35.7921931],[-82.9619183,35.7922409],[-82.9620159,35.7923817],[-82.9620646,35.7924675],[-82.9621403,35.7925784],[-82.9622968,35.7927566],[-82.9623481,35.7927878],[-82.9624163,35.7928646],[-82.9625243,35.793011],[-82.9625997,35.7931287],[-82.9626645,35.7932684],[-82.9627155,35.7933681],[-82.9627474,35.7934671],[-82.9627788,35.7936642],[-82.9627939,35.7937207],[-82.9628644,35.7944103],[-82.962891,35.794667],[-82.9629043,35.7949316],[-82.9628939,35.7951531],[-82.9628484,35.7954866],[-82.9628217,35.7956572],[-82.9627259,35.795903],[-82.9627081,35.795949],[-82.9626607,35.7960499],[-82.9626062,35.7961656],[-82.9625643,35.7962245],[-82.9624855,35.7963342],[-82.962278,35.7965086],[-82.961993,35.7967445],[-82.9618892,35.7968194],[-82.9618321,35.7968761],[-82.9617834,35.796969],[-82.9619087,35.7971258],[-82.9620015,35.7975746],[-82.962014,35.7977799],[-82.9619942,35.7979538],[-82.9619742,35.7981177],[-82.961959,35.7982428],[-82.961941,35.7983319],[-82.9619298,35.798387],[-82.9619243,35.7984954],[-82.9619426,35.7986706],[-82.9620003,35.7990129],[-82.9620242,35.799155],[-82.9620431,35.7993414],[-82.9620258,35.7997339],[-82.9619676,35.7999882],[-82.9618144,35.800372],[-82.9616841,35.8006083],[-82.96156,35.8008318],[-82.961252,35.8011462],[-82.9609391,35.8014691],[-82.9604036,35.8018955],[-82.9598556,35.8022637],[-82.9597338,35.8024183],[-82.9592281,35.8027277],[-82.9589454,35.8031887],[-82.9585892,35.8038956],[-82.9583807,35.8045651],[-82.9581198,35.8052185],[-82.9579681,35.80558],[-82.9578258,35.8058454],[-82.9576758,35.8060737],[-82.9575042,35.806335],[-82.9572719,35.8066822],[-82.9568605,35.8071423],[-82.9564587,35.8075504],[-82.956283,35.8077654],[-82.9561959,35.8079477],[-82.9561491,35.8081236],[-82.9560379,35.8090275],[-82.9559918,35.8092919],[-82.9559013,35.8095667],[-82.9558047,35.8097356],[-82.9556771,35.8099014],[-82.9553427,35.8102612],[-82.9552564,35.8103767],[-82.9550649,35.8107809],[-82.9549827,35.81098],[-82.9548937,35.8112654],[-82.952026,35.816183],[-82.9518748,35.8164666],[-82.951768,35.816616],[-82.9516543,35.8167178],[-82.9514829,35.8167661],[-82.9512909,35.8167595],[-82.9510588,35.8166989],[-82.9508333,35.8165466],[-82.9506054,35.8164361],[-82.9504104,35.8163221],[-82.9501055,35.8162515],[-82.9499001,35.8162518],[-82.9497047,35.8163421],[-82.9495018,35.8165792],[-82.9491638,35.817064],[-82.9489458,35.8172894],[-82.948861,35.8173591],[-82.9487284,35.8174386],[-82.9485741,35.8175076],[-82.9484776,35.8175654],[-82.9483386,35.8176656],[-82.9482001,35.8177908],[-82.9481651,35.8178643],[-82.948141,35.8179766],[-82.9481454,35.8180662],[-82.9481878,35.818232],[-82.9482888,35.8185321],[-82.9483941,35.818911],[-82.9485999,35.8193449],[-82.9485941,35.8195108],[-82.9485684,35.8196948],[-82.9485082,35.8198444],[-82.9484307,35.8198861],[-82.9482275,35.8201254],[-82.9479896,35.8205693],[-82.9477361,35.8211091],[-82.9475544,35.8213425],[-82.9472716,35.82165],[-82.9469069,35.8219915],[-82.9468535,35.822078],[-82.9468561,35.8222084],[-82.9469041,35.822417],[-82.9469649,35.8225711],[-82.9469909,35.8226904],[-82.9470021,35.8228268],[-82.9469698,35.8229421],[-82.9467275,35.8232415],[-82.946442,35.8234806],[-82.9462749,35.8236683],[-82.946156,35.8238347],[-82.9459578,35.8241491],[-82.9458521,35.8243844],[-82.9456347,35.8246209],[-82.9454887,35.8247354],[-82.9451666,35.824981],[-82.9447226,35.8252606],[-82.9444467,35.8254045],[-82.9441849,35.8255109],[-82.9438279,35.8255924],[-82.9432515,35.8256517],[-82.9424256,35.8257211],[-82.9418954,35.8257791],[-82.9412586,35.8257999],[-82.9407905,35.8258123],[-82.9402112,35.8257237],[-82.9396942,35.8257169],[-82.9394353,35.8257494],[-82.9390595,35.8258687],[-82.9388158,35.8259075],[-82.9386058,35.8257387],[-82.9384641,35.8256046],[-82.938275,35.8254175],[-82.938143,35.8253556],[-82.9380175,35.8253323],[-82.9377527,35.8253222],[-82.9366166,35.8252879],[-82.9364873,35.8252992],[-82.9362956,35.8253554],[-82.9361673,35.8254173],[-82.9360391,35.8255259],[-82.9359783,35.8256016],[-82.9359388,35.8256885],[-82.9358407,35.82616],[-82.9357983,35.82629],[-82.9357478,35.8264054],[-82.9356224,35.8266344],[-82.9355203,35.8268661],[-82.9353919,35.8271995],[-82.9353044,35.8274297],[-82.9352595,35.8276137],[-82.9351909,35.8277921],[-82.9351544,35.8278689],[-82.9351128,35.8279576],[-82.9350866,35.8280133],[-82.9350618,35.8280855],[-82.9350341,35.8281671],[-82.9349915,35.8282932],[-82.934956,35.8284005],[-82.9349452,35.8284333],[-82.9349101,35.8285148],[-82.9348544,35.8286421],[-82.9348452,35.8286634],[-82.934799,35.8287932],[-82.9347769,35.8288549],[-82.9347325,35.8289559],[-82.9347169,35.8289915],[-82.9346805,35.8290576],[-82.9346395,35.8291321],[-82.9346105,35.8291856],[-82.934566,35.8292436],[-82.9345048,35.8293245],[-82.9344442,35.8294043],[-82.934411,35.829448],[-82.9343323,35.8295256],[-82.9341205,35.8297344],[-82.9340076,35.8298445],[-82.9338474,35.8299934],[-82.9337051,35.8300999],[-82.9335685,35.8302328],[-82.9334749,35.8303146],[-82.9333943,35.8304172],[-82.9333471,35.8305363],[-82.9333649,35.830655],[-82.9335134,35.8308307],[-82.933591,35.8309008],[-82.933706,35.8309885],[-82.9337913,35.8310733],[-82.9338783,35.8312671],[-82.9339164,35.8314215],[-82.9339099,35.83157],[-82.9339133,35.8317063],[-82.9340088,35.8319678],[-82.9340752,35.8321234],[-82.9340813,35.8322443],[-82.9340321,35.8323584],[-82.9337972,35.8326135],[-82.9335554,35.8327867],[-82.9333306,35.8328735],[-82.9332031,35.832931],[-82.9331208,35.8329999],[-82.9330037,35.8331491],[-82.9329343,35.8333119],[-82.9329126,35.8334752],[-82.9329168,35.8337109],[-82.932918,35.833818],[-82.9329464,35.8339786],[-82.9329444,35.834202],[-82.9329648,35.83446],[-82.932987,35.8347315],[-82.9330437,35.8349596],[-82.933062,35.8350344],[-82.9331365,35.8351772],[-82.9333552,35.8354293],[-82.9337087,35.8358491],[-82.9338083,35.8359655],[-82.9340145,35.8362736],[-82.9341005,35.8363853],[-82.9341467,35.8364917],[-82.9341469,35.8365705],[-82.934073,35.8366704],[-82.9339264,35.8367139],[-82.9335644,35.8368376],[-82.9331957,35.8369874],[-82.9329003,35.8371597],[-82.9324199,35.8373633],[-82.9321818,35.8374501],[-82.9319448,35.8375325],[-82.9316639,35.8375851],[-82.9305548,35.837765],[-82.9302549,35.837828],[-82.9300125,35.8378669],[-82.9297155,35.837977],[-82.9293791,35.8381228],[-82.9291979,35.8381967],[-82.9289459,35.8382377],[-82.9286359,35.8383148],[-82.9283672,35.8383927],[-82.9281369,35.8384701],[-82.9276875,35.8386031],[-82.9273447,35.838605],[-82.9268711,35.8386496],[-82.9263085,35.8387324],[-82.9255216,35.8388742],[-82.9245472,35.8389784],[-82.923724,35.8391042],[-82.9235248,35.8391248],[-82.9228295,35.8391985],[-82.9225877,35.8392229],[-82.921663,35.8392597],[-82.9210616,35.8392862],[-82.9204367,35.839346],[-82.9202664,35.8393749],[-82.9201762,35.8394203],[-82.9201111,35.8394841],[-82.9200145,35.8396697],[-82.919903,35.8399434],[-82.91983,35.8401396],[-82.9197983,35.840295],[-82.9197236,35.8404453],[-82.9196248,35.8405904],[-82.9194502,35.8407375],[-82.9192844,35.8408266],[-82.9190768,35.8409233],[-82.9188085,35.8410032],[-82.9184328,35.8410259],[-82.9180885,35.8410397],[-82.9178221,35.8410648],[-82.9175595,35.8411457],[-82.9172386,35.8412269],[-82.916765,35.8414021],[-82.916576,35.8414918],[-82.9164696,35.8415664],[-82.9163467,35.8416699],[-82.9163255,35.8418],[-82.916432,35.8419578],[-82.9165737,35.8420991],[-82.9167079,35.8423713],[-82.9168725,35.8426168],[-82.9170135,35.842849],[-82.9171446,35.8430967],[-82.9172134,35.8432721],[-82.9172824,35.8433976],[-82.917332,35.8436414],[-82.917312,35.8438901],[-82.9173261,35.8441283],[-82.9173194,35.8442365],[-82.9173389,35.8443752],[-82.9174077,35.8445015],[-82.9175146,35.8446556],[-82.9176905,35.8448277],[-82.917859,35.8449692],[-82.918011,35.845113],[-82.9183595,35.8453829],[-82.9185467,35.8457233],[-82.9187096,35.8460605],[-82.9189299,35.8466042],[-82.919074,35.8470187],[-82.9192022,35.8473395],[-82.9194139,35.8476351],[-82.9195516,35.8477524],[-82.9196386,35.8477943],[-82.9197218,35.8479001],[-82.919806,35.848019],[-82.9198881,35.8481458],[-82.9199279,35.8483013],[-82.9198601,35.8487107],[-82.9198778,35.8493139],[-82.9199129,35.8495323],[-82.9200755,35.8498737],[-82.9203273,35.8502025],[-82.9204711,35.8502619],[-82.9206477,35.850395],[-82.920817,35.850534],[-82.9209395,35.8506772],[-82.920998,35.8508272],[-82.9210379,35.8509514],[-82.9210445,35.851133],[-82.9209771,35.8512878],[-82.9205506,35.8516083],[-82.920344,35.851768],[-82.9199252,35.8520516],[-82.9199149,35.8521679],[-82.9199394,35.8522191],[-82.9200599,35.8523606],[-82.9201126,35.8524418],[-82.9202176,35.8526269],[-82.9202862,35.8527962],[-82.9203183,35.853001],[-82.9202534,35.8534136],[-82.9202,35.8536413],[-82.9201042,35.8537895],[-82.9199931,35.8539804],[-82.9198911,35.8541268],[-82.9198471,35.8543172],[-82.9198461,35.8544334],[-82.9199046,35.8546045],[-82.9201291,35.8549148],[-82.9202221,35.8550745],[-82.920301,35.8553135],[-82.9203327,35.8556202],[-82.9202752,35.8561571],[-82.920202,35.856369],[-82.9199403,35.857015],[-82.9198691,35.8571919],[-82.919829,35.8574316],[-82.9198042,35.8575133],[-82.9197746,35.8576107],[-82.9197244,35.857701],[-82.9197095,35.857728],[-82.9196422,35.8578351],[-82.919569,35.8579537],[-82.9194535,35.8580815],[-82.9192571,35.858229],[-82.9191391,35.8584854],[-82.9189775,35.8586472],[-82.9187324,35.8587664],[-82.9185378,35.8589369],[-82.9183653,35.8590621],[-82.9182159,35.8592813],[-82.9182272,35.8594993],[-82.9183573,35.8596502],[-82.9184583,35.859841],[-82.9185563,35.8599699],[-82.9186283,35.8600423],[-82.9187341,35.8601734],[-82.9189426,35.8603682],[-82.9192074,35.8605377],[-82.9195042,35.8607364],[-82.9202338,35.8611037],[-82.9203469,35.8611839],[-82.9204284,35.8613036],[-82.9206488,35.8617669],[-82.9208269,35.8620461],[-82.9210607,35.8623685],[-82.9211937,35.8625334],[-82.9212854,35.8627053],[-82.9213459,35.8628438],[-82.9213917,35.8630013],[-82.9214369,35.8631123],[-82.9214573,35.8632348],[-82.92145,35.863372],[-82.9213491,35.8636862],[-82.9211732,35.8640233],[-82.9210434,35.8642151],[-82.9209427,35.8644121],[-82.920897,35.8645701],[-82.9208949,35.8648066],[-82.9209355,35.8650267],[-82.9210008,35.8652453],[-82.9210763,35.8654186],[-82.9211651,35.8655817],[-82.9212419,35.8657014],[-82.9212959,35.8658556],[-82.9212895,35.8659839],[-82.9212635,35.866137],[-82.9211826,35.866362],[-82.9209712,35.8667185],[-82.9207521,35.8670266],[-82.9206956,35.8672988],[-82.9207969,35.8675416],[-82.9208716,35.8678165],[-82.9208791,35.8680096],[-82.9208348,35.8681849],[-82.9206784,35.8683452],[-82.9204537,35.8684619],[-82.9201713,35.8685846],[-82.9197868,35.8686522],[-82.9193512,35.8686512],[-82.9191307,35.868652],[-82.9188449,35.8686856],[-82.9186502,35.8687137],[-82.9184021,35.8687754],[-82.9181431,35.8688049],[-82.9173542,35.8687845],[-82.9171282,35.8687775],[-82.9166105,35.868736],[-82.9161861,35.8686743],[-82.9156561,35.8687039],[-82.9152887,35.8686949],[-82.9149522,35.8687002],[-82.9145663,35.8686223],[-82.9141453,35.868562],[-82.9136113,35.8683918],[-82.9133345,35.8683024],[-82.912975,35.8682947],[-82.9127207,35.8683592],[-82.9124063,35.8684572],[-82.9121937,35.8685077],[-82.9120586,35.8685583],[-82.9118445,35.8685814],[-82.9115161,35.8685969],[-82.9112143,35.8685978],[-82.9110073,35.8685818],[-82.9107778,35.8685799],[-82.9104234,35.8688051],[-82.9094223,35.8692431],[-82.9090208,35.8693223],[-82.9086602,35.8694312],[-82.9083916,35.8694758],[-82.908033,35.8696043],[-82.9078192,35.8697141],[-82.9076213,35.8698628],[-82.9068917,35.8701912],[-82.9067148,35.8701692],[-82.906559,35.8701864],[-82.9064135,35.8702578],[-82.9059866,35.870748],[-82.9058272,35.870873],[-82.9052893,35.871227],[-82.9048338,35.8714505],[-82.9043715,35.8716671],[-82.9036973,35.8718603],[-82.9033809,35.8720338],[-82.903153,35.8721812],[-82.9027838,35.8723236],[-82.9023763,35.8724351],[-82.9020393,35.8724662],[-82.9017452,35.8724987],[-82.9015139,35.8725567],[-82.9012207,35.8726892],[-82.9008941,35.8729162],[-82.9005287,35.8732613],[-82.9002143,35.8736051],[-82.8999021,35.8739966],[-82.8998426,35.8741972],[-82.8997999,35.8744047],[-82.8998066,35.874525],[-82.8998013,35.8746173],[-82.8997538,35.8747477],[-82.8996765,35.8749031],[-82.899646,35.8749704],[-82.8995923,35.8751143],[-82.8995487,35.8754539],[-82.899498,35.8759403],[-82.8994432,35.8761892],[-82.8989254,35.8765737],[-82.8985424,35.8767336],[-82.8982262,35.8769192],[-82.8980941,35.877108],[-82.8980961,35.8774002],[-82.8980273,35.8775822],[-82.8977231,35.877702],[-82.8975229,35.8778363],[-82.8971822,35.8780151],[-82.8967809,35.8782647],[-82.8965246,35.8787905],[-82.8962374,35.8791572],[-82.8960873,35.8795473],[-82.89611,35.8801006],[-82.8962351,35.8803196],[-82.8964107,35.8805093],[-82.8971225,35.8808702],[-82.8978573,35.8811539],[-82.8982904,35.8812652],[-82.8985854,35.881269],[-82.8990671,35.8811164],[-82.8994924,35.8810406],[-82.8997773,35.881084],[-82.9000669,35.8810996],[-82.9003522,35.8810855],[-82.9009216,35.8808592],[-82.9012297,35.8807652],[-82.9022005,35.8807073],[-82.9025775,35.8806],[-82.9031555,35.8804798],[-82.9033304,35.8804209],[-82.9034804,35.8804271],[-82.9036295,35.8804639],[-82.9039765,35.8808813],[-82.9043735,35.8812463],[-82.9047809,35.8816983],[-82.9050535,35.8819372],[-82.9050725,35.8821301],[-82.9052699,35.8825694],[-82.9053337,35.8827033],[-82.9054759,35.8828366],[-82.9056655,35.8829648],[-82.9060512,35.8830618],[-82.9061988,35.883161],[-82.9063628,35.8833557],[-82.9066684,35.8837907],[-82.9068296,35.8839155],[-82.9068405,35.8843047],[-82.9066927,35.8847609],[-82.9065998,35.8851449],[-82.9065248,35.8854538],[-82.9064746,35.8857831],[-82.9062593,35.8859635],[-82.9057565,35.8860966],[-82.9056361,35.8861913],[-82.905575,35.8863875],[-82.9053002,35.8867905],[-82.9050805,35.8870745],[-82.9042902,35.8875792],[-82.9040207,35.887798],[-82.9037136,35.8881745],[-82.9034396,35.8884309],[-82.903053,35.8886937],[-82.9026631,35.8889525],[-82.9025373,35.8892158],[-82.9023592,35.8896963],[-82.9022637,35.8899398],[-82.9021825,35.8903841],[-82.9021744,35.8907525],[-82.902195,35.8911739],[-82.9021759,35.8914026],[-82.9020787,35.8916116],[-82.9018218,35.8919198],[-82.9015615,35.8921145],[-82.9012288,35.8923372],[-82.9010593,35.8924912],[-82.9010345,35.8926536],[-82.9010471,35.8927975],[-82.9011466,35.8929181],[-82.9013395,35.8930456],[-82.9016118,35.8931907],[-82.9024356,35.893603],[-82.9025874,35.8937271],[-82.9027005,35.893865],[-82.9027692,35.8940012],[-82.9027753,35.894291],[-82.9027688,35.8947286],[-82.9027885,35.89492],[-82.9032544,35.8954096],[-82.9033803,35.8955176],[-82.9036597,35.8960236],[-82.9037447,35.8962175],[-82.9038387,35.8963857],[-82.9042188,35.8967275],[-82.9045107,35.8968982],[-82.9046824,35.897023],[-82.9048426,35.8973743],[-82.904972,35.8977345],[-82.9050223,35.8979844],[-82.9050552,35.8982662],[-82.905043,35.8987036],[-82.904995,35.8990439],[-82.9050213,35.8995634],[-82.9051878,35.9001912],[-82.9053303,35.9005262],[-82.9054647,35.9009641],[-82.9056362,35.9014217],[-82.9057981,35.9019917],[-82.9058913,35.9023646],[-82.9060671,35.9027056],[-82.9062959,35.9030412],[-82.9064396,35.9031752],[-82.9066243,35.903297],[-82.9070494,35.9035256],[-82.9074418,35.9036866],[-82.9079784,35.9039576],[-82.9080616,35.9040776],[-82.9081125,35.9042108],[-82.9081672,35.9044286],[-82.9082218,35.9047239],[-82.9082881,35.9050258],[-82.9081996,35.9053855],[-82.9081149,35.9055546],[-82.9080184,35.9057127],[-82.9078548,35.9059307],[-82.9075995,35.9062677],[-82.9072212,35.9068261],[-82.9070146,35.9072648],[-82.9069819,35.9074333],[-82.9069841,35.9075841],[-82.9070781,35.907786],[-82.9072144,35.9079612],[-82.9074263,35.9081271],[-82.907696,35.9082734],[-82.9079927,35.9084958],[-82.9082451,35.9087317],[-82.9083648,35.9089006],[-82.9084111,35.9090376],[-82.9084161,35.9092687],[-82.9083903,35.9094275],[-82.90834,35.9095549],[-82.9080556,35.909953],[-82.9078801,35.9108098],[-82.9079277,35.9111008],[-82.9079886,35.911237],[-82.908035,35.9113194],[-82.9081506,35.911348],[-82.908381,35.9113152],[-82.9085409,35.911264],[-82.9089696,35.911107],[-82.9091563,35.9110266],[-82.9093872,35.9109041],[-82.9095244,35.9109152],[-82.9097386,35.9109741],[-82.9098333,35.9111015],[-82.9099136,35.9111772],[-82.9101435,35.9118512],[-82.9102925,35.9122522],[-82.9103915,35.9125434],[-82.9105166,35.912691],[-82.910657,35.9127836],[-82.910945,35.912887],[-82.911264,35.9130249],[-82.9115616,35.9132443],[-82.9119274,35.9134414],[-82.9120977,35.913473],[-82.9122415,35.9134705],[-82.9127705,35.913525],[-82.9128919,35.9135682],[-82.9130067,35.9136448],[-82.9131071,35.9138146],[-82.9132784,35.9142137],[-82.9134585,35.9144906],[-82.9138593,35.9147756],[-82.9142566,35.9150374],[-82.9142867,35.9150604],[-82.9143892,35.9151547],[-82.9143691,35.9152403],[-82.9142558,35.9153362],[-82.9141192,35.915398],[-82.9137497,35.9155033],[-82.9133454,35.9156858],[-82.9130265,35.9159075],[-82.9122008,35.9163585],[-82.9118463,35.9165497],[-82.9116799,35.9166713],[-82.9116263,35.9168204],[-82.9116182,35.9170249],[-82.9117178,35.9172115],[-82.9122707,35.9178147],[-82.912304,35.9178801],[-82.9123002,35.9179035],[-82.9122605,35.9180283],[-82.912184,35.9181983],[-82.9117761,35.9188802],[-82.91167,35.9191795],[-82.9116168,35.9193832],[-82.9116581,35.9196521],[-82.9117796,35.9199957],[-82.9120444,35.9200918],[-82.9122345,35.9201834],[-82.9129464,35.9203128],[-82.913075,35.9203952],[-82.9131421,35.9206553],[-82.913236,35.9210928],[-82.9135491,35.9216797],[-82.913548,35.9217925],[-82.9135733,35.9220328],[-82.91349,35.9224067],[-82.9134724,35.9229222],[-82.9137052,35.9236085],[-82.9137211,35.9239489],[-82.9135231,35.9241563],[-82.9135381,35.9242577],[-82.9135832,35.9243429],[-82.9139774,35.9243379],[-82.9148511,35.92447],[-82.915348,35.9244046],[-82.9157219,35.9242627],[-82.9161681,35.9241521],[-82.9164854,35.924197],[-82.9169588,35.9244152],[-82.9173329,35.9246904],[-82.9177268,35.9250389],[-82.9184709,35.9254693],[-82.9188255,35.9256225],[-82.9194888,35.9260962],[-82.9199264,35.9266196],[-82.920261,35.9269452],[-82.9204998,35.9273399],[-82.9202632,35.9275614],[-82.9201112,35.9277925],[-82.9200196,35.9281037],[-82.9199868,35.928427],[-82.9199916,35.9286771],[-82.9199327,35.9288068],[-82.9198349,35.928897],[-82.9196776,35.9289098],[-82.919452,35.9288903],[-82.9188498,35.9289315],[-82.9183407,35.9289616],[-82.9179207,35.9289112],[-82.9170871,35.9289914],[-82.9167699,35.9289968],[-82.9163927,35.9290305],[-82.9157829,35.9291868],[-82.914951,35.9293603],[-82.914463,35.9294853],[-82.9138506,35.9296604],[-82.9136123,35.929686],[-82.9130633,35.9296057],[-82.9126388,35.9295968],[-82.9121927,35.9295992],[-82.9120481,35.9295676],[-82.9118931,35.9294496],[-82.9118052,35.929306],[-82.9117113,35.9289039],[-82.9116807,35.9285779],[-82.9113929,35.9281591],[-82.9108544,35.9276796],[-82.9106271,35.9275068],[-82.9103386,35.9274091],[-82.9094583,35.9273937],[-82.9087299,35.9272954],[-82.9080741,35.9271635],[-82.9077924,35.9270641],[-82.9071269,35.9266762],[-82.9066012,35.9264163],[-82.9059458,35.9262053],[-82.9054793,35.9260898],[-82.9052426,35.9260774],[-82.9047428,35.9261122],[-82.9042901,35.9261623],[-82.9038654,35.9262764],[-82.903465,35.926492],[-82.9026624,35.9267451],[-82.9020457,35.9268613],[-82.9018214,35.9269635],[-82.9017134,35.9271627],[-82.9016206,35.9274289],[-82.9015499,35.9277431],[-82.9015231,35.9278843],[-82.9014413,35.9279738],[-82.901336,35.9280433],[-82.9011077,35.9281178],[-82.9008464,35.9281923],[-82.900257,35.9283015],[-82.9001639,35.9283761],[-82.9001478,35.9284662],[-82.9001881,35.9285852],[-82.9003327,35.9291254],[-82.9003371,35.9292458],[-82.9002977,35.9293329],[-82.9000587,35.9293896],[-82.8996086,35.9294158],[-82.8993091,35.9294935],[-82.8990517,35.9296204],[-82.898892,35.92988],[-82.8988983,35.9301981],[-82.8989901,35.9305098],[-82.8992223,35.93085],[-82.8996126,35.9313235],[-82.8996593,35.9314713],[-82.8996409,35.931651],[-82.8994983,35.931871],[-82.8993492,35.9320574],[-82.8992919,35.9322362],[-82.8993001,35.9324344],[-82.8994581,35.9325417],[-82.8996329,35.932621],[-82.8997287,35.9326478],[-82.900221,35.9330303],[-82.9004306,35.9332135],[-82.9004591,35.9333057],[-82.900437,35.9334278],[-82.9002144,35.9340203],[-82.9002804,35.9341974],[-82.9003486,35.9343027],[-82.9006204,35.934479],[-82.9008267,35.9346405],[-82.901344,35.9348561],[-82.9015171,35.9350397],[-82.9016424,35.9353336],[-82.9017065,35.9355935],[-82.9013842,35.93622],[-82.9013067,35.9364139],[-82.9015764,35.9370042],[-82.9017661,35.9375192],[-82.901789,35.9378503],[-82.9012987,35.9386299],[-82.9007403,35.9399237],[-82.8997963,35.9419359],[-82.8989522,35.9437343],[-82.8981852,35.9452374],[-82.8977434,35.9450953],[-82.8974959,35.94495],[-82.8962831,35.9447026],[-82.8956675,35.9446344],[-82.8944434,35.9447206],[-82.8936791,35.9447659],[-82.8932016,35.9448475],[-82.8926647,35.9450128],[-82.8923815,35.9451603],[-82.8921629,35.9452844],[-82.8919997,35.9454169],[-82.8917424,35.9457049],[-82.8903294,35.9466215],[-82.8896436,35.9473707],[-82.8892354,35.9478762],[-82.8890995,35.9482524],[-82.8889912,35.9483525],[-82.8886401,35.9484734],[-82.8877118,35.9487226],[-82.8870111,35.9485927],[-82.8865811,35.9485355],[-82.8862192,35.9485581],[-82.8859047,35.9486096],[-82.8850615,35.9488113],[-82.8844131,35.949017],[-82.8840057,35.9491701],[-82.883748,35.9493577],[-82.8835415,35.9495223],[-82.88306,35.9496853],[-82.8826272,35.949762],[-82.8814821,35.949871],[-82.8810636,35.9500325],[-82.8807804,35.9500657],[-82.8804817,35.9500209],[-82.8799766,35.9501293],[-82.8795028,35.9502539],[-82.8790995,35.9502599],[-82.8784672,35.9501265],[-82.8782304,35.9501218],[-82.8780412,35.9502308],[-82.8778417,35.950568],[-82.8777071,35.9506351],[-82.8774817,35.9506647],[-82.8771753,35.9507973],[-82.8765886,35.9512448],[-82.8764519,35.9514912],[-82.8762519,35.9515649],[-82.8760074,35.9515949],[-82.8757255,35.9516594],[-82.8752238,35.9518519],[-82.8748402,35.9520404],[-82.874688,35.9522739],[-82.8746193,35.9525873],[-82.8744963,35.9527759],[-82.8742958,35.9528363],[-82.8741352,35.9528084],[-82.873702,35.9525799],[-82.8735534,35.9524235],[-82.8732599,35.9522953],[-82.8728995,35.9522028],[-82.8725473,35.9521506],[-82.8716067,35.9520703],[-82.8713948,35.9520319],[-82.8710059,35.9519296],[-82.8704526,35.9517063],[-82.8702039,35.9515402],[-82.8700611,35.9513995],[-82.8698731,35.9510987],[-82.8696691,35.9507387],[-82.8695155,35.9505109],[-82.8693515,35.9503885],[-82.8692065,35.9503388],[-82.868971,35.9503129],[-82.868345,35.9503697],[-82.8677223,35.9504611],[-82.8675201,35.9504475],[-82.8673724,35.9503615],[-82.8672411,35.9502564],[-82.867138,35.9501553],[-82.8669806,35.9499703],[-82.8666709,35.9496908],[-82.8664496,35.9495308],[-82.8662092,35.9494118],[-82.8660061,35.9493601],[-82.8654144,35.9492478],[-82.8652131,35.9492199],[-82.8645533,35.949062],[-82.863575,35.9487525],[-82.8633835,35.9486993],[-82.8629127,35.948522],[-82.8624215,35.9483262],[-82.8620135,35.9481108],[-82.8617185,35.9479391],[-82.8613183,35.9477326],[-82.8609782,35.9475651],[-82.8606498,35.9474836],[-82.8605224,35.9474654],[-82.860312,35.9474586],[-82.8601287,35.947488],[-82.8597256,35.947612],[-82.8590905,35.9478749],[-82.8589223,35.947913],[-82.8584937,35.9479466],[-82.8581687,35.9479538],[-82.857385,35.9479473],[-82.8569894,35.9479694],[-82.856261,35.9480378],[-82.8553384,35.9481886],[-82.8544981,35.9483873],[-82.8541426,35.9484871],[-82.8536067,35.9486612],[-82.8530153,35.9488289],[-82.8527882,35.9489227],[-82.852288,35.9491814],[-82.852203,35.9492536],[-82.8520359,35.9493354],[-82.8518984,35.9493483],[-82.8517355,35.9493507],[-82.8515968,35.9493133],[-82.8514119,35.9492459],[-82.8511887,35.9491318],[-82.8508004,35.9489176],[-82.8504173,35.9486651],[-82.8502814,35.9485373],[-82.8500816,35.9482295],[-82.8499562,35.9479998],[-82.8498513,35.9477812],[-82.8498175,35.9476785],[-82.8496397,35.947343],[-82.8494378,35.9471351],[-82.849189,35.9469337],[-82.8489633,35.946816],[-82.8483558,35.9465825],[-82.8481808,35.9464836],[-82.8479303,35.9463113],[-82.8476118,35.9461101],[-82.8473568,35.9460057],[-82.8470551,35.945921],[-82.8468511,35.9459079],[-82.8467362,35.9459196],[-82.8465601,35.945966],[-82.8463273,35.9460602],[-82.8462126,35.9461356],[-82.8460432,35.9461758],[-82.8458766,35.9459637],[-82.8457054,35.9457572],[-82.8455405,35.9456075],[-82.8452912,35.9454021],[-82.8451791,35.9453218],[-82.8450665,35.9452262],[-82.8449222,35.9450616],[-82.8447729,35.944855],[-82.8447117,35.9447354],[-82.8446387,35.9444535],[-82.8446163,35.9443196],[-82.844825,35.9431459],[-82.8447536,35.9428033],[-82.8446898,35.9425863],[-82.8446222,35.9421661],[-82.8445503,35.9419938],[-82.844458,35.9419668],[-82.8442439,35.941948],[-82.8439118,35.9419317],[-82.8435557,35.9419428],[-82.8431299,35.9419561],[-82.8429553,35.941961],[-82.8422382,35.9419319],[-82.842014,35.9419422],[-82.841717,35.9419353],[-82.8414787,35.9419073],[-82.8412126,35.9418063],[-82.841119,35.9417456],[-82.8410479,35.9416682],[-82.8409934,35.9415673],[-82.8409538,35.9414089],[-82.8406229,35.9406919],[-82.8401669,35.9401196],[-82.8400378,35.9399955],[-82.8398282,35.9398536],[-82.8395408,35.9396407],[-82.8393421,35.9394725],[-82.8393012,35.9393957],[-82.8392583,35.9391984],[-82.8392704,35.9390281],[-82.8393602,35.9386485],[-82.8393627,35.9385622],[-82.839343,35.9384278],[-82.8392821,35.9382258],[-82.8391572,35.9379234],[-82.8389686,35.937633],[-82.8388769,35.9375083],[-82.838642,35.9372779],[-82.8385045,35.9371926],[-82.8382846,35.9371104],[-82.8380827,35.937066],[-82.8378929,35.9370372],[-82.8376766,35.9370373],[-82.8373627,35.9370488],[-82.8369251,35.9370377],[-82.836376,35.9370418],[-82.8360403,35.9370018],[-82.835715,35.9369584],[-82.8355535,35.9368972],[-82.8352801,35.9366933],[-82.8350303,35.9363953],[-82.8349733,35.9363046],[-82.8348524,35.9362032],[-82.8346214,35.9360464],[-82.8337782,35.935769],[-82.8335867,35.9356827],[-82.8334751,35.9356039],[-82.8333363,35.9354574],[-82.8332073,35.9352436],[-82.8330269,35.9348003],[-82.832953,35.934518],[-82.8329055,35.9342931],[-82.83288,35.9340852],[-82.8328601,35.933846],[-82.8328625,35.9335657],[-82.8328428,35.9333702],[-82.8328249,35.9332244],[-82.8327723,35.9330845],[-82.8326592,35.9329771],[-82.8325452,35.932887],[-82.8324075,35.9328181],[-82.8322841,35.9327912],[-82.8316622,35.932687],[-82.8313713,35.9326444],[-82.8311999,35.9326367],[-82.8309605,35.932596],[-82.830673,35.9326382],[-82.8305258,35.9326465],[-82.8303625,35.9326755],[-82.8301068,35.9327365],[-82.8298831,35.932821],[-82.8297417,35.9328606],[-82.8295454,35.9329027],[-82.8293903,35.9329311],[-82.829252,35.9329364],[-82.8290623,35.9329352],[-82.8289009,35.9329197],[-82.8287415,35.9328526],[-82.8285891,35.9327402],[-82.8284895,35.9326978],[-82.8283773,35.9326334],[-82.8282368,35.9325468],[-82.8281012,35.9324186],[-82.8280248,35.9322763],[-82.8280044,35.9321783],[-82.8279324,35.9319962],[-82.8278414,35.9316424],[-82.8277683,35.9314816],[-82.8276605,35.9312887],[-82.8274148,35.9309478],[-82.827219,35.9307751],[-82.8270295,35.9306435],[-82.8265308,35.9302613],[-82.8263966,35.9301342],[-82.8262167,35.929999],[-82.8260712,35.9298456],[-82.8258996,35.9296773],[-82.8258502,35.9295785],[-82.8258186,35.9294762],[-82.8258193,35.9293538],[-82.8258334,35.9292258],[-82.8258636,35.9291185],[-82.8259245,35.9289894],[-82.8261181,35.92867],[-82.8265025,35.9281238],[-82.826568,35.9279649],[-82.8265628,35.9278578],[-82.8265245,35.9277458],[-82.8264223,35.9276441],[-82.8263016,35.9275087],[-82.8259513,35.9271948],[-82.8257711,35.9270373],[-82.8253763,35.9267273],[-82.8250118,35.9264289],[-82.824684,35.9261512],[-82.8245701,35.9260391],[-82.8243551,35.9258125],[-82.8240948,35.925525],[-82.823745,35.9250968],[-82.8235553,35.9248647],[-82.8234392,35.9246895],[-82.8233844,35.9245973],[-82.8231919,35.9242367],[-82.8230574,35.9238671],[-82.8229794,35.9236145],[-82.8228828,35.9231939],[-82.8228003,35.9228667],[-82.8226655,35.9225345],[-82.8225892,35.9223721],[-82.8223814,35.9220813],[-82.8222704,35.9220001],[-82.8221668,35.9219152],[-82.821951,35.9218366],[-82.8217925,35.9218175],[-82.8215402,35.921814],[-82.8212774,35.9218369],[-82.8208141,35.9219234],[-82.82052,35.9219714],[-82.8204194,35.9219964],[-82.8203197,35.9220377],[-82.8202144,35.9221036],[-82.8199406,35.9222968],[-82.8196232,35.922569],[-82.819469,35.9226728],[-82.8192723,35.9227897],[-82.8191414,35.9228763],[-82.8190551,35.9229269],[-82.8185826,35.9231407],[-82.8184361,35.9232034],[-82.8182449,35.9232738],[-82.8179635,35.9233535],[-82.8177887,35.9234182],[-82.8175207,35.9235074],[-82.8171123,35.9236238],[-82.816857,35.9236868],[-82.8166256,35.9237318],[-82.8161433,35.9238611],[-82.8160142,35.9239215],[-82.8158223,35.924031],[-82.8157643,35.9241631],[-82.8157263,35.924273],[-82.8156915,35.9243556],[-82.8156423,35.9244428],[-82.8155786,35.924533],[-82.8154945,35.9246453],[-82.8154087,35.9248391],[-82.8153691,35.9249542],[-82.8152993,35.9252697],[-82.8152375,35.9254115],[-82.8151852,35.9254911],[-82.8150891,35.9255541],[-82.8150019,35.9255811],[-82.814895,35.9255814],[-82.8146505,35.9255461],[-82.814494,35.9255113],[-82.8142704,35.9254786],[-82.8139459,35.9254632],[-82.8137749,35.9254327],[-82.8135161,35.9254212],[-82.8131633,35.9253978],[-82.8129258,35.9254071],[-82.8126528,35.9254889],[-82.812427,35.9256386],[-82.8122187,35.9258388],[-82.812048,35.9259593],[-82.8113022,35.9264564],[-82.8109989,35.9266842],[-82.8107451,35.9268397],[-82.8105427,35.9269301],[-82.8103325,35.9269934],[-82.8101591,35.9269921],[-82.8098948,35.9269673],[-82.8091251,35.9268952],[-82.8088588,35.9268567],[-82.8087543,35.9268648],[-82.8083354,35.9269296],[-82.8080493,35.9270095],[-82.8076317,35.9270828],[-82.8073128,35.9271155],[-82.807074,35.9271271],[-82.8065353,35.9270932],[-82.8059666,35.9270257],[-82.8056608,35.9270264],[-82.8053948,35.9270521],[-82.8052437,35.927081],[-82.8050871,35.9271435],[-82.8048869,35.9273034],[-82.8045458,35.9275854],[-82.8042251,35.9278353],[-82.8040106,35.9280833],[-82.8036939,35.9284204],[-82.8035388,35.9285841],[-82.8033904,35.9287063],[-82.8030553,35.9288496],[-82.802868,35.92897],[-82.8027762,35.9290914],[-82.8027233,35.9292107],[-82.802687,35.9293831],[-82.8026794,35.929578],[-82.8027191,35.9297753],[-82.8027526,35.9298667],[-82.8028919,35.9301722],[-82.8032351,35.9306293],[-82.8035464,35.9309981],[-82.8037985,35.9315408],[-82.8040193,35.9321081],[-82.8042675,35.9327442],[-82.8043958,35.9331613],[-82.8044866,35.9335853],[-82.8045554,35.9337298],[-82.80466,35.933877],[-82.8047591,35.9339928],[-82.8052118,35.9343623],[-82.805422,35.9345013],[-82.805554,35.9346535],[-82.8056598,35.9347867],[-82.8057044,35.9348863],[-82.8058189,35.9353269],[-82.805961,35.9358728],[-82.8061051,35.9364353],[-82.8062387,35.9369644],[-82.8063087,35.9373844],[-82.8062888,35.9375326],[-82.8062597,35.9376157],[-82.8061728,35.9377644],[-82.8060674,35.937871],[-82.8059532,35.9379525],[-82.8057272,35.9380669],[-82.8051244,35.9382535],[-82.8047433,35.9383887],[-82.8044662,35.9385031],[-82.8043629,35.9385357],[-82.8041308,35.9386445],[-82.8040218,35.9387132],[-82.8039397,35.9387806],[-82.8039132,35.9388688],[-82.8039126,35.9389593],[-82.8039344,35.9390608],[-82.8039664,35.9391739],[-82.8040665,35.9393542],[-82.8041173,35.9395244],[-82.8041379,35.9396911],[-82.8041227,35.9397789],[-82.8039923,35.9399545],[-82.8038751,35.9400518],[-82.8036198,35.9402526],[-82.803264,35.9405361],[-82.8029613,35.9407192],[-82.8025204,35.9409912],[-82.8024096,35.9410705],[-82.8022273,35.9412249],[-82.8020708,35.9413347],[-82.8019562,35.9414536],[-82.8018971,35.9415176],[-82.8016392,35.9418707],[-82.8015267,35.9420107],[-82.8014099,35.9421897],[-82.80127,35.9424182],[-82.8011506,35.9425625],[-82.8010646,35.9426659],[-82.8009639,35.9428304],[-82.8008407,35.9430155],[-82.8006642,35.9432828],[-82.80056,35.9434508],[-82.8002892,35.9438936],[-82.8000671,35.944256],[-82.7999721,35.9443737],[-82.7998405,35.9445738],[-82.7997268,35.9446769],[-82.7996282,35.944727],[-82.7994762,35.9447988],[-82.7992446,35.9448899],[-82.7989494,35.9450387],[-82.7986735,35.9451885],[-82.7985178,35.9452551],[-82.7983435,35.9453473],[-82.7979925,35.9456168],[-82.7972986,35.9461561],[-82.7971078,35.9462885],[-82.7968638,35.946397],[-82.7965029,35.9464734],[-82.7962689,35.9464826],[-82.7960629,35.9464992],[-82.795603,35.9465547],[-82.7952356,35.946608],[-82.7950712,35.9466406],[-82.7948335,35.9467349],[-82.7946985,35.9468405],[-82.7945451,35.9469395],[-82.7940674,35.9473736],[-82.7939884,35.947508],[-82.7939739,35.9476805],[-82.7939121,35.9479414],[-82.7938153,35.9481417],[-82.7937182,35.9482679],[-82.7928916,35.9488989],[-82.7921493,35.9495897],[-82.7919101,35.9499026],[-82.7917002,35.9503203],[-82.7915897,35.950725],[-82.7915074,35.9508716],[-82.7913793,35.9510043],[-82.7912897,35.9510417],[-82.7911933,35.9510577],[-82.791,35.951075],[-82.790755,35.9510866],[-82.7906425,35.9511064],[-82.7905155,35.9511387],[-82.7903867,35.9511903],[-82.7902286,35.9513144],[-82.7901153,35.9514907],[-82.7898841,35.9517088],[-82.7897973,35.9517839],[-82.7896333,35.951796],[-82.7895266,35.9517711],[-82.7891932,35.9516135],[-82.7889289,35.9515015],[-82.7886933,35.9514884],[-82.7885431,35.9515447],[-82.7884343,35.9515731],[-82.7883347,35.9516128],[-82.7881829,35.951647],[-82.7880037,35.9517095],[-82.7878278,35.9518063],[-82.7876737,35.9519137],[-82.7875627,35.9520214],[-82.7874745,35.9521765],[-82.7873534,35.9525042],[-82.7873256,35.9529099],[-82.7872837,35.9533027],[-82.7872156,35.9538702],[-82.7871657,35.954249],[-82.7871028,35.9546954],[-82.7870965,35.9547955],[-82.7870799,35.9550023],[-82.7870837,35.9550923],[-82.7870862,35.955154],[-82.7871246,35.9553229],[-82.7871121,35.9554201],[-82.7871041,35.9555971],[-82.7870482,35.9557788],[-82.7869809,35.9559306],[-82.7868824,35.9560498],[-82.7866752,35.9562815],[-82.7865327,35.9564416],[-82.7862862,35.9566334],[-82.7861245,35.9568408],[-82.786042,35.957064],[-82.7859954,35.9571897],[-82.7858633,35.9574877],[-82.7857885,35.9576899],[-82.7856048,35.9580825],[-82.7854996,35.9583078],[-82.785431,35.9585184],[-82.7853551,35.9587521],[-82.7853067,35.9590766],[-82.7852709,35.959339],[-82.7852688,35.9594877],[-82.7852611,35.959668],[-82.7852533,35.9597609],[-82.7852278,35.9602363],[-82.7852164,35.9604059],[-82.7852203,35.9606266],[-82.7852289,35.9609336],[-82.7852334,35.9610518],[-82.7852497,35.9611711],[-82.7852588,35.9612388],[-82.7852709,35.9615002],[-82.7852779,35.9616457],[-82.7852683,35.9618325],[-82.7852619,35.9619596],[-82.7851427,35.9622955],[-82.7850477,35.9624894],[-82.7848211,35.9627284],[-82.7846893,35.9628816],[-82.7844674,35.9632356],[-82.7843639,35.9634582],[-82.7841772,35.9636661],[-82.7841164,35.9637511],[-82.783972,35.9639291],[-82.7837981,35.9641271],[-82.7834064,35.9645017],[-82.7829229,35.9649118],[-82.7825921,35.9651547],[-82.7823223,35.9652686],[-82.781736,35.9654424],[-82.7812797,35.9656269],[-82.7810681,35.9657377],[-82.7808563,35.9658259],[-82.780652,35.965891],[-82.7802883,35.9659983],[-82.7799638,35.9660544],[-82.7794788,35.966162],[-82.778712,35.9664102],[-82.7783372,35.9665823],[-82.7781451,35.9666922],[-82.7780369,35.9667829],[-82.7778903,35.9669333],[-82.7778175,35.9670323],[-82.7777138,35.9671892],[-82.7773941,35.9677454],[-82.7772137,35.9682737],[-82.7771481,35.9685385],[-82.7770782,35.9687233],[-82.7770524,35.9688657],[-82.7769894,35.9690937],[-82.7769513,35.9693558],[-82.7768905,35.9696582],[-82.776729,35.9699809],[-82.7766791,35.9700924],[-82.7764561,35.9707746],[-82.7764029,35.9708738],[-82.776309,35.9710149],[-82.7760597,35.9713077],[-82.7760081,35.9713576],[-82.775879,35.9714348],[-82.7756505,35.97154],[-82.7752883,35.971676],[-82.7751724,35.9717509],[-82.7750898,35.9718351],[-82.7750409,35.9719767],[-82.7750663,35.9721276],[-82.7751189,35.9722592],[-82.7751677,35.9723292],[-82.7752398,35.9724619],[-82.7753764,35.9726079],[-82.7755493,35.9727629],[-82.7756544,35.9728963],[-82.7758558,35.9731799],[-82.7762084,35.9737654],[-82.7763392,35.9739205],[-82.776425,35.9740029],[-82.7765092,35.9740647],[-82.7766149,35.9741038],[-82.7767621,35.9741383],[-82.7776256,35.9743039],[-82.7777298,35.9743503],[-82.7778113,35.9743957],[-82.7781249,35.9746154],[-82.7782258,35.9746698],[-82.7784085,35.9747257],[-82.7785341,35.9747351],[-82.7787042,35.9747367],[-82.778924,35.9747113],[-82.7790218,35.9746769],[-82.7791216,35.9746578],[-82.7792094,35.9746057],[-82.7793529,35.9745605],[-82.7795335,35.9744844],[-82.7797884,35.9743748],[-82.7799999,35.9742734],[-82.7801206,35.9742231],[-82.7805334,35.9741388],[-82.7807278,35.9741322],[-82.7809197,35.9741328],[-82.7812608,35.9741967],[-82.781591,35.9743035],[-82.782001,35.9745403],[-82.782314,35.9746837],[-82.7826218,35.9748636],[-82.7826955,35.9749366],[-82.7828476,35.9750989],[-82.7832178,35.9755919],[-82.783334,35.9757644],[-82.7841533,35.9765288],[-82.7845337,35.9768238],[-82.7846954,35.9769022],[-82.7853044,35.9771681],[-82.7854621,35.977282],[-82.7855748,35.9774135],[-82.7856492,35.9775457],[-82.78569,35.9776932],[-82.7856945,35.9778479],[-82.7856509,35.9780417],[-82.785612,35.978174],[-82.7855085,35.9783493],[-82.7854447,35.9785167],[-82.7853777,35.9787277],[-82.7852235,35.9794316],[-82.7852104,35.9796548],[-82.7851746,35.9798999],[-82.7851685,35.979984],[-82.7851441,35.9801276],[-82.7850992,35.9802369],[-82.7850093,35.9803285],[-82.7848914,35.9804116],[-82.7848118,35.9804845],[-82.7847512,35.9805994],[-82.7847453,35.9806889],[-82.7847047,35.9808992],[-82.784707,35.9810973],[-82.7847093,35.9812846],[-82.7845176,35.9817305],[-82.7844796,35.9818906],[-82.7844791,35.9821657],[-82.7845029,35.9823805],[-82.7845482,35.9825502],[-82.7846499,35.982861],[-82.7847278,35.9830553],[-82.7848716,35.9833466],[-82.7850153,35.9836579],[-82.7851875,35.9841258],[-82.7852056,35.984236],[-82.7852073,35.9843411],[-82.7851908,35.984499],[-82.7851637,35.9846244],[-82.7851238,35.9847607],[-82.7850603,35.9849419],[-82.7850194,35.9850238],[-82.7849853,35.9852298],[-82.7849359,35.9854102],[-82.7849229,35.9855584],[-82.7849311,35.986008],[-82.7849388,35.9861789],[-82.7849699,35.9864244],[-82.7849875,35.9866872],[-82.7849956,35.9868098],[-82.7850249,35.9869831],[-82.7850447,35.9870983],[-82.7850667,35.9872261],[-82.7850976,35.9874061],[-82.7851312,35.9876036],[-82.7852492,35.9879597],[-82.7852868,35.9881382],[-82.7853065,35.9883908],[-82.7852799,35.9885461],[-82.7852457,35.9886195],[-82.7851705,35.9886923],[-82.7850841,35.9887386],[-82.7849873,35.9887992],[-82.7848864,35.988837],[-82.7847484,35.9888722],[-82.7846061,35.9889321],[-82.7845266,35.9889767],[-82.7844326,35.9890243],[-82.7843061,35.9891453],[-82.7842419,35.9892254],[-82.7841012,35.9893411],[-82.7839859,35.9894263],[-82.7837426,35.9895137],[-82.7833354,35.9896065],[-82.7829619,35.9897063],[-82.782625,35.989823],[-82.7824177,35.9899911],[-82.7822603,35.9902326],[-82.7819719,35.9906707],[-82.7818259,35.9907829],[-82.7816844,35.9908494],[-82.7815461,35.9908738],[-82.7811145,35.9908898],[-82.7809088,35.9909032],[-82.7807834,35.9909662],[-82.7806686,35.9911082],[-82.7806333,35.9911845],[-82.7806012,35.9912998],[-82.7805815,35.9914288],[-82.7805979,35.9915623],[-82.7805576,35.9917963],[-82.7803113,35.9919089],[-82.7793187,35.992212],[-82.7792167,35.9922952],[-82.7791015,35.9925514],[-82.7790692,35.992659],[-82.7790662,35.9929708],[-82.7790277,35.9935141],[-82.7789434,35.9938572],[-82.778927,35.9939237],[-82.7789144,35.9939975],[-82.7788795,35.9941884],[-82.7788529,35.9943392],[-82.778838,35.9944438],[-82.7788255,35.9945348],[-82.7787698,35.9947226],[-82.7786821,35.9948536],[-82.7784489,35.9951654],[-82.7782042,35.9954911],[-82.7781365,35.9956299],[-82.778095,35.9957575],[-82.77807,35.9958685],[-82.7780644,35.9960673],[-82.7781267,35.9963665],[-82.7781645,35.9966573],[-82.7781608,35.996885],[-82.7781476,35.9970884],[-82.7781119,35.9972308],[-82.7780787,35.9973157],[-82.7780389,35.9973865],[-82.7779814,35.9974648],[-82.7779343,35.997545],[-82.777859,35.9976618],[-82.7777908,35.997795],[-82.7777584,35.9978884],[-82.7777644,35.9980045],[-82.7777012,35.9982609],[-82.7776512,35.9983743],[-82.7775915,35.9984767],[-82.7773819,35.998644],[-82.7772684,35.9986862],[-82.7770922,35.99871],[-82.7769717,35.998709],[-82.7768398,35.9986847],[-82.7764907,35.9986005],[-82.7762967,35.9986154],[-82.7761553,35.9986827],[-82.7760442,35.9987985],[-82.7759215,35.9989405],[-82.7758602,35.9990539],[-82.7758194,35.9991839],[-82.7758036,35.9992989],[-82.7758053,35.999441],[-82.7758246,35.9995822],[-82.7758632,35.9997735],[-82.7759208,35.9999071],[-82.7759441,35.9999602],[-82.7759927,36.0000565],[-82.7760217,36.0001143],[-82.776101,36.0003057],[-82.7760852,36.0004511],[-82.7760512,36.0005821],[-82.7759907,36.0007311],[-82.7758716,36.0009225],[-82.7757623,36.0010572],[-82.7756731,36.0010739],[-82.7749435,36.0008143],[-82.7746844,36.0007447],[-82.7740282,36.0006546],[-82.7735135,36.0006258],[-82.7727084,36.0006062],[-82.7724835,36.000619],[-82.7722807,36.0006524],[-82.7719109,36.0007656],[-82.7717772,36.0008568],[-82.771617,36.0010621],[-82.7713932,36.0012546],[-82.7710494,36.0015119],[-82.7709385,36.0015789],[-82.7708431,36.001612],[-82.7706656,36.001623],[-82.7703548,36.0016329],[-82.7701692,36.0016545],[-82.7699054,36.0017332],[-82.7696358,36.0018337],[-82.7693092,36.0019319],[-82.7689912,36.0020183],[-82.7688204,36.0021049],[-82.7686432,36.0022078],[-82.7684608,36.0022908],[-82.767829,36.002484],[-82.7675957,36.0025267],[-82.7670009,36.0025808],[-82.7666711,36.0026235],[-82.7664343,36.0026746],[-82.7660197,36.0028419],[-82.7657127,36.0029847],[-82.7655178,36.0031067],[-82.7652636,36.0033113],[-82.7649345,36.0035484],[-82.764582,36.0037552],[-82.763951,36.0039615],[-82.7633914,36.0042638],[-82.7631881,36.0043915],[-82.763104,36.00448],[-82.7629202,36.0046957],[-82.7628498,36.004758],[-82.7627506,36.0048056],[-82.7625736,36.0048501],[-82.7624154,36.0048606],[-82.7622275,36.0048601],[-82.7619844,36.0049037],[-82.7617637,36.0049601],[-82.7616219,36.0049914],[-82.7614594,36.0050165],[-82.7608712,36.0050082],[-82.7605057,36.0050208],[-82.7603566,36.0050711],[-82.7602165,36.0050964],[-82.7601088,36.0050955],[-82.7599902,36.0050793],[-82.7598677,36.0050275],[-82.7597289,36.00494],[-82.7594078,36.0046436],[-82.7592329,36.0044466],[-82.7590721,36.0042278],[-82.7589498,36.0041515],[-82.7587884,36.0041124],[-82.7586671,36.0041178],[-82.7581847,36.0042169],[-82.7576531,36.0043394],[-82.7574388,36.0043763],[-82.7571708,36.0044032],[-82.7568216,36.0044198],[-82.7560484,36.0044304],[-82.7555349,36.0043913],[-82.7551022,36.0043257],[-82.7548874,36.0043145],[-82.7546969,36.0043251],[-82.7545547,36.0043525],[-82.7544431,36.0043969],[-82.7543266,36.0044652],[-82.7542386,36.0045263],[-82.75413,36.0046138],[-82.7540116,36.0047219],[-82.7537289,36.0050907],[-82.7535304,36.0053292],[-82.7532928,36.0055992],[-82.7531966,36.0057074],[-82.7530319,36.0058615],[-82.7527299,36.0061148],[-82.7525701,36.0062088],[-82.7524855,36.0062267],[-82.7521707,36.0062074],[-82.7519934,36.006186],[-82.7517158,36.0061478],[-82.751515,36.0060996],[-82.7512198,36.0060162],[-82.7510427,36.0059833],[-82.7507517,36.0059497],[-82.7505499,36.0059394],[-82.7503891,36.0059443],[-82.750225,36.005988],[-82.7501644,36.006104],[-82.7501499,36.0062042],[-82.7501377,36.0063808],[-82.7501512,36.0065518],[-82.7501577,36.0067518],[-82.7502318,36.0071808],[-82.7502652,36.0072906],[-82.7504003,36.007588],[-82.750496,36.0077317],[-82.7506167,36.0079511],[-82.7508855,36.0086954],[-82.750869,36.008809],[-82.7507877,36.0088849],[-82.7502122,36.009166],[-82.7498607,36.0093163],[-82.7491528,36.0097301],[-82.7488457,36.0098652],[-82.7486264,36.0099213],[-82.7483524,36.0099412],[-82.7481281,36.0099313],[-82.7478846,36.0098824],[-82.7476157,36.0098039],[-82.746899,36.0095566],[-82.7465351,36.009508],[-82.7461005,36.0095243],[-82.7456277,36.0096203],[-82.7452027,36.0097938],[-82.7446095,36.0101294],[-82.7443483,36.0102922],[-82.744114,36.0104777],[-82.7439059,36.0105988],[-82.7435586,36.0107481],[-82.7433987,36.0108336],[-82.7433307,36.0109443],[-82.743315,36.0110769],[-82.7433648,36.0114575],[-82.7432969,36.011622],[-82.7427966,36.0121425],[-82.7425472,36.0123678],[-82.7422621,36.0124854],[-82.7420693,36.0124946],[-82.7418762,36.0124573],[-82.7411237,36.0121151],[-82.7408573,36.0120098],[-82.7406083,36.0120084],[-82.7402886,36.0121404],[-82.7400911,36.0123005],[-82.7396833,36.0129137],[-82.7395655,36.0131743],[-82.7395233,36.0134954],[-82.7394971,36.0138769],[-82.7395243,36.0141257],[-82.7396048,36.0143828],[-82.7396207,36.0145511],[-82.7395798,36.0147166],[-82.7394173,36.0148248],[-82.7391214,36.0149859],[-82.7388551,36.0151023],[-82.7384649,36.0152322],[-82.7379913,36.0153105],[-82.7375046,36.0153378],[-82.7360094,36.0152074],[-82.7350838,36.0151408],[-82.7345648,36.0152145],[-82.734215,36.0153177],[-82.7338711,36.0154941],[-82.7336046,36.0156896],[-82.7332903,36.0159979],[-82.7329661,36.0163043],[-82.7323094,36.0173366],[-82.7321707,36.0174492],[-82.7319683,36.0175205],[-82.7313671,36.0175326],[-82.7308016,36.0175607],[-82.7304665,36.017605],[-82.7300892,36.0177334],[-82.729745,36.0178845],[-82.7292687,36.0180414],[-82.7286013,36.0182707],[-82.7284098,36.0183368],[-82.7280101,36.0184244],[-82.7274891,36.0184738],[-82.7272803,36.0184793],[-82.7270573,36.0184633],[-82.726765,36.0183867],[-82.7262429,36.0181995],[-82.7258974,36.0181174],[-82.7257108,36.018096],[-82.7254644,36.0181681],[-82.7250415,36.0183678],[-82.7247263,36.0185161],[-82.7241363,36.018809],[-82.7233436,36.0192006],[-82.7229108,36.0195201],[-82.7217342,36.0202477],[-82.7212914,36.0205403],[-82.7208783,36.0208483],[-82.720234,36.0213512],[-82.7198797,36.0215813],[-82.7194098,36.0217895],[-82.7191808,36.0218729],[-82.7188366,36.0219616],[-82.7184399,36.0220052],[-82.7179901,36.0220165],[-82.717701,36.0220383],[-82.7171972,36.0221523],[-82.7164738,36.0224175],[-82.7163227,36.0225187],[-82.7160237,36.0228386],[-82.7158404,36.0230362],[-82.7156755,36.0231976],[-82.7154708,36.0233922],[-82.7153444,36.0235598],[-82.7153604,36.0237317],[-82.7154205,36.0239117],[-82.7155246,36.0243139],[-82.7156632,36.0246812],[-82.7157117,36.0254211],[-82.7157241,36.0256267],[-82.7157187,36.0258168],[-82.7156222,36.0263349],[-82.7155681,36.0271792],[-82.7155162,36.0276694],[-82.7153893,36.0283023],[-82.7152933,36.0285443],[-82.7151462,36.0286489],[-82.714904,36.028715],[-82.7143183,36.0287695],[-82.7137631,36.0288543],[-82.7132327,36.0289342],[-82.7124051,36.0290837],[-82.7119301,36.0291985],[-82.711492,36.029337],[-82.7109614,36.0295391],[-82.7105997,36.0296951],[-82.710387,36.0298317],[-82.7102452,36.0298927],[-82.7101344,36.0298918],[-82.7099086,36.0298042],[-82.7096843,36.0297052],[-82.7094399,36.0296829],[-82.7089462,36.0296826],[-82.7086432,36.0297275],[-82.707999,36.0300156],[-82.7077792,36.0301025],[-82.707251,36.0302987],[-82.7068059,36.0305185],[-82.7063561,36.0307293],[-82.7059935,36.0309346],[-82.705357,36.0314208],[-82.7052051,36.0315361],[-82.7048294,36.0317495],[-82.7045615,36.0318511],[-82.704097,36.0320259],[-82.7035923,36.0322447],[-82.7032929,36.0323394],[-82.7029959,36.0324156],[-82.7021858,36.0325316],[-82.701933,36.032587],[-82.7018006,36.0326568],[-82.7017451,36.0327623],[-82.7016797,36.0332916],[-82.7015849,36.0337899],[-82.7014962,36.0341348],[-82.7013924,36.0342632],[-82.7012326,36.0343671],[-82.7008775,36.0343834],[-82.7002096,36.0343832],[-82.699536,36.034334],[-82.698979,36.0343113],[-82.6986195,36.034228],[-82.6983446,36.0341797],[-82.6981917,36.0342075],[-82.6980523,36.0342732],[-82.6979576,36.0344164],[-82.6979391,36.0347023],[-82.697925,36.0350547],[-82.6978415,36.0352316],[-82.6976792,36.0354565],[-82.6974579,36.0356528],[-82.6972276,36.0357894],[-82.6968962,36.0358854],[-82.6965743,36.0359592],[-82.6957636,36.0362696],[-82.69531,36.0364361],[-82.6947782,36.0365694],[-82.6941585,36.0366812],[-82.6935528,36.0368559],[-82.6931064,36.0370292],[-82.6927165,36.0371881],[-82.6923099,36.0373177],[-82.6917613,36.0374409],[-82.6912932,36.0375386],[-82.6908521,36.0377535],[-82.690599,36.0378392],[-82.690482,36.0378788],[-82.6901509,36.0379505],[-82.6895877,36.0381684],[-82.6891677,36.0384319],[-82.6887182,36.0387849],[-82.6885303,36.0389313],[-82.6882911,36.0391176],[-82.6878681,36.0394743],[-82.6875585,36.0397331],[-82.687032,36.0402705],[-82.6868138,36.0404926],[-82.6865126,36.0407818],[-82.6863767,36.0409122],[-82.6859898,36.0414287],[-82.6856843,36.0419959],[-82.6856148,36.042114],[-82.6855801,36.042201],[-82.6854637,36.0424931],[-82.685336,36.0429713],[-82.6852942,36.0435696],[-82.6852267,36.0440298],[-82.6850749,36.0444419],[-82.6848787,36.044865],[-82.6845117,36.0453885],[-82.684237,36.0456712],[-82.6840752,36.0458034],[-82.6837869,36.0459193],[-82.6834425,36.0459613],[-82.6829697,36.0459171],[-82.6826215,36.0459006],[-82.6823233,36.0459064],[-82.6820265,36.0460118],[-82.6814584,36.0463177],[-82.6810214,36.0466845],[-82.6808648,36.0468181],[-82.680581,36.0470841],[-82.6803369,36.0473125],[-82.6799634,36.0477046],[-82.6797195,36.0479562],[-82.6793969,36.0482572],[-82.6790022,36.048484],[-82.6787757,36.0485708],[-82.6785352,36.04861],[-82.6780954,36.0485814],[-82.6776583,36.0485716],[-82.6765336,36.0486194],[-82.6758375,36.0486319],[-82.6753631,36.0487197],[-82.6748585,36.0488419],[-82.6744752,36.0492261],[-82.6743142,36.0494111],[-82.6740786,36.0495433],[-82.6735445,36.049731],[-82.6732859,36.0499144],[-82.6731093,36.0501043],[-82.6730084,36.0503066],[-82.6729046,36.0505735],[-82.6727569,36.050989],[-82.6726571,36.0513499],[-82.6724595,36.0516152],[-82.6723523,36.0517028],[-82.6722237,36.051774],[-82.6720606,36.0518125],[-82.6718556,36.0518125],[-82.6716214,36.051818],[-82.6712291,36.0520157],[-82.6710592,36.0521928],[-82.6708683,36.0525],[-82.6707663,36.0527798],[-82.6706733,36.052907],[-82.6705652,36.0529823],[-82.6704054,36.0530158],[-82.6700471,36.0530189],[-82.6693644,36.0530054],[-82.668517,36.0530362],[-82.6676992,36.0529932],[-82.6669993,36.0529278],[-82.6666881,36.0529332],[-82.6663492,36.0530426],[-82.6661403,36.0531483],[-82.6657464,36.0534333],[-82.6653476,36.0536943],[-82.6648337,36.0540243],[-82.6646575,36.054137],[-82.6643549,36.0542754],[-82.6639077,36.0544489],[-82.6633682,36.054659],[-82.6629107,36.0548567],[-82.662466,36.0550604],[-82.6620123,36.0552787],[-82.6618567,36.0553555],[-82.6612275,36.0555498],[-82.660805,36.0556797],[-82.6605905,36.0557729],[-82.6603329,36.0559992],[-82.6601046,36.0562515],[-82.6597973,36.0565941],[-82.6594184,36.0570276],[-82.6592699,36.0571257],[-82.6588875,36.0571023],[-82.6585192,36.0570402],[-82.6580607,36.0569205],[-82.6575325,36.0567394],[-82.6569507,36.0564974],[-82.656553,36.0563869],[-82.6556616,36.056316],[-82.6549456,36.0562884],[-82.6546093,36.0563883],[-82.6543008,36.0565487],[-82.6538714,36.0568247],[-82.6536019,36.0569386],[-82.6531906,36.0570643],[-82.6515353,36.0573769],[-82.650883,36.0577417],[-82.6502905,36.058114],[-82.6498743,36.0583434],[-82.6493181,36.058626],[-82.648335,36.059097],[-82.6476382,36.0594301],[-82.6473739,36.0596152],[-82.6472008,36.0598154],[-82.6468959,36.0603552],[-82.6465309,36.060768],[-82.6461582,36.0610835],[-82.6456651,36.0614591],[-82.6449522,36.0619222],[-82.64473,36.062072],[-82.6442508,36.0624378],[-82.6439086,36.0626364],[-82.6431451,36.0629345],[-82.6422825,36.0632363],[-82.641782,36.0634084],[-82.6409948,36.0636674],[-82.6397619,36.0643755],[-82.6392466,36.0646503],[-82.6387516,36.0648874],[-82.6382058,36.0650922],[-82.6379514,36.0652335],[-82.637422,36.0657381],[-82.6372314,36.0658266],[-82.6369824,36.0658457],[-82.6365242,36.065821],[-82.6360618,36.0658335],[-82.6354945,36.0658428],[-82.6348845,36.0658529],[-82.6344551,36.0658258],[-82.6340772,36.0657864],[-82.633758,36.0657382],[-82.6334174,36.0657374],[-82.633219,36.0657706],[-82.6329536,36.0658696],[-82.6327669,36.0659237],[-82.6326133,36.0659181],[-82.6325497,36.0658622],[-82.6324298,36.0657095],[-82.632369,36.0655449],[-82.6323213,36.0651162],[-82.6323781,36.0648143],[-82.6323957,36.0646212],[-82.6323836,36.0644534],[-82.6323343,36.064312],[-82.6321981,36.06414],[-82.6320555,36.0640252],[-82.6317514,36.0638505],[-82.6313349,36.0636787],[-82.6307045,36.0633726],[-82.6302352,36.0630866],[-82.629398,36.0625526],[-82.6291861,36.06242],[-82.6284853,36.0621026],[-82.6281754,36.0619317],[-82.6275125,36.0614561],[-82.6270381,36.0611276],[-82.6267947,36.0609696],[-82.6264391,36.060752],[-82.626281,36.0606734],[-82.6260588,36.0605863],[-82.6256509,36.0605196],[-82.6251754,36.0603938],[-82.6248673,36.0602608],[-82.6247526,36.0601836],[-82.6246033,36.0600189],[-82.6244743,36.0597501],[-82.624311,36.059514],[-82.6241196,36.0593311],[-82.6235951,36.0591062],[-82.6233572,36.0589267],[-82.62319,36.0587594],[-82.6231138,36.0585822],[-82.6230225,36.058284],[-82.6229341,36.0580639],[-82.6228261,36.0579027],[-82.622616,36.0577104],[-82.6223715,36.0575973],[-82.6220833,36.0575481],[-82.6212643,36.057521],[-82.620804,36.0574872],[-82.6199709,36.0573398],[-82.6196768,36.0571813],[-82.619153,36.0568995],[-82.6186716,36.0566153],[-82.6182468,36.056249],[-82.6179595,36.0559181],[-82.6178047,36.0555045],[-82.6177443,36.0552034],[-82.6177106,36.0549898],[-82.6175877,36.0547798],[-82.6173956,36.0545568],[-82.6171487,36.0543085],[-82.6170739,36.0540771],[-82.6170459,36.0537755],[-82.6171,36.053514],[-82.6172552,36.053161],[-82.6176144,36.0526312],[-82.6177247,36.0524688],[-82.617816,36.0522979],[-82.6178642,36.0520432],[-82.6178956,36.0512915],[-82.6179226,36.0506376],[-82.6179525,36.0498491],[-82.6179895,36.0490948],[-82.6180717,36.0485269],[-82.6181718,36.0482253],[-82.6183272,36.0478795],[-82.6185114,36.0475322],[-82.6185501,36.0473955],[-82.6185498,36.0471517],[-82.6185088,36.0470318],[-82.618387,36.0469221],[-82.6182304,36.046856],[-82.6180615,36.0468401],[-82.6176528,36.0468732],[-82.6171796,36.0469565],[-82.616712,36.0469563],[-82.6163891,36.0469123],[-82.6161938,36.0468514],[-82.6155036,36.0464917],[-82.6151174,36.0463191],[-82.6148454,36.0462872],[-82.6146119,36.0463089],[-82.6139074,36.0465558],[-82.6137513,36.0465948],[-82.6134785,36.0466006],[-82.6133051,36.0465559],[-82.6129951,36.0464035],[-82.612509,36.0461153],[-82.6119674,36.0457732],[-82.6117947,36.0456166],[-82.6116187,36.045354],[-82.6114671,36.0452521],[-82.611266,36.0450987],[-82.6110795,36.0449929],[-82.6104268,36.0449429],[-82.6098894,36.0449664],[-82.6095809,36.0449001],[-82.6092175,36.0447152],[-82.6086589,36.0444141],[-82.6083646,36.0442114],[-82.6081669,36.0440196],[-82.6079312,36.043657],[-82.6075629,36.0430226],[-82.6073276,36.042575],[-82.6071502,36.042366],[-82.6070142,36.0422205],[-82.606543,36.0418384],[-82.6063236,36.0415772],[-82.6059678,36.0411009],[-82.6058665,36.0409495],[-82.6057175,36.0408288],[-82.6055278,36.0407301],[-82.6051567,36.0406092],[-82.6047256,36.0405053],[-82.6037749,36.0402632],[-82.6032411,36.039894],[-82.6029967,36.0396961],[-82.602768,36.0395061],[-82.6024329,36.0392538],[-82.6023008,36.0391554],[-82.6020775,36.0388923],[-82.6018813,36.0386617],[-82.6017308,36.0384183],[-82.6016775,36.0382305],[-82.6017189,36.0379767],[-82.6018447,36.0374539],[-82.6020011,36.0368305],[-82.6020221,36.0366768],[-82.6019317,36.0363306],[-82.6018102,36.0361368],[-82.6016634,36.0360617],[-82.601428,36.0360223],[-82.6012069,36.0360224],[-82.6007387,36.0360662],[-82.600197,36.0362022],[-82.5998596,36.0363092],[-82.5995832,36.036358],[-82.5990029,36.0365126],[-82.5983972,36.0365964],[-82.5973477,36.0366961],[-82.5967724,36.0367753],[-82.595997,36.0366625],[-82.5957426,36.0365513],[-82.5953967,36.0364687],[-82.5946959,36.0362304],[-82.5943931,36.0363116],[-82.5938213,36.0363066],[-82.593205,36.0362118],[-82.5924639,36.0359368],[-82.5919907,36.0358068],[-82.591448,36.0355711],[-82.5913569,36.0352788],[-82.5913176,36.0348988],[-82.5912616,36.0344022],[-82.5909494,36.0339912],[-82.5907938,36.0336423],[-82.5907297,36.0333114],[-82.5907299,36.0326042],[-82.5908524,36.0318965],[-82.5909083,36.0317109],[-82.5909976,36.0315826],[-82.5911265,36.0315106],[-82.5914605,36.0314141],[-82.5918562,36.0312564],[-82.5930633,36.0306375],[-82.593452,36.0304356],[-82.59422,36.0299902],[-82.5949059,36.0296499],[-82.595528,36.029252],[-82.5969723,36.0282994],[-82.5983086,36.0274503],[-82.598593,36.0272102],[-82.5993819,36.0263831],[-82.5997688,36.0260375],[-82.5999291,36.0258103],[-82.5999873,36.0256036],[-82.6000958,36.0254608],[-82.6002495,36.0253412],[-82.6006586,36.0251407],[-82.6010316,36.0249053],[-82.6016451,36.0244935],[-82.602202,36.0240308],[-82.6025729,36.0237232],[-82.6029272,36.0233768],[-82.6031545,36.0230386],[-82.6032405,36.0228596],[-82.6033235,36.0222472],[-82.6034702,36.0219743],[-82.6036018,36.0218151],[-82.6037459,36.0215213],[-82.6037575,36.0214249],[-82.6037324,36.021286],[-82.6035568,36.0209948],[-82.6034064,36.020696],[-82.6032827,36.0202404],[-82.6032832,36.0196666],[-82.6033238,36.0193272],[-82.6033181,36.019206],[-82.6032869,36.0191191],[-82.6030128,36.0186578],[-82.6029248,36.0184601],[-82.6028432,36.0181243],[-82.6028164,36.0179376],[-82.6028434,36.0177639],[-82.6029235,36.0176376],[-82.6030184,36.0175653],[-82.6032427,36.0174425],[-82.6035827,36.0173295],[-82.6040949,36.0171905],[-82.6047931,36.0170492],[-82.605218,36.0169495],[-82.6055838,36.016822],[-82.6059438,36.0166881],[-82.6063933,36.016516],[-82.6070352,36.0162769],[-82.60733,36.0161163],[-82.6075584,36.0159581],[-82.6077633,36.0157626],[-82.6080681,36.0153687],[-82.608191,36.0150622],[-82.6082989,36.0145655],[-82.6083961,36.013955],[-82.6085072,36.0131312],[-82.6085405,36.0127525],[-82.6086415,36.0124477],[-82.6087085,36.0123173],[-82.6088508,36.0121339],[-82.6090443,36.0119124],[-82.6092202,36.0116716],[-82.6092454,36.0114846],[-82.6093951,36.0111666],[-82.6094469,36.0110491],[-82.6094674,36.0109504],[-82.6094183,36.0108744],[-82.6092238,36.0108059],[-82.6084388,36.0106493],[-82.6076959,36.0105473],[-82.6075117,36.0105277],[-82.6073631,36.0104978],[-82.6071378,36.0104911],[-82.6069944,36.0104769],[-82.6068813,36.0104363],[-82.6070447,36.0102632],[-82.6071721,36.0100486],[-82.6072933,36.0099179],[-82.6077964,36.0097159],[-82.6079546,36.0095655],[-82.608071,36.0093937],[-82.6082126,36.009043],[-82.6085882,36.0082954],[-82.6087911,36.008067],[-82.6094374,36.0077833],[-82.6098916,36.0073992],[-82.6103116,36.0073456],[-82.6105509,36.0072752],[-82.6106908,36.0071858],[-82.6108096,36.0070582],[-82.6109439,36.0068358],[-82.6110718,36.0067106],[-82.6112732,36.0065995],[-82.6116306,36.0064482],[-82.6118586,36.0063024],[-82.6120416,36.0060681],[-82.6121905,36.0057613],[-82.6122643,36.0054899],[-82.6123328,36.0053322],[-82.6129208,36.004771],[-82.6130105,36.0047809],[-82.6136993,36.0049389],[-82.613829,36.0049235],[-82.613907,36.0047787],[-82.6140131,36.0046158],[-82.6141318,36.0043553],[-82.6142897,36.0038517],[-82.6142703,36.0037141],[-82.614371,36.0034514],[-82.6144217,36.0030441],[-82.6145726,36.0026953],[-82.6148111,36.0022974],[-82.614932,36.0020501],[-82.615001,36.0016421],[-82.6150242,36.0013784],[-82.6150797,36.001182],[-82.6151487,36.0009971],[-82.6151825,36.0008248],[-82.6151368,36.000446],[-82.6150549,36.0000847],[-82.6149284,35.9997063],[-82.6148349,35.9993394],[-82.614754,35.9991264],[-82.6143804,35.9984465],[-82.614089,35.997912],[-82.613711,35.9971921],[-82.6135876,35.9967988],[-82.6135168,35.9966553],[-82.6132714,35.9962223],[-82.6131007,35.9958688],[-82.6130031,35.9956316],[-82.6129274,35.9953511],[-82.6128734,35.9950738],[-82.6128598,35.9946255],[-82.6128902,35.9944796],[-82.6128907,35.994354],[-82.6129195,35.994124],[-82.612944,35.9939549],[-82.6129481,35.9937651],[-82.6129011,35.9936055],[-82.6126291,35.9934628],[-82.6123699,35.9934039],[-82.6121089,35.9933633],[-82.6119985,35.9933459],[-82.6114743,35.9932089],[-82.6113083,35.9931938],[-82.6111194,35.9931826],[-82.6109776,35.993152],[-82.6108237,35.9931059],[-82.6106808,35.9930736],[-82.6101407,35.9929955],[-82.6096496,35.9929248],[-82.6094644,35.9928852],[-82.6093341,35.9928646],[-82.6091541,35.9928228],[-82.6085336,35.992643],[-82.6078506,35.9925247],[-82.607356,35.9924535],[-82.607133,35.9923664],[-82.6070047,35.992239],[-82.6067699,35.9919818],[-82.6066984,35.991881],[-82.6066142,35.9917024],[-82.6065673,35.991571],[-82.6065203,35.9913302],[-82.6064723,35.9912302],[-82.6062956,35.990982],[-82.6058183,35.9901863],[-82.6056535,35.9898122],[-82.6055986,35.9896793],[-82.6055382,35.9895176],[-82.6054127,35.9892895],[-82.6053583,35.9892009],[-82.6050015,35.9886498],[-82.6047613,35.9882377],[-82.6046363,35.9880421],[-82.60456,35.9878975],[-82.60451,35.9877657],[-82.6044188,35.9874702],[-82.6044232,35.9872643],[-82.6044561,35.9871206],[-82.6046036,35.9868054],[-82.6047184,35.9865878],[-82.6049249,35.9862887],[-82.6050905,35.9861328],[-82.6053946,35.9858978],[-82.6057147,35.9856809],[-82.6059644,35.985481],[-82.6062735,35.9851723],[-82.606393,35.9850176],[-82.6065359,35.9847953],[-82.6067973,35.9843433],[-82.6070045,35.9839683],[-82.6072105,35.9834212],[-82.6073508,35.9829604],[-82.6074244,35.9827294],[-82.607502,35.9824228],[-82.6075725,35.9821162],[-82.6076403,35.9819093],[-82.6076664,35.98183],[-82.607696,35.9817398],[-82.6077536,35.9815854],[-82.6078125,35.9814287],[-82.6078401,35.9813548],[-82.6078647,35.9812273],[-82.6079049,35.9810193],[-82.607931,35.980773],[-82.6079706,35.9803986],[-82.6079979,35.9801304],[-82.6080648,35.9798833],[-82.6080965,35.9797682],[-82.6082031,35.9795208],[-82.6083047,35.9792863],[-82.6086139,35.9788751],[-82.6090223,35.9785221],[-82.6092595,35.9780373],[-82.6093111,35.9776711],[-82.6092902,35.9771925],[-82.6094165,35.9767755],[-82.6095671,35.9765327],[-82.6102019,35.9756282],[-82.6104503,35.9752777],[-82.6109433,35.9743864],[-82.6110475,35.9738803],[-82.6111218,35.9736152],[-82.6112422,35.973297],[-82.6113081,35.9731805],[-82.611329,35.9731051],[-82.6113012,35.9730141],[-82.6112682,35.972748],[-82.6112588,35.9726117],[-82.6112648,35.9725142],[-82.6113389,35.9722454],[-82.6113866,35.9720726],[-82.6114321,35.9718202],[-82.6114837,35.9715294],[-82.6115063,35.9713994],[-82.6115266,35.9712523],[-82.6115112,35.971065],[-82.6115115,35.9709671],[-82.6115136,35.9708582],[-82.6115162,35.9707977],[-82.611531,35.9706856],[-82.6115289,35.9705642],[-82.6115066,35.9704484],[-82.6114992,35.9703797],[-82.611462,35.9700138],[-82.6112206,35.969355],[-82.6111525,35.9691753],[-82.6110491,35.9688332],[-82.6108972,35.968471],[-82.6108128,35.9683446],[-82.6107834,35.9682578],[-82.6107846,35.9680566],[-82.6108151,35.967832],[-82.6108033,35.967712],[-82.6107571,35.9674923],[-82.6107265,35.9673832],[-82.6107062,35.9672111],[-82.6103677,35.9670633],[-82.6101204,35.9670017],[-82.6094966,35.9669608],[-82.6091507,35.9669543],[-82.6088387,35.9669128],[-82.6087472,35.9668869],[-82.6086717,35.9668369],[-82.6085083,35.9666365],[-82.608042,35.9660264],[-82.6077768,35.9659503],[-82.6076337,35.9659383],[-82.6075178,35.9659545],[-82.6067986,35.9662957],[-82.6065166,35.9664004],[-82.6058472,35.9665188],[-82.6054419,35.9665447],[-82.6050191,35.966544],[-82.6048356,35.9665205],[-82.6042771,35.9663196],[-82.603998,35.9662347],[-82.6036006,35.9661288],[-82.6034669,35.9660599],[-82.602713,35.9656778],[-82.6019851,35.9652413],[-82.6011514,35.9648733],[-82.6007034,35.9647071],[-82.6005292,35.9646591],[-82.60025,35.9646125],[-82.6001047,35.9645998],[-82.5999639,35.9646113],[-82.5997881,35.9646428],[-82.5992505,35.9647671],[-82.5986305,35.9649952],[-82.5983828,35.9650635],[-82.5982391,35.965075],[-82.5977541,35.9650651],[-82.5967026,35.9651003],[-82.5960579,35.9652126],[-82.5956408,35.9653276],[-82.5953483,35.9653982],[-82.5952195,35.9654506],[-82.5947388,35.9656011],[-82.5945384,35.9656709],[-82.5943019,35.9657659],[-82.5938338,35.9658906],[-82.5936158,35.9659405],[-82.5931335,35.9660814],[-82.5925553,35.9662332],[-82.5923757,35.9662701],[-82.5921819,35.9662789],[-82.5919853,35.9662955],[-82.591824,35.9662978],[-82.5915264,35.96627],[-82.5912784,35.9662296],[-82.5910134,35.9661864],[-82.5908464,35.9661441],[-82.5905334,35.9660655],[-82.5904259,35.9660385],[-82.5902203,35.9659964],[-82.5900464,35.965961],[-82.5898627,35.9658743],[-82.5896661,35.9657815],[-82.5895112,35.9657332],[-82.5892827,35.965687],[-82.589046,35.9656389],[-82.5888831,35.96561],[-82.588646,35.9655682],[-82.5881994,35.9655631],[-82.5876298,35.9655925],[-82.5871364,35.9656277],[-82.5861661,35.9655979],[-82.5858065,35.965541],[-82.5856383,35.9655362],[-82.585253,35.9654656],[-82.584799,35.9653875],[-82.584241,35.965319],[-82.5838383,35.965275],[-82.5834026,35.9652557],[-82.582929,35.9652354],[-82.5828157,35.9652308],[-82.5826166,35.9652296],[-82.5824088,35.9652365],[-82.5821742,35.9652576],[-82.5818175,35.9652768],[-82.5815531,35.9653083],[-82.5811805,35.9653137],[-82.581034,35.9653064],[-82.5804658,35.9652542],[-82.5801936,35.9651601],[-82.579679,35.9649334],[-82.5795258,35.964873],[-82.5793446,35.9648045],[-82.5791807,35.9647234],[-82.579071,35.9646923],[-82.5788478,35.9646561],[-82.5784951,35.9645989],[-82.5783693,35.9645677],[-82.5782718,35.9645292],[-82.5779614,35.9644542],[-82.5778002,35.96434],[-82.5776004,35.9640207],[-82.577452,35.9637847],[-82.5773773,35.9636137],[-82.5773308,35.9634851],[-82.5772676,35.9632446],[-82.5771814,35.9629179],[-82.5770994,35.9626079],[-82.5770566,35.9624043],[-82.5770091,35.9620092],[-82.5769673,35.9617804],[-82.5768755,35.9614712],[-82.5768563,35.9612566],[-82.5768209,35.9609713],[-82.5768229,35.9607976],[-82.5768367,35.9604922],[-82.5768395,35.9604044],[-82.5768391,35.9602553],[-82.5768134,35.9600428],[-82.5768175,35.9599152],[-82.5767822,35.9597406],[-82.5767574,35.959617],[-82.5767361,35.9594408],[-82.5766886,35.9592928],[-82.5764497,35.9589285],[-82.5763871,35.9588489],[-82.5761721,35.9587261],[-82.5754922,35.9585108],[-82.5747578,35.9583188],[-82.5745247,35.9582822],[-82.5741054,35.958174],[-82.5736881,35.9580555],[-82.5735906,35.958032],[-82.5734514,35.9580231],[-82.5732908,35.9579983],[-82.5731521,35.9579684],[-82.5730123,35.9579239],[-82.5728605,35.9579147],[-82.5720888,35.9579095],[-82.5717708,35.9578926],[-82.5713775,35.9578415],[-82.5710657,35.9577912],[-82.5708604,35.9577437],[-82.570661,35.9576897],[-82.5704368,35.9576403],[-82.5702208,35.9575747],[-82.5696925,35.9573145],[-82.5695564,35.9572361],[-82.5693103,35.9570283],[-82.5690707,35.9568434],[-82.5689628,35.9567197],[-82.5688438,35.9565667],[-82.5685711,35.9562634],[-82.5683683,35.9560216],[-82.5682007,35.955834],[-82.5681196,35.9557725],[-82.5679956,35.9557156],[-82.5677785,35.9556399],[-82.567112,35.9554479],[-82.5668579,35.9553946],[-82.5658486,35.9552695],[-82.5656583,35.9552117],[-82.5655194,35.955206],[-82.565058,35.9552873],[-82.564938,35.9553301],[-82.564856,35.9553779],[-82.5647372,35.9554406],[-82.5646077,35.9555367],[-82.5644873,35.9556157],[-82.5643058,35.9556579],[-82.564067,35.9556514],[-82.5639114,35.9556179],[-82.5636445,35.9555806],[-82.5629713,35.9553147],[-82.5626284,35.9551585],[-82.5623209,35.9550149],[-82.5620768,35.9549008],[-82.5618215,35.9548291],[-82.5616538,35.9548265],[-82.5614543,35.9548052],[-82.561278,35.9548074],[-82.5608266,35.9549141],[-82.560567,35.9548667],[-82.5603454,35.9548013],[-82.5602734,35.95478],[-82.5602105,35.954759],[-82.560047,35.9547043],[-82.559708,35.954495],[-82.5595954,35.9544013],[-82.559478,35.9542963],[-82.5593458,35.9542109],[-82.5588003,35.9539637],[-82.5585869,35.9538965],[-82.5581803,35.9538779],[-82.5579913,35.9538802],[-82.557847,35.9539228],[-82.557755,35.9539925],[-82.5576631,35.9541086],[-82.5576343,35.9542705],[-82.5576438,35.9543963],[-82.5576314,35.9545113],[-82.5576142,35.954606],[-82.5575488,35.9547043],[-82.5574689,35.9547794],[-82.557345,35.9548811],[-82.5572411,35.9549544],[-82.5570829,35.9551027],[-82.5568469,35.9553313],[-82.556718,35.9554562],[-82.556602,35.9555798],[-82.5564999,35.9557069],[-82.5562564,35.9560931],[-82.5559427,35.9565914],[-82.5558844,35.9566834],[-82.5556841,35.9569114],[-82.5555632,35.9570676],[-82.5553466,35.9574149],[-82.5551359,35.957671],[-82.555058,35.9578014],[-82.5549086,35.9579826],[-82.5548532,35.9580484],[-82.5547749,35.9581342],[-82.5544953,35.9583771],[-82.5543349,35.9585185],[-82.5542024,35.958607],[-82.5541052,35.9586941],[-82.5538675,35.9588928],[-82.5537497,35.9589914],[-82.5536889,35.9590495],[-82.553581,35.9592018],[-82.5534966,35.9593289],[-82.5534455,35.9593935],[-82.5533998,35.959472],[-82.553369,35.959588],[-82.5532925,35.9597681],[-82.5532612,35.9598444],[-82.5531185,35.9601269],[-82.5530736,35.9602152],[-82.553019,35.9603064],[-82.5529484,35.960419],[-82.5528708,35.9605293],[-82.5525546,35.9608805],[-82.5523042,35.9610826],[-82.5521863,35.9611735],[-82.5518281,35.961402],[-82.5512561,35.9617174],[-82.5509019,35.9619399],[-82.5507625,35.9620417],[-82.5505368,35.9622724],[-82.5503333,35.9624566],[-82.5502549,35.9625572],[-82.5502202,35.9626284],[-82.5501676,35.9627624],[-82.5500863,35.9631578],[-82.5500334,35.9633351],[-82.5500274,35.9634237],[-82.5500124,35.9635088],[-82.550002,35.963691],[-82.5499762,35.9638533],[-82.5499086,35.9639299],[-82.5496867,35.9640571],[-82.5495667,35.9641149],[-82.549445,35.9641446],[-82.5493306,35.9641654],[-82.5488296,35.9642308],[-82.5487178,35.9642518],[-82.5483391,35.9643735],[-82.5481741,35.9644146],[-82.5479451,35.9644591],[-82.5475705,35.9645191],[-82.5467013,35.9647454],[-82.5465304,35.9648124],[-82.545897,35.9649769],[-82.545356,35.965141],[-82.5450793,35.9652612],[-82.5447191,35.9654387],[-82.5444762,35.9656291],[-82.5442821,35.9658484],[-82.5437681,35.966221],[-82.543507,35.9664534],[-82.5433083,35.96686],[-82.5431167,35.9673701],[-82.5430172,35.9674661],[-82.5427295,35.967693],[-82.5417421,35.9680667],[-82.541553,35.9681317],[-82.5410098,35.9685084],[-82.540847,35.9685996],[-82.5405154,35.9687552],[-82.5403088,35.9688966],[-82.5401813,35.9689595],[-82.5400615,35.96898],[-82.539945,35.9690246],[-82.5398398,35.969045],[-82.5397265,35.9690916],[-82.53944,35.9691629],[-82.5382987,35.9692438],[-82.5376172,35.9692447],[-82.5371537,35.9692762],[-82.5367206,35.9693379],[-82.5363642,35.9694188],[-82.5358537,35.9695752],[-82.5352649,35.9698275],[-82.535115,35.9698742],[-82.5346497,35.9700914],[-82.5342627,35.9702097],[-82.5340444,35.9702994],[-82.5338225,35.9704215],[-82.5336641,35.9705333],[-82.53348,35.9706147],[-82.5333151,35.9706736],[-82.5331327,35.970762],[-82.5328034,35.9709566],[-82.5326291,35.9710834],[-82.5324653,35.9712187],[-82.5322551,35.9713788],[-82.5322031,35.9714165],[-82.5320924,35.9714769],[-82.53193,35.9715904],[-82.5317864,35.9716909],[-82.5316612,35.9717562],[-82.5315689,35.9718179],[-82.5312548,35.9719536],[-82.5311388,35.9720194],[-82.5309645,35.9721432],[-82.5308664,35.972174],[-82.5306938,35.9722341],[-82.5304964,35.9722637],[-82.5302933,35.9722777],[-82.5298652,35.9722649],[-82.5285935,35.9723453],[-82.5284802,35.9723543],[-82.5283248,35.9723785],[-82.5282053,35.9723882],[-82.5277176,35.9723512],[-82.5275958,35.972329],[-82.5274233,35.9723066],[-82.527273,35.9722762],[-82.5270655,35.9722606],[-82.5264579,35.9718794],[-82.5258954,35.9714748],[-82.5257679,35.9713963],[-82.5256452,35.9712853],[-82.5255264,35.9711933],[-82.5252442,35.9710749],[-82.5251076,35.971054],[-82.5248893,35.9711007],[-82.5247783,35.9711467],[-82.5243306,35.9714116],[-82.5240839,35.9715502],[-82.5240083,35.9716018],[-82.5234744,35.9717304],[-82.5232026,35.9718288],[-82.5229033,35.9719841],[-82.5228186,35.972066],[-82.5227316,35.9721887],[-82.5226855,35.9722818],[-82.5226042,35.972481],[-82.5225634,35.9726179],[-82.5225006,35.9729545],[-82.5224596,35.9733985],[-82.5224532,35.9734347],[-82.5224086,35.9737],[-82.5223541,35.9738382],[-82.5222757,35.9739094],[-82.5221242,35.9740185],[-82.5219589,35.9740928],[-82.5218223,35.9741407],[-82.5215898,35.9741967],[-82.5214724,35.9742518],[-82.5212559,35.9743597],[-82.5210034,35.9744619],[-82.5203319,35.9746545],[-82.5201369,35.9747371],[-82.5199319,35.9748144],[-82.519207,35.9750132],[-82.5189584,35.9750718],[-82.5186159,35.9751689],[-82.5182594,35.9752984],[-82.5172323,35.975777],[-82.5170765,35.9758331],[-82.5169065,35.9758738],[-82.5167492,35.9758898],[-82.5165293,35.9759231],[-82.5163231,35.9759396],[-82.5161868,35.9759402],[-82.5160431,35.9759285],[-82.5158695,35.9759233],[-82.5157194,35.9759054],[-82.5155336,35.9758609],[-82.5146504,35.9756314],[-82.5144805,35.9756125],[-82.5143446,35.9755627],[-82.5141657,35.975479],[-82.5136008,35.9753318],[-82.5134644,35.9753126],[-82.513324,35.9753058],[-82.5128468,35.9753065],[-82.5126122,35.9753548],[-82.5124878,35.975422],[-82.5122215,35.9756435],[-82.5121275,35.9757545],[-82.5120581,35.9758626],[-82.5120029,35.9760491],[-82.5118557,35.9762593],[-82.5116232,35.976577],[-82.5113328,35.9767773],[-82.510999,35.97699],[-82.5107326,35.9771426],[-82.5104574,35.9772505],[-82.5102865,35.9773016],[-82.5099347,35.9773614],[-82.5097188,35.9773837],[-82.5095121,35.9774348],[-82.5092665,35.9774732],[-82.5087439,35.9774581],[-82.5078318,35.9774448],[-82.5065428,35.9773385],[-82.5063372,35.977341],[-82.5058108,35.9773751],[-82.5054293,35.9774394],[-82.5051871,35.9775546],[-82.5050349,35.9777409],[-82.5049056,35.9778644],[-82.5046663,35.9783173],[-82.5045601,35.9784716],[-82.5043025,35.9786483],[-82.504241,35.9787267],[-82.5040578,35.9790616],[-82.504022,35.9791562],[-82.5040109,35.9794299],[-82.5039963,35.9795174],[-82.5039622,35.9797255],[-82.5039574,35.9799994],[-82.5039035,35.9805449],[-82.5039,35.9808559],[-82.5038716,35.9809784],[-82.5038306,35.9810779],[-82.5038124,35.981192],[-82.5037556,35.9813478],[-82.5036042,35.9817633],[-82.5035776,35.9818473],[-82.5035438,35.9819266],[-82.5034893,35.9820007],[-82.5033277,35.9821642],[-82.5032384,35.9822089],[-82.5029537,35.9822343],[-82.5026909,35.9822235],[-82.5018505,35.9820908],[-82.5014664,35.9820614],[-82.5007952,35.9821095],[-82.5001474,35.9823461],[-82.4999679,35.9824479],[-82.4998613,35.982657],[-82.4995049,35.9830893],[-82.4989966,35.9835254],[-82.498597,35.9838678],[-82.498121,35.9841801],[-82.4979402,35.9843147],[-82.4978499,35.9843608],[-82.4974931,35.984467],[-82.4971821,35.9845784],[-82.4969019,35.9847151],[-82.4966931,35.9848372],[-82.4963679,35.9850556],[-82.4960239,35.9853137],[-82.4958964,35.9854094],[-82.4956134,35.9856386],[-82.4951129,35.9860421],[-82.4946763,35.9863809],[-82.4940305,35.9868826],[-82.4934414,35.9873976],[-82.4927432,35.9879004],[-82.4925156,35.9880825],[-82.4923731,35.9882161],[-82.4914597,35.9887964],[-82.4913424,35.9888713],[-82.4910466,35.9890445],[-82.4904727,35.9895009],[-82.4902259,35.9897207],[-82.4898984,35.9901087],[-82.4892703,35.9906722],[-82.4890487,35.9908269],[-82.4886534,35.9910508],[-82.4874621,35.9915625],[-82.4866285,35.9919227],[-82.4857402,35.9924298],[-82.4855238,35.9925527],[-82.4850577,35.9928329],[-82.4843525,35.9931919],[-82.4841735,35.9933082],[-82.4839651,35.9935487],[-82.4837857,35.9938721],[-82.4837586,35.9940326],[-82.4837386,35.994201],[-82.4837377,35.9942728],[-82.4837361,35.994375],[-82.4837353,35.9944315],[-82.4837598,35.9945829],[-82.483813,35.994951],[-82.4838124,35.9951084],[-82.4837985,35.9952642],[-82.4837246,35.9954993],[-82.4837065,35.9955567],[-82.4836019,35.995793],[-82.4833687,35.9961852],[-82.4831936,35.9964398],[-82.4829124,35.996739],[-82.4822852,35.9974052],[-82.4819128,35.9977481],[-82.4816175,35.9980205],[-82.48139,35.9981712],[-82.4809237,35.998383],[-82.4806819,35.9984617],[-82.4801378,35.99859],[-82.4796258,35.9986329],[-82.4793421,35.9986289],[-82.4778884,35.9984699],[-82.4769388,35.9983422],[-82.4763073,35.9981887],[-82.4761315,35.9981784],[-82.4760273,35.9981912],[-82.4759446,35.9982271],[-82.4757436,35.9984183],[-82.4745758,35.9996925],[-82.4740779,36.000103],[-82.4733847,36.0005955],[-82.473016,36.0008247],[-82.4728644,36.000919],[-82.472513,36.0011052],[-82.4721271,36.0013097],[-82.4719927,36.0013699],[-82.4719178,36.0014367],[-82.471526,36.0019094],[-82.4707941,36.0026089],[-82.4706002,36.0027722],[-82.4704024,36.0029049],[-82.4702489,36.0029861],[-82.4694502,36.0032834],[-82.469228,36.0033437],[-82.4687275,36.0034149],[-82.4685713,36.0034979],[-82.4677972,36.004293],[-82.4677031,36.0043747],[-82.4668283,36.0049924],[-82.4664183,36.005201],[-82.4657578,36.005562],[-82.4654526,36.0057415],[-82.4639558,36.0065427],[-82.4630837,36.0069474],[-82.4625988,36.007158],[-82.46179,36.0074305],[-82.4609768,36.0077039],[-82.460587,36.007731],[-82.4604587,36.0079043],[-82.4602153,36.008274],[-82.4600279,36.0085588],[-82.4597446,36.0089807],[-82.4592808,36.0096677],[-82.4591669,36.0098364],[-82.459016,36.0100697],[-82.4587873,36.0104237],[-82.4583479,36.0111037],[-82.458062,36.0115458],[-82.4573481,36.0126051],[-82.457093,36.0129712],[-82.4566892,36.0135525],[-82.4564664,36.0138733],[-82.4561956,36.0142734],[-82.4553111,36.015578],[-82.4550764,36.0159181],[-82.4546238,36.0165732],[-82.4539643,36.0175335],[-82.4534067,36.018347],[-82.4529638,36.0189921],[-82.4528556,36.0191547],[-82.4523938,36.0198472],[-82.4518178,36.0207097],[-82.4509219,36.0220535],[-82.4505446,36.0226216],[-82.4504861,36.0227103],[-82.4498268,36.0237099],[-82.4491835,36.0246854],[-82.4486542,36.0254882],[-82.4479954,36.0264871],[-82.4476494,36.0270118],[-82.4474677,36.0272802],[-82.4462579,36.0290682],[-82.4456261,36.0300018],[-82.4452345,36.0305467],[-82.4451599,36.0306502],[-82.4447348,36.0312849],[-82.4441226,36.0321988],[-82.4438667,36.0325807],[-82.4437204,36.0327914],[-82.4435306,36.0330648],[-82.443061,36.0337407],[-82.4426627,36.0343144],[-82.4425581,36.034468],[-82.4419207,36.0354114],[-82.4414676,36.0360821],[-82.4394373,36.0391186],[-82.4385446,36.0404577],[-82.4374414,36.0421149],[-82.4369706,36.0428266],[-82.4363019,36.043837],[-82.4360306,36.044247],[-82.4278194,36.0563396],[-82.4265691,36.0582053],[-82.4259058,36.0592256],[-82.4248354,36.0608282],[-82.4238412,36.0622663],[-82.4233339,36.0629997],[-82.4232066,36.0631889],[-82.4223894,36.0644122],[-82.4222359,36.0646434],[-82.4217869,36.0652871],[-82.4214687,36.0657436],[-82.420704,36.0669094],[-82.4203612,36.0674213],[-82.4201487,36.067732],[-82.4194171,36.0688353],[-82.418485,36.0702569],[-82.41822,36.0706667],[-82.4180714,36.07089],[-82.4167426,36.0728338],[-82.4165199,36.073157],[-82.4163664,36.0733711],[-82.414401,36.076327],[-82.4127652,36.0787331],[-82.4105909,36.0820386],[-82.4098917,36.0828974],[-82.409002,36.0834158],[-82.4084245,36.0837129],[-82.4075742,36.0840953],[-82.4070916,36.0843663],[-82.4068344,36.0846389],[-82.4062918,36.085207],[-82.4059465,36.0857996],[-82.4055155,36.0864372],[-82.4049171,36.086982],[-82.4042911,36.0874348],[-82.4037528,36.0876595],[-82.4033521,36.0881601],[-82.4030645,36.0885928],[-82.4025793,36.0891155],[-82.4022669,36.0892733],[-82.4017581,36.0893838],[-82.4006547,36.0896955],[-82.4000592,36.0899426],[-82.3995775,36.0901448],[-82.3990133,36.0901858],[-82.3984503,36.0900899],[-82.3980248,36.0903153],[-82.3977376,36.0907251],[-82.3975627,36.0911817],[-82.3973036,36.0916147],[-82.3970748,36.0918877],[-82.3965055,36.092318],[-82.3958249,36.092679],[-82.3951729,36.0929026],[-82.3944095,36.0931024],[-82.3938701,36.0934189],[-82.3934148,36.0937128],[-82.3926461,36.0943248],[-82.3918523,36.0946847],[-82.3911967,36.0952287],[-82.3909103,36.095616],[-82.3905097,36.0960475],[-82.389913,36.0964318],[-82.3892297,36.0969529],[-82.3888891,36.0971334],[-82.38821,36.097334],[-82.3875306,36.0975115],[-82.3866525,36.0978249],[-82.3861136,36.0980726],[-82.3850094,36.0984526],[-82.3842653,36.0988316],[-82.3835938,36.0990726],[-82.3829771,36.0993758],[-82.3825509,36.0994372],[-82.3816511,36.099336],[-82.3810289,36.099386],[-82.3806219,36.0994728],[-82.3802955,36.099573],[-82.3801,36.099776],[-82.3799023,36.1000999],[-82.3796584,36.1006204],[-82.3793074,36.1014841],[-82.3789002,36.1026154],[-82.3784112,36.1035326],[-82.3781276,36.1037357],[-82.3772143,36.1040767],[-82.3767467,36.1043018],[-82.3764552,36.1046037],[-82.3759052,36.1053733],[-82.375565,36.1057012],[-82.3746871,36.1061685],[-82.3743621,36.1062286],[-82.3741449,36.1062412],[-82.3736044,36.1061956],[-82.3731102,36.1062038],[-82.372101,36.1061272],[-82.3719362,36.1061537],[-82.3717524,36.1062138],[-82.3709135,36.1067262],[-82.3704265,36.1069045],[-82.3690335,36.107369],[-82.3685143,36.1074272],[-82.3675912,36.107384],[-82.3674801,36.1074008],[-82.3670894,36.1075352],[-82.3668737,36.1075917],[-82.3663346,36.10774],[-82.3656319,36.1076348],[-82.3651267,36.1074703],[-82.3642784,36.1076236],[-82.3641344,36.1078744],[-82.3639607,36.108239],[-82.363871,36.1086275],[-82.3636392,36.1091293],[-82.363381,36.109425],[-82.3629848,36.1095593],[-82.3624778,36.109509],[-82.361941,36.109619],[-82.3616283,36.1097995],[-82.3612853,36.1101175],[-82.3609999,36.1105404],[-82.3608837,36.110758],[-82.3604362,36.1114894],[-82.3602078,36.1116991],[-82.3597362,36.1120061],[-82.3586281,36.1128062],[-82.3584422,36.1128965],[-82.3576792,36.1133655],[-82.3571647,36.1136187],[-82.3566329,36.1139439],[-82.3564093,36.114104],[-82.3560638,36.114512],[-82.3558252,36.1149638],[-82.3556817,36.1151766],[-82.3554823,36.1153498],[-82.3553593,36.1154081],[-82.3550549,36.1154989],[-82.3542106,36.115643],[-82.3535601,36.1158038],[-82.3532553,36.1159661],[-82.3531209,36.1160742],[-82.3528929,36.1163746],[-82.3527587,36.1164882],[-82.3526449,36.1165216],[-82.3523923,36.116556],[-82.3519311,36.1165439],[-82.3517781,36.1165631],[-82.3515941,36.1165861],[-82.3514938,36.1166191],[-82.3506533,36.1170159],[-82.3504958,36.117056],[-82.3502016,36.1170696],[-82.3498772,36.117007],[-82.3495755,36.1169218],[-82.3493704,36.1167955],[-82.3491952,36.1165749],[-82.3488601,36.1160921],[-82.3487471,36.1159001],[-82.3485375,36.1156667],[-82.3484283,36.1155652],[-82.3483203,36.115494],[-82.3477538,36.1152319],[-82.3474431,36.1151717],[-82.3468733,36.1151543],[-82.3453166,36.1153563],[-82.3446977,36.1154612],[-82.3437773,36.1155661],[-82.3435571,36.1155666],[-82.3432133,36.1155266],[-82.342655,36.1153797],[-82.3420923,36.1152879],[-82.3408869,36.115057],[-82.340222,36.1148527],[-82.3387191,36.1145976],[-82.3380115,36.1147519],[-82.3375872,36.1148399],[-82.3370803,36.1147666],[-82.3365466,36.1146023],[-82.3359547,36.1145739],[-82.3353313,36.1147749],[-82.3347631,36.1150677],[-82.3338254,36.1156546],[-82.3331396,36.1163129],[-82.3326241,36.1168807],[-82.3317999,36.1174005],[-82.3309524,36.1175076],[-82.3299371,36.1174532],[-82.3285274,36.1175057],[-82.3272855,36.1180782],[-82.3256148,36.1191314],[-82.3252703,36.1193088],[-82.3246407,36.1195678],[-82.3242984,36.1197283],[-82.3233903,36.1202147],[-82.3231929,36.120275],[-82.3230067,36.1202774],[-82.3227802,36.1202066],[-82.3224689,36.1200528],[-82.3220006,36.1197852],[-82.3218213,36.1197104],[-82.321705,36.1196833],[-82.3214223,36.119647],[-82.3210695,36.1196346],[-82.320807,36.1196775],[-82.3206832,36.1197138],[-82.3203363,36.1198442],[-82.3198241,36.1200752],[-82.3192499,36.1203629],[-82.3184223,36.1208307],[-82.3177412,36.1212367],[-82.3171549,36.1215604],[-82.3162062,36.1219682],[-82.3155296,36.1224016],[-82.3153525,36.1225438],[-82.3150441,36.122871],[-82.3148609,36.1231921],[-82.3146926,36.1236309],[-82.3145975,36.1237901],[-82.3144814,36.1239307],[-82.3143171,36.1240561],[-82.3137964,36.1243258],[-82.3120841,36.1251229],[-82.3119759,36.125168],[-82.3119195,36.1251915],[-82.3114138,36.1254021],[-82.3095251,36.1262322],[-82.30914,36.1264239],[-82.3085043,36.126979],[-82.3082668,36.1272769],[-82.3078941,36.1278592],[-82.3075682,36.1283083],[-82.3073653,36.1285193],[-82.3063571,36.1291399],[-82.3056925,36.1295127],[-82.3056174,36.1298155],[-82.3054359,36.1300024],[-82.3051515,36.1302164],[-82.3044795,36.1304569],[-82.3041757,36.1305026],[-82.3038827,36.1307548],[-82.3033959,36.1310945],[-82.3029152,36.1313739],[-82.3019276,36.1317697],[-82.3004489,36.1323045],[-82.2996492,36.1325218],[-82.2989129,36.1327604],[-82.2984918,36.1329234],[-82.2979021,36.133216],[-82.2973414,36.1335396],[-82.2970576,36.1336656],[-82.2962924,36.1337246],[-82.2942585,36.1340278],[-82.2935139,36.1342248],[-82.2929181,36.1345007],[-82.2922352,36.1349003],[-82.2917247,36.135165],[-82.2910893,36.1353461],[-82.2906691,36.1354899],[-82.2900316,36.1356435],[-82.2894039,36.1357314],[-82.289158,36.1357163],[-82.2888951,36.135669],[-82.28867,36.1355549],[-82.2882861,36.1352847],[-82.2878706,36.1349668],[-82.2871392,36.134301],[-82.2841359,36.1318554],[-82.2833282,36.1312999],[-82.2824132,36.1308677],[-82.2820691,36.1306894],[-82.2818734,36.1305266],[-82.281588,36.1301797],[-82.2812432,36.1298722],[-82.2809034,36.1296033],[-82.2805066,36.1293217],[-82.2800383,36.1290461],[-82.27951,36.1288209],[-82.2790425,36.1286745],[-82.2787052,36.1286394],[-82.2782645,36.128645],[-82.277628,36.1287766],[-82.2772149,36.128915],[-82.2766725,36.1291347],[-82.2764552,36.1291445],[-82.2760706,36.1291079],[-82.2757111,36.1290418],[-82.2753123,36.1290185],[-82.2749516,36.1290513],[-82.2744452,36.1292281],[-82.2741715,36.1292829],[-82.2739953,36.129283],[-82.2738877,36.1292659],[-82.2735076,36.1291332],[-82.2727319,36.1287656],[-82.2720321,36.1285845],[-82.2712674,36.1279836],[-82.2708499,36.1277095],[-82.2704818,36.1275387],[-82.2701502,36.127457],[-82.269833,36.127428],[-82.2693515,36.1274351],[-82.2688561,36.1275214],[-82.268635,36.1275394],[-82.268329,36.1274887],[-82.267936,36.1273418],[-82.2673958,36.1270832],[-82.2670491,36.1269625],[-82.2668343,36.1269173],[-82.2664209,36.1269183],[-82.2661074,36.1269553],[-82.2649415,36.1271749],[-82.2645717,36.1272569],[-82.2643061,36.1273559],[-82.2642131,36.1274602],[-82.2641082,36.1277456],[-82.2637902,36.1296794],[-82.2635875,36.130025],[-82.263355,36.1302844],[-82.2622184,36.1311784],[-82.261878,36.1314977],[-82.2615748,36.1318924],[-82.2612825,36.1324139],[-82.2610259,36.1329695],[-82.2607946,36.1333472],[-82.260353,36.13371],[-82.2579572,36.1345898],[-82.2573066,36.1348033],[-82.2557063,36.1354656],[-82.2545835,36.1359888],[-82.2515443,36.132098],[-82.2513761,36.1319993],[-82.2511525,36.1319979],[-82.2494972,36.1323891],[-82.2491929,36.1323741],[-82.2489338,36.1323358],[-82.248368,36.1321891],[-82.2480124,36.1320406],[-82.2476766,36.1319751],[-82.2474868,36.1319033],[-82.2469287,36.131809],[-82.2466444,36.1317314],[-82.2464013,36.1316386],[-82.2454956,36.1312284],[-82.2454453,36.1312158],[-82.2453123,36.1312337],[-82.2450254,36.1314254],[-82.2445322,36.1318224],[-82.2440049,36.1324383],[-82.24395,36.1325259],[-82.2437886,36.1327835],[-82.2436046,36.1331626],[-82.2435056,36.1333217],[-82.2434698,36.1334333],[-82.2434305,36.133762],[-82.2433695,36.1339773],[-82.2433422,36.1341964],[-82.2432899,36.1343707],[-82.2432156,36.1345086],[-82.2429491,36.1346955],[-82.2428426,36.1347994],[-82.2427348,36.1349994],[-82.2426804,36.1352891],[-82.2426854,36.1356137],[-82.2425666,36.1361186],[-82.2422522,36.1367466],[-82.2421107,36.1369428],[-82.2417385,36.1372172],[-82.2416441,36.1372775],[-82.2414955,36.1373388],[-82.2409331,36.1374065],[-82.240541,36.1372404],[-82.2403233,36.1376872],[-82.2401946,36.1377574],[-82.2400397,36.1378791],[-82.2398902,36.1380311],[-82.2398093,36.1380918],[-82.2395167,36.1382586],[-82.2391265,36.13834],[-82.2388063,36.1384455],[-82.2386514,36.1385671],[-82.2384422,36.1386925],[-82.2382854,36.1389241],[-82.2382044,36.1389903],[-82.2375693,36.1394461],[-82.237411,36.1394961],[-82.2370273,36.1395831],[-82.2367559,36.1398029],[-82.236614,36.1398644],[-82.2363683,36.1399007],[-82.2361383,36.1399623],[-82.2359634,36.1401493],[-82.2355705,36.1407144],[-82.2352404,36.1413144],[-82.2351653,36.1415402],[-82.2350566,36.141688],[-82.2347509,36.1419176],[-82.2345612,36.141986],[-82.2342163,36.1420412],[-82.2341097,36.1420736],[-82.2337582,36.1421946],[-82.2335801,36.1423045],[-82.2328735,36.1429284],[-82.2327754,36.143117],[-82.2327222,36.1434433],[-82.2325348,36.1436682],[-82.2321598,36.1439803],[-82.2311416,36.1445252],[-82.2309019,36.1445608],[-82.2301216,36.1443326],[-82.229646,36.1446394],[-82.2295793,36.1447611],[-82.2295845,36.1448657],[-82.229544,36.1450761],[-82.2294854,36.1452392],[-82.2293691,36.1454033],[-82.228786,36.1461191],[-82.2286929,36.1462949],[-82.2284901,36.1465689],[-82.2283078,36.1469811],[-82.2282506,36.1470426],[-82.2281654,36.1471966],[-82.2279266,36.1473706],[-82.2277104,36.1474985],[-82.2274194,36.1477011],[-82.2268368,36.1479771],[-82.2266337,36.1481137],[-82.2264989,36.1482414],[-82.22629,36.1484988],[-82.2261197,36.1488729],[-82.2255794,36.1497577],[-82.2250482,36.1501644],[-82.2248453,36.1502955],[-82.2246581,36.1504546],[-82.2244805,36.150625],[-82.2243937,36.1507405],[-82.2242907,36.150839],[-82.2240687,36.1511592],[-82.2240221,36.1512842],[-82.223823,36.1520477],[-82.223825,36.1525041],[-82.2237311,36.1530538],[-82.2236757,36.1532912],[-82.2235287,36.1536742],[-82.2234196,36.1538303],[-82.2233098,36.1539285],[-82.2231763,36.1540976],[-82.2227809,36.1547147],[-82.2225239,36.1549844],[-82.2223618,36.155114],[-82.2222961,36.1552851],[-82.2222194,36.1554009],[-82.2221135,36.1556313],[-82.2220704,36.1557537],[-82.222044,36.1559508],[-82.2221131,36.1561371],[-82.2221204,36.1563408],[-82.2222202,36.1566655],[-82.2222217,36.1567755],[-82.2221941,36.1568748],[-82.222067,36.1569812],[-82.2218627,36.1570342],[-82.2216032,36.1570229],[-82.2213759,36.1569553],[-82.2210951,36.1568008],[-82.2202637,36.1566044],[-82.2201408,36.1566225],[-82.2200261,36.1566821],[-82.2197609,36.1567701],[-82.219153,36.1568638],[-82.2182366,36.157099],[-82.2172759,36.157484],[-82.2165972,36.1578531],[-82.216031,36.1582808],[-82.2153196,36.1586269],[-82.2150812,36.1587211],[-82.2146683,36.1588484],[-82.2145398,36.1589131],[-82.2136794,36.1590401],[-82.213206,36.1590857],[-82.2120993,36.1590455],[-82.2118641,36.1590024],[-82.2113426,36.1588486],[-82.2110964,36.1588216],[-82.2106313,36.1586944],[-82.2102351,36.1585417],[-82.2093981,36.1581086],[-82.2086775,36.1576517],[-82.2083409,36.1573882],[-82.2080059,36.1572347],[-82.2078046,36.1571899],[-82.2075002,36.1571749],[-82.2072147,36.1571906],[-82.2069711,36.1572517],[-82.2066326,36.1573126],[-82.2061705,36.1573338],[-82.2058273,36.157422],[-82.2055689,36.1574386],[-82.2051892,36.1574377],[-82.2047221,36.1573515],[-82.2042206,36.1572066],[-82.2039144,36.1571585],[-82.2036294,36.1570918],[-82.2029184,36.1568605],[-82.2026091,36.1567353],[-82.2023853,36.1566651],[-82.2022075,36.156555],[-82.2019709,36.1564706],[-82.2017594,36.1563568],[-82.2011038,36.1557478],[-82.2008129,36.15545],[-82.2006138,36.1552184],[-82.2004322,36.1547645],[-82.2000812,36.1540937],[-82.1998306,36.1535223],[-82.1994223,36.152704],[-82.1992315,36.1525825],[-82.1987722,36.1523344],[-82.19855,36.1522312],[-82.1983519,36.1521919],[-82.1978972,36.1519907],[-82.1975473,36.1518642],[-82.1971516,36.1516319],[-82.196658,36.1511105],[-82.1963316,36.1508473],[-82.1957434,36.1501772],[-82.1954175,36.150046],[-82.1951625,36.1499913],[-82.1946325,36.1498041],[-82.1943539,36.1496771],[-82.1941394,36.1495549],[-82.1932443,36.1492051],[-82.19302,36.149077],[-82.1928296,36.1490188],[-82.1925999,36.1490006],[-82.1923165,36.1491154],[-82.1921659,36.1492151],[-82.1920026,36.1493694],[-82.1917616,36.149447],[-82.1915702,36.1494795],[-82.1906166,36.1499965],[-82.1904448,36.150046],[-82.1897088,36.1503362],[-82.1894988,36.1504038],[-82.1889911,36.150528],[-82.1887868,36.1506178],[-82.1884144,36.1508205],[-82.1882316,36.1508862],[-82.1879536,36.1509571],[-82.1876754,36.1509621],[-82.1875611,36.150942],[-82.1874793,36.1508817],[-82.1874119,36.1508026],[-82.1874008,36.1505456],[-82.1874585,36.1503257],[-82.18743,36.1501434],[-82.1873575,36.149748],[-82.1872491,36.1493927],[-82.187146,36.1491392],[-82.1870642,36.1490074],[-82.1869778,36.14876],[-82.1866803,36.1482503],[-82.1864964,36.1479861],[-82.186349,36.1477368],[-82.1862313,36.1475076],[-82.1862115,36.1474245],[-82.185928,36.1471874],[-82.1858065,36.1470351],[-82.1855152,36.1467483],[-82.1854993,36.146657],[-82.1855622,36.1462659],[-82.185562,36.146057],[-82.1854389,36.1457974],[-82.1851689,36.1454205],[-82.1850092,36.1452524],[-82.1843236,36.1445306],[-82.183909,36.1441299],[-82.183658,36.143924],[-82.183434,36.1437877],[-82.1831656,36.143661],[-82.1828725,36.1435528],[-82.1826684,36.1434969],[-82.1823503,36.1434868],[-82.1812731,36.1436837],[-82.1809068,36.1436886],[-82.180603,36.1436625],[-82.1801692,36.1435671],[-82.1801503,36.143563],[-82.1799047,36.1434535],[-82.1795078,36.14332],[-82.1786056,36.1429808],[-82.1783072,36.1428422],[-82.1780429,36.1426991],[-82.1775543,36.1423592],[-82.1774205,36.142322],[-82.1771558,36.1423274],[-82.1770526,36.1423599],[-82.1766737,36.1425568],[-82.1763919,36.1427761],[-82.1759565,36.1431609],[-82.1758088,36.1432717],[-82.1755227,36.1433699],[-82.1754027,36.1434705],[-82.1752592,36.1436337],[-82.1750477,36.1440833],[-82.1747177,36.1446722],[-82.174453,36.1451009],[-82.1743495,36.1454193],[-82.1740987,36.1457],[-82.1735779,36.1461674],[-82.1732522,36.1463852],[-82.172955,36.1465023],[-82.172766,36.1465568],[-82.1725005,36.1465786],[-82.1721345,36.146578],[-82.1717838,36.1465394],[-82.1712351,36.1465302],[-82.1709836,36.1465443],[-82.1706241,36.1466896],[-82.1694466,36.1467869],[-82.1690543,36.1468377],[-82.1689264,36.1468199],[-82.1688565,36.146793],[-82.1685397,36.1467554],[-82.1684099,36.1467046],[-82.1682051,36.1465936],[-82.1679617,36.1464402],[-82.1674475,36.145929],[-82.1667786,36.1453195],[-82.1663241,36.1449752],[-82.166235,36.1449256],[-82.1661081,36.1448859],[-82.1659869,36.1448683],[-82.1657146,36.1448926],[-82.1654147,36.1450673],[-82.1647859,36.1458034],[-82.1644683,36.1460627],[-82.1642383,36.1461928],[-82.1639717,36.1463081],[-82.1638106,36.146347],[-82.1636473,36.1463583],[-82.1633561,36.1463518],[-82.162748,36.1464507],[-82.1624473,36.1464301],[-82.162287,36.1465212],[-82.1619887,36.1466602],[-82.1617449,36.1467267],[-82.1614718,36.1467648],[-82.1612716,36.1467694],[-82.1605464,36.1465567],[-82.1603161,36.1464119],[-82.1601663,36.1462862],[-82.1597806,36.1460595],[-82.1596578,36.1460061],[-82.1595507,36.1459779],[-82.1592569,36.1459549],[-82.1591634,36.1459959],[-82.1589662,36.146149],[-82.1588573,36.1462968],[-82.15837,36.1465617],[-82.1580721,36.1467639],[-82.1577396,36.1470502],[-82.1573067,36.1473801],[-82.1567648,36.1477203],[-82.1565538,36.1478785],[-82.1561061,36.1480924],[-82.1556406,36.1482563],[-82.1554641,36.1482617],[-82.1550095,36.1482692],[-82.1546518,36.1482359],[-82.1542092,36.1481365],[-82.1539724,36.1481263],[-82.1535664,36.1481793],[-82.1532548,36.1481749],[-82.1523537,36.1484431],[-82.1519347,36.1486249],[-82.151671,36.1486798],[-82.1514123,36.1487733],[-82.1512037,36.1488106],[-82.150953,36.1488768],[-82.1506943,36.1489703],[-82.1502865,36.1491305],[-82.1498398,36.1493939],[-82.1495841,36.1495645],[-82.1494668,36.1496075],[-82.1492305,36.1497951],[-82.1490558,36.1498336],[-82.1487784,36.149822],[-82.1486148,36.1497013],[-82.148555,36.1494657],[-82.1485195,36.1490797],[-82.1483086,36.1484654],[-82.1482639,36.1482001],[-82.1481813,36.1479473],[-82.1480477,36.1476956],[-82.1479233,36.1475349],[-82.1477436,36.1473972],[-82.1475328,36.1472008],[-82.147235,36.1469796],[-82.1469426,36.1467889],[-82.1468063,36.1465948],[-82.1467246,36.1463915],[-82.1466984,36.146234],[-82.1466307,36.1460916],[-82.1465645,36.1459905],[-82.1463145,36.1456939],[-82.1462457,36.145645],[-82.1461564,36.1455294],[-82.1460005,36.1454585],[-82.145865,36.1453167],[-82.1455266,36.1450255],[-82.1453858,36.1449248],[-82.1449451,36.1447155],[-82.1447753,36.1445836],[-82.1445673,36.1442608],[-82.1444972,36.1439589],[-82.1445062,36.1438438],[-82.1445949,36.1437614],[-82.1446676,36.1435905],[-82.1447577,36.1432717],[-82.1447554,36.1429692],[-82.1447248,36.1423442],[-82.1445797,36.141842],[-82.1445339,36.1414584],[-82.144541,36.1411727],[-82.1446101,36.1409357],[-82.1446091,36.1406773],[-82.1445759,36.1404535],[-82.144501,36.1403219],[-82.1444333,36.140251],[-82.1441231,36.1400075],[-82.1438781,36.1398869],[-82.1435056,36.1396716],[-82.1431409,36.1395033],[-82.1429105,36.1393639],[-82.1420693,36.1390906],[-82.1418722,36.1389466],[-82.1413066,36.138348],[-82.1411678,36.1379165],[-82.1411228,36.1367446],[-82.1411238,36.1365852],[-82.1409807,36.136182],[-82.140866,36.1358924],[-82.1404538,36.1350298],[-82.1404004,36.1348026],[-82.1403299,36.1347207],[-82.1402512,36.1346659],[-82.1402104,36.1345299],[-82.1399989,36.1341383],[-82.139891,36.1338489],[-82.1390251,36.1322102],[-82.138849,36.1317207],[-82.1386681,36.131539],[-82.138586,36.1312752],[-82.1382562,36.1306708],[-82.1377866,36.1300125],[-82.137672,36.1298542],[-82.1371847,36.1294896],[-82.1369666,36.1290881],[-82.1369218,36.1289219],[-82.1368873,36.128686],[-82.1368866,36.1284147],[-82.1369462,36.1277448],[-82.1369839,36.1273906],[-82.1369405,36.1251359],[-82.1369371,36.1246825],[-82.1369159,36.1238002],[-82.1369886,36.1234224],[-82.1371,36.1228232],[-82.1372056,36.1224313],[-82.1373348,36.1220776],[-82.1374145,36.1217841],[-82.137551,36.1214635],[-82.1376635,36.1211029],[-82.1378954,36.1204667],[-82.1379307,36.1202283],[-82.1379824,36.1200199],[-82.1380063,36.1198707],[-82.1380182,36.1197414],[-82.1380062,36.1196542],[-82.1377561,36.1188511],[-82.1375846,36.1185896],[-82.1370887,36.1178541],[-82.1369161,36.1176012],[-82.136464,36.1169253],[-82.136006,36.1162427],[-82.1359304,36.1159338],[-82.1358856,36.1157912],[-82.1358076,36.115617],[-82.135616,36.1152254],[-82.1354323,36.1148878],[-82.1351758,36.1144161],[-82.1347314,36.113823],[-82.1344561,36.1134494],[-82.1341966,36.1131285],[-82.1338069,36.1126488],[-82.1337713,36.112605],[-82.1334904,36.1122736],[-82.1332005,36.1118112],[-82.1329083,36.1113475],[-82.1323776,36.1104853],[-82.1322873,36.1102973],[-82.1320863,36.1098848],[-82.1317937,36.1092999],[-82.131659,36.109037],[-82.1314576,36.1085373],[-82.131299,36.1081497],[-82.1312004,36.1073913],[-82.1311463,36.1071484],[-82.1308018,36.1055847],[-82.1306856,36.1050631],[-82.1306086,36.1047166],[-82.1303757,36.1045538],[-82.130264,36.1044758],[-82.1300287,36.1043326],[-82.1298497,36.1042497],[-82.1283041,36.1040072],[-82.1272372,36.1044552],[-82.126776,36.1044146],[-82.1265169,36.1043655],[-82.1261661,36.1042626],[-82.1253496,36.1042973],[-82.1245194,36.1043293],[-82.1239756,36.1043565],[-82.122974,36.1042842],[-82.1224949,36.1045215],[-82.1200874,36.1047466],[-82.1185326,36.1047029],[-82.1158684,36.1043821],[-82.115115,36.1047358],[-82.1146203,36.1047477],[-82.1123479,36.105125],[-82.1118224,36.1054703],[-82.1112758,36.1057759],[-82.1110117,36.10587],[-82.1107511,36.1059814],[-82.1103854,36.1062824],[-82.1101558,36.1064838],[-82.110078,36.1065512],[-82.1098458,36.1066995],[-82.1096791,36.1067833],[-82.1095637,36.1068555],[-82.1094249,36.1069032],[-82.1091318,36.1070259],[-82.1089025,36.1071471],[-82.1087676,36.1072042],[-82.1085276,36.1072897],[-82.1082227,36.1073717],[-82.1079038,36.1074118],[-82.1076798,36.1074225],[-82.1073067,36.1074867],[-82.1070092,36.1075467],[-82.1067828,36.1076029],[-82.1065828,36.1076644],[-82.1064952,36.1076746],[-82.1062198,36.1076679],[-82.1060669,36.1076854],[-82.1056926,36.1076864],[-82.1055717,36.1076393],[-82.1051376,36.1075421],[-82.1050369,36.1075053],[-82.1049298,36.1074505],[-82.1047242,36.1072998],[-82.1046095,36.1072323],[-82.1043868,36.1071515],[-82.1039883,36.1069245],[-82.1035635,36.1067886],[-82.1033824,36.1067262],[-82.1032869,36.1066829],[-82.1028777,36.1065348],[-82.1027155,36.1064989],[-82.102596,36.106481],[-82.1024686,36.1064583],[-82.1022677,36.1063496],[-82.1020804,36.1062001],[-82.1017129,36.1060075],[-82.1015981,36.1059662],[-82.1014387,36.10592],[-82.1012893,36.105885],[-82.1011129,36.1058572],[-82.1009727,36.1058092],[-82.1007248,36.1057372],[-82.1004361,36.1056907],[-82.1001003,36.1056463],[-82.099786,36.1056307],[-82.0990901,36.1056262],[-82.0988942,36.1056385],[-82.0987679,36.1056509],[-82.0983425,36.1056817],[-82.0982094,36.1056892],[-82.0980694,36.1057191],[-82.0979757,36.1057576],[-82.0978755,36.1057943],[-82.09779,36.1058012],[-82.0973361,36.1057902],[-82.0970614,36.105817],[-82.0961484,36.105854],[-82.095635,36.1058988],[-82.0954102,36.1059133],[-82.0952486,36.1059549],[-82.0948265,36.105931],[-82.0945153,36.1059757],[-82.0944022,36.10601],[-82.0942629,36.1060641],[-82.0941048,36.1061063],[-82.0940312,36.106111],[-82.0936913,36.1060037],[-82.0932784,36.1058824],[-82.0930612,36.1058435],[-82.0928105,36.1058212],[-82.0926693,36.1058208],[-82.0925657,36.1058545],[-82.0924524,36.1058604],[-82.0921644,36.1058521],[-82.0920443,36.1058458],[-82.0916476,36.1059146],[-82.0915049,36.1059303],[-82.091394,36.1059262],[-82.0911924,36.1058915],[-82.0910604,36.1058757],[-82.0908125,36.1058382],[-82.0902062,36.1057594],[-82.0898616,36.1057442],[-82.0891026,36.1057557],[-82.0888237,36.1057921],[-82.0885838,36.1057957],[-82.0879869,36.1058489],[-82.0877039,36.1058919],[-82.0871313,36.1058449],[-82.0866972,36.1058264],[-82.0865725,36.1058338],[-82.0863111,36.1057279],[-82.0861012,36.1057057],[-82.0854039,36.1053562],[-82.0848009,36.1051032],[-82.0844242,36.1048837],[-82.0842581,36.1047498],[-82.0834786,36.1042823],[-82.0824008,36.1036955],[-82.0810982,36.1031283],[-82.0810179,36.1034945],[-82.0808199,36.1051444],[-82.0806153,36.1057605],[-82.0804611,36.1060484],[-82.0799032,36.1064877],[-82.0795795,36.1066521],[-82.0764261,36.1078747],[-82.0759283,36.1080677],[-82.0726995,36.1088251],[-82.0717199,36.1091428],[-82.0712188,36.1095032],[-82.0707309,36.1099632],[-82.0695583,36.1107596],[-82.068608,36.111405],[-82.0677371,36.1119762],[-82.0671875,36.1120933],[-82.0660005,36.1124802],[-82.0652046,36.1126396],[-82.0644371,36.1127083],[-82.0632273,36.1127015],[-82.0627123,36.1127148],[-82.062453,36.1127555],[-82.0622668,36.1128168],[-82.0620268,36.1129565],[-82.0618482,36.1130933],[-82.0615321,36.1133948],[-82.0613385,36.1136683],[-82.061148,36.1140375],[-82.0608553,36.1149842],[-82.0604754,36.1158264],[-82.0603076,36.1161305],[-82.060097,36.1164314],[-82.0598992,36.1167827],[-82.0589054,36.1179172],[-82.0581786,36.118823],[-82.0572062,36.1198439],[-82.0569564,36.1201605],[-82.0568296,36.1203959],[-82.0567331,36.1206065],[-82.0565677,36.1209861],[-82.056516,36.1212747],[-82.0565195,36.1214915],[-82.0566423,36.122305],[-82.056689,36.1232589],[-82.0566781,36.1235545],[-82.0566462,36.1238171],[-82.0565338,36.1241834],[-82.0563914,36.1244841],[-82.0561078,36.1249781],[-82.0553866,36.1256318],[-82.0545883,36.1264162],[-82.0543022,36.1266461],[-82.054154,36.126671],[-82.0538977,36.1266504],[-82.0533342,36.1264965],[-82.0519474,36.1259349],[-82.0515594,36.125884],[-82.0510796,36.1258448],[-82.0506214,36.1258764],[-82.050022,36.1259548],[-82.0497806,36.1259657],[-82.0495062,36.1259296],[-82.0491443,36.1258016],[-82.0484985,36.1256947],[-82.0473932,36.1256239],[-82.0458156,36.1255973],[-82.0451822,36.1255358],[-82.0446626,36.1254639],[-82.0443827,36.125394],[-82.0433927,36.1249995],[-82.042655,36.1245885],[-82.0418826,36.1241912],[-82.0411569,36.1237347],[-82.0407056,36.1233359],[-82.0404558,36.123085],[-82.0401856,36.1227744],[-82.0399604,36.1224645],[-82.0396315,36.1221444],[-82.0393171,36.121867],[-82.0391379,36.1217087],[-82.0389205,36.1215905],[-82.0383261,36.1213486],[-82.0376321,36.1211236],[-82.0373151,36.1210472],[-82.0359708,36.1208607],[-82.035003,36.1206841],[-82.0344453,36.1206136],[-82.0338533,36.1205285],[-82.0319647,36.1219507],[-82.0310218,36.1226907],[-82.0304633,36.1230622],[-82.0300515,36.1234261],[-82.0290349,36.1247],[-82.0288246,36.1251297],[-82.0285785,36.1254381],[-82.0269227,36.1286096],[-82.0267881,36.129177],[-82.02664,36.130222],[-82.0234899,36.1348573],[-82.0193129,36.1410034],[-82.0165245,36.1451064],[-82.0159324,36.1459716],[-82.011263,36.1527943],[-82.0110471,36.1531097],[-81.9997919,36.1695526],[-81.9991691,36.1704937],[-81.9893498,36.1846877],[-81.9860133,36.1895424],[-81.9850828,36.1909228],[-81.9836691,36.1930199],[-81.9827783,36.1943414],[-81.9758806,36.2045728],[-81.9737731,36.2076288],[-81.9708746,36.2118324],[-81.970611,36.2122146],[-81.9660817,36.2188745],[-81.9623336,36.2244865],[-81.9605743,36.2271205],[-81.9561827,36.2331748],[-81.9434653,36.2501994],[-81.9387739,36.2561831],[-81.9332486,36.2644979],[-81.932994,36.264881],[-81.9300695,36.269258],[-81.9181225,36.2871359],[-81.9176755,36.2878019],[-81.9080942,36.3020179],[-81.9069708,36.3021638],[-81.9065072,36.3023415],[-81.9064611,36.3024805],[-81.906491,36.3029226],[-81.9062735,36.3031427],[-81.90575,36.3033643],[-81.9046123,36.3036509],[-81.9039657,36.3037768],[-81.9036147,36.3040107],[-81.9031787,36.3048521],[-81.9026862,36.3052855],[-81.9020918,36.3055285],[-81.9003832,36.3059287],[-81.8998364,36.30666],[-81.8995196,36.3068065],[-81.8986372,36.3071901],[-81.8980188,36.3073918],[-81.8975789,36.3074896],[-81.8971556,36.3075302],[-81.8969654,36.3075293],[-81.8966619,36.307486],[-81.8960572,36.3072923],[-81.8953308,36.3072154],[-81.8949923,36.3071929],[-81.8946931,36.3071992],[-81.8944907,36.3072363],[-81.8942163,36.3073535],[-81.8937138,36.3076114],[-81.8931046,36.3079618],[-81.8926156,36.3081542],[-81.8921182,36.3083132],[-81.8903268,36.3086647],[-81.8897429,36.3087246],[-81.8891538,36.3088173],[-81.8887864,36.3088928],[-81.8878428,36.3091412],[-81.8871834,36.3092782],[-81.8869544,36.3093721],[-81.8866625,36.3095629],[-81.8861038,36.3099865],[-81.8856904,36.3102281],[-81.8855667,36.3103861],[-81.8851316,36.3111769],[-81.8849712,36.3113859],[-81.8846311,36.3117207],[-81.8840041,36.3121502],[-81.8833742,36.3125055],[-81.8828367,36.3127813],[-81.8824154,36.3129787],[-81.8813438,36.3133353],[-81.8798092,36.3137092],[-81.8795916,36.3137788],[-81.8793288,36.313932],[-81.879083,36.3141518],[-81.8786475,36.3146209],[-81.8781579,36.3150193],[-81.8777181,36.3153123],[-81.8769216,36.3156673],[-81.8767052,36.3157781],[-81.8765008,36.3159196],[-81.8762919,36.3162121],[-81.8759567,36.3167781],[-81.8752998,36.3182375],[-81.8751142,36.3185391],[-81.8750138,36.3186402],[-81.8748376,36.3187305],[-81.8748376,36.3190327],[-81.8745806,36.3191529],[-81.8739132,36.3196147],[-81.8734606,36.320046],[-81.8731594,36.3203819],[-81.8722397,36.3216001],[-81.8717794,36.3221548],[-81.8712911,36.3226081],[-81.8708824,36.3229519],[-81.8702952,36.3233696],[-81.868997,36.3243727],[-81.868456,36.3249279],[-81.8678888,36.3255559],[-81.8674555,36.3261394],[-81.8670189,36.3266358],[-81.863148,36.330209],[-81.8573331,36.3347867],[-81.853085,36.3365754],[-81.8526528,36.3367573],[-81.8508892,36.3374999],[-81.845638,36.34036],[-81.841268,36.343321],[-81.833202,36.347339],[-81.822493,36.348819],[-81.8129045,36.3510659],[-81.8125205,36.3513182],[-81.808255,36.354121],[-81.800812,36.358073],[-81.7952687,36.3578489],[-81.7918772,36.3547965],[-81.7908525,36.3529521],[-81.790376,36.3520945],[-81.7901814,36.3517442],[-81.7877843,36.3490474],[-81.7874682,36.3486918],[-81.7840767,36.3476744],[-81.781318,36.347656],[-81.7779721,36.3463178],[-81.768977,36.341042],[-81.7661018,36.3385173],[-81.7623712,36.3388565],[-81.7606754,36.3381782],[-81.7579622,36.3374999],[-81.75442,36.337044],[-81.7532786,36.3370981],[-81.7507471,36.3372182],[-81.747842,36.337356],[-81.744461,36.337778],[-81.7402013,36.3394766],[-81.739498,36.339757],[-81.7391517,36.3401181],[-81.7382198,36.3411852],[-81.7377936,36.3416002],[-81.7371222,36.3420256],[-81.7366206,36.3423015],[-81.7362955,36.342589],[-81.7360134,36.3429359],[-81.7358128,36.3429405],[-81.7348801,36.3425013],[-81.7339414,36.3420407],[-81.732234,36.3417771],[-81.7315088,36.3415127],[-81.730976,36.341187],[-81.725938,36.340364],[-81.7251087,36.3401898],[-81.7246747,36.339997],[-81.7239625,36.3391909],[-81.7234977,36.3388822],[-81.7231204,36.3387787],[-81.721015,36.338645],[-81.7205525,36.338346],[-81.7196116,36.3370529],[-81.7187639,36.3362821],[-81.7182087,36.3360417],[-81.717186,36.336169],[-81.7147345,36.3361063],[-81.7132989,36.3360587],[-81.7110282,36.335506],[-81.7090018,36.3351148],[-81.707438,36.335171],[-81.7071884,36.3364242],[-81.7068526,36.3372185],[-81.705966,36.338496],[-81.7053366,36.3397187],[-81.7053145,36.3417742],[-81.705299,36.341852],[-81.7053728,36.3419753],[-81.7055788,36.3423918],[-81.7056684,36.3429475],[-81.7057759,36.3432178],[-81.7065547,36.344365],[-81.707785,36.346007],[-81.7081381,36.3462484],[-81.708493,36.3464221],[-81.7097657,36.3465525],[-81.7115104,36.3466687],[-81.7140167,36.346735],[-81.7148891,36.3469043],[-81.7158141,36.3472474],[-81.7175061,36.3478881],[-81.718674,36.3487101],[-81.7197315,36.3496915],[-81.7205369,36.3504785],[-81.7209836,36.3508022],[-81.7213369,36.3511559],[-81.722085,36.352089],[-81.7224759,36.3530341],[-81.722595,36.3533265],[-81.7227072,36.353922],[-81.7229149,36.3544054],[-81.7235297,36.3551778],[-81.7240181,36.3562112],[-81.7242719,36.3576536],[-81.724148,36.3579374],[-81.7238625,36.3580545],[-81.7236011,36.3581348],[-81.7227741,36.3582188],[-81.7224958,36.3584514],[-81.72244,36.3586438],[-81.7227855,36.3603437],[-81.722721,36.3608636],[-81.7232217,36.3620823],[-81.7236187,36.3626547],[-81.7240473,36.3630105],[-81.7249473,36.3634812],[-81.7270274,36.3655276],[-81.726007,36.368115],[-81.7259353,36.3684799],[-81.7260028,36.3687138],[-81.7260035,36.3687155],[-81.726082,36.368893],[-81.7269985,36.3698226],[-81.7270681,36.3700714],[-81.7284602,36.3708331],[-81.7287586,36.3711081],[-81.7289001,36.3713662],[-81.7289186,36.3716649],[-81.7288637,36.3734249],[-81.729034,36.3736337],[-81.729289,36.3736751],[-81.7295906,36.3736514],[-81.7300775,36.3735219],[-81.7304026,36.3735058],[-81.7306962,36.3735971],[-81.731178,36.374062],[-81.7314318,36.374592],[-81.7316037,36.3754368],[-81.7317854,36.3760248],[-81.7318502,36.3766191],[-81.7325598,36.3780793],[-81.7331118,36.3786592],[-81.7337913,36.3790309],[-81.7346002,36.3793789],[-81.7346264,36.3798218],[-81.7341782,36.3809367],[-81.7336224,36.3821184],[-81.7322411,36.3826348],[-81.7309748,36.3828943],[-81.7307623,36.3830042],[-81.7304953,36.3840567],[-81.7302254,36.3846364],[-81.7297667,36.3850796],[-81.7294436,36.3853943],[-81.729398,36.3856016],[-81.7296566,36.3858039],[-81.730039,36.386038],[-81.7303521,36.3866243],[-81.7304765,36.3870629],[-81.7304049,36.387601],[-81.7303554,36.3878736],[-81.7304384,36.388194],[-81.7302137,36.3888041],[-81.7301977,36.3893805],[-81.72983,36.3898446],[-81.7294357,36.3900065],[-81.7290511,36.3903225],[-81.7287615,36.3908671],[-81.728666,36.3912931],[-81.7288996,36.3920106],[-81.7294613,36.3929138],[-81.7302208,36.3934984],[-81.7309411,36.3939387],[-81.7314682,36.3943553],[-81.7317188,36.3947686],[-81.73193,36.3949059],[-81.7322176,36.3949697],[-81.7326454,36.3949404],[-81.7332406,36.3948149],[-81.733877,36.39457],[-81.734243,36.3943644],[-81.7346221,36.3942709],[-81.735076,36.3943025],[-81.7357442,36.3943927],[-81.7363286,36.3945913],[-81.736694,36.3945944],[-81.737813,36.3946041],[-81.7382808,36.3947262],[-81.7390021,36.39526],[-81.7392971,36.395477],[-81.7393508,36.3957202],[-81.7389987,36.3964248],[-81.7388457,36.3972415],[-81.7388961,36.3986037],[-81.7387168,36.3992855],[-81.7382559,36.4005584],[-81.7382465,36.4009474],[-81.7383684,36.4011858],[-81.7385228,36.4013715],[-81.7387207,36.4015544],[-81.7390489,36.4016645],[-81.7397179,36.4017503],[-81.7408713,36.401913],[-81.7409662,36.4021175],[-81.7411005,36.402651],[-81.7412859,36.4028557],[-81.7413822,36.4033942],[-81.741376,36.4037241],[-81.7412341,36.4041471],[-81.7410687,36.4044535],[-81.7408156,36.4047606],[-81.7404609,36.4049237],[-81.7403812,36.4050199],[-81.7403457,36.4051646],[-81.7404603,36.4053042],[-81.7407125,36.4055304],[-81.7408603,36.4059199],[-81.7409547,36.4064535],[-81.7408933,36.406808],[-81.7407641,36.4070052],[-81.7403463,36.4073193],[-81.740084,36.4077579],[-81.7399199,36.4084136],[-81.7400104,36.4085729],[-81.7404001,36.4088268],[-81.740806,36.4090318],[-81.7410779,36.409714],[-81.7413246,36.4099965],[-81.7414929,36.4101548],[-81.7415443,36.4105346],[-81.7416561,36.4108219],[-81.7418622,36.4110662],[-81.7418835,36.4113262],[-81.7417759,36.4116149],[-81.741698,36.4119836],[-81.7417105,36.4122503],[-81.7416235,36.4124426],[-81.7412622,36.4127288],[-81.7408207,36.4129465],[-81.7404008,36.4130838],[-81.740059,36.4131353],[-81.7397484,36.4130382],[-81.739392,36.4129517],[-81.7390004,36.4129657],[-81.7387067,36.4131065],[-81.7384364,36.4133177],[-81.7379234,36.413494],[-81.7376376,36.4135011],[-81.7372772,36.4134445],[-81.7368428,36.4130816],[-81.7360421,36.4124046],[-81.735575,36.4123363],[-81.7351976,36.4123188],[-81.7345403,36.4124852],[-81.7344091,36.4127052],[-81.7343473,36.4133847],[-81.7341627,36.4138823],[-81.7338051,36.4145205],[-81.7334887,36.4147866],[-81.7330563,36.4148125],[-81.7313864,36.4148501],[-81.7304012,36.4152656],[-81.7296224,36.4156822],[-81.7293649,36.4159146],[-81.7292444,36.416082],[-81.7291905,36.4163869],[-81.7292494,36.4171504],[-81.7292097,36.4173183],[-81.728991,36.4174107],[-81.7284865,36.4176539],[-81.727844,36.4179126],[-81.7275646,36.4181258],[-81.7273365,36.4184434],[-81.7272191,36.4187564],[-81.7271859,36.4192938],[-81.727118,36.4199025],[-81.7268917,36.4198343],[-81.7263408,36.4197034],[-81.7260914,36.4197275],[-81.7259034,36.4198261],[-81.7257389,36.4200345],[-81.7253344,36.420369],[-81.7251469,36.4204311],[-81.7249215,36.4204334],[-81.7246303,36.4203865],[-81.7243962,36.420373],[-81.7242138,36.420423],[-81.7241022,36.4205904],[-81.7238255,36.4221543],[-81.7236838,36.4223142],[-81.7234888,36.4223289],[-81.7225807,36.4219678],[-81.7223837,36.4219804],[-81.721979,36.4222872],[-81.7217702,36.4223599],[-81.7212183,36.422356],[-81.7209509,36.4224066],[-81.720734,36.422537],[-81.7205304,36.4232404],[-81.7203939,36.4234331],[-81.7200624,36.4238058],[-81.7200069,36.4239066],[-81.7196204,36.4246079],[-81.7182555,36.4280836],[-81.7180529,36.4288199],[-81.7178523,36.4295882],[-81.7179209,36.430128],[-81.7181223,36.4305977],[-81.7184559,36.4310333],[-81.7213142,36.4338911],[-81.7199447,36.4347799],[-81.7195099,36.4349139],[-81.7191961,36.434979],[-81.718643,36.4350061],[-81.7183112,36.4350536],[-81.715385,36.4366588],[-81.7149826,36.4369367],[-81.7148148,36.4373143],[-81.7148643,36.4376191],[-81.7149723,36.4378992],[-81.7151603,36.4381217],[-81.7156919,36.4384314],[-81.7157555,36.4385109],[-81.7157447,36.4385911],[-81.7155307,36.4387881],[-81.7152982,36.4390115],[-81.7148979,36.4394966],[-81.7147475,36.4399128],[-81.7145757,36.4409834],[-81.7145291,36.441338],[-81.7146207,36.4416689],[-81.7149675,36.4420365],[-81.7156301,36.4425154],[-81.7168202,36.443286],[-81.7172502,36.4436162],[-81.7173846,36.443828],[-81.7174687,36.4441133],[-81.7175785,36.4446464],[-81.717796,36.4448843],[-81.7178507,36.4450241],[-81.7177963,36.44515],[-81.7175867,36.4452458],[-81.7166534,36.4454808],[-81.7157257,36.4458725],[-81.7143961,36.4465808],[-81.7140787,36.4468221],[-81.7139142,36.4470066],[-81.7138215,36.4471558],[-81.7138702,36.4475644],[-81.7140757,36.4482292],[-81.7142384,36.4488621],[-81.7143227,36.4506997],[-81.7143955,36.4509423],[-81.7145037,36.4510014],[-81.7148785,36.4511041],[-81.71529,36.4513193],[-81.7155372,36.4515428],[-81.7155264,36.4523971],[-81.7153434,36.4527801],[-81.7151386,36.4530862],[-81.715082,36.453365],[-81.7151825,36.4543454],[-81.7152467,36.4549004],[-81.7154861,36.4553322],[-81.715732,36.4555363],[-81.7167949,36.4561934],[-81.7169143,36.4564241],[-81.7168934,36.4566355],[-81.7163299,36.4570634],[-81.7155662,36.4576111],[-81.714967,36.4576754],[-81.7146286,36.4577533],[-81.7139257,36.4582977],[-81.7136283,36.458429],[-81.7129429,36.4586005],[-81.7125487,36.4587464],[-81.7120645,36.4587889],[-81.7113648,36.4587309],[-81.7111464,36.4587767],[-81.7106074,36.4590411],[-81.7095444,36.4594635],[-81.7093752,36.4598964],[-81.7093023,36.460243],[-81.7090597,36.4606383],[-81.7088697,36.4609488],[-81.7087604,36.4611714],[-81.708758,36.4615181],[-81.7085928,36.4618977],[-81.708247,36.462217],[-81.7070228,36.4625576],[-81.7067453,36.4626131],[-81.7057871,36.4625871],[-81.7044226,36.4632352],[-81.7040768,36.4633361],[-81.7036925,36.4633781],[-81.7033868,36.463434],[-81.7029151,36.4636878],[-81.7025302,36.4637047],[-81.7019537,36.4638357],[-81.701076,36.464212],[-81.7004416,36.4642572],[-81.6998323,36.4641081],[-81.6995686,36.4639422],[-81.699223,36.463959],[-81.6983044,36.4645913],[-81.6976677,36.4653511],[-81.6967103,36.466254],[-81.6962393,36.4665874],[-81.6950811,36.4673346],[-81.6950613,36.467515],[-81.6952491,36.4677311],[-81.6955675,36.4680058],[-81.6957809,36.4682528],[-81.6958941,36.468441],[-81.6958911,36.4685737],[-81.6958499,36.4689503],[-81.6960925,36.4692837],[-81.696218,36.46969],[-81.6961518,36.4699381],[-81.695535,36.4710969],[-81.6952216,36.4716691],[-81.694533,36.473283],[-81.694829,36.474463],[-81.696281,36.475499],[-81.6965883,36.4783211],[-81.6963165,36.4786046],[-81.6960189,36.4787706],[-81.695986,36.4790401],[-81.6961299,36.4795706],[-81.6959432,36.4802107],[-81.696053,36.4805808],[-81.6965165,36.4812814],[-81.6967091,36.4816541],[-81.6968219,36.4825539],[-81.6969794,36.4828391],[-81.6973062,36.4833216],[-81.697358,36.483578],[-81.6972852,36.4841238],[-81.697287,36.4847571],[-81.6976604,36.4865079],[-81.697666,36.4872056],[-81.6975039,36.4875846],[-81.6974255,36.4878744],[-81.6975845,36.4881312],[-81.6978152,36.4886837],[-81.6978324,36.4890627],[-81.6977095,36.4894335],[-81.6973646,36.4899897],[-81.696881,36.4906674],[-81.695907,36.49158],[-81.696835,36.493393],[-81.6969161,36.4938119],[-81.697145,36.4941616],[-81.6972497,36.4959541],[-81.6971931,36.4961147],[-81.6972185,36.496402],[-81.6974873,36.4967939],[-81.6979815,36.4972256],[-81.6983077,36.4973584],[-81.6986327,36.4973737],[-81.6990501,36.4974008],[-81.6997617,36.497855],[-81.699928,36.498018],[-81.6999597,36.4981105],[-81.7002159,36.498471],[-81.7002187,36.4987258],[-81.7000159,36.4991589],[-81.7000021,36.4993559],[-81.7001377,36.4996502],[-81.7001659,36.4997371],[-81.7000597,36.5000406],[-81.699919,36.5003049],[-81.6997987,36.5004656],[-81.6992344,36.5010675],[-81.6987266,36.5014667],[-81.6980717,36.5017317],[-81.6976022,36.5019434],[-81.6973967,36.5022255],[-81.6973794,36.5024973],[-81.6978791,36.503822],[-81.6971128,36.5044829],[-81.696982,36.5048601],[-81.6971169,36.506092],[-81.6972707,36.5062365],[-81.6975017,36.5063221],[-81.6982784,36.5064515],[-81.6983503,36.5065479],[-81.6983228,36.5067553],[-81.698046,36.5072045],[-81.6979629,36.5074041],[-81.6979516,36.5084319],[-81.6981683,36.5087576],[-81.698238,36.5095392],[-81.6983683,36.5099581],[-81.6990094,36.5107764],[-81.6992119,36.5110135],[-81.6992518,36.5113318],[-81.699601,36.512883],[-81.700093,36.514158],[-81.700553,36.51519],[-81.702543,36.520317],[-81.707573,36.526101],[-81.708262,36.532113],[-81.707963,36.536209],[-81.699962,36.536829],[-81.699962,36.539714],[-81.697539,36.544359],[-81.693844,36.549083],[-81.69003,36.552154],[-81.6891148,36.5559123],[-81.6901323,36.5596429],[-81.6902402,36.5598047],[-81.6921672,36.5626953],[-81.6925063,36.5657476],[-81.691945,36.5664821],[-81.690236,36.568718],[-81.686436,36.567918],[-81.6803321,36.5685753],[-81.679936,36.568618],[-81.678916,36.5693566],[-81.677184,36.5706109],[-81.677036,36.570718],[-81.677041,36.5708109],[-81.6771424,36.5726797],[-81.677236,36.574406],[-81.6790141,36.5788631],[-81.679036,36.578918],[-81.6794554,36.5814322],[-81.680137,36.585518],[-81.6774572,36.588157],[-81.6472191,36.6117066],[-81.8266795,36.6146598],[-81.922644,36.616213],[-81.934144,36.594213],[-82.095975,36.594725],[-82.096575,36.594729],[-82.098375,36.594743],[-82.09903,36.594748],[-82.099195,36.594749],[-82.099834,36.594754],[-82.101492,36.594768],[-82.101586,36.594767],[-82.102171,36.594762],[-82.103285,36.594751],[-82.106628,36.59472],[-82.107743,36.594711],[-82.108328,36.594705],[-82.108832,36.594701],[-82.110083,36.594666],[-82.110693,36.594649],[-82.1108563,36.5946477],[-82.111054,36.594641],[-82.111121,36.59464],[-82.111196,36.594639],[-82.111284,36.594638],[-82.111424,36.594637],[-82.1123771,36.594616],[-82.112767,36.594615],[-82.1127971,36.5946153],[-82.113167,36.594608],[-82.113194,36.594607],[-82.114089,36.594594],[-82.114263,36.594592],[-82.114337,36.59459],[-82.114509,36.594586],[-82.114562,36.594586],[-82.114638,36.594586],[-82.115044,36.594582],[-82.116262,36.594573],[-82.116669,36.594571],[-82.11713,36.594567],[-82.117359,36.594566],[-82.118514,36.594559],[-82.118976,36.594557],[-82.120112,36.594551],[-82.120992,36.594547],[-82.123523,36.594523],[-82.12458,36.594514],[-82.124653,36.594549],[-82.124711,36.594578],[-82.124852,36.594647],[-82.124895,36.594648],[-82.124962,36.594651],[-82.125083,36.594656],[-82.125446,36.594672],[-82.125999,36.594697],[-82.127298,36.594755],[-82.127731,36.594775],[-82.127808,36.594778],[-82.127911,36.594777],[-82.128451,36.594775],[-82.128632,36.594775],[-82.128992,36.594773],[-82.130075,36.59477],[-82.1307271,36.5947669],[-82.130893,36.594767],[-82.132267,36.594763],[-82.132697,36.594762],[-82.1327598,36.5947623],[-82.132947,36.594761],[-82.133611,36.594759],[-82.133833,36.594759],[-82.134773,36.594756],[-82.137597,36.594749],[-82.138535,36.594744],[-82.138553,36.594747],[-82.1386,36.594747],[-82.138885,36.594745],[-82.138951,36.594744],[-82.139145,36.594744],[-82.139724,36.594742],[-82.139917,36.594742],[-82.140523,36.594739],[-82.142341,36.594734],[-82.142948,36.594733],[-82.142967,36.594733],[-82.143649,36.59473],[-82.145464,36.594725],[-82.1455615,36.5947248],[-82.146111,36.594724],[-82.146234,36.594724],[-82.146279,36.594724],[-82.147155,36.594721],[-82.148886,36.594724],[-82.14897,36.594729],[-82.149313,36.594754],[-82.149754,36.594754],[-82.150102,36.594728],[-82.150169,36.594724],[-82.150506,36.59471],[-82.15057,36.594709],[-82.150656,36.594708],[-82.150917,36.594706],[-82.150979,36.594706],[-82.1510035,36.5947015],[-82.151045,36.5947],[-82.151169,36.594692],[-82.151211,36.59469],[-82.15134,36.594693],[-82.151731,36.594703],[-82.151861,36.594707],[-82.151926,36.594709],[-82.152124,36.594715],[-82.15219,36.594717],[-82.152479,36.594725],[-82.153346,36.594751],[-82.153564,36.594758],[-82.153614,36.594744],[-82.1743008,36.5947446],[-82.1761173,36.5947936],[-82.1774496,36.594814],[-82.1799985,36.5948857],[-82.1800578,36.5948874],[-82.1812741,36.5949218],[-82.2070728,36.5956476],[-82.2070707,36.5957023],[-82.2102174,36.5957726],[-82.2112936,36.5957995],[-82.211995,36.595795],[-82.212227,36.595798],[-82.212677,36.595814],[-82.212847,36.595809],[-82.213061,36.595817],[-82.213675,36.595831],[-82.213882,36.595832],[-82.214198,36.595846],[-82.217537,36.595828],[-82.218359,36.595828],[-82.221713,36.595814],[-82.221797,36.595809],[-82.221846,36.595863],[-82.221938,36.595925],[-82.222027,36.595963],[-82.222289,36.596012],[-82.222615,36.59603],[-82.223519,36.595983],[-82.223732,36.595952],[-82.223837,36.595903],[-82.22405,36.595727],[-82.225875,36.595744],[-82.225986,36.595839],[-82.2261,36.595883],[-82.226255,36.595896],[-82.226562,36.595884],[-82.226747,36.595855],[-82.226865,36.595802],[-82.226968,36.595733],[-82.228924,36.595674],[-82.229342,36.595682],[-82.2419521,36.5956544],[-82.2429058,36.5956539],[-82.2634298,36.5957226],[-82.2724756,36.5957176],[-82.2929808,36.5957062],[-82.2940675,36.5957056],[-82.296995,36.595704],[-82.3867619,36.5950568],[-82.391007,36.5950261],[-82.4165724,36.5948418],[-82.4639057,36.5945005],[-82.465051,36.5944923],[-82.4656518,36.5944879],[-82.4663336,36.594483],[-82.4663461,36.5944829],[-82.466613,36.594481],[-82.4673563,36.5945493],[-82.478668,36.595588],[-82.4863851,36.5957987],[-82.4867752,36.5958094],[-82.48693,36.595822],[-82.487238,36.595822],[-82.5170735,36.5954011],[-82.545474,36.5950004],[-82.545583,36.594999],[-82.549173,36.5949482],[-82.554294,36.594876],[-82.559774,36.5948],[-82.560774,36.5948],[-82.561074,36.5948],[-82.5615519,36.594793],[-82.5616682,36.5947913],[-82.5660236,36.5947279],[-82.5664416,36.5947218],[-82.5720322,36.5946374],[-82.572141,36.5946359],[-82.5722643,36.5946341],[-82.5881143,36.5944059],[-82.5936085,36.5943259],[-82.6091822,36.5941098],[-82.6505937,36.5938641],[-82.6539528,36.593845],[-82.679879,36.593698],[-82.68828,36.593698],[-82.69578,36.593698],[-82.6993806,36.5936997],[-82.7203676,36.5937095],[-82.7796518,36.5937372],[-82.830433,36.593761],[-82.888013,36.593461],[-82.889037,36.5934638],[-82.8897607,36.5934658],[-82.9619863,36.5936654],[-82.9622991,36.5936663],[-82.9624425,36.5936667],[-82.9625946,36.5936671],[-82.962788,36.5936676],[-82.9628475,36.5936678],[-82.9850318,36.5937291],[-82.9851254,36.5937294],[-82.9927234,36.5937506],[-82.9935212,36.5937528],[-82.9960168,36.5937598],[-83.0127565,36.5938065],[-83.0131911,36.5938077],[-83.0132244,36.5938078],[-83.0166615,36.5938174],[-83.017723,36.5938204],[-83.0187186,36.5938232],[-83.0199447,36.5938266],[-83.0207937,36.593829],[-83.02725,36.593847],[-83.028357,36.593893],[-83.0515093,36.5938861],[-83.0669081,36.5938815],[-83.0670688,36.5938815],[-83.0672207,36.5938815],[-83.0709237,36.5938803],[-83.0710042,36.5938803],[-83.0715593,36.5938801],[-83.0717431,36.59388],[-83.071805,36.59388],[-83.0720298,36.59388],[-83.075588,36.5938789],[-83.0757397,36.5938788],[-83.0757783,36.5938788],[-83.0762209,36.5938787],[-83.0763728,36.5938787],[-83.1016648,36.5938711],[-83.1746351,36.5938492],[-83.225515,36.593834],[-83.248933,36.593827],[-83.249899,36.593898],[-83.250304,36.593935],[-83.252629,36.593925],[-83.261099,36.593887],[-83.2763,36.598187],[-83.374904,36.597386],[-83.472108,36.597284],[-83.5444304,36.5973694],[-83.5469994,36.5973724],[-83.55681,36.597384],[-83.5745497,36.5974714],[-83.5964694,36.5977699],[-83.6088982,36.5979206],[-83.6221304,36.5980898],[-83.6249058,36.5982872],[-83.6250041,36.5983624],[-83.6255406,36.5984045],[-83.6373609,36.5993797],[-83.6456772,36.6000192],[-83.6497112,36.6001301],[-83.660403,36.600462],[-83.6662718,36.6006401],[-83.6701414,36.6007575],[-83.6736864,36.6007973],[-83.6750166,36.6008122],[-83.6753671,36.6007706],[-83.675614,36.598582],[-83.6759871,36.5980845],[-83.6761347,36.5978878],[-83.677114,36.596582],[-83.679514,36.594082],[-83.683014,36.592182],[-83.687514,36.587182],[-83.688814,36.584382],[-83.690714,36.582581],[-83.789017,36.583881],[-83.9297946,36.5877579],[-83.9876194,36.5894755],[-84.0214825,36.5900367],[-84.104636,36.5911081],[-84.1226438,36.5913499],[-84.1262106,36.5913962],[-84.127503,36.591413],[-84.1498712,36.5915869],[-84.1911792,36.5919029],[-84.1976179,36.5919524],[-84.2266139,36.5921755],[-84.2291816,36.592181],[-84.261337,36.591784],[-84.271176,36.591882],[-84.4182918,36.5954789],[-84.435107,36.59589],[-84.4361348,36.5959151],[-84.4392044,36.5959902],[-84.4405039,36.596022],[-84.442787,36.596077],[-84.4502704,36.596157],[-84.4504881,36.5961593],[-84.4506128,36.5961606],[-84.478788,36.596455],[-84.499938,36.596678],[-84.518977,36.5965012],[-84.5208544,36.5964838],[-84.5208876,36.5964835],[-84.543138,36.596277],[-84.5619721,36.5970363],[-84.5834296,36.5979016],[-84.624939,36.599575],[-84.638364,36.5998928],[-84.642313,36.5999863],[-84.7295617,36.6020852],[-84.7786079,36.6032639],[-84.7856808,36.6034061],[-84.7950721,36.6036378],[-84.8039398,36.6038493],[-84.8300525,36.6044731],[-84.8385934,36.6050455],[-84.8531119,36.6060906],[-84.8593537,36.6065399],[-84.859738,36.606495],[-84.8689998,36.6071631],[-84.8797914,36.6079415],[-84.8801356,36.6079648],[-84.9146657,36.610457],[-84.9296786,36.6115398],[-84.943948,36.612569],[-84.974811,36.615465],[-85.024627,36.619354],[-85.0496232,36.6203892],[-85.0862536,36.6219063],[-85.086415,36.621913],[-85.096128,36.622483],[-85.1701819,36.6247327],[-85.195372,36.625498],[-85.2083423,36.6256604],[-85.2122141,36.6257088],[-85.2762372,36.6267826],[-85.2939133,36.6263436],[-85.2959979,36.6257379],[-85.300402,36.624437],[-85.324654,36.62455],[-85.334124,36.622951],[-85.4295094,36.6189776],[-85.430123,36.618952],[-85.4363327,36.6185299],[-85.488353,36.614994],[-85.5021382,36.6151541],[-85.551483,36.615727],[-85.552017,36.615782],[-85.5869641,36.6164419],[-85.5882448,36.6164661],[-85.6658432,36.6179314],[-85.677789,36.618157],[-85.6940106,36.6188386],[-85.7003703,36.6191058],[-85.731862,36.620429],[-85.7527998,36.6209515],[-85.7767539,36.6215672],[-85.7846363,36.6217697],[-85.7876033,36.621846],[-85.80149,36.622418],[-85.832172,36.622046],[-85.873857,36.623642],[-85.904185,36.6252192],[-85.92066,36.6260761],[-85.959981,36.628121],[-85.9718739,36.628488],[-85.9738199,36.6286269],[-85.9767255,36.6286377],[-85.9875467,36.6289716],[-86.0060288,36.6295419],[-86.03277,36.630367],[-86.033139,36.630413],[-86.038366,36.630804],[-86.080666,36.63394],[-86.081944,36.633848],[-86.0943199,36.6344383],[-86.1143344,36.6353929],[-86.1284459,36.6360659],[-86.197573,36.639363],[-86.204859,36.639741],[-86.2072346,36.6399086],[-86.216183,36.640527],[-86.21641,36.640595],[-86.219081,36.640824],[-86.222151,36.640891],[-86.2644166,36.6435413],[-86.2644226,36.6435417],[-86.2644391,36.6435427],[-86.293357,36.645356],[-86.331847,36.6486742],[-86.333051,36.648778],[-86.3402318,36.6490724],[-86.359073,36.649845],[-86.373784,36.650126],[-86.374991,36.649803],[-86.4011282,36.6503727],[-86.4112441,36.6505932],[-86.468497,36.651841],[-86.47219,36.651763],[-86.473413,36.651676],[-86.473497,36.651671],[-86.507771,36.652445],[-86.5383681,36.642325],[-86.543777,36.640536],[-86.543388,36.64389],[-86.550054,36.644817],[-86.551292,36.637985],[-86.56388,36.6335536],[-86.5734367,36.6405061],[-86.5741513,36.6410259],[-86.5766839,36.6428683],[-86.5783065,36.6440486],[-86.5814984,36.6463705],[-86.5865356,36.6500345],[-86.589906,36.652486],[-86.5911982,36.6524558],[-86.5939784,36.6523909],[-86.6048985,36.6521358],[-86.6790122,36.6502366],[-86.6991381,36.6497183],[-86.713786,36.649341],[-86.75892,36.649018],[-86.7628886,36.6489353],[-86.7875326,36.6482931],[-86.7964448,36.6480673],[-86.7983555,36.6480401],[-86.813037,36.647647],[-86.816186,36.647722],[-86.818405,36.647639],[-86.833155,36.64721],[-86.843604,36.6470487],[-86.854268,36.646884],[-86.906023,36.646302],[-86.906583,36.646255],[-86.9199227,36.6459619],[-86.9873988,36.6444791],[-87.0002907,36.6441958],[-87.011522,36.643949],[-87.0414941,36.6435043],[-87.0606704,36.6429237],[-87.1151506,36.6423667],[-87.1508405,36.6421339],[-87.1740387,36.6420366],[-87.1761812,36.6420294],[-87.1924701,36.6419564],[-87.2035598,36.6419128],[-87.2127934,36.6418708],[-87.2303372,36.641796],[-87.230871,36.6417976],[-87.2344657,36.6417826],[-87.2493826,36.6417183],[-87.2519401,36.6417183],[-87.2645841,36.6417439],[-87.2658232,36.6417425],[-87.275207,36.6417618],[-87.2790759,36.6417648],[-87.295077,36.6417431],[-87.2956459,36.6417424],[-87.300877,36.6417265],[-87.3053053,36.6417131],[-87.3149786,36.6416839],[-87.3209806,36.6416729],[-87.32128,36.641674],[-87.3358769,36.6416871],[-87.3806941,36.6413387],[-87.3845753,36.6413085],[-87.3862813,36.6412952],[-87.3870698,36.6412891],[-87.387625,36.6412848],[-87.3938129,36.6412367],[-87.398131,36.6412031],[-87.4016757,36.6411684],[-87.4136827,36.6410507],[-87.4140588,36.641047],[-87.4143532,36.6410444],[-87.4174834,36.6410164],[-87.4191222,36.6410018],[-87.4219842,36.6409763],[-87.4237074,36.6409609],[-87.4248715,36.6409524],[-87.4260732,36.6409436],[-87.4263749,36.6409406],[-87.4306235,36.6408984],[-87.4316675,36.6408904],[-87.4336973,36.6408715],[-87.4360628,36.6408496],[-87.4363857,36.6408466],[-87.4367215,36.640844],[-87.4411565,36.6408375],[-87.4493395,36.6407298],[-87.4562577,36.6406385],[-87.4757524,36.6403817],[-87.5370297,36.6392342],[-87.5384349,36.6391629],[-87.540999,36.6391509],[-87.542941,36.6389954],[-87.5463582,36.6389124],[-87.5506591,36.6389154],[-87.5515748,36.6388543],[-87.5522001,36.6388924],[-87.5572477,36.6388526],[-87.5622573,36.6388095],[-87.5647449,36.6387923],[-87.5729336,36.6387208],[-87.5796606,36.6386719],[-87.5856579,36.6386263],[-87.5985406,36.6385263],[-87.6104735,36.6384245],[-87.6171149,36.6383736],[-87.6211623,36.63834],[-87.6214493,36.6383397],[-87.6219024,36.6383333],[-87.6250947,36.6383099],[-87.6368992,36.6381628],[-87.6411761,36.638107],[-87.6422924,36.6380927],[-87.6654187,36.63759],[-87.6938505,36.6370728],[-87.6978305,36.6370049],[-87.744768,36.636151],[-87.797039,36.6347511],[-87.8020853,36.6347799],[-87.8535427,36.6350732],[-87.8504528,36.6650968],[-87.901777,36.6679384],[-87.9042209,36.6680737],[-87.9048052,36.668106],[-87.9106505,36.6684296],[-87.9113858,36.6684703],[-87.9121239,36.6685112],[-87.913325,36.6686138],[-87.9147745,36.6687376],[-87.9178028,36.6689963],[-88.011792,36.677025],[-88.044772,36.677983],[-88.070532,36.678118],[-88.068208,36.659747],[-88.064401,36.650854],[-88.05858,36.643315],[-88.057042,36.64054],[-88.055604,36.63571],[-88.055738,36.630475],[-88.045127,36.602939],[-88.041196,36.584123],[-88.039625,36.572783],[-88.035625,36.561736],[-88.033802,36.551733],[-88.032489,36.540662],[-88.034132,36.53112],[-88.035854,36.525912],[-88.03727,36.523783],[-88.03783,36.521015],[-88.037329,36.51783],[-88.037822,36.51385],[-88.039481,36.510408],[-88.045304,36.504081],[-88.050466,36.500053],[-88.0533223,36.497118],[-88.0659776,36.4977397],[-88.0847969,36.4979198],[-88.1059709,36.4982135],[-88.1250194,36.4985901],[-88.1384727,36.4986935],[-88.1541639,36.4989573],[-88.1808559,36.499398],[-88.1999347,36.4996068],[-88.2167205,36.4998347],[-88.2333239,36.4998288],[-88.2500708,36.4999517],[-88.2667003,36.5001093],[-88.2832907,36.5003073],[-88.3115765,36.5003765],[-88.3795566,36.500479],[-88.416862,36.5007574],[-88.4388303,36.5012201],[-88.4494159,36.5011122],[-88.4698046,36.5010585],[-88.4890738,36.5011028],[-88.516403,36.501583],[-88.521569,36.5017],[-88.528165,36.501924],[-88.529298,36.502],[-88.531275,36.501995],[-88.541874,36.502176],[-88.544943,36.502127],[-88.553988,36.50211],[-88.556788,36.502169],[-88.560591,36.502117],[-88.567653,36.502104],[-88.576568,36.5021],[-88.57689,36.502096],[-88.577326,36.5021],[-88.588474,36.502095],[-88.594728,36.50216],[-88.608512,36.50214],[-88.617019,36.502123],[-88.623317,36.502095],[-88.627553,36.502071],[-88.634301,36.502023],[-88.636787,36.502064],[-88.640317,36.502135],[-88.643876,36.50219],[-88.646904,36.502193],[-88.661255,36.502333],[-88.661398,36.502342],[-88.661464,36.502335],[-88.667319,36.502376],[-88.670867,36.502462],[-88.672559,36.502436],[-88.675499,36.502453],[-88.67936,36.50257],[-88.680187,36.50258],[-88.680741,36.502581],[-88.687825,36.50264],[-88.690678,36.502631],[-88.69604,36.502636],[-88.697019,36.502629],[-88.715267,36.502655],[-88.725018,36.502641],[-88.743438,36.502625],[-88.74703,36.502669],[-88.755605,36.502654],[-88.771573,36.502729],[-88.774898,36.502714],[-88.781654,36.502717],[-88.80891,36.502685],[-88.8167395,36.5026653],[-88.817267,36.502664],[-88.826575,36.502635],[-88.827303,36.502633],[-88.834588,36.502611],[-88.835485,36.502571],[-88.836388,36.502573],[-88.840796,36.50265],[-88.84718,36.502639],[-88.851518,36.502567],[-88.8553047,36.5025821],[-88.856282,36.502586],[-88.8591586,36.5025287],[-88.865058,36.502409],[-88.875063,36.502389],[-88.8945979,36.5023127],[-88.896919,36.502303],[-88.907501,36.502283],[-88.907677,36.502285],[-88.915132,36.502266],[-88.9197906,36.5022471],[-88.935328,36.502184],[-88.951728,36.502217],[-88.959746,36.502076],[-88.991485,36.502404],[-88.995816,36.502573],[-88.9999,36.502618],[-89.014771,36.502807],[-89.038287,36.503009],[-89.0550014,36.5031323],[-89.0562989,36.5031332],[-89.0566619,36.5031334],[-89.0579974,36.5031343],[-89.0591194,36.503135],[-89.061147,36.50308],[-89.067051,36.50307],[-89.0723959,36.5031336],[-89.073188,36.503149],[-89.086934,36.50337],[-89.09115,36.503397],[-89.09535,36.503493],[-89.098548,36.503577],[-89.118989,36.503746],[-89.1200068,36.5037676],[-89.124162,36.503782],[-89.128002,36.503821],[-89.1370627,36.503977],[-89.138294,36.503989],[-89.140743,36.504058],[-89.1420499,36.5040974],[-89.145786,36.50421],[-89.1570844,36.5044623],[-89.1603885,36.5044921],[-89.1636267,36.5045168],[-89.1691361,36.5047934],[-89.1794331,36.5050833],[-89.181276,36.505151],[-89.223363,36.505783],[-89.250058,36.506187],[-89.279223,36.506785],[-89.2996584,36.5072035],[-89.301022,36.507233],[-89.3181862,36.505708],[-89.3221201,36.5053585],[-89.3247007,36.5051292],[-89.326751,36.504947],[-89.3268744,36.504936],[-89.3309029,36.5045786],[-89.3330519,36.5043879],[-89.3336627,36.5043337],[-89.3370144,36.5040363],[-89.3374385,36.5039986],[-89.3460674,36.5032329],[-89.3465271,36.5031901],[-89.374899,36.50067],[-89.377529,36.500541],[-89.37973,36.500325],[-89.380389,36.500139],[-89.391057,36.499216],[-89.4040404,36.4991145],[-89.4066399,36.4990942],[-89.417275,36.499011],[-89.41822,36.499029],[-89.418613,36.498123],[-89.420664,36.493959],[-89.423792,36.489506],[-89.42736,36.485167],[-89.430072,36.482101],[-89.432848,36.479187],[-89.437421,36.474759],[-89.443735,36.469161],[-89.448964,36.464882],[-89.453514,36.461789],[-89.460767,36.458686],[-89.464433,36.457747],[-89.471895,36.45756],[-89.476643,36.458393],[-89.481204,36.459869],[-89.486193,36.462114],[-89.489361,36.464561],[-89.490588,36.465968],[-89.491894,36.467901],[-89.493082,36.4705],[-89.493947,36.473559],[-89.494119,36.476268],[-89.493377,36.478959],[-89.491813,36.483106],[-89.488662,36.49042],[-89.486687,36.494992],[-89.485427,36.497491],[-89.5027271,36.4976335],[-89.5051,36.497653],[-89.5139111,36.497726],[-89.5148358,36.4977337],[-89.51741,36.497755],[-89.518757,36.49777],[-89.5291229,36.497853],[-89.539232,36.497934],[-89.534524,36.491432],[-89.522674,36.481305],[-89.520642,36.478668],[-89.519501,36.475419],[-89.51972,36.467002],[-89.521021,36.461934],[-89.523427,36.456572],[-89.52519,36.453991],[-89.527274,36.451545],[-89.540868,36.441559],[-89.543406,36.43877],[-89.545061,36.434915],[-89.545503,36.4307],[-89.545255,36.427079],[-89.544221,36.423684],[-89.542337,36.420103],[-89.525293,36.400446],[-89.513956,36.384891],[-89.51038,36.378356],[-89.509558,36.375065],[-89.5095948,36.374742],[-89.509722,36.373626],[-89.5112796,36.3674384],[-89.5112888,36.367402],[-89.513178,36.359897],[-89.5162867,36.3538649],[-89.519,36.3486],[-89.522695,36.344789],[-89.527029,36.341679],[-89.531822,36.339246],[-89.538079,36.337496],[-89.545006,36.336809],[-89.560439,36.337746],[-89.581636,36.342357],[-89.600544,36.342985],[-89.605668,36.342234],[-89.610689,36.340442],[-89.615841,36.336085],[-89.6198,36.329546],[-89.620255,36.323006],[-89.619242,36.320726],[-89.611819,36.309088],[-89.58982,36.296814],[-89.584337,36.29334],[-89.578492,36.288317],[-89.567065,36.2832792],[-89.5550341,36.2780049],[-89.554289,36.277751],[-89.552741,36.2777549],[-89.5519793,36.277945],[-89.5512142,36.2781375],[-89.549219,36.27875],[-89.546577,36.280439],[-89.544797,36.280458],[-89.5437638,36.2801996],[-89.539487,36.277368],[-89.537675,36.275279],[-89.5371789,36.2743787],[-89.5370565,36.2742322],[-89.5370024,36.2741566],[-89.5369461,36.274083],[-89.5367718,36.2738236],[-89.5366618,36.2733608],[-89.536584,36.2731662],[-89.5364499,36.2728224],[-89.5358884,36.2697193],[-89.534507,36.261802],[-89.5346797,36.2527857],[-89.534745,36.252576],[-89.5351571,36.2520301],[-89.5354339,36.2518105],[-89.5368254,36.2506111],[-89.5374531,36.2500574],[-89.5379251,36.2496378],[-89.5384328,36.2492355],[-89.539229,36.248821],[-89.541621,36.247891],[-89.544743,36.247484],[-89.5451692,36.2475565],[-89.5473642,36.2479299],[-89.548952,36.2482],[-89.5497319,36.2485621],[-89.553563,36.250341],[-89.557991,36.251037],[-89.562206,36.250909],[-89.564997,36.250067],[-89.573928,36.243843],[-89.5763106,36.2428013],[-89.577544,36.242262],[-89.587326,36.239484],[-89.5886855,36.2393595],[-89.602374,36.238106],[-89.60651,36.238328],[-89.6085412,36.2387412],[-89.609781,36.2389935],[-89.611145,36.239271],[-89.624416,36.243305],[-89.63679,36.248079],[-89.642182,36.249486],[-89.6444577,36.2497515],[-89.652518,36.250692],[-89.6708783,36.2487912],[-89.678046,36.248284],[-89.6821667,36.2485651],[-89.686229,36.249507],[-89.691308,36.252079],[-89.695235,36.252766],[-89.698568,36.250591],[-89.699817,36.248384],[-89.703511,36.243412],[-89.705328,36.239898],[-89.705545,36.238136],[-89.70525,36.236568],[-89.704459,36.235468],[-89.699677,36.230821],[-89.69263,36.224959],[-89.6822069,36.2188065],[-89.6639294,36.2074896],[-89.6546614,36.2024996],[-89.6445754,36.1950707],[-89.6366784,36.1899208],[-89.6291987,36.1863388],[-89.6277036,36.1854541],[-89.623804,36.183128],[-89.618228,36.179966],[-89.607004,36.171179],[-89.6014872,36.1652232],[-89.600871,36.164558],[-89.6001069,36.1634839],[-89.5958349,36.1574784],[-89.594397,36.155457],[-89.5941771,36.1549213],[-89.592206,36.15012],[-89.591605,36.144096],[-89.5920455,36.1365983],[-89.592102,36.135637],[-89.59307,36.129699],[-89.594,36.12719],[-89.598946,36.121778],[-89.601936,36.11947],[-89.6129331,36.1147567],[-89.615128,36.113816],[-89.625078,36.108131],[-89.628305,36.106853],[-89.64302,36.10362],[-89.657709,36.099128],[-89.666598,36.095802],[-89.672463,36.091837],[-89.678821,36.084636],[-89.680029,36.082494],[-89.681946,36.072336],[-89.684439,36.051719],[-89.686194,36.041037],[-89.687254,36.034048],[-89.688577,36.029238],[-89.690306,36.024835],[-89.692437,36.020507],[-89.695261,36.017234],[-89.700517,36.011747],[-89.703571,36.00804],[-89.705677,36.005018],[-89.70643,36.00321],[-89.706932,36.000981],[-89.733095,36.000608],[-89.732774,36.000073],[-89.732508,35.999261],[-89.731218,35.996879],[-89.730068,35.995337],[-89.728442,35.993568],[-89.726357,35.99168],[-89.725806,35.991258],[-89.719168,35.985976],[-89.718801,35.985015],[-89.71997,35.97462],[-89.719679,35.970939],[-89.718796,35.968283],[-89.714565,35.963034],[-89.710227,35.959826],[-89.699871,35.954063],[-89.686924,35.947716],[-89.676621,35.940539],[-89.656147,35.92581],[-89.652279,35.921462],[-89.65034,35.917795],[-89.6437513,35.9093778],[-89.642635,35.906517],[-89.6425425,35.9053458],[-89.64582,35.902618],[-89.646538,35.899908],[-89.646556,35.899802],[-89.646282,35.89869],[-89.645592,35.896183],[-89.644395,35.894782],[-89.645346,35.891419],[-89.647406,35.893147],[-89.648365,35.893767],[-89.649819,35.892614],[-89.651171,35.891566],[-89.653057,35.890219],[-89.654884,35.888947],[-89.656229,35.888119],[-89.658446,35.886835],[-89.660567,35.885725],[-89.66599,35.882868],[-89.666101,35.882866],[-89.674427,35.884596],[-89.674521,35.884613],[-89.674734,35.884679],[-89.674791,35.884703],[-89.675085,35.884364],[-89.675492,35.885117],[-89.677012,35.885718],[-89.679559,35.88787],[-89.681817,35.889988],[-89.688137,35.896945],[-89.692796,35.898302],[-89.698768,35.900767],[-89.704742,35.902857],[-89.709739,35.904623],[-89.714934,35.906247],[-89.721342,35.905769],[-89.725316,35.906282],[-89.735959,35.90712],[-89.742606,35.906653],[-89.747606,35.903785],[-89.754999,35.899161],[-89.760455,35.894588],[-89.765689,35.891299],[-89.768743,35.886663],[-89.771726,35.879724],[-89.772855,35.876244],[-89.773564,35.871697],[-89.7736216,35.869908],[-89.773294,35.867426],[-89.772467,35.865098],[-89.7710252,35.8629872],[-89.769413,35.861558],[-89.767077,35.8597352],[-89.764343,35.858313],[-89.749424,35.852955],[-89.7455335,35.8518048],[-89.7400403,35.8503786],[-89.7368646,35.8497177],[-89.7316504,35.8484132],[-89.729517,35.847632],[-89.7190296,35.8432676],[-89.7146344,35.8414384],[-89.709261,35.838911],[-89.7063196,35.8371766],[-89.704351,35.835726],[-89.702883,35.834153],[-89.7021246,35.8326363],[-89.7020263,35.8324101],[-89.701407,35.830985],[-89.7011912,35.8298876],[-89.701045,35.828227],[-89.7013199,35.8260515],[-89.7015023,35.8249293],[-89.70175,35.824238],[-89.7031009,35.8215192],[-89.704387,35.819607],[-89.706085,35.81826],[-89.710305,35.816029],[-89.715276,35.813777],[-89.719162,35.811945],[-89.720739,35.811132],[-89.721043,35.810895],[-89.721498,35.810587],[-89.721723,35.810461],[-89.722094,35.810198],[-89.722202,35.810132],[-89.722317,35.810038],[-89.722687,35.809851],[-89.723119,35.809648],[-89.723267,35.809544],[-89.723611,35.809373],[-89.723833,35.809247],[-89.724372,35.809038],[-89.724676,35.808895],[-89.725101,35.808747],[-89.734707,35.806047],[-89.73566,35.806012],[-89.736271,35.805998],[-89.737093,35.805993],[-89.737734,35.80601],[-89.738489,35.805875],[-89.739613,35.805784],[-89.74164,35.805633],[-89.743319,35.805781],[-89.744177,35.806008],[-89.745998,35.806551],[-89.747215,35.806855],[-89.747794,35.806953],[-89.74835,35.80715],[-89.749414,35.807518],[-89.750483,35.808069],[-89.751447,35.808364],[-89.758396,35.810469],[-89.761696,35.810868],[-89.761933,35.810876],[-89.763515,35.81099],[-89.765438,35.811213],[-89.765445,35.81086],[-89.765457,35.809513],[-89.771903,35.807644],[-89.772226,35.807533],[-89.772749,35.807396],[-89.773244,35.807301],[-89.774889,35.807006],[-89.776568,35.806653],[-89.778347,35.806216],[-89.780375,35.80557],[-89.781176,35.805296],[-89.782064,35.804803],[-89.782226,35.804718],[-89.7838175,35.8033725],[-89.788249,35.799626],[-89.793302,35.795363],[-89.794351,35.794471],[-89.796324,35.792807],[-89.7989711,35.7890182],[-89.799331,35.788503],[-89.799163,35.788238],[-89.7976,35.784574],[-89.797053,35.782648],[-89.797185,35.781206],[-89.797231,35.780117],[-89.798513,35.776914],[-89.799249,35.775439],[-89.799869,35.774865],[-89.800706,35.774299],[-89.801468,35.773848],[-89.803405,35.772607],[-89.804115,35.772211],[-89.804863,35.771516],[-89.805138,35.771168],[-89.805501,35.770579],[-89.805795,35.769966],[-89.805845,35.769854],[-89.805855,35.769843],[-89.807148,35.767262],[-89.80812,35.765861],[-89.80928,35.764379],[-89.81111,35.76269],[-89.812891,35.761154],[-89.814456,35.759941],[-89.816743,35.758888],[-89.818998,35.757705],[-89.820876,35.756868],[-89.8368,35.754941],[-89.837188,35.754925],[-89.841581,35.755389],[-89.843603,35.755673],[-89.845283,35.755784],[-89.846343,35.755732],[-89.847127,35.755499],[-89.848016,35.755184],[-89.849338,35.754547],[-89.850848,35.753731],[-89.851539,35.753255],[-89.851914,35.752965],[-89.852506,35.752601],[-89.853059,35.752375],[-89.853957,35.751923],[-89.854431,35.75173],[-89.855092,35.751439],[-89.855783,35.751043],[-89.856188,35.750793],[-89.856849,35.750503],[-89.857332,35.750285],[-89.857707,35.750077],[-89.863874,35.747592],[-89.865631,35.746577],[-89.867108,35.745487],[-89.868838,35.744166],[-89.870995,35.742699],[-89.872845,35.741299],[-89.874245,35.740095],[-89.875084,35.739084],[-89.876462,35.738026],[-89.877256,35.741369],[-89.883535,35.744984],[-89.883554,35.745001],[-89.886495,35.748641],[-89.888163,35.750077],[-89.892176,35.75232],[-89.8926856,35.7525778],[-89.90236,35.757472],[-89.905278,35.758933],[-89.905594,35.759198],[-89.905769,35.759302],[-89.906362,35.759562],[-89.906847,35.759699],[-89.9074,35.759759],[-89.907642,35.759765],[-89.908269,35.759639],[-89.90866,35.759524],[-89.909212,35.759403],[-89.909556,35.759376],[-89.909825,35.759387],[-89.91012,35.759331],[-89.91058,35.75909],[-89.911323,35.758596],[-89.912088,35.758127],[-89.913132,35.757302],[-89.914273,35.755808],[-89.915491,35.754917],[-89.9180311,35.7532088],[-89.9210908,35.7511341],[-89.9215102,35.7508497],[-89.9236728,35.7491913],[-89.9277639,35.7475053],[-89.9306041,35.7469207],[-89.9326408,35.7465014],[-89.9342192,35.7458308],[-89.938526,35.743834],[-89.941925,35.742313],[-89.945569,35.740768],[-89.947642,35.7397],[-89.950277,35.738494],[-89.952651,35.737018],[-89.953982,35.736162],[-89.956252,35.733388],[-89.956838,35.73233],[-89.95772,35.730101],[-89.958682,35.727707],[-89.958714,35.727422],[-89.958879,35.723835],[-89.958704,35.722166],[-89.957995,35.71743],[-89.956933,35.711677],[-89.95702,35.706982],[-89.956871,35.704966],[-89.956844,35.704227],[-89.956957,35.703827],[-89.957132,35.7034],[-89.957268,35.703291],[-89.957278,35.703092],[-89.957198,35.702351],[-89.95716,35.701726],[-89.95708,35.701068],[-89.956862,35.700218],[-89.95668,35.699831],[-89.956378,35.699365],[-89.956589,35.695486],[-89.956584,35.695457],[-89.956683,35.694974],[-89.956717,35.694282],[-89.956265,35.692992],[-89.956067,35.692447],[-89.955753,35.690621],[-89.953303,35.686418],[-89.950161,35.682433],[-89.94946,35.681806],[-89.9427,35.675121],[-89.9370369,35.6665933],[-89.9315134,35.6611397],[-89.9229519,35.656573],[-89.9141858,35.6539651],[-89.906147,35.651145],[-89.90423,35.650997],[-89.901052,35.650901],[-89.898916,35.650904],[-89.894567,35.651514],[-89.892524,35.651952],[-89.89051,35.652408],[-89.888791,35.65293],[-89.887583,35.653377],[-89.887201,35.653542],[-89.886979,35.653637],[-89.886949,35.653656],[-89.886464,35.653979],[-89.885925,35.654363],[-89.884932,35.655107],[-89.884224,35.655841],[-89.883515,35.656631],[-89.882893,35.657463],[-89.882411,35.658206],[-89.881586,35.659527],[-89.879881,35.662699],[-89.879237,35.663764],[-89.878534,35.66482],[-89.878213,35.665252],[-89.877973,35.665491],[-89.877625,35.665802],[-89.877158,35.666136],[-89.876473,35.666556],[-89.875621,35.666974],[-89.875084,35.667226],[-89.872078,35.668487],[-89.86908,35.669486],[-89.866723,35.670158],[-89.864739,35.670388],[-89.862979,35.670185],[-89.861237,35.670063],[-89.860022,35.669631],[-89.858897,35.669056],[-89.857942,35.668312],[-89.85418,35.663904],[-89.853483,35.663026],[-89.852266,35.660588],[-89.851558,35.659105],[-89.851263,35.657876],[-89.851158,35.657424],[-89.850877,35.654953],[-89.850855,35.650203],[-89.851129,35.647448],[-89.852053,35.6434139],[-89.852632,35.641195],[-89.85389,35.638261],[-89.854617,35.636926],[-89.855781,35.6353],[-89.856619,35.634444],[-89.857065,35.634152],[-89.8592,35.632853],[-89.863875,35.630788],[-89.868512,35.629145],[-89.870123,35.628608],[-89.871511,35.628167],[-89.873625,35.627644],[-89.875083,35.627155],[-89.876547,35.626653],[-89.877863,35.626004],[-89.8846261,35.6216068],[-89.8925472,35.616355],[-89.894345,35.615535],[-89.896288,35.615043],[-89.896998,35.614882],[-89.897768,35.614867],[-89.898406,35.614895],[-89.899752,35.615025],[-89.904316,35.615693],[-89.905888,35.615994],[-89.907323,35.616345],[-89.909975,35.617148],[-89.910686,35.61732],[-89.910781,35.617642],[-89.911038,35.617571],[-89.911082,35.617556],[-89.911197,35.617498],[-89.91138,35.617386],[-89.911555,35.617261],[-89.911818,35.617053],[-89.911963,35.616924],[-89.913418,35.616087],[-89.914525,35.615275],[-89.91856,35.61271],[-89.919553,35.61218],[-89.92297,35.610883],[-89.933867,35.607174],[-89.938043,35.604652],[-89.939291,35.604144],[-89.940672,35.603746],[-89.940872,35.603675],[-89.941025,35.603603],[-89.941358,35.603431],[-89.942521,35.602856],[-89.942753,35.602755],[-89.943107,35.602615],[-89.943405,35.602462],[-89.943659,35.602323],[-89.943765,35.60226],[-89.943877,35.602202],[-89.944731,35.601839],[-89.945188,35.601628],[-89.9456,35.601421],[-89.946463,35.600934],[-89.946711,35.600789],[-89.947327,35.600392],[-89.947678,35.600182],[-89.947815,35.600093],[-89.94794,35.599993],[-89.948028,35.599916],[-89.948249,35.599697],[-89.948623,35.599401],[-89.94868,35.599348],[-89.948949,35.599117],[-89.949511,35.598671],[-89.949841,35.598438],[-89.949901,35.598386],[-89.950828,35.597635],[-89.951221,35.597303],[-89.951332,35.597194],[-89.951391,35.597142],[-89.951803,35.59673],[-89.952068,35.596406],[-89.952785,35.595622],[-89.953169,35.595191],[-89.953362,35.594999],[-89.953694,35.594624],[-89.954144,35.594101],[-89.954794,35.593306],[-89.954929,35.593124],[-89.955412,35.592412],[-89.955846,35.591837],[-89.955972,35.59165],[-89.95605,35.591522],[-89.956148,35.591323],[-89.956532,35.590602],[-89.956758,35.590136],[-89.957114,35.589367],[-89.957196,35.589201],[-89.957495,35.58853],[-89.957518,35.588461],[-89.957688,35.58802],[-89.957764,35.587778],[-89.957871,35.587286],[-89.957947,35.586685],[-89.957954,35.586436],[-89.957932,35.585972],[-89.957898,35.585474],[-89.957877,35.585369],[-89.957838,35.58523],[-89.957823,35.58516],[-89.957703,35.58478],[-89.957176,35.583163],[-89.956244,35.580635],[-89.955807,35.579626],[-89.955449,35.578859],[-89.954756,35.577207],[-89.954472,35.576608],[-89.954273,35.576212],[-89.954144,35.575984],[-89.953848,35.575427],[-89.953442,35.574752],[-89.952441,35.57283],[-89.951901,35.572126],[-89.951863,35.571867],[-89.951789,35.5717],[-89.951543,35.571314],[-89.95023,35.569696],[-89.949853,35.56913],[-89.949494,35.568558],[-89.949328,35.568266],[-89.949103,35.567841],[-89.948854,35.567386],[-89.948617,35.566926],[-89.948496,35.566658],[-89.948079,35.565833],[-89.947912,35.565464],[-89.947751,35.565171],[-89.947712,35.565107],[-89.947561,35.56481],[-89.947304,35.564357],[-89.946968,35.563697],[-89.946801,35.563406],[-89.946451,35.56283],[-89.946265,35.562546],[-89.945954,35.562034],[-89.945651,35.561558],[-89.945002,35.560664],[-89.944495,35.559995],[-89.944097,35.559481],[-89.944047,35.559422],[-89.943584,35.5588],[-89.943163,35.558257],[-89.94306,35.558141],[-89.942937,35.557993],[-89.942759,35.55779],[-89.942712,35.55773],[-89.94231,35.557263],[-89.941997,35.556964],[-89.941875,35.556859],[-89.941224,35.556379],[-89.941002,35.556259],[-89.940799,35.556122],[-89.940616,35.556022],[-89.940391,35.555906],[-89.940098,35.555745],[-89.939826,35.555625],[-89.939513,35.555493],[-89.938754,35.555202],[-89.938399,35.555058],[-89.938277,35.555014],[-89.937984,35.554931],[-89.936383,35.554505],[-89.936,35.554415],[-89.935268,35.554275],[-89.934882,35.554193],[-89.934592,35.554104],[-89.934077,35.553897],[-89.933369,35.553601],[-89.933289,35.553571],[-89.931911,35.552999],[-89.931671,35.552906],[-89.931475,35.552822],[-89.931172,35.55267],[-89.930987,35.552571],[-89.930222,35.552081],[-89.929769,35.551858],[-89.929541,35.551748],[-89.929423,35.551698],[-89.929262,35.551639],[-89.928894,35.551515],[-89.928685,35.551454],[-89.927961,35.551279],[-89.927744,35.55124],[-89.927317,35.55114],[-89.927274,35.551133],[-89.926787,35.5511],[-89.926527,35.551052],[-89.926318,35.550992],[-89.926152,35.55094],[-89.925816,35.550851],[-89.925004,35.550671],[-89.92457,35.550596],[-89.924269,35.550536],[-89.924007,35.550496],[-89.923249,35.550398],[-89.922899,35.550349],[-89.921885,35.550253],[-89.921446,35.550192],[-89.921141,35.550145],[-89.919626,35.549869],[-89.919319,35.549829],[-89.918937,35.549822],[-89.917611,35.549896],[-89.917212,35.54991],[-89.916902,35.549913],[-89.91668,35.549909],[-89.916415,35.549895],[-89.915797,35.549833],[-89.915668,35.549811],[-89.914675,35.54961],[-89.9136206,35.5494066],[-89.9129039,35.5492275],[-89.9122683,35.5487954],[-89.9113768,35.5481823],[-89.9109336,35.5477553],[-89.9105327,35.5471115],[-89.9099942,35.5453656],[-89.9098569,35.5444927],[-89.9097471,35.5441549],[-89.9098109,35.5436388],[-89.9100847,35.5430253],[-89.9102478,35.542531],[-89.9105282,35.5418936],[-89.9118631,35.5393276],[-89.9122276,35.5386851],[-89.912572,35.5379645],[-89.9126947,35.5375342],[-89.9129625,35.5370655],[-89.9132519,35.5365631],[-89.9134001,35.5361012],[-89.9133669,35.5359718],[-89.9132015,35.535869],[-89.9127531,35.5357993],[-89.9122743,35.535867],[-89.9115617,35.5360294],[-89.9108358,35.5364801],[-89.9104702,35.5371746],[-89.9103812,35.5377661],[-89.910069,35.5378874],[-89.9098032,35.5379341],[-89.9091679,35.5379928],[-89.9083054,35.5378924],[-89.9071197,35.5375338],[-89.9066165,35.5373996],[-89.906163,35.5371329],[-89.9054318,35.5367653],[-89.9047231,35.5361911],[-89.9041436,35.5355743],[-89.9039278,35.5349071],[-89.9037758,35.53444],[-89.9032438,35.5327729],[-89.9022973,35.5300949],[-89.9021125,35.5279542],[-89.90236,35.5250746],[-89.9032326,35.5221129],[-89.9046661,35.519308],[-89.9088532,35.5143444],[-89.9118237,35.512834],[-89.9152779,35.5118844],[-89.9174599,35.5115559],[-89.9200395,35.511289],[-89.9215841,35.5112326],[-89.9242905,35.5112816],[-89.9265229,35.5116818],[-89.9288949,35.5124141],[-89.934882,35.5153945],[-89.9394471,35.5169838],[-89.9461847,35.5191435],[-89.9484392,35.5199503],[-89.9529861,35.5216914],[-89.9587824,35.5238469],[-89.9586763,35.5253432],[-89.9581251,35.5270115],[-89.9577904,35.5277082],[-89.9576618,35.5280848],[-89.9572854,35.5282828],[-89.9571239,35.5284788],[-89.9573447,35.5287405],[-89.9576221,35.5291789],[-89.9577671,35.5294516],[-89.957739,35.530125],[-89.9569559,35.5316871],[-89.95578,35.533214],[-89.955641,35.534518],[-89.956706,35.539369],[-89.9591283,35.5422028],[-89.97631,35.553872],[-89.989363,35.560043],[-89.992975,35.560774],[-89.998996,35.56116],[-90.0035432,35.5604639],[-90.008293,35.560065],[-90.011262,35.559105],[-90.017312,35.555996],[-90.023903,35.556336],[-90.02862,35.555249],[-90.032938,35.55344],[-90.037615,35.550329],[-90.039744,35.548041],[-90.041759,35.538151],[-90.041937,35.537549],[-90.041961,35.537467],[-90.042373,35.536446],[-90.042603,35.535881],[-90.042939,35.535251],[-90.043526,35.534153],[-90.044101,35.533594],[-90.044114,35.533502],[-90.044126,35.533425],[-90.04424,35.5328],[-90.044289,35.53252],[-90.044748,35.531657],[-90.045287,35.531212],[-90.04531,35.531165],[-90.045642,35.530505],[-90.046227,35.529592],[-90.046501,35.528781],[-90.046817,35.52772],[-90.047532,35.525774],[-90.047613,35.525612],[-90.047978,35.524889],[-90.048157,35.524498],[-90.048394,35.523766],[-90.048448,35.523597],[-90.048566,35.523234],[-90.048631,35.52311],[-90.048713,35.522957],[-90.048724,35.522935],[-90.048758,35.522873],[-90.04877,35.522852],[-90.048885,35.522637],[-90.04909,35.522257],[-90.049194,35.521978],[-90.049279,35.52175],[-90.04954,35.521049],[-90.049655,35.519798],[-90.049794,35.519135],[-90.049977,35.518616],[-90.050012,35.51806],[-90.050198,35.517158],[-90.050437,35.515894],[-90.050421,35.515284],[-90.050328,35.514213],[-90.050094,35.513832],[-90.050165,35.513047],[-90.050023,35.51216],[-90.04981,35.510454],[-90.049667,35.509761],[-90.049392,35.509057],[-90.049283,35.508278],[-90.049069,35.507231],[-90.048893,35.506221],[-90.04867,35.505197],[-90.048522,35.504124],[-90.048246,35.503429],[-90.047643,35.502131],[-90.046978,35.501184],[-90.046769,35.500036],[-90.046477,35.499],[-90.046437,35.498854],[-90.046387,35.498714],[-90.046246,35.498316],[-90.045784,35.496544],[-90.043462,35.492339],[-90.0402,35.487707],[-90.039103,35.486255],[-90.037522,35.484229],[-90.035238,35.481366],[-90.035065,35.480919],[-90.034946,35.4808],[-90.034692,35.480457],[-90.034388,35.480093],[-90.034128,35.479783],[-90.033947,35.479582],[-90.033921,35.479557],[-90.033866,35.479499],[-90.03379,35.479411],[-90.033328,35.478986],[-90.033274,35.478931],[-90.033213,35.478878],[-90.03319,35.478849],[-90.033019,35.478687],[-90.032833,35.478538],[-90.03256,35.478307],[-90.032458,35.47824],[-90.03234,35.478134],[-90.032211,35.47804],[-90.032023,35.47789],[-90.031812,35.47771],[-90.031468,35.477439],[-90.031271,35.477298],[-90.031101,35.477186],[-90.030818,35.477017],[-90.030351,35.476752],[-90.030033,35.476562],[-90.029816,35.476441],[-90.029742,35.476405],[-90.029175,35.476132],[-90.028425,35.475765],[-90.028226,35.475643],[-90.02818,35.475615],[-90.027353,35.475096],[-90.026526,35.474578],[-90.025822,35.474136],[-90.023425,35.472633],[-90.020333,35.470291],[-90.01945,35.468929],[-90.019445,35.468916],[-90.018975,35.467809],[-90.018916,35.466231],[-90.019108,35.465067],[-90.020713,35.464015],[-90.020805,35.463884],[-90.020869,35.463729],[-90.020844,35.463305],[-90.020775,35.46219],[-90.020779,35.461296],[-90.020895,35.460932],[-90.021043,35.460471],[-90.021689,35.459253],[-90.022064,35.457375],[-90.022929,35.456135],[-90.024247,35.45426],[-90.026604,35.447788],[-90.026691,35.445976],[-90.026899,35.444869],[-90.026646,35.443569],[-90.026495,35.442788],[-90.026584,35.440103],[-90.026633,35.439965],[-90.026868,35.439302],[-90.027104,35.43864],[-90.02737,35.43789],[-90.027647,35.437583],[-90.028375,35.436622],[-90.028892,35.435778],[-90.02931,35.435245],[-90.029536,35.434796],[-90.029624,35.434487],[-90.029793,35.433866],[-90.02998,35.43365],[-90.030083,35.43353],[-90.030519,35.433488],[-90.03068,35.433443],[-90.030835,35.43331],[-90.031021,35.433054],[-90.031094,35.432605],[-90.031152,35.432246],[-90.031213,35.431877],[-90.031302,35.431378],[-90.031465,35.430595],[-90.03173,35.429479],[-90.031753,35.429372],[-90.031826,35.42903],[-90.031463,35.428189],[-90.031568,35.427734],[-90.031584,35.427662],[-90.032311,35.427032],[-90.034078,35.426063],[-90.034414,35.42588],[-90.03475,35.425698],[-90.035591,35.425238],[-90.037897,35.424292],[-90.04057,35.422925],[-90.04264,35.421237],[-90.043848,35.419699],[-90.044216,35.419231],[-90.044221,35.419209],[-90.044281,35.41896],[-90.044701,35.417122],[-90.045306,35.415435],[-90.045709,35.414521],[-90.045911,35.414064],[-90.046598,35.412966],[-90.047597,35.412151],[-90.048086,35.411737],[-90.050247,35.409903],[-90.050564,35.409635],[-90.056782,35.403863],[-90.0520992,35.4012418],[-90.0495511,35.3998075],[-90.0487357,35.3993484],[-90.0478935,35.3988718],[-90.0466865,35.3982202],[-90.0440311,35.3967116],[-90.0428939,35.396681],[-90.0417432,35.3966285],[-90.0416547,35.3966263],[-90.041563,35.39662],[-90.044582,35.393073],[-90.045736,35.392615],[-90.054322,35.389277],[-90.0550872,35.3902133],[-90.0573295,35.3930033],[-90.0580698,35.393926],[-90.0598025,35.3960775],[-90.0611329,35.3977392],[-90.061999,35.3987525],[-90.0695631,35.4080689],[-90.062018,35.41518],[-90.070549,35.423291],[-90.074082,35.433983],[-90.074063,35.439611],[-90.071327,35.450338],[-90.067206,35.460957],[-90.067138,35.464833],[-90.067798,35.466224],[-90.072154,35.470752],[-90.080128,35.476844],[-90.085009,35.478835],[-90.098719,35.478595],[-90.101759,35.476889],[-90.1077602,35.476919],[-90.114412,35.472467],[-90.11839,35.468791],[-90.120619,35.465741],[-90.123142,35.459853],[-90.129448,35.441931],[-90.1402582,35.4364441],[-90.169002,35.421853],[-90.170599,35.418352],[-90.1707,35.410065],[-90.179265,35.385194],[-90.178341,35.382092],[-90.172388,35.377681],[-90.166246,35.374745],[-90.144924,35.374633],[-90.13551,35.376668],[-90.143475,35.387602],[-90.14587,35.395079],[-90.146191,35.399468],[-90.145085,35.403757],[-90.143448,35.406671],[-90.14166,35.408563],[-90.137881,35.41151],[-90.135125,35.412977],[-90.130475,35.413745],[-90.116902,35.411692],[-90.112504,35.410153],[-90.110543,35.408595],[-90.106775,35.403339],[-90.104842,35.401487],[-90.09665,35.395257],[-90.093589,35.393333],[-90.087743,35.390838],[-90.0806579,35.3857906],[-90.0895836,35.3703898],[-90.0917375,35.3661746],[-90.092817,35.360717],[-90.093492,35.360486],[-90.096386,35.357663],[-90.096825,35.357216],[-90.099174,35.353198],[-90.100294,35.351619],[-90.107312,35.343143],[-90.107774,35.342807],[-90.108817,35.342586],[-90.110293,35.342788],[-90.110036,35.342317],[-90.109582,35.341555],[-90.109569,35.341544],[-90.104873,35.334013],[-90.103862,35.332405],[-90.106206,35.325806],[-90.106824,35.324618],[-90.107409,35.321348],[-90.107322,35.321164],[-90.109093,35.304987],[-90.110805,35.304989],[-90.112218,35.30491],[-90.113569,35.30468],[-90.114151,35.304401],[-90.114874,35.303897],[-90.116114,35.303412],[-90.117219,35.303384],[-90.121864,35.304535],[-90.122793,35.304587],[-90.123707,35.30453],[-90.124443,35.304276],[-90.126379,35.303441],[-90.126623,35.303266],[-90.127952,35.302167],[-90.128423,35.301858],[-90.129113,35.301602],[-90.129228,35.301515],[-90.129394,35.301482],[-90.129642,35.301451],[-90.131112,35.300965],[-90.131739,35.300797],[-90.132445,35.300456],[-90.132673,35.300374],[-90.133631,35.300171],[-90.133999,35.300034],[-90.134194,35.299952],[-90.134529,35.299782],[-90.134783,35.299716],[-90.135306,35.299617],[-90.13619,35.29964],[-90.13674,35.299492],[-90.137061,35.299398],[-90.137551,35.299349],[-90.137832,35.299311],[-90.138864,35.299114],[-90.139272,35.299092],[-90.139849,35.299147],[-90.140351,35.299273],[-90.140599,35.299318],[-90.141007,35.299406],[-90.141295,35.299455],[-90.141577,35.29956],[-90.141744,35.299708],[-90.142159,35.300016],[-90.142213,35.300109],[-90.14228,35.300181],[-90.14242,35.300433],[-90.14246,35.300477],[-90.14307,35.300587],[-90.143311,35.300714],[-90.143318,35.300747],[-90.143479,35.3009],[-90.143512,35.300923],[-90.143845,35.301204],[-90.143871,35.301233],[-90.143994,35.301335],[-90.144196,35.301473],[-90.144434,35.301568],[-90.1451,35.301761],[-90.145339,35.301853],[-90.145832,35.30201],[-90.146701,35.302275],[-90.146959,35.302327],[-90.147041,35.302353],[-90.147202,35.302414],[-90.147791,35.30266],[-90.148226,35.302906],[-90.148454,35.303016],[-90.148934,35.303198],[-90.149145,35.303252],[-90.149318,35.303285],[-90.149449,35.303302],[-90.149759,35.303308],[-90.150156,35.303333],[-90.150333,35.303326],[-90.150554,35.303311],[-90.150685,35.303293],[-90.150911,35.303254],[-90.150962,35.303253],[-90.151881,35.303068],[-90.153394,35.302588],[-90.153994,35.302488],[-90.157446,35.301179],[-90.158913,35.300637],[-90.161225,35.298951],[-90.163812,35.296115],[-90.165194,35.293188],[-90.168326,35.2866],[-90.169079,35.284564],[-90.168924,35.28028],[-90.168794,35.279088],[-90.166594,35.274588],[-90.158865,35.262577],[-90.152094,35.255989],[-90.147478,35.254234],[-90.140394,35.252289],[-90.1380413,35.2525423],[-90.132116,35.25318],[-90.123593,35.254989],[-90.116493,35.255788],[-90.110106,35.255456],[-90.105093,35.254288],[-90.101493,35.252588],[-90.09949,35.251393],[-90.098687,35.250688],[-90.097947,35.249983],[-90.090892,35.242189],[-90.086322,35.235719],[-90.082939,35.231824],[-90.079345,35.228838],[-90.07741,35.225479],[-90.075677,35.221972],[-90.07481,35.220231],[-90.074262,35.218316],[-90.073965,35.214856],[-90.074089,35.212881],[-90.074392,35.210589],[-90.075613,35.209559],[-90.077142,35.208619],[-90.078649,35.207992],[-90.0788488,35.207925],[-90.080085,35.207688],[-90.080377,35.207806],[-90.082048,35.208535],[-90.083671,35.210179],[-90.087384,35.212196],[-90.088597,35.212376],[-90.0888517,35.211989],[-90.0898304,35.2103753],[-90.0911069,35.2080875],[-90.0916401,35.2069157],[-90.0926437,35.2047103],[-90.0932909,35.2032885],[-90.0948909,35.1996795],[-90.0956569,35.1977145],[-90.0961109,35.1951795],[-90.0964719,35.1948545],[-90.0970179,35.1947775],[-90.0973708,35.1947919],[-90.0974139,35.1948005],[-90.0983532,35.1951631],[-90.1017069,35.1964575],[-90.1049108,35.1976989],[-90.1056929,35.1979955],[-90.1068119,35.1984245],[-90.1069889,35.1984925],[-90.1071146,35.1985414],[-90.1078929,35.1988445],[-90.1090819,35.1991115],[-90.1118726,35.198924],[-90.1119409,35.1989195],[-90.1125679,35.1988775],[-90.1135419,35.1988115],[-90.1137429,35.1987985],[-90.1138689,35.1987905],[-90.1145379,35.1987075],[-90.1146709,35.1986915],[-90.1155519,35.1987065],[-90.1161879,35.1985045],[-90.1163099,35.1981835],[-90.1165409,35.1975825],[-90.1165459,35.1975525],[-90.1167369,35.196258],[-90.1173259,35.1922655],[-90.1175479,35.1905765],[-90.1173989,35.1878965],[-90.1166199,35.1869555],[-90.1163239,35.1865375],[-90.1153889,35.1837355],[-90.1143401,35.1819071],[-90.1142199,35.1816975],[-90.1129579,35.1804675],[-90.1117466,35.17941],[-90.1112049,35.1789365],[-90.1102986,35.1789021],[-90.1096004,35.178864],[-90.1094985,35.178864],[-90.1094824,35.1785307],[-90.1092786,35.1781887],[-90.1090801,35.1777722],[-90.1089892,35.1775214],[-90.109013,35.1773754],[-90.1090211,35.1770969],[-90.1089487,35.1770071],[-90.1087984,35.1767111],[-90.1086697,35.1764918],[-90.1086295,35.1762178],[-90.1087904,35.1760753],[-90.1087877,35.1759657],[-90.108726,35.175821],[-90.1086697,35.1755667],[-90.108667,35.1754483],[-90.1087287,35.1753759],[-90.1087609,35.1752816],[-90.1086107,35.1751413],[-90.1085007,35.1748695],[-90.10802,35.1741814],[-90.1055825,35.1707213],[-90.1041663,35.1690023],[-90.1021375,35.1667956],[-90.0998699,35.16458],[-90.0970117,35.1615259],[-90.0958537,35.1601847],[-90.0937587,35.1579211],[-90.0920676,35.1563676],[-90.0842857,35.1558896],[-90.0823296,35.1555595],[-90.0705178,35.1536416],[-90.068644,35.153149],[-90.0684784,35.1530403],[-90.067792,35.15259],[-90.066958,35.151839],[-90.066482,35.151074],[-90.066281,35.150004],[-90.065607,35.146247],[-90.064831,35.141862],[-90.064785,35.1416],[-90.064612,35.140621],[-90.064768,35.13894],[-90.065003,35.138468],[-90.065392,35.137691],[-90.066365,35.13631],[-90.066591,35.13599],[-90.068091,35.13459],[-90.069977,35.132765],[-90.071192,35.131591],[-90.071491,35.131411],[-90.072391,35.13087],[-90.072692,35.130691],[-90.073103,35.130345],[-90.074337,35.129308],[-90.074749,35.128963],[-90.074837,35.128888],[-90.075103,35.128665],[-90.075264,35.128519],[-90.075512,35.128271],[-90.075688,35.128094],[-90.075725,35.128058],[-90.075785,35.127997],[-90.075968,35.127814],[-90.075977,35.127804],[-90.075992,35.127791],[-90.076036,35.127755],[-90.076091,35.127708],[-90.078095,35.126056],[-90.08342,35.12167],[-90.084392,35.121111],[-90.085274,35.120604],[-90.08671,35.119779],[-90.09061,35.118287],[-90.093112,35.117737],[-90.096515,35.117131],[-90.100593,35.116691],[-90.101501,35.116917],[-90.103634,35.117451],[-90.109393,35.118891],[-90.132258,35.130279],[-90.132865,35.130673],[-90.134159,35.131511],[-90.139024,35.133995],[-90.141253,35.134728],[-90.141357,35.134753],[-90.142794,35.135091],[-90.143629,35.135139],[-90.144691,35.134984],[-90.148683,35.133275],[-90.151452,35.132409],[-90.155994,35.130991],[-90.160058,35.12883],[-90.165328,35.125228],[-90.16775,35.123268],[-90.167951,35.123107],[-90.169816,35.121326],[-90.170917,35.120379],[-90.172002,35.119448],[-90.172184,35.11929],[-90.172734,35.118819],[-90.173603,35.118073],[-90.174594,35.116682],[-90.175821,35.114051],[-90.175944,35.113814],[-90.176843,35.112088],[-90.179995,35.097792],[-90.180156,35.09705],[-90.181387,35.091401],[-90.182065,35.089785],[-90.195873,35.060208],[-90.19706,35.053407],[-90.197221,35.048381],[-90.19695,35.044174],[-90.195817,35.037788],[-90.196099,35.037395],[-90.196694,35.036777],[-90.198072,35.035347],[-90.199349,35.033757],[-90.200045,35.032893],[-90.200222,35.032743],[-90.200334,35.032666],[-90.20067,35.032439],[-90.200783,35.032364],[-90.202505,35.0312],[-90.207674,35.027709],[-90.209397,35.026546],[-90.2114761,35.0261527],[-90.21274,35.0258676],[-90.214382,35.025795],[-90.216258,35.026049],[-90.224791,35.029961],[-90.230611,35.03132],[-90.2551675,35.0342975],[-90.2563435,35.0345089],[-90.2577811,35.0350389],[-90.258602,35.0353298],[-90.2596059,35.0356501],[-90.2603042,35.0357847],[-90.2615477,35.036102],[-90.2629182,35.0368845],[-90.2633307,35.0372278],[-90.2640078,35.0399235],[-90.2651456,35.0403968],[-90.2653068,35.0404409],[-90.2673153,35.0407172],[-90.2692771,35.0407334],[-90.2720061,35.0408163],[-90.2734333,35.0409028],[-90.2750388,35.0406546],[-90.2770421,35.0407172],[-90.2783269,35.04084],[-90.2800702,35.0409792],[-90.2820999,35.0410292],[-90.291996,35.041793],[-90.295596,35.040093],[-90.297296,35.037893],[-90.300697,35.028793],[-90.306897,35.018194],[-90.309877,35.00975],[-90.310298,35.004295]]]}}]}