{"type":"FeatureCollection","licence":"Data © OpenStreetMap contributors, ODbL 1.0. http://osm.org/copyright","features":[{"type":"Feature","properties":{"place_id":347445637,"osm_type":"relation","osm_id":224042,"place_rank":8,"category":"boundary","type":"administrative","importance":0.7803463116184275,"addresstype":"state","name":"Virginia","display_name":"Virginia, United States"},"bbox":[-83.6753671,36.5407896,-75.1664350,39.4660120],"geometry":{"type":"Polygon","coordinates":[[[-83.6753671,36.6007706],[-83.6750166,36.6008122],[-83.6736864,36.6007973],[-83.6701414,36.6007575],[-83.6662718,36.6006401],[-83.660403,36.600462],[-83.6497112,36.6001301],[-83.6456772,36.6000192],[-83.6373609,36.5993797],[-83.6255406,36.5984045],[-83.6250041,36.5983624],[-83.6249058,36.5982872],[-83.6221304,36.5980898],[-83.6088982,36.5979206],[-83.5964694,36.5977699],[-83.5745497,36.5974714],[-83.55681,36.597384],[-83.5469994,36.5973724],[-83.5444304,36.5973694],[-83.472108,36.597284],[-83.374904,36.597386],[-83.2763,36.598187],[-83.261099,36.593887],[-83.252629,36.593925],[-83.250304,36.593935],[-83.249899,36.593898],[-83.248933,36.593827],[-83.225515,36.593834],[-83.1746351,36.5938492],[-83.1016648,36.5938711],[-83.0763728,36.5938787],[-83.0762209,36.5938787],[-83.0757783,36.5938788],[-83.0757397,36.5938788],[-83.075588,36.5938789],[-83.0720298,36.59388],[-83.071805,36.59388],[-83.0717431,36.59388],[-83.0715593,36.5938801],[-83.0710042,36.5938803],[-83.0709237,36.5938803],[-83.0672207,36.5938815],[-83.0670688,36.5938815],[-83.0669081,36.5938815],[-83.0515093,36.5938861],[-83.028357,36.593893],[-83.02725,36.593847],[-83.0207937,36.593829],[-83.0199447,36.5938266],[-83.0187186,36.5938232],[-83.017723,36.5938204],[-83.0166615,36.5938174],[-83.0132244,36.5938078],[-83.0131911,36.5938077],[-83.0127565,36.5938065],[-82.9960168,36.5937598],[-82.9935212,36.5937528],[-82.9927234,36.5937506],[-82.9851254,36.5937294],[-82.9850318,36.5937291],[-82.9628475,36.5936678],[-82.962788,36.5936676],[-82.9625946,36.5936671],[-82.9624425,36.5936667],[-82.9622991,36.5936663],[-82.9619863,36.5936654],[-82.8897607,36.5934658],[-82.889037,36.5934638],[-82.888013,36.593461],[-82.830433,36.593761],[-82.7796518,36.5937372],[-82.7203676,36.5937095],[-82.6993806,36.5936997],[-82.69578,36.593698],[-82.68828,36.593698],[-82.679879,36.593698],[-82.6539528,36.593845],[-82.6505937,36.5938641],[-82.6091822,36.5941098],[-82.5936085,36.5943259],[-82.5881143,36.5944059],[-82.5722643,36.5946341],[-82.572141,36.5946359],[-82.5720322,36.5946374],[-82.5664416,36.5947218],[-82.5660236,36.5947279],[-82.5616682,36.5947913],[-82.5615519,36.594793],[-82.561074,36.5948],[-82.560774,36.5948],[-82.559774,36.5948],[-82.554294,36.594876],[-82.549173,36.5949482],[-82.545583,36.594999],[-82.545474,36.5950004],[-82.5170735,36.5954011],[-82.487238,36.595822],[-82.48693,36.595822],[-82.4867752,36.5958094],[-82.4863851,36.5957987],[-82.478668,36.595588],[-82.4673563,36.5945493],[-82.466613,36.594481],[-82.4663461,36.5944829],[-82.4663336,36.594483],[-82.4656518,36.5944879],[-82.465051,36.5944923],[-82.4639057,36.5945005],[-82.4165724,36.5948418],[-82.391007,36.5950261],[-82.3867619,36.5950568],[-82.296995,36.595704],[-82.2940675,36.5957056],[-82.2929808,36.5957062],[-82.2724756,36.5957176],[-82.2634298,36.5957226],[-82.2429058,36.5956539],[-82.2419521,36.5956544],[-82.229342,36.595682],[-82.228924,36.595674],[-82.226968,36.595733],[-82.226865,36.595802],[-82.226747,36.595855],[-82.226562,36.595884],[-82.226255,36.595896],[-82.2261,36.595883],[-82.225986,36.595839],[-82.225875,36.595744],[-82.22405,36.595727],[-82.223837,36.595903],[-82.223732,36.595952],[-82.223519,36.595983],[-82.222615,36.59603],[-82.222289,36.596012],[-82.222027,36.595963],[-82.221938,36.595925],[-82.221846,36.595863],[-82.221797,36.595809],[-82.221713,36.595814],[-82.218359,36.595828],[-82.217537,36.595828],[-82.214198,36.595846],[-82.213882,36.595832],[-82.213675,36.595831],[-82.213061,36.595817],[-82.212847,36.595809],[-82.212677,36.595814],[-82.212227,36.595798],[-82.211995,36.595795],[-82.2112936,36.5957995],[-82.2102174,36.5957726],[-82.2070707,36.5957023],[-82.2070728,36.5956476],[-82.1812741,36.5949218],[-82.1800578,36.5948874],[-82.1799985,36.5948857],[-82.1774496,36.594814],[-82.1761173,36.5947936],[-82.1743008,36.5947446],[-82.153614,36.594744],[-82.153564,36.594758],[-82.153346,36.594751],[-82.152479,36.594725],[-82.15219,36.594717],[-82.152124,36.594715],[-82.151926,36.594709],[-82.151861,36.594707],[-82.151731,36.594703],[-82.15134,36.594693],[-82.151211,36.59469],[-82.151169,36.594692],[-82.151045,36.5947],[-82.1510035,36.5947015],[-82.150979,36.594706],[-82.150917,36.594706],[-82.150656,36.594708],[-82.15057,36.594709],[-82.150506,36.59471],[-82.150169,36.594724],[-82.150102,36.594728],[-82.149754,36.594754],[-82.149313,36.594754],[-82.14897,36.594729],[-82.148886,36.594724],[-82.147155,36.594721],[-82.146279,36.594724],[-82.146234,36.594724],[-82.146111,36.594724],[-82.1455615,36.5947248],[-82.145464,36.594725],[-82.143649,36.59473],[-82.142967,36.594733],[-82.142948,36.594733],[-82.142341,36.594734],[-82.140523,36.594739],[-82.139917,36.594742],[-82.139724,36.594742],[-82.139145,36.594744],[-82.138951,36.594744],[-82.138885,36.594745],[-82.1386,36.594747],[-82.138553,36.594747],[-82.138535,36.594744],[-82.137597,36.594749],[-82.134773,36.594756],[-82.133833,36.594759],[-82.133611,36.594759],[-82.132947,36.594761],[-82.1327598,36.5947623],[-82.132697,36.594762],[-82.132267,36.594763],[-82.130893,36.594767],[-82.1307271,36.5947669],[-82.130075,36.59477],[-82.128992,36.594773],[-82.128632,36.594775],[-82.128451,36.594775],[-82.127911,36.594777],[-82.127808,36.594778],[-82.127731,36.594775],[-82.127298,36.594755],[-82.125999,36.594697],[-82.125446,36.594672],[-82.125083,36.594656],[-82.124962,36.594651],[-82.124895,36.594648],[-82.124852,36.594647],[-82.124711,36.594578],[-82.124653,36.594549],[-82.12458,36.594514],[-82.123523,36.594523],[-82.120992,36.594547],[-82.120112,36.594551],[-82.118976,36.594557],[-82.118514,36.594559],[-82.117359,36.594566],[-82.11713,36.594567],[-82.116669,36.594571],[-82.116262,36.594573],[-82.115044,36.594582],[-82.114638,36.594586],[-82.114562,36.594586],[-82.114509,36.594586],[-82.114337,36.59459],[-82.114263,36.594592],[-82.114089,36.594594],[-82.113194,36.594607],[-82.113167,36.594608],[-82.1127971,36.5946153],[-82.112767,36.594615],[-82.1123771,36.594616],[-82.111424,36.594637],[-82.111284,36.594638],[-82.111196,36.594639],[-82.111121,36.59464],[-82.111054,36.594641],[-82.1108563,36.5946477],[-82.110693,36.594649],[-82.110083,36.594666],[-82.108832,36.594701],[-82.108328,36.594705],[-82.107743,36.594711],[-82.106628,36.59472],[-82.103285,36.594751],[-82.102171,36.594762],[-82.101586,36.594767],[-82.101492,36.594768],[-82.099834,36.594754],[-82.099195,36.594749],[-82.09903,36.594748],[-82.098375,36.594743],[-82.096575,36.594729],[-82.095975,36.594725],[-81.934144,36.594213],[-81.922644,36.616213],[-81.8266795,36.6146598],[-81.6472191,36.6117066],[-81.6774572,36.588157],[-81.632756,36.5874203],[-81.6010477,36.5869277],[-81.5611396,36.5838176],[-81.5393434,36.5820217],[-81.5200843,36.5804591],[-81.4997173,36.5797591],[-81.4964467,36.5795627],[-81.4893669,36.5789948],[-81.4454307,36.577146],[-81.4418004,36.5767753],[-81.3749355,36.5747036],[-81.3625726,36.5744279],[-81.3532623,36.5746992],[-81.32389,36.5749162],[-81.307511,36.575024],[-81.3005511,36.5747726],[-81.2771683,36.574129],[-81.2706453,36.5740423],[-81.2623678,36.573924],[-81.2590331,36.573741],[-81.2498592,36.5732076],[-81.2192207,36.5725259],[-81.2068342,36.5723088],[-81.2059811,36.5722938],[-81.176712,36.5717813],[-81.1696262,36.5707076],[-81.1382592,36.5692987],[-81.1245567,36.5691112],[-81.1026551,36.5681323],[-81.0817615,36.5672452],[-81.0716363,36.5670433],[-81.0619509,36.5667778],[-81.0536447,36.5668436],[-81.0507751,36.5669932],[-81.0477131,36.5667911],[-81.0449422,36.5666587],[-81.0291826,36.5653081],[-81.012198,36.5644899],[-81.0038778,36.5636594],[-80.9853009,36.5634904],[-80.9784328,36.563439],[-80.9749164,36.5634509],[-80.9630897,36.5635423],[-80.945571,36.5630438],[-80.94447,36.563034],[-80.9331437,36.5629334],[-80.9316653,36.5623853],[-80.9155382,36.5621428],[-80.9132638,36.5621086],[-80.9106527,36.5620333],[-80.9016449,36.5617735],[-80.8986177,36.5616233],[-80.8631583,36.5601722],[-80.8379439,36.5591305],[-80.8376409,36.559118],[-80.803797,36.5608377],[-80.7996537,36.5610592],[-80.7958565,36.5607519],[-80.7927552,36.5605169],[-80.7731495,36.560332],[-80.7302732,36.5623115],[-80.7167643,36.5622647],[-80.7049399,36.562244],[-80.6999199,36.5620235],[-80.690446,36.5615252],[-80.6718812,36.5602757],[-80.667469,36.5600048],[-80.6533868,36.559103],[-80.6471235,36.5588768],[-80.6411871,36.5587184],[-80.637564,36.558685],[-80.6329325,36.5584981],[-80.624788,36.5582843],[-80.6123908,36.557922],[-80.6120593,36.5579077],[-80.5827497,36.5569225],[-80.5635687,36.5563313],[-80.5482062,36.5556044],[-80.5357355,36.5550469],[-80.5258712,36.554584],[-80.5058952,36.5536713],[-80.4930224,36.5530845],[-80.4800351,36.552483],[-80.4401094,36.5506612],[-80.4327245,36.5502632],[-80.4315064,36.5502223],[-80.3779568,36.5477617],[-80.3214437,36.5451731],[-80.295243,36.543973],[-80.2946368,36.5439451],[-80.2772348,36.5439423],[-80.236734,36.5438433],[-80.2288092,36.5438396],[-80.2252715,36.5437206],[-80.1931218,36.5434304],[-80.1838066,36.5433387],[-80.1815666,36.5433167],[-80.171636,36.543219],[-80.1696557,36.5431318],[-80.122183,36.542646],[-80.0663178,36.5424967],[-80.0650371,36.5424933],[-80.05346,36.5424785],[-80.0272707,36.5424913],[-80.0215234,36.5424925],[-79.996472,36.5424969],[-79.9923585,36.5424976],[-79.9919596,36.5424977],[-79.9879806,36.5424984],[-79.9873822,36.5424985],[-79.9829336,36.5424993],[-79.9827075,36.5424993],[-79.9757012,36.5425006],[-79.9745429,36.5425008],[-79.967511,36.542502],[-79.9669991,36.5424943],[-79.919665,36.5426403],[-79.9107398,36.5426969],[-79.8961962,36.5426203],[-79.8870123,36.5425827],[-79.8416359,36.5424284],[-79.8386436,36.5424421],[-79.8147029,36.5423392],[-79.7715071,36.542207],[-79.7654717,36.5421595],[-79.7363104,36.5420149],[-79.714851,36.541955],[-79.6949726,36.5418839],[-79.6678739,36.541759],[-79.6579149,36.5417283],[-79.6478919,36.5416375],[-79.6288842,36.5415984],[-79.6238242,36.5415883],[-79.604367,36.5415493],[-79.5631402,36.541028],[-79.5218096,36.5408759],[-79.510751,36.5408643],[-79.49975,36.5409291],[-79.4973141,36.5407941],[-79.4963655,36.5408138],[-79.4958202,36.5407916],[-79.4957545,36.5407896],[-79.4897106,36.5408193],[-79.4807287,36.5408362],[-79.4723446,36.5408307],[-79.4693086,36.5408295],[-79.4663397,36.5408305],[-79.4643878,36.5408518],[-79.4567013,36.5408727],[-79.4519152,36.5410803],[-79.445965,36.5412024],[-79.4456789,36.5412252],[-79.4454861,36.5412283],[-79.4451861,36.5412333],[-79.4431289,36.5412603],[-79.4428965,36.5412658],[-79.4286542,36.5413466],[-79.4254571,36.5413503],[-79.4122134,36.541365],[-79.4103542,36.5413761],[-79.4056122,36.5414093],[-79.4007887,36.5414397],[-79.3975376,36.5414541],[-79.3902244,36.5413811],[-79.3881593,36.5413624],[-79.3866151,36.5413544],[-79.374743,36.541329],[-79.3729234,36.5414494],[-79.3644489,36.5414229],[-79.3531556,36.5413892],[-79.3473442,36.541383],[-79.3430603,36.541374],[-79.3221764,36.5415133],[-79.2630758,36.5413049],[-79.24974,36.541139],[-79.2393352,36.5413095],[-79.2217974,36.5415968],[-79.2186022,36.5416491],[-79.2181443,36.5416498],[-79.2176967,36.5416505],[-79.2176125,36.5416507],[-79.2175596,36.5416507],[-79.2165331,36.5416524],[-79.2163522,36.5416526],[-79.2125802,36.5416586],[-79.2086742,36.5417034],[-79.2070287,36.5417112],[-79.1564202,36.541879],[-79.1378893,36.5417578],[-79.126078,36.541533],[-79.124736,36.541568],[-79.0555793,36.541819],[-78.9793814,36.5420955],[-78.971814,36.542123],[-78.970577,36.542154],[-78.9634276,36.5421351],[-78.942254,36.542079],[-78.942009,36.542113],[-78.91542,36.541974],[-78.914543,36.541972],[-78.9019246,36.5419444],[-78.8484273,36.5418272],[-78.8187397,36.5418709],[-78.8045227,36.5418521],[-78.7961981,36.5418078],[-78.7873021,36.541773],[-78.7867024,36.5417776],[-78.785057,36.541754],[-78.778987,36.541686],[-78.7758642,36.5416689],[-78.7735541,36.5416821],[-78.7693062,36.5417035],[-78.7688681,36.5417043],[-78.767545,36.5417124],[-78.7671178,36.5417164],[-78.7666773,36.5417196],[-78.7662738,36.5417613],[-78.76543,36.541727],[-78.758392,36.541852],[-78.7581082,36.5417288],[-78.7533263,36.5417876],[-78.7497397,36.5418257],[-78.7461708,36.5419276],[-78.7421416,36.5419788],[-78.734183,36.5419586],[-78.7077774,36.5420529],[-78.7040671,36.5420542],[-78.7037896,36.541973],[-78.6952933,36.5420599],[-78.68689,36.5420645],[-78.6856138,36.5420662],[-78.6839158,36.5421235],[-78.6828415,36.5420433],[-78.6785859,36.5421314],[-78.67461,36.5421259],[-78.670051,36.542035],[-78.663317,36.542011],[-78.6259077,36.5414184],[-78.6240654,36.5413892],[-78.6223032,36.5413613],[-78.6174293,36.541323],[-78.6099557,36.5412643],[-78.6077487,36.5412754],[-78.607194,36.5412782],[-78.6053244,36.5410986],[-78.6031672,36.5411185],[-78.6004768,36.5411433],[-78.5966593,36.5411784],[-78.5943553,36.5411997],[-78.5941486,36.5412016],[-78.589066,36.5412484],[-78.5827579,36.5412183],[-78.5818823,36.5412142],[-78.5718411,36.5411663],[-78.565461,36.5411359],[-78.5601113,36.5411104],[-78.5575194,36.541098],[-78.5394376,36.5410118],[-78.533013,36.541004],[-78.529722,36.540981],[-78.5182374,36.5410298],[-78.5161176,36.5410388],[-78.515572,36.5410412],[-78.5112748,36.5410594],[-78.509965,36.541065],[-78.5056063,36.5412376],[-78.4997172,36.5414707],[-78.4982035,36.541503],[-78.495994,36.5415502],[-78.4938966,36.5415947],[-78.4908206,36.541684],[-78.4888873,36.5417402],[-78.4876963,36.5417748],[-78.4849106,36.5419097],[-78.4834234,36.5419818],[-78.4816003,36.5420701],[-78.4808786,36.5421083],[-78.4775893,36.5421917],[-78.4767487,36.5422032],[-78.4741617,36.5422195],[-78.4717488,36.5422913],[-78.4707978,36.5423212],[-78.4698753,36.5423316],[-78.469058,36.542333],[-78.4687192,36.5423371],[-78.4669259,36.5423585],[-78.4650534,36.5423664],[-78.4646137,36.5423675],[-78.4631925,36.5424577],[-78.4569717,36.542481],[-78.4568442,36.5424838],[-78.4413777,36.5426917],[-78.4412756,36.5426076],[-78.4412215,36.5425913],[-78.4410461,36.5425916],[-78.4395104,36.5426568],[-78.4388343,36.5427016],[-78.4381367,36.5426362],[-78.4368304,36.5426515],[-78.4366627,36.5426368],[-78.4366303,36.5426415],[-78.4366083,36.5426559],[-78.4365317,36.542747],[-78.4267287,36.5428224],[-78.4172241,36.5429121],[-78.406669,36.5430567],[-78.3814695,36.543225],[-78.3629242,36.5434333],[-78.3495553,36.5435589],[-78.3238822,36.5437693],[-78.3130009,36.5439241],[-78.290747,36.544138],[-78.2514311,36.5444417],[-78.2498022,36.544466],[-78.246681,36.544341],[-78.245462,36.544411],[-78.1848744,36.544208],[-78.1578681,36.5439539],[-78.1426288,36.5436853],[-78.1333283,36.5438516],[-78.1329196,36.5438203],[-78.0462533,36.5434863],[-77.9015259,36.544663],[-77.9007406,36.5446682],[-77.8679863,36.5448849],[-77.8291417,36.545056],[-77.7670473,36.5453296],[-77.749706,36.54552],[-77.70121,36.545815],[-77.6723625,36.5453866],[-77.4986835,36.5450871],[-77.4135977,36.5447338],[-77.2969129,36.5447906],[-77.2530415,36.5446691],[-77.2049654,36.5446082],[-77.190175,36.546164],[-77.1696596,36.5473222],[-77.1644976,36.5463367],[-77.1526778,36.5440866],[-77.1439927,36.5440524],[-77.124688,36.5439985],[-77.1246892,36.5440729],[-77.1026255,36.5445563],[-77.0113599,36.5442468],[-76.9159725,36.5438889],[-76.9166393,36.5446015],[-76.9168536,36.5449631],[-76.9170276,36.5454029],[-76.9171522,36.5458257],[-76.9172331,36.5462579],[-76.9172183,36.5466757],[-76.917138,36.5470868],[-76.91695,36.5477327],[-76.9168155,36.5483338],[-76.916725,36.5487798],[-76.9166814,36.5489833],[-76.9166386,36.5493038],[-76.9167929,36.5498732],[-76.9170397,36.5505663],[-76.9171019,36.5508663],[-76.9170616,36.5510658],[-76.9170088,36.551186],[-76.9168539,36.5513328],[-76.9165458,36.5515448],[-76.9162041,36.5518223],[-76.915902,36.5521565],[-76.8958783,36.5519236],[-76.883527,36.5518032],[-76.8632736,36.5515807],[-76.8343654,36.5512855],[-76.8267717,36.5512076],[-76.8115883,36.5510519],[-76.7997428,36.5510045],[-76.7792298,36.5508989],[-76.7572758,36.5507886],[-76.7433856,36.55075],[-76.7382013,36.5507871],[-76.7359032,36.5508036],[-76.7337527,36.550804],[-76.727061,36.5507664],[-76.7197692,36.5507837],[-76.7154464,36.5508053],[-76.7079871,36.5507677],[-76.6994367,36.5507563],[-76.6920253,36.5507495],[-76.6823433,36.5507543],[-76.6705584,36.5507596],[-76.6390289,36.5507741],[-76.5964394,36.5507329],[-76.5781545,36.5507102],[-76.5694922,36.5507012],[-76.5610529,36.5506877],[-76.5554593,36.5506841],[-76.5421625,36.5506617],[-76.541968,36.5506614],[-76.5419357,36.5506614],[-76.5373005,36.5506665],[-76.5285448,36.5506709],[-76.5136345,36.5506501],[-76.4913958,36.5506484],[-76.4752884,36.550653],[-76.467696,36.550632],[-76.4676677,36.550632],[-76.4671253,36.5506318],[-76.465275,36.550631],[-76.4624649,36.5506489],[-76.4519209,36.5506484],[-76.4466182,36.5506482],[-76.4452598,36.550661],[-76.4398304,36.5506448],[-76.4345471,36.5506431],[-76.4303005,36.5506399],[-76.4292461,36.5506409],[-76.4258541,36.5506414],[-76.4223236,36.550636],[-76.415163,36.5506309],[-76.4070487,36.5506284],[-76.3971069,36.55062],[-76.3914754,36.5506173],[-76.3877008,36.5506136],[-76.3816145,36.5506054],[-76.3778125,36.5506045],[-76.3773502,36.5506044],[-76.3767731,36.5506043],[-76.3521129,36.5505797],[-76.3409257,36.5505685],[-76.3133147,36.550541],[-76.3115466,36.5505254],[-76.3095939,36.550527],[-76.2983576,36.5505306],[-76.292968,36.550551],[-76.288877,36.550551],[-76.288606,36.550552],[-76.287061,36.550551],[-76.28054,36.550551],[-76.272556,36.550551],[-76.272455,36.550551],[-76.264376,36.550551],[-76.264355,36.550551],[-76.264348,36.550551],[-76.2596856,36.5504865],[-76.25478,36.5504704],[-76.2480589,36.5504382],[-76.2428677,36.5504543],[-76.2335752,36.5504965],[-76.2291663,36.5504928],[-76.2223484,36.5504518],[-76.2152121,36.5504497],[-76.2078493,36.5504602],[-76.2049851,36.550455],[-76.2039625,36.5504626],[-76.2033192,36.5504673],[-76.2004528,36.5504707],[-76.1946717,36.5504765],[-76.1944763,36.5504765],[-76.1925097,36.5504764],[-76.190497,36.550478],[-76.1876271,36.5504804],[-76.1813872,36.5504857],[-76.1715827,36.550494],[-76.1648496,36.5504991],[-76.1631034,36.550505],[-76.1599187,36.5505035],[-76.1560811,36.5505061],[-76.154791,36.5505038],[-76.1525886,36.5505001],[-76.1521755,36.5505088],[-76.1512342,36.5505037],[-76.1502393,36.5505114],[-76.149029,36.5505088],[-76.1459255,36.5505165],[-76.1428053,36.5505186],[-76.139581,36.5505178],[-76.1385332,36.550522],[-76.1339899,36.5505252],[-76.1311493,36.5505241],[-76.1270494,36.5505266],[-76.1235546,36.5505308],[-76.1227447,36.5505294],[-76.118223,36.5505277],[-76.1167447,36.5505345],[-76.1144107,36.5505375],[-76.1131898,36.5505369],[-76.1115463,36.5505338],[-76.1073565,36.5505393],[-76.1056883,36.5505413],[-76.1049753,36.5505417],[-76.1016544,36.5505432],[-76.094444,36.550549],[-76.094423,36.550549],[-76.094196,36.550549],[-76.092953,36.550549],[-76.092937,36.550549],[-76.092338,36.550549],[-76.090241,36.550549],[-76.082008,36.550548],[-76.0758285,36.5505483],[-76.0756724,36.550547],[-76.071591,36.550548],[-76.071583,36.550548],[-76.059452,36.550551],[-76.051536,36.550553],[-76.050951,36.550553],[-76.046481,36.550581],[-76.0365311,36.5505103],[-76.0362479,36.5505053],[-76.0353833,36.5505049],[-76.0347962,36.5505047],[-76.02675,36.550553],[-76.0150007,36.5504416],[-76.014383,36.5504408],[-76.0129981,36.5504389],[-76.0108624,36.5504359],[-76.010034,36.550431],[-76.0075948,36.5504292],[-76.0070847,36.5504324],[-76.006664,36.5504337],[-76.0063751,36.5504327],[-76.0054402,36.5504364],[-76.0048091,36.5504366],[-76.00369,36.5504401],[-75.996949,36.550453],[-75.9871049,36.5504862],[-75.9842124,36.550498],[-75.9781976,36.5505058],[-75.9628391,36.5505517],[-75.9626324,36.5505525],[-75.957648,36.550553],[-75.9565247,36.550567],[-75.9549337,36.5505682],[-75.9532868,36.5505741],[-75.9522527,36.5505776],[-75.9477391,36.550587],[-75.943455,36.5505998],[-75.9388955,36.5506119],[-75.9359807,36.5506179],[-75.9323927,36.5506277],[-75.9300272,36.5506312],[-75.9280948,36.5506298],[-75.9270311,36.55063],[-75.9252637,36.5506218],[-75.9228908,36.5506183],[-75.9223066,36.5506135],[-75.9217003,36.5506136],[-75.9186172,36.5506013],[-75.9149408,36.5505891],[-75.9124601,36.5505791],[-75.9117049,36.5505778],[-75.9115523,36.5505777],[-75.9113195,36.5505767],[-75.910608,36.5505743],[-75.9101731,36.5505724],[-75.9098477,36.5505713],[-75.9096311,36.5505706],[-75.9088965,36.550568],[-75.9082024,36.5505641],[-75.9068715,36.5505653],[-75.9051824,36.5505584],[-75.9027451,36.5505467],[-75.9004975,36.5505367],[-75.8948679,36.5505227],[-75.8926671,36.550514],[-75.8918611,36.5505081],[-75.8875161,36.5504942],[-75.8843011,36.5504804],[-75.8800149,36.5504708],[-75.8756984,36.5504474],[-75.8723641,36.5504433],[-75.8695079,36.5504398],[-75.8686852,36.5504325],[-75.8680588,36.5504277],[-75.8674962,36.5504219],[-75.8670566,36.5504165],[-75.8587903,36.5507454],[-75.854459,36.550922],[-75.797497,36.550916],[-75.800435,36.56274],[-75.819825,36.625153],[-75.823618,36.632295],[-75.829758,36.644632],[-75.834038,36.654572],[-75.843991,36.679773],[-75.849814,36.690784],[-75.862119,36.714051],[-75.862937,36.716026],[-75.870465,36.734207],[-75.874647,36.744305],[-75.877283,36.754007],[-75.878943,36.760117],[-75.87918,36.76099],[-75.901039,36.841451],[-75.905263,36.856998],[-75.90933,36.87197],[-75.914017,36.88922],[-75.92685,36.936457],[-75.926847,36.936462],[-75.928307,36.938179],[-75.9080222,36.9901734],[-75.9034646,36.9997843],[-75.9047005,37.0009222],[-75.8867018,37.0556781],[-75.8778613,37.0627261],[-75.8697589,37.0711295],[-75.8517516,37.0803536],[-75.8429282,37.0863997],[-75.8347829,37.0927192],[-75.8269122,37.1012219],[-75.8237794,37.1081972],[-75.8139174,37.1139947],[-75.7876361,37.1334168],[-75.7798512,37.1406423],[-75.7718346,37.1499333],[-75.7692597,37.1545509],[-75.7638095,37.1592709],[-75.7582648,37.1637033],[-75.7541449,37.167903],[-75.7474244,37.1773068],[-75.7438967,37.1847333],[-75.7431243,37.1926855],[-75.736953,37.2007873],[-75.7309449,37.2116362],[-75.7287305,37.2183553],[-75.7271683,37.2285867],[-75.7291424,37.2412833],[-75.7313569,37.245301],[-75.7241643,37.2547976],[-75.7201474,37.2625649],[-75.7185166,37.2717452],[-75.7042601,37.2885182],[-75.6935914,37.299969],[-75.6833518,37.3067963],[-75.6794379,37.3113839],[-75.6677735,37.3169883],[-75.6545642,37.3257456],[-75.6471484,37.336051],[-75.6420758,37.3464233],[-75.6402819,37.3570466],[-75.6407197,37.3667065],[-75.6444104,37.3751375],[-75.6385052,37.3810645],[-75.6325228,37.3894665],[-75.6210301,37.4008201],[-75.614713,37.4088041],[-75.6108163,37.4130514],[-75.6054261,37.4245786],[-75.6035207,37.4355452],[-75.6004307,37.442551],[-75.597441,37.450988],[-75.596046,37.453133],[-75.596044,37.461187],[-75.595642,37.465584],[-75.592499,37.470898],[-75.58911,37.477857],[-75.583236,37.486503],[-75.579639,37.494637],[-75.574651,37.500135],[-75.555061,37.526677],[-75.55346,37.527296],[-75.552876,37.528008],[-75.552245,37.528418],[-75.551785,37.528859],[-75.551073,37.529539],[-75.55019,37.530051],[-75.548767,37.531511],[-75.547717,37.532226],[-75.54692,37.532906],[-75.545914,37.53379],[-75.544908,37.534673],[-75.544282,37.53552],[-75.543402,37.536336],[-75.54248,37.537118],[-75.541934,37.53756],[-75.541308,37.53834],[-75.540806,37.53895],[-75.540054,37.539899],[-75.539428,37.540712],[-75.538343,37.542135],[-75.537841,37.542678],[-75.537256,37.543424],[-75.536631,37.544439],[-75.535922,37.545388],[-75.535296,37.546201],[-75.534589,37.547419],[-75.533966,37.548603],[-75.533593,37.54938],[-75.532969,37.550463],[-75.532637,37.551139],[-75.532224,37.552119],[-75.531769,37.553166],[-75.531145,37.554249],[-75.530689,37.555195],[-75.530317,37.556006],[-75.529901,37.556717],[-75.529698,37.557661],[-75.529326,37.558472],[-75.529037,37.559249],[-75.528833,37.559992],[-75.528711,37.560498],[-75.528423,37.561308],[-75.528345,37.561948],[-75.528187,37.563127],[-75.528067,37.563869],[-75.527948,37.564611],[-75.527786,37.565386],[-75.527584,37.566365],[-75.527338,37.567175],[-75.527222,37.568152],[-75.527187,37.568893],[-75.527025,37.569635],[-75.526913,37.571084],[-75.526922,37.572027],[-75.526929,37.572767],[-75.526852,37.573475],[-75.526943,37.574215],[-75.52695,37.574922],[-75.526915,37.575663],[-75.527095,37.576705],[-75.527061,37.577547],[-75.52728,37.57832],[-75.527416,37.579194],[-75.527467,37.580103],[-75.527601,37.580775],[-75.527778,37.581615],[-75.527996,37.582287],[-75.528056,37.582755],[-75.528134,37.583363],[-75.528445,37.584876],[-75.528876,37.585613],[-75.529141,37.586789],[-75.529318,37.587529],[-75.529749,37.588367],[-75.530099,37.58944],[-75.530748,37.590917],[-75.531096,37.591823],[-75.53174,37.59276],[-75.532042,37.593398],[-75.532473,37.594168],[-75.532945,37.594804],[-75.533248,37.595441],[-75.533891,37.596312],[-75.53428,37.597049],[-75.534709,37.597652],[-75.535052,37.598053],[-75.535353,37.598555],[-75.53574,37.599125],[-75.536212,37.599794],[-75.536682,37.600295],[-75.537323,37.600829],[-75.537499,37.601501],[-75.538225,37.602134],[-75.538732,37.602652],[-75.538781,37.602702],[-75.539252,37.603304],[-75.539894,37.603939],[-75.540666,37.604909],[-75.541779,37.606145],[-75.534647,37.625132],[-75.533183,37.629884],[-75.532053,37.630698],[-75.530882,37.631713],[-75.52963,37.632931],[-75.528543,37.633945],[-75.527711,37.634925],[-75.526499,37.636108],[-75.525375,37.637459],[-75.524172,37.639281],[-75.522428,37.641878],[-75.520893,37.644305],[-75.520233,37.645653],[-75.519696,37.646731],[-75.518996,37.648281],[-75.51846,37.649426],[-75.518135,37.650603],[-75.517643,37.651883],[-75.517195,37.65333],[-75.516925,37.654833],[-75.516914,37.65488],[-75.516264,37.65703],[-75.515977,37.659333],[-75.515717,37.660964],[-75.515614,37.66298],[-75.515545,37.664358],[-75.515437,37.666105],[-75.515577,37.667314],[-75.515636,37.668791],[-75.515692,37.670032],[-75.515962,37.671538],[-75.515218,37.673126],[-75.514307,37.674673],[-75.513689,37.676226],[-75.512988,37.677536],[-75.512161,37.67936],[-75.510878,37.681855],[-75.509931,37.683459],[-75.509226,37.685159],[-75.508158,37.687402],[-75.507746,37.688654],[-75.506748,37.689627],[-75.505495,37.691397],[-75.504156,37.693186],[-75.503248,37.694318],[-75.502206,37.695979],[-75.501458,37.697368],[-75.500673,37.698712],[-75.499645,37.700731],[-75.4994,37.701646],[-75.498733,37.703033],[-75.498318,37.703669],[-75.497901,37.704792],[-75.497363,37.706242],[-75.497116,37.707045],[-75.496151,37.708094],[-75.495564,37.708941],[-75.495148,37.709853],[-75.494689,37.710596],[-75.494099,37.711339],[-75.493601,37.712148],[-75.493013,37.712891],[-75.492553,37.713601],[-75.492092,37.714243],[-75.491592,37.715256],[-75.490923,37.71627],[-75.490339,37.717452],[-75.489881,37.71833],[-75.489423,37.719342],[-75.488968,37.720591],[-75.488594,37.721468],[-75.488138,37.722443],[-75.487849,37.723459],[-75.487225,37.724877],[-75.486466,37.72542],[-75.485961,37.725894],[-75.485201,37.726369],[-75.484569,37.726912],[-75.483811,37.727555],[-75.483011,37.728267],[-75.48238,37.72891],[-75.481623,37.729688],[-75.480993,37.730432],[-75.480194,37.731312],[-75.479059,37.732497],[-75.478344,37.733241],[-75.477926,37.733984],[-75.47755,37.734626],[-75.477047,37.73537],[-75.476374,37.736047],[-75.475954,37.736554],[-75.475621,37.737297],[-75.475202,37.737871],[-75.474952,37.738411],[-75.474407,37.739189],[-75.474073,37.73983],[-75.473739,37.740438],[-75.473405,37.741046],[-75.473071,37.741722],[-75.472865,37.742363],[-75.472446,37.743072],[-75.472196,37.743578],[-75.471906,37.744456],[-75.471615,37.745096],[-75.471281,37.745704],[-75.471116,37.74621],[-75.470824,37.746851],[-75.470493,37.747729],[-75.470345,37.748188],[-75.470286,37.74837],[-75.470121,37.74891],[-75.470112,37.748921],[-75.470066,37.750125],[-75.46907,37.752826],[-75.467279,37.756274],[-75.464766,37.759663],[-75.463408,37.763986],[-75.461667,37.768251],[-75.460933,37.771356],[-75.444904,37.789517],[-75.417073,37.82105],[-75.409285,37.820919],[-75.405008,37.818532],[-75.399286,37.815725],[-75.393688,37.813516],[-75.386951,37.811724],[-75.380174,37.810404],[-75.374643,37.81032],[-75.366857,37.809789],[-75.360125,37.810186],[-75.349468,37.811982],[-75.337979,37.815232],[-75.32791,37.820669],[-75.320964,37.824979],[-75.312209,37.830612],[-75.303132,37.838169],[-75.296081,37.84567],[-75.296004,37.845752],[-75.29124,37.852619],[-75.288069,37.857624],[-75.285056,37.861582],[-75.281622,37.865845],[-75.278735,37.869668],[-75.274981,37.875124],[-75.270444,37.882602],[-75.265916,37.891126],[-75.263056,37.897088],[-75.259191,37.904332],[-75.256812,37.907871],[-75.253058,37.913736],[-75.249636,37.918628],[-75.241758,37.931532],[-75.238073,37.93539],[-75.188003,38.000121],[-75.177078,38.01342],[-75.166435,38.027834],[-75.168349,38.027934],[-75.2118247,38.0274758],[-75.223762,38.02735],[-75.2418015,38.0274595],[-75.2452721,38.027063],[-75.2474675,38.0269124],[-75.2497581,38.0267329],[-75.2503853,38.0266514],[-75.2510704,38.0265953],[-75.252711,38.026461],[-75.2528195,38.0264503],[-75.255911,38.026206],[-75.2561911,38.0261724],[-75.256877,38.02609],[-75.2606534,38.0257664],[-75.2621126,38.0256414],[-75.2637896,38.0254977],[-75.2707148,38.0249043],[-75.2709293,38.0248859],[-75.27436,38.024592],[-75.321182,38.020338],[-75.323157,38.020155],[-75.37709,38.015236],[-75.377853,38.015165],[-75.3779845,38.0151518],[-75.37983,38.014966],[-75.38629,38.01441],[-75.388496,38.014212],[-75.392501,38.013831],[-75.393622,38.013777],[-75.394172,38.013693],[-75.396979,38.013438],[-75.397764,38.013063],[-75.397878,38.013101],[-75.397936,38.01312],[-75.398336,38.01323],[-75.398498,38.013258],[-75.398994,38.013243],[-75.400367,38.013155],[-75.404617,38.012831],[-75.406082,38.012701],[-75.406607,38.012667],[-75.419888,38.011561],[-75.422057,38.01139],[-75.425455,38.011095],[-75.42633,38.011023],[-75.427688,38.010928],[-75.428016,38.010889],[-75.428619,38.01084],[-75.428732,38.010836],[-75.428801,38.010847],[-75.428871,38.01087],[-75.428885,38.010889],[-75.429076,38.010889],[-75.430694,38.010798],[-75.4354,38.01039],[-75.435797,38.010367],[-75.435958,38.010367],[-75.436668,38.010206],[-75.438232,38.010088],[-75.43872,38.010069],[-75.439327,38.010024],[-75.442024,38.009875],[-75.45764,38.008606],[-75.467337,38.007746],[-75.469818,38.007578],[-75.474082,38.007193],[-75.482986,38.006419],[-75.486227,38.006102],[-75.488661,38.005892],[-75.490119,38.005782],[-75.495643,38.005328],[-75.499504,38.005026],[-75.508636,38.004225],[-75.519401,38.003333],[-75.5201245,38.0032719],[-75.5231195,38.0030189],[-75.5259402,38.0027807],[-75.530519,38.002394],[-75.5360969,38.0017099],[-75.536313,38.0017446],[-75.5385933,38.0014885],[-75.539942,38.001337],[-75.541739,38.001364],[-75.541951,38.001358],[-75.545059,38.001135],[-75.556314,38.000121],[-75.559547,37.999937],[-75.566955,37.999258],[-75.568641,37.999094],[-75.570578,37.998946],[-75.572013,37.99885],[-75.575107,37.998586],[-75.581383,37.997998],[-75.59458,37.99687],[-75.597312,37.996645],[-75.59877,37.996514],[-75.6006181,37.9963844],[-75.6010622,37.9963354],[-75.602067,37.996226],[-75.60987,37.995491],[-75.614064,37.995255],[-75.620651,37.994585],[-75.621344,37.994524],[-75.622481,37.994383],[-75.6232914,37.994341],[-75.623369,37.994337],[-75.623836,37.994275],[-75.624341,37.9943011],[-75.624471,37.994008],[-75.624493,37.993821],[-75.624496,37.993796],[-75.624497,37.993787],[-75.624499,37.993766],[-75.624507,37.993698],[-75.624556,37.993281],[-75.624563,37.993222],[-75.624565,37.993204],[-75.624569,37.993175],[-75.624572,37.993148],[-75.624573,37.993139],[-75.624589,37.993005],[-75.62462,37.992741],[-75.624634,37.99262],[-75.624648,37.9925],[-75.624722,37.992072],[-75.624795,37.991645],[-75.624828,37.99145],[-75.625084,37.990577],[-75.625611,37.989798],[-75.626202,37.989285],[-75.626655,37.988892],[-75.627607,37.988519],[-75.629348,37.988354],[-75.630868,37.987816],[-75.631275,37.987541],[-75.631399,37.987457],[-75.631492,37.987394],[-75.631563,37.987346],[-75.63161,37.987314],[-75.631647,37.987289],[-75.63166,37.987281],[-75.63171,37.987247],[-75.632532,37.986691],[-75.633412,37.985428],[-75.633832,37.984517],[-75.633979,37.983553],[-75.633712,37.983055],[-75.632594,37.981732],[-75.631433,37.980497],[-75.630161,37.97924],[-75.629954,37.979036],[-75.629093,37.978244],[-75.628853,37.977795],[-75.628839,37.976787],[-75.629532,37.975963],[-75.630042,37.975797],[-75.630296,37.975714],[-75.630499,37.9757],[-75.630991,37.975665],[-75.631406,37.975762],[-75.631431,37.975772],[-75.631558,37.975825],[-75.631669,37.975873],[-75.632008,37.976018],[-75.632775,37.976583],[-75.63353,37.977157],[-75.634209,37.97767],[-75.634355,37.977913],[-75.634473,37.978111],[-75.634787,37.978637],[-75.634951,37.978809],[-75.634995,37.978855],[-75.635005,37.978866],[-75.635062,37.978926],[-75.63509,37.978956],[-75.635161,37.979031],[-75.635262,37.979138],[-75.635485,37.979374],[-75.635656,37.979483],[-75.635674,37.979495],[-75.635688,37.979504],[-75.635735,37.979534],[-75.636278,37.979633],[-75.636292,37.979635],[-75.636306,37.979637],[-75.636677,37.979685],[-75.637319,37.979723],[-75.637732,37.979568],[-75.638222,37.979395],[-75.638518,37.979208],[-75.639302,37.978715],[-75.640134,37.977943],[-75.640914,37.977235],[-75.641353,37.97662],[-75.641816,37.975974],[-75.642581,37.974661],[-75.642606,37.974618],[-75.642622,37.97459],[-75.642634,37.97457],[-75.642652,37.97454],[-75.642833,37.974229],[-75.642991,37.973725],[-75.643028,37.973606],[-75.643117,37.973322],[-75.643739,37.971337],[-75.644255,37.97052],[-75.644725,37.969775],[-75.645842,37.968683],[-75.64626,37.96837],[-75.646349,37.968303],[-75.646391,37.968272],[-75.646668,37.968065],[-75.64704,37.967786],[-75.647416,37.967465],[-75.648228,37.966771],[-75.648197,37.966642],[-75.648182,37.966581],[-75.648163,37.966504],[-75.648159,37.966486],[-75.6481551,37.9661758],[-75.6460375,37.9636019],[-75.6445764,37.9631102],[-75.6428975,37.9626964],[-75.6411535,37.96038],[-75.6394459,37.9566409],[-75.6381845,37.9539566],[-75.6374659,37.952269],[-75.6374548,37.9509811],[-75.6386716,37.9457983],[-75.6421548,37.9404216],[-75.6448221,37.9379112],[-75.6494389,37.9373201],[-75.6533511,37.9378309],[-75.6571329,37.9378431],[-75.6587345,37.9383998],[-75.6605481,37.9391551],[-75.66366,37.939437],[-75.66742,37.9416787],[-75.6716778,37.9431852],[-75.6761489,37.9450232],[-75.6787557,37.9451745],[-75.6833705,37.9443492],[-75.6869199,37.9419325],[-75.6930547,37.9374373],[-75.6973132,37.9345503],[-75.7010477,37.9340289],[-75.7023729,37.936417],[-75.7041235,37.939335],[-75.7062046,37.9416519],[-75.7102515,37.942992],[-75.7149194,37.943363],[-75.7231704,37.939519],[-75.7317926,37.9339915],[-75.7373175,37.9276675],[-75.7402115,37.9229904],[-75.7435684,37.9205233],[-75.7489762,37.9173443],[-75.750271,37.9145407],[-75.7515478,37.9099901],[-75.7528542,37.9083512],[-75.7581341,37.9071526],[-75.7626692,37.9050268],[-75.7660137,37.9015109],[-75.767746,37.8984713],[-75.7721005,37.8932016],[-75.813907,37.912039],[-75.874654,37.911397],[-75.882939,37.911335],[-75.895911,37.910497],[-75.902676,37.91006],[-75.927353,37.908465],[-75.952672,37.906827],[-75.943693,37.946133],[-75.983272,37.951996],[-75.98798,37.952693],[-75.993338,37.953487],[-75.99474,37.95346],[-75.995209,37.953451],[-75.995478,37.9534565],[-75.996879,37.953485],[-75.999282,37.953463],[-75.999656,37.953522],[-76.001009,37.953538],[-76.0012253,37.9535452],[-76.0014185,37.9535516],[-76.0029648,37.953603],[-76.0035099,37.9536022],[-76.0038296,37.9536018],[-76.0046428,37.9536007],[-76.0056387,37.9535993],[-76.005872,37.953599],[-76.008758,37.953639],[-76.011607,37.95362],[-76.017562,37.953617],[-76.0176249,37.9536206],[-76.0207651,37.953801],[-76.020802,37.95364],[-76.020772,37.953555],[-76.020774,37.95349],[-76.020841,37.95347],[-76.020986,37.953492],[-76.021202,37.953543],[-76.021431,37.953561],[-76.021706,37.953555],[-76.022111,37.953567],[-76.022249,37.95367],[-76.022311,37.95381],[-76.024411,37.953695],[-76.0251787,37.9537156],[-76.025351,37.95372],[-76.0257076,37.9537179],[-76.0266432,37.9537122],[-76.026679,37.953712],[-76.0267591,37.9537135],[-76.027208,37.953722],[-76.0279692,37.9537055],[-76.028133,37.953702],[-76.0283394,37.953716],[-76.0285829,37.9537318],[-76.0288177,37.9537413],[-76.02938,37.9537736],[-76.029405,37.953775],[-76.02998,37.953727],[-76.030121,37.953653],[-76.038024,37.953975],[-76.0381071,37.9539756],[-76.0403494,37.9539912],[-76.0405078,37.9539929],[-76.041467,37.95401],[-76.041551,37.953926],[-76.041678,37.953958],[-76.041691,37.953997],[-76.043283,37.953861],[-76.0454658,37.9536474],[-76.045541,37.95364],[-76.050255,37.953581],[-76.0519915,37.9535378],[-76.061068,37.9504244],[-76.0737884,37.9457522],[-76.2150443,37.8944816],[-76.2234708,37.8913261],[-76.2366082,37.8865288],[-76.236332,37.887347],[-76.2354398,37.8889823],[-76.2356865,37.8899179],[-76.2359672,37.8903097],[-76.2381716,37.8913496],[-76.246672,37.894421],[-76.246797,37.894469],[-76.246889,37.894556],[-76.247286,37.894678],[-76.247616,37.8949],[-76.247734,37.894904],[-76.247906,37.894869],[-76.248562,37.89551],[-76.249625,37.896688],[-76.249658,37.896724],[-76.249657,37.896938],[-76.249802,37.897091],[-76.251173,37.898574],[-76.251214,37.898619],[-76.251923,37.899562],[-76.252456,37.900271],[-76.253349,37.901025],[-76.253991,37.901661],[-76.254268,37.902466],[-76.254403,37.902668],[-76.254594,37.902852],[-76.254902,37.903052],[-76.254935,37.903067],[-76.255272,37.903219],[-76.2553,37.903245],[-76.25542,37.903354],[-76.255549,37.903515],[-76.255654,37.903647],[-76.25576,37.903779],[-76.255852,37.903888],[-76.255944,37.903997],[-76.256328,37.904384],[-76.256495,37.904552],[-76.25663,37.904732],[-76.257527,37.905738],[-76.257626,37.90582],[-76.258304,37.906137],[-76.258564,37.906359],[-76.258728,37.906548],[-76.259543,37.906858],[-76.260311,37.907514],[-76.260491,37.907668],[-76.260671,37.907822],[-76.260746,37.907885],[-76.260821,37.907948],[-76.261812,37.908786],[-76.262115,37.90879],[-76.263172,37.909386],[-76.263461,37.909584],[-76.263781,37.909802],[-76.263901,37.909884],[-76.26444,37.910142],[-76.264776,37.910331],[-76.265247,37.910644],[-76.265849,37.911044],[-76.266191,37.911233],[-76.266376,37.911335],[-76.267026,37.911693],[-76.267872,37.91216],[-76.269033,37.912719],[-76.269522,37.912928],[-76.269633,37.912949],[-76.271932,37.91394],[-76.272129,37.91413],[-76.272241,37.914179],[-76.272345,37.914183],[-76.272421,37.914144],[-76.273146,37.914394],[-76.273263,37.914619],[-76.273293,37.914646],[-76.273338,37.914678],[-76.273725,37.914826],[-76.273802,37.914855],[-76.274006,37.914933],[-76.274059,37.914953],[-76.275496,37.915501],[-76.276767,37.916003],[-76.277163,37.916098],[-76.278043,37.916429],[-76.278558,37.91655],[-76.279719,37.917114],[-76.280714,37.917713],[-76.281029,37.917841],[-76.281252,37.917899],[-76.281908,37.918134],[-76.284408,37.919129],[-76.285009,37.919453],[-76.28509,37.919497],[-76.285283,37.919601],[-76.285367,37.919646],[-76.286541,37.92016],[-76.287542,37.920688],[-76.288822,37.921322],[-76.289218,37.921492],[-76.289598,37.921654],[-76.290012,37.921803],[-76.290163,37.921857],[-76.290432,37.922067],[-76.290881,37.922549],[-76.292022,37.923128],[-76.292953,37.923572],[-76.293632,37.923748],[-76.294916,37.924373],[-76.295099,37.924462],[-76.295763,37.924751],[-76.295943,37.92484],[-76.296492,37.925114],[-76.297157,37.925445],[-76.297538,37.925634],[-76.298659,37.926192],[-76.299972,37.926661],[-76.300112,37.926758],[-76.3001,37.926775],[-76.300083,37.9268],[-76.300017,37.926896],[-76.300136,37.92695],[-76.300224,37.926851],[-76.300245,37.926827],[-76.300496,37.926891],[-76.300577,37.926946],[-76.300631,37.926966],[-76.300705,37.926938],[-76.30083,37.926981],[-76.301403,37.927242],[-76.301753,37.927402],[-76.302238,37.927623],[-76.302383,37.927689],[-76.303034,37.928033],[-76.303641,37.928268],[-76.304433,37.928721],[-76.30609,37.929455],[-76.306947,37.929877],[-76.307693,37.930244],[-76.308952,37.930863],[-76.308988,37.930811],[-76.309025,37.930829],[-76.309616,37.931112],[-76.3104,37.931498],[-76.310814,37.931702],[-76.311084,37.931836],[-76.311354,37.931969],[-76.311778,37.93218],[-76.312201,37.932391],[-76.312595,37.932586],[-76.312752,37.932676],[-76.313263,37.932966],[-76.31377,37.933257],[-76.314497,37.933674],[-76.314963,37.933913],[-76.315259,37.93405],[-76.315513,37.934015],[-76.315802,37.934165],[-76.31596,37.934297],[-76.316069,37.934388],[-76.316184,37.934442],[-76.316895,37.934774],[-76.317041,37.93486],[-76.317434,37.935092],[-76.317819,37.935275],[-76.317958,37.93529],[-76.317995,37.935279],[-76.318234,37.93521],[-76.318377,37.935428],[-76.318421,37.935467],[-76.318525,37.935558],[-76.321389,37.937064],[-76.321491,37.937118],[-76.32185,37.937307],[-76.322365,37.937578],[-76.322881,37.93785],[-76.323189,37.938006],[-76.323497,37.938161],[-76.323945,37.938406],[-76.324393,37.938651],[-76.325116,37.939001],[-76.325698,37.939284],[-76.326031,37.939446],[-76.326353,37.939485],[-76.326483,37.939501],[-76.327241,37.939901],[-76.327583,37.940082],[-76.328682,37.94063],[-76.329409,37.940946],[-76.32947,37.940982],[-76.329612,37.941065],[-76.330213,37.941359],[-76.330641,37.941569],[-76.331201,37.941843],[-76.331367,37.941939],[-76.33165,37.942102],[-76.331783,37.942169],[-76.331916,37.942236],[-76.332009,37.942285],[-76.332504,37.942548],[-76.332972,37.942746],[-76.333372,37.942956],[-76.333672,37.943068],[-76.334358,37.943395],[-76.336127,37.944161],[-76.3364,37.944301],[-76.336873,37.944498],[-76.337952,37.944948],[-76.338617,37.945286],[-76.339707,37.945719],[-76.340461,37.945947],[-76.341614,37.946439],[-76.34438,37.947462],[-76.344777,37.947587],[-76.346312,37.948071],[-76.347172,37.948342],[-76.347619,37.948535],[-76.348023,37.948683],[-76.348248,37.948766],[-76.348709,37.948935],[-76.349283,37.9492],[-76.349779,37.949428],[-76.349947,37.949481],[-76.35003,37.949469],[-76.35005,37.949436],[-76.350223,37.949395],[-76.350367,37.949366],[-76.35043,37.949354],[-76.35059,37.949417],[-76.35075,37.949481],[-76.351752,37.94988],[-76.351919,37.949947],[-76.353313,37.95031],[-76.354301,37.95053],[-76.355236,37.950739],[-76.355453,37.950824],[-76.355614,37.950889],[-76.355747,37.950939],[-76.355823,37.950969],[-76.355957,37.95103],[-76.35645,37.951224],[-76.357065,37.951474],[-76.357076,37.951479],[-76.357583,37.951686],[-76.359325,37.952273],[-76.361148,37.952583],[-76.3626004,37.9528467],[-76.3631263,37.9529078],[-76.364206,37.953108],[-76.365609,37.953554],[-76.366017,37.953503],[-76.367058,37.953684],[-76.368229,37.953967],[-76.368772,37.954076],[-76.370686,37.954378],[-76.371459,37.954545],[-76.373185,37.954838],[-76.373928,37.954981],[-76.374671,37.955123],[-76.374758,37.955144],[-76.374942,37.955177],[-76.375535,37.955284],[-76.37572,37.955317],[-76.376054,37.955378],[-76.376388,37.955438],[-76.376618,37.955479],[-76.376848,37.955521],[-76.376888,37.955534],[-76.376944,37.955552],[-76.377039,37.955584],[-76.377868,37.955856],[-76.378697,37.956129],[-76.378734,37.956141],[-76.37897,37.956219],[-76.379611,37.956403],[-76.37963,37.956408],[-76.379819,37.956463],[-76.380156,37.956525],[-76.380402,37.95657],[-76.380649,37.956615],[-76.380703,37.956624],[-76.380756,37.956635],[-76.380908,37.956663],[-76.381059,37.956691],[-76.381138,37.956723],[-76.381166,37.956726],[-76.381406,37.956755],[-76.381586,37.956788],[-76.381765,37.956821],[-76.38204,37.956872],[-76.382728,37.956999],[-76.383565,37.957153],[-76.388019,37.958132],[-76.388105,37.958229],[-76.388237,37.958232],[-76.38834,37.958202],[-76.388724,37.958286],[-76.389012,37.95835],[-76.389391,37.958453],[-76.38977,37.958556],[-76.389896,37.958658],[-76.390175,37.958704],[-76.390284,37.958696],[-76.390677,37.958803],[-76.391111,37.958977],[-76.391736,37.959267],[-76.392443,37.959445],[-76.412934,37.966332],[-76.415293,37.968141],[-76.41937,37.971269],[-76.420558,37.972509],[-76.421675,37.973666],[-76.422693,37.974735],[-76.423846,37.975643],[-76.42513,37.976553],[-76.42546,37.976871],[-76.426317,37.977376],[-76.4339,37.981847],[-76.433968,37.981937],[-76.435579,37.984083],[-76.435753,37.984327],[-76.436332,37.985139],[-76.436911,37.985951],[-76.436988,37.986059],[-76.438067,37.987111],[-76.43947,37.988255],[-76.441262,37.989251],[-76.442171,37.989584],[-76.443662,37.991157],[-76.445137,37.992714],[-76.446612,37.994271],[-76.45228,38.000143],[-76.465008,38.01322],[-76.465311,38.013259],[-76.46609,38.013306],[-76.466474,38.013386],[-76.467059,38.013503],[-76.467246,38.013684],[-76.4678,38.014139],[-76.468053,38.014441],[-76.468415,38.014569],[-76.472,38.015214],[-76.472518,38.015481],[-76.472773,38.015744],[-76.473109,38.016049],[-76.473397,38.016232],[-76.473518,38.016202],[-76.473879,38.016113],[-76.474168,38.015933],[-76.474297,38.015757],[-76.474419,38.015683],[-76.474539,38.015606],[-76.474887,38.015392],[-76.475089,38.015404],[-76.475376,38.015548],[-76.4754,38.01556],[-76.47575,38.015692],[-76.475994,38.015663],[-76.476457,38.015566],[-76.476696,38.015516],[-76.476935,38.015465],[-76.477675,38.015428],[-76.477967,38.015424],[-76.478431,38.015344],[-76.478605,38.01533],[-76.479812,38.015232],[-76.48043,38.015311],[-76.480894,38.015277],[-76.481976,38.015367],[-76.482493,38.0155],[-76.482507,38.015503],[-76.482973,38.015622],[-76.483439,38.015741],[-76.483929,38.015866],[-76.484419,38.01599],[-76.484719,38.015988],[-76.485472,38.016253],[-76.487489,38.017011],[-76.488568,38.017242],[-76.488608,38.017247],[-76.488754,38.017261],[-76.489951,38.017409],[-76.489976,38.017412],[-76.490179,38.017436],[-76.490393,38.017462],[-76.49122,38.017562],[-76.491347,38.017587],[-76.491976,38.017714],[-76.492543,38.017864],[-76.492544,38.017905],[-76.492805,38.018083],[-76.493522,38.01816],[-76.493586,38.01814],[-76.494622,38.018415],[-76.495525,38.018654],[-76.49559,38.018671],[-76.495657,38.018689],[-76.495776,38.01872],[-76.495894,38.018752],[-76.496124,38.018813],[-76.496591,38.018937],[-76.496814,38.019064],[-76.497009,38.019176],[-76.497037,38.019192],[-76.497187,38.019278],[-76.497497,38.019414],[-76.497829,38.019539],[-76.497949,38.019584],[-76.49839,38.019754],[-76.498547,38.019872],[-76.498575,38.019891],[-76.499147,38.019988],[-76.499376,38.020056],[-76.499506,38.020069],[-76.499591,38.020078],[-76.499676,38.020086],[-76.50075,38.02052],[-76.501074,38.02072],[-76.501536,38.020886],[-76.501698,38.020944],[-76.502256,38.021143],[-76.50306,38.021369],[-76.504046,38.021708],[-76.504499,38.021807],[-76.505387,38.022092],[-76.506746,38.022641],[-76.507089,38.022812],[-76.507853,38.023126],[-76.508363,38.023312],[-76.509535,38.023879],[-76.510189,38.024267],[-76.512019,38.025106],[-76.513069,38.025521],[-76.514062,38.025859],[-76.514714,38.026137],[-76.515353,38.026449],[-76.515647,38.026592],[-76.515934,38.026725],[-76.516095,38.026767],[-76.516554,38.026794],[-76.516609,38.026783],[-76.516524,38.029179],[-76.516438,38.031575],[-76.516404,38.033149],[-76.516369,38.034724],[-76.516349,38.035644],[-76.516215,38.041783],[-76.516182,38.043311],[-76.516162,38.044236],[-76.51616,38.04492],[-76.516667,38.045658],[-76.517528,38.046512],[-76.522693,38.050583],[-76.523997,38.051625],[-76.524008,38.051634],[-76.52461,38.052114],[-76.525206,38.052581],[-76.525219,38.052591],[-76.525296,38.052663],[-76.525903,38.052917],[-76.526358,38.053108],[-76.526457,38.053254],[-76.527322,38.054527],[-76.527662,38.055012],[-76.527728,38.055106],[-76.527811,38.055178],[-76.528536,38.055966],[-76.528831,38.056382],[-76.528952,38.056553],[-76.529409,38.057135],[-76.529531,38.057336],[-76.530044,38.05794],[-76.530528,38.05851],[-76.531403,38.059795],[-76.531752,38.060225],[-76.532192,38.060642],[-76.532912,38.061891],[-76.533332,38.062341],[-76.534191,38.063539],[-76.53445,38.06398],[-76.534604,38.064352],[-76.534826,38.064673],[-76.535,38.065341],[-76.535311,38.065963],[-76.535488,38.067093],[-76.5356,38.067465],[-76.535591,38.067535],[-76.535576,38.067652],[-76.535449,38.067873],[-76.535437,38.067994],[-76.535518,38.06818],[-76.535563,38.068366],[-76.535537,38.069108],[-76.535436,38.069917],[-76.535313,38.070347],[-76.5351647,38.0712068],[-76.535121,38.07146],[-76.5351245,38.0715012],[-76.535249,38.072947],[-76.535325,38.073287],[-76.535402,38.073626],[-76.535717,38.074061],[-76.535733,38.074079],[-76.536457,38.074903],[-76.537093,38.075395],[-76.537395,38.075534],[-76.539162,38.075945],[-76.540165,38.076238],[-76.541142,38.076523],[-76.541168,38.07653],[-76.541399,38.076598],[-76.54163,38.076665],[-76.541938,38.076765],[-76.542627,38.077143],[-76.543141,38.077425],[-76.543663,38.077722],[-76.544048,38.077941],[-76.545387,38.078807],[-76.545575,38.078838],[-76.545886,38.07907],[-76.546533,38.079441],[-76.5483,38.080339],[-76.548704,38.080544],[-76.550007,38.081267],[-76.550019,38.081274],[-76.550321,38.081434],[-76.551326,38.082037],[-76.551863,38.082359],[-76.552625,38.082901],[-76.552674,38.082936],[-76.553335,38.083285],[-76.554265,38.083888],[-76.554762,38.084359],[-76.555292,38.08477],[-76.555348,38.084813],[-76.55571,38.085137],[-76.556192,38.085609],[-76.556629,38.085873],[-76.557176,38.086096],[-76.557594,38.086145],[-76.558208,38.086275],[-76.558713,38.086455],[-76.558956,38.086462],[-76.559468,38.086675],[-76.56025,38.086863],[-76.560888,38.087102],[-76.561817,38.087309],[-76.562917,38.087728],[-76.563253,38.087742],[-76.563314,38.087745],[-76.563622,38.087845],[-76.563831,38.087956],[-76.564239,38.088174],[-76.564276,38.088194],[-76.564956,38.088472],[-76.564969,38.088477],[-76.56551,38.088698],[-76.565524,38.088704],[-76.565896,38.088886],[-76.566289,38.089057],[-76.566451,38.089148],[-76.566613,38.089239],[-76.566662,38.089272],[-76.566792,38.089517],[-76.567026,38.089717],[-76.567461,38.089914],[-76.567475,38.08992],[-76.56753,38.089938],[-76.567986,38.090089],[-76.569309,38.090505],[-76.569774,38.09079],[-76.57053,38.091039],[-76.571253,38.091358],[-76.572314,38.091894],[-76.573652,38.092711],[-76.574165,38.092968],[-76.574824,38.093211],[-76.575443,38.09356],[-76.576184,38.09377],[-76.576676,38.093989],[-76.576871,38.094117],[-76.577063,38.094242],[-76.577559,38.094356],[-76.577889,38.094505],[-76.57851,38.094579],[-76.578705,38.094626],[-76.579014,38.09477],[-76.579071,38.094808],[-76.579171,38.094972],[-76.579222,38.095042],[-76.579333,38.095132],[-76.579416,38.095199],[-76.579575,38.095329],[-76.579757,38.095376],[-76.579821,38.095388],[-76.57999,38.095419],[-76.580099,38.095439],[-76.580201,38.095458],[-76.580308,38.095478],[-76.58053,38.095518],[-76.580678,38.095545],[-76.580796,38.095601],[-76.580847,38.095625],[-76.580964,38.095671],[-76.581082,38.095718],[-76.581198,38.095764],[-76.581315,38.095809],[-76.58139,38.095838],[-76.581465,38.095868],[-76.581568,38.095909],[-76.581639,38.095987],[-76.581713,38.096068],[-76.581776,38.096135],[-76.58184,38.096201],[-76.581859,38.096352],[-76.581866,38.096404],[-76.581868,38.09642],[-76.581893,38.096606],[-76.581891,38.096633],[-76.581907,38.096728],[-76.581931,38.096874],[-76.582095,38.097097],[-76.582155,38.097132],[-76.582215,38.097167],[-76.582545,38.097316],[-76.582748,38.097527],[-76.582819,38.0976],[-76.582964,38.09775],[-76.584355,38.099039],[-76.585205,38.099763],[-76.585455,38.100079],[-76.586002,38.100637],[-76.586084,38.100688],[-76.586665,38.101051],[-76.587191,38.101448],[-76.587239,38.101484],[-76.58781,38.101915],[-76.58808,38.102208],[-76.588189,38.102272],[-76.588601,38.102514],[-76.588907,38.102488],[-76.589019,38.102519],[-76.58956,38.102814],[-76.589906,38.103034],[-76.590359,38.103225],[-76.590425,38.103253],[-76.591164,38.103682],[-76.591705,38.103911],[-76.592346,38.104298],[-76.592781,38.104484],[-76.593373,38.104861],[-76.593551,38.105034],[-76.59396,38.105309],[-76.594445,38.105715],[-76.594626,38.105866],[-76.594809,38.105973],[-76.595024,38.10601],[-76.59529,38.106055],[-76.595433,38.106139],[-76.595793,38.106349],[-76.595844,38.106394],[-76.595895,38.10644],[-76.595925,38.106468],[-76.595992,38.106528],[-76.59609,38.106616],[-76.596156,38.106676],[-76.596069,38.106859],[-76.596128,38.106892],[-76.596153,38.106927],[-76.596195,38.106988],[-76.596255,38.107074],[-76.596382,38.107255],[-76.596452,38.107355],[-76.596516,38.107446],[-76.596608,38.107577],[-76.596649,38.107636],[-76.598191,38.109838],[-76.598712,38.110582],[-76.599334,38.11147],[-76.599344,38.111485],[-76.59954,38.111609],[-76.599736,38.111736],[-76.599804,38.11183],[-76.599899,38.112034],[-76.599959,38.112164],[-76.600048,38.112437],[-76.600274,38.112787],[-76.60035,38.112906],[-76.600467,38.113088],[-76.600333,38.113295],[-76.600006,38.113802],[-76.599916,38.114111],[-76.599874,38.114441],[-76.599958,38.114754],[-76.600051,38.114912],[-76.600076,38.115065],[-76.600259,38.115363],[-76.60028,38.115524],[-76.60052,38.116009],[-76.600625,38.116343],[-76.600604,38.116646],[-76.600882,38.11857],[-76.601091,38.118902],[-76.601122,38.119034],[-76.601118,38.119166],[-76.600954,38.119635],[-76.600983,38.119981],[-76.601087,38.120303],[-76.601347,38.120734],[-76.601392,38.120892],[-76.601392,38.1212],[-76.601465,38.121353],[-76.601541,38.121676],[-76.601497,38.122523],[-76.601516,38.12257],[-76.601629,38.122839],[-76.601859,38.123144],[-76.601939,38.123302],[-76.601985,38.123532],[-76.602047,38.123795],[-76.602043,38.123955],[-76.601946,38.124314],[-76.601921,38.124407],[-76.601761,38.124716],[-76.601721,38.125129],[-76.601781,38.125273],[-76.60187,38.125485],[-76.601956,38.125692],[-76.602017,38.125954],[-76.602047,38.126084],[-76.602095,38.126287],[-76.60213,38.126436],[-76.60214,38.12648],[-76.602218,38.126715],[-76.602691,38.128143],[-76.603038,38.129391],[-76.60312,38.129566],[-76.603129,38.129585],[-76.603204,38.129745],[-76.603214,38.129767],[-76.603355,38.130183],[-76.60355,38.130532],[-76.603602,38.130663],[-76.603905,38.131142],[-76.604355,38.131617],[-76.604382,38.131646],[-76.604395,38.131713],[-76.604586,38.132684],[-76.60489,38.134227],[-76.610145,38.14765],[-76.610384,38.148516],[-76.609204,38.148346],[-76.608634,38.148193],[-76.607535,38.148281],[-76.606193,38.148168],[-76.605338,38.147974],[-76.604972,38.14799],[-76.60484,38.148369],[-76.604901,38.148603],[-76.60543,38.148933],[-76.606468,38.14928],[-76.607231,38.14924],[-76.608024,38.149192],[-76.609774,38.149394],[-76.610964,38.149426],[-76.612714,38.149362],[-76.614412,38.149468],[-76.61543,38.149605],[-76.616935,38.149976],[-76.618014,38.150162],[-76.619937,38.150565],[-76.62133,38.150638],[-76.621758,38.150751],[-76.623732,38.151356],[-76.624097,38.151337],[-76.62438,38.151322],[-76.62468,38.151307],[-76.625128,38.151447],[-76.626034,38.151877],[-76.627465,38.152784],[-76.628032,38.153276],[-76.629163,38.153483],[-76.629917,38.153495],[-76.631335,38.153518],[-76.633561,38.153159],[-76.634031,38.15304],[-76.634049,38.153035],[-76.635328,38.15271],[-76.635758,38.152559],[-76.635972,38.15256],[-76.636654,38.15266],[-76.644148,38.153712],[-76.645972,38.153968],[-76.647775,38.154221],[-76.647797,38.154224],[-76.652396,38.154869],[-76.656995,38.155514],[-76.662158,38.156238],[-76.667301,38.156959],[-76.667321,38.156962],[-76.670036,38.157343],[-76.67275,38.157724],[-76.673348,38.157808],[-76.673924,38.157889],[-76.673945,38.157892],[-76.68818,38.159889],[-76.688304,38.159938],[-76.689014,38.160222],[-76.689288,38.160376],[-76.690134,38.160525],[-76.690154,38.160529],[-76.690266,38.160549],[-76.691216,38.160417],[-76.691971,38.160332],[-76.692357,38.16051],[-76.693346,38.160659],[-76.695172,38.160523],[-76.696414,38.160865],[-76.697453,38.161014],[-76.700899,38.161359],[-76.700992,38.161366],[-76.701012,38.161367],[-76.701266,38.161384],[-76.701287,38.161385],[-76.702431,38.161462],[-76.703576,38.16154],[-76.710194,38.161987],[-76.716792,38.162433],[-76.716812,38.162434],[-76.721666,38.162762],[-76.72652,38.16309],[-76.749686,38.164698],[-76.751417,38.164689],[-76.753049,38.165049],[-76.754733,38.165422],[-76.755384,38.165815],[-76.756338,38.166123],[-76.757236,38.166207],[-76.757708,38.166282],[-76.75773,38.166285],[-76.757941,38.166317],[-76.758658,38.166569],[-76.758678,38.166576],[-76.759038,38.166702],[-76.759378,38.166822],[-76.759397,38.166829],[-76.759481,38.166859],[-76.761742,38.167301],[-76.762144,38.167389],[-76.762165,38.167394],[-76.762254,38.167414],[-76.762322,38.167429],[-76.762343,38.167433],[-76.762366,38.167438],[-76.76242,38.16745],[-76.762438,38.167454],[-76.762718,38.167516],[-76.762982,38.167573],[-76.762998,38.167577],[-76.763973,38.167791],[-76.765926,38.167896],[-76.765948,38.167897],[-76.766636,38.16791],[-76.766708,38.167911],[-76.767467,38.167924],[-76.767722,38.167929],[-76.770194,38.167821],[-76.770634,38.167802],[-76.770687,38.167819],[-76.770947,38.1679],[-76.771058,38.167903],[-76.77141,38.167911],[-76.771901,38.167859],[-76.772094,38.167839],[-76.772135,38.167841],[-76.77257,38.167758],[-76.772586,38.167657],[-76.773311,38.167427],[-76.773703,38.167245],[-76.774091,38.167168],[-76.774577,38.167144],[-76.774906,38.167199],[-76.775088,38.167252],[-76.775633,38.167331],[-76.775783,38.167361],[-76.775884,38.167382],[-76.776235,38.167487],[-76.776569,38.167504],[-76.776904,38.167537],[-76.777121,38.167589],[-76.777373,38.167651],[-76.77752,38.167671],[-76.777807,38.167743],[-76.778247,38.167825],[-76.778326,38.167834],[-76.778526,38.167859],[-76.778769,38.167919],[-76.778967,38.167967],[-76.77924,38.168018],[-76.779651,38.168007],[-76.779671,38.168006],[-76.779756,38.168015],[-76.779887,38.16803],[-76.780258,38.168118],[-76.780495,38.168126],[-76.781007,38.168195],[-76.781046,38.1682],[-76.781096,38.168221],[-76.781198,38.168247],[-76.781257,38.168262],[-76.781278,38.168263],[-76.781342,38.168268],[-76.781423,38.168274],[-76.781452,38.168276],[-76.781574,38.168296],[-76.781702,38.168317],[-76.781724,38.168321],[-76.781843,38.168325],[-76.782094,38.16836],[-76.782414,38.16836],[-76.782754,38.168382],[-76.782895,38.168391],[-76.783419,38.168482],[-76.78367,38.168495],[-76.784752,38.168621],[-76.784989,38.168656],[-76.785203,38.168746],[-76.785453,38.168852],[-76.785853,38.168967],[-76.786049,38.169022],[-76.786245,38.169077],[-76.786766,38.169135],[-76.787068,38.169168],[-76.787416,38.169158],[-76.787639,38.169206],[-76.787675,38.169214],[-76.788233,38.169255],[-76.788872,38.169234],[-76.78915,38.169197],[-76.789602,38.169185],[-76.78981,38.169154],[-76.79006,38.169145],[-76.790267,38.169113],[-76.790368,38.169098],[-76.790468,38.169083],[-76.790497,38.169078],[-76.790598,38.169067],[-76.790684,38.169058],[-76.791475,38.168947],[-76.791862,38.16887],[-76.792202,38.168821],[-76.792494,38.168789],[-76.792799,38.16874],[-76.792868,38.168739],[-76.793118,38.168708],[-76.793353,38.168655],[-76.793735,38.168616],[-76.79388,38.168576],[-76.794435,38.168485],[-76.794754,38.168458],[-76.795177,38.168385],[-76.795509,38.168304],[-76.796037,38.168268],[-76.796328,38.168242],[-76.7966,38.168276],[-76.796747,38.168274],[-76.796898,38.168284],[-76.797144,38.1683],[-76.797766,38.168434],[-76.798086,38.168531],[-76.79818,38.168559],[-76.79844,38.168665],[-76.798699,38.168733],[-76.799176,38.168874],[-76.79963,38.168944],[-76.799887,38.168933],[-76.800164,38.168886],[-76.800199,38.16888],[-76.800593,38.16877],[-76.800794,38.168728],[-76.801332,38.168555],[-76.801762,38.168482],[-76.802018,38.168423],[-76.802396,38.168258],[-76.802791,38.168164],[-76.803068,38.168122],[-76.803469,38.168028],[-76.80374,38.168018],[-76.804142,38.167957],[-76.8044,38.167942],[-76.804997,38.167922],[-76.805143,38.167903],[-76.805406,38.167839],[-76.805681,38.167714],[-76.806137,38.167586],[-76.8064,38.167516],[-76.806779,38.167372],[-76.807056,38.167308],[-76.807298,38.167233],[-76.807574,38.167162],[-76.807851,38.167114],[-76.808136,38.167082],[-76.808766,38.166952],[-76.808905,38.166944],[-76.809182,38.16689],[-76.809397,38.166865],[-76.809763,38.166777],[-76.809998,38.166702],[-76.810281,38.166588],[-76.810696,38.166505],[-76.810738,38.166509],[-76.81109,38.166416],[-76.811236,38.166403],[-76.811529,38.166437],[-76.811579,38.166458],[-76.811956,38.166529],[-76.812235,38.166569],[-76.812275,38.166573],[-76.812535,38.166597],[-76.812834,38.166587],[-76.813194,38.166499],[-76.813491,38.166428],[-76.814321,38.166201],[-76.815251,38.16583],[-76.815658,38.165675],[-76.816065,38.165559],[-76.816798,38.165388],[-76.817434,38.165208],[-76.817627,38.165117],[-76.81784,38.165032],[-76.818069,38.164984],[-76.818186,38.164928],[-76.818683,38.164804],[-76.81914,38.16471],[-76.819382,38.164634],[-76.819708,38.16458],[-76.819963,38.164504],[-76.820157,38.164469],[-76.820655,38.164345],[-76.820759,38.164311],[-76.821271,38.164215],[-76.82143,38.164158],[-76.821646,38.164099],[-76.821665,38.164094],[-76.822294,38.163946],[-76.82253,38.163932],[-76.823881,38.163702],[-76.824166,38.16367],[-76.824284,38.163646],[-76.824551,38.163617],[-76.825116,38.163557],[-76.825505,38.163534],[-76.825852,38.163479],[-76.82613,38.163458],[-76.826526,38.163452],[-76.826617,38.163456],[-76.826755,38.163432],[-76.827353,38.163412],[-76.827402,38.163422],[-76.827714,38.163384],[-76.827749,38.163378],[-76.827867,38.163382],[-76.828124,38.163348],[-76.82836,38.163316],[-76.828381,38.163313],[-76.828672,38.163298],[-76.828909,38.163305],[-76.829255,38.163332],[-76.829314,38.163337],[-76.829578,38.163336],[-76.829842,38.163335],[-76.83012,38.16333],[-76.830451,38.163306],[-76.830776,38.163282],[-76.830884,38.163274],[-76.830957,38.163281],[-76.831031,38.163289],[-76.831053,38.163305],[-76.831219,38.163302],[-76.831275,38.163312],[-76.831414,38.163312],[-76.831553,38.163313],[-76.831832,38.163315],[-76.832222,38.163336],[-76.832515,38.163359],[-76.832716,38.16335],[-76.832967,38.163379],[-76.8331,38.163377],[-76.833343,38.163362],[-76.83376,38.163361],[-76.83406,38.163395],[-76.834617,38.163403],[-76.834715,38.163412],[-76.835272,38.163437],[-76.835501,38.163422],[-76.836274,38.163432],[-76.837333,38.163498],[-76.837583,38.163483],[-76.837945,38.163499],[-76.838265,38.163483],[-76.838376,38.163487],[-76.838593,38.163528],[-76.83899,38.163554],[-76.839368,38.163609],[-76.84004,38.163791],[-76.840272,38.163869],[-76.840558,38.163931],[-76.840585,38.163934],[-76.840677,38.163945],[-76.840881,38.164036],[-76.841099,38.164104],[-76.841345,38.164199],[-76.841864,38.164372],[-76.842159,38.164482],[-76.842389,38.164495],[-76.842578,38.164542],[-76.842754,38.164621],[-76.843119,38.164759],[-76.843196,38.164796],[-76.843442,38.16488],[-76.843918,38.164999],[-76.844327,38.16519],[-76.844524,38.165297],[-76.844689,38.165465],[-76.844873,38.165605],[-76.845129,38.165789],[-76.84536,38.165861],[-76.845689,38.165949],[-76.846039,38.166053],[-76.846109,38.166063],[-76.846319,38.16612],[-76.846461,38.166206],[-76.846601,38.166242],[-76.847654,38.166632],[-76.848011,38.166692],[-76.848297,38.166732],[-76.848443,38.166759],[-76.848626,38.166793],[-76.849212,38.166871],[-76.849408,38.166912],[-76.850329,38.167018],[-76.850655,38.166991],[-76.851121,38.166998],[-76.85114,38.166998],[-76.851233,38.166999],[-76.85179,38.167017],[-76.853022,38.167084],[-76.853038,38.167085],[-76.853702,38.167166],[-76.853722,38.167168],[-76.853784,38.167178],[-76.853827,38.167199],[-76.853843,38.167203],[-76.854062,38.167255],[-76.854261,38.167302],[-76.854549,38.167416],[-76.854987,38.16759],[-76.855006,38.167598],[-76.855167,38.167656],[-76.855201,38.167672],[-76.855682,38.167901],[-76.856154,38.16814],[-76.85669,38.168434],[-76.857171,38.168729],[-76.857292,38.168842],[-76.857437,38.16906],[-76.857524,38.169212],[-76.857586,38.169458],[-76.857638,38.169584],[-76.857784,38.169862],[-76.857808,38.169929],[-76.857876,38.170119],[-76.857947,38.170254],[-76.85808,38.17056],[-76.858131,38.170658],[-76.858281,38.170788],[-76.858464,38.170889],[-76.858836,38.170999],[-76.859045,38.171028],[-76.859387,38.171045],[-76.859589,38.171047],[-76.860026,38.170991],[-76.860273,38.170976],[-76.860922,38.170938],[-76.861284,38.170943],[-76.861689,38.170986],[-76.861954,38.171043],[-76.862396,38.171173],[-76.862853,38.171341],[-76.8629935,38.1713707],[-76.863412,38.171459],[-76.863573,38.171489],[-76.864033,38.171509],[-76.864806,38.171514],[-76.865403,38.171466],[-76.865772,38.171476],[-76.866008,38.17144],[-76.867362,38.171358],[-76.868065,38.171352],[-76.868859,38.171372],[-76.868884,38.171328],[-76.86916,38.171343],[-76.869927,38.171407],[-76.870022,38.17141],[-76.870329,38.17141],[-76.870718,38.171444],[-76.871152,38.171447],[-76.871397,38.171484],[-76.871818,38.171583],[-76.872126,38.17162],[-76.872465,38.171649],[-76.872716,38.171686],[-76.872892,38.171752],[-76.873187,38.171824],[-76.874117,38.172101],[-76.874676,38.172329],[-76.875172,38.172458],[-76.87533,38.172554],[-76.87582,38.172704],[-76.876316,38.172856],[-76.876744,38.173019],[-76.877667,38.173424],[-76.8779,38.17357],[-76.878113,38.173661],[-76.878339,38.173718],[-76.87849,38.173764],[-76.878673,38.173855],[-76.879088,38.174102],[-76.879235,38.174218],[-76.879281,38.174253],[-76.879493,38.174411],[-76.879619,38.174436],[-76.879652,38.174455],[-76.879775,38.174527],[-76.879887,38.174575],[-76.880129,38.174758],[-76.88029,38.174832],[-76.880454,38.174897],[-76.880471,38.174904],[-76.880543,38.174932],[-76.88101,38.175199],[-76.881237,38.175388],[-76.881402,38.175578],[-76.881615,38.175723],[-76.882004,38.176014],[-76.882058,38.176054],[-76.882111,38.176094],[-76.882358,38.176227],[-76.88257,38.176323],[-76.882768,38.176457],[-76.883025,38.1767],[-76.88324,38.176965],[-76.883336,38.177056],[-76.88341,38.177125],[-76.883561,38.177268],[-76.883703,38.177354],[-76.883959,38.177586],[-76.884146,38.177802],[-76.884227,38.177988],[-76.884439,38.178116],[-76.884482,38.178154],[-76.884532,38.178219],[-76.884562,38.178548],[-76.884661,38.178607],[-76.88502,38.178761],[-76.885465,38.179039],[-76.885701,38.179272],[-76.885883,38.179396],[-76.886523,38.179835],[-76.886709,38.180036],[-76.886971,38.180224],[-76.887307,38.180508],[-76.887384,38.180574],[-76.887474,38.180668],[-76.887563,38.180763],[-76.887666,38.180841],[-76.887721,38.180883],[-76.887769,38.180919],[-76.888033,38.181173],[-76.888162,38.181314],[-76.888433,38.181579],[-76.889371,38.182349],[-76.889832,38.182672],[-76.890024,38.182817],[-76.890217,38.183022],[-76.890537,38.183265],[-76.890783,38.183398],[-76.891005,38.183603],[-76.891189,38.183732],[-76.892022,38.184202],[-76.892501,38.184403],[-76.892776,38.184552],[-76.892925,38.184671],[-76.89299,38.184752],[-76.893224,38.184897],[-76.893414,38.184982],[-76.893646,38.185066],[-76.893899,38.185188],[-76.894396,38.185559],[-76.894722,38.185784],[-76.894877,38.18587],[-76.895348,38.186038],[-76.896087,38.186372],[-76.896385,38.186576],[-76.896709,38.186708],[-76.897231,38.18698],[-76.897571,38.187184],[-76.897676,38.187247],[-76.897716,38.187264],[-76.897937,38.187359],[-76.898092,38.187455],[-76.898378,38.187747],[-76.89905,38.188154],[-76.899326,38.188347],[-76.899539,38.188503],[-76.899872,38.188723],[-76.900299,38.189056],[-76.900806,38.189301],[-76.901146,38.189509],[-76.901364,38.189621],[-76.901657,38.189886],[-76.901943,38.190205],[-76.9021,38.190329],[-76.902217,38.190387],[-76.902239,38.190398],[-76.90241,38.190483],[-76.902729,38.190692],[-76.90285,38.190795],[-76.903381,38.191429],[-76.903588,38.19164],[-76.903861,38.191948],[-76.903908,38.191988],[-76.904165,38.192401],[-76.904265,38.192421],[-76.904399,38.192447],[-76.904455,38.19247],[-76.904527,38.192501],[-76.904653,38.192554],[-76.90478,38.192607],[-76.904909,38.192661],[-76.904938,38.192673],[-76.905012,38.192703],[-76.905108,38.192744],[-76.905181,38.192774],[-76.905205,38.192784],[-76.905046,38.192814],[-76.905004,38.192809],[-76.90488,38.192849],[-76.904867,38.192871],[-76.904889,38.192921],[-76.905585,38.1932],[-76.905861,38.193355],[-76.905994,38.193408],[-76.906122,38.193488],[-76.906258,38.19364],[-76.906474,38.193911],[-76.907215,38.19458],[-76.907465,38.194829],[-76.907579,38.194909],[-76.90779,38.195016],[-76.908221,38.195256],[-76.908398,38.195374],[-76.908596,38.195481],[-76.908901,38.195712],[-76.909636,38.196112],[-76.909834,38.196246],[-76.909941,38.196343],[-76.910372,38.196864],[-76.910551,38.19702],[-76.910699,38.197116],[-76.91113,38.197357],[-76.911525,38.197548],[-76.911947,38.197706],[-76.912129,38.197747],[-76.912632,38.197816],[-76.912702,38.197831],[-76.913114,38.197874],[-76.913819,38.197978],[-76.914128,38.198066],[-76.914367,38.198155],[-76.914771,38.198423],[-76.915012,38.198601],[-76.915278,38.19886],[-76.915412,38.19899],[-76.915544,38.199141],[-76.915577,38.199179],[-76.915702,38.199414],[-76.915731,38.199474],[-76.915867,38.199603],[-76.915987,38.199667],[-76.916177,38.199735],[-76.916485,38.199781],[-76.916582,38.199795],[-76.917393,38.199836],[-76.917481,38.19984],[-76.917796,38.199901],[-76.918132,38.199978],[-76.918334,38.199975],[-76.918543,38.199993],[-76.919493,38.200115],[-76.920158,38.200231],[-76.920568,38.200339],[-76.920875,38.20042],[-76.92125,38.200529],[-76.921385,38.200568],[-76.921439,38.200591],[-76.9214856,38.200609],[-76.921558,38.20065],[-76.921632,38.20069],[-76.921711,38.20073],[-76.921737,38.200743],[-76.921849,38.200784],[-76.921998,38.200838],[-76.922312,38.200888],[-76.922807,38.200923],[-76.923251,38.200867],[-76.923579,38.200883],[-76.924248,38.2009],[-76.924624,38.200905],[-76.925125,38.200896],[-76.926079,38.200919],[-76.926246,38.200911],[-76.926281,38.200921],[-76.926622,38.200921],[-76.92672,38.200931],[-76.926915,38.200933],[-76.927166,38.200951],[-76.927402,38.200947],[-76.927912,38.200993],[-76.928449,38.201029],[-76.928937,38.20107],[-76.929615,38.201158],[-76.930668,38.201223],[-76.931611,38.201356],[-76.932073,38.201441],[-76.932384,38.201529],[-76.932423,38.20154],[-76.93255,38.201604],[-76.932711,38.201612],[-76.932949,38.201674],[-76.9330144,38.2016785],[-76.933081,38.201683],[-76.9334033,38.2017515],[-76.933467,38.201765],[-76.933859,38.201857],[-76.934494,38.201923],[-76.934662,38.201954],[-76.935174,38.202099],[-76.935496,38.202165],[-76.935754,38.202188],[-76.936376,38.202277],[-76.936838,38.202385],[-76.937295,38.202536],[-76.937535,38.202648],[-76.938177,38.202978],[-76.938524,38.203197],[-76.938793,38.203391],[-76.938923,38.203537],[-76.939082,38.203759],[-76.939188,38.203829],[-76.939497,38.203928],[-76.939675,38.204085],[-76.939797,38.20422],[-76.939917,38.204289],[-76.940121,38.204368],[-76.940348,38.204496],[-76.940607,38.20458],[-76.941616,38.205096],[-76.942173,38.205334],[-76.942876,38.205772],[-76.9431,38.205912],[-76.94341,38.206061],[-76.943551,38.206124],[-76.943601,38.206154],[-76.943693,38.20621],[-76.943919,38.206322],[-76.944404,38.206489],[-76.944615,38.206607],[-76.944931,38.206695],[-76.945122,38.206818],[-76.945383,38.20694],[-76.945687,38.207127],[-76.946194,38.207344],[-76.947246,38.207865],[-76.947534,38.207991],[-76.947962,38.208178],[-76.948137,38.208255],[-76.94819,38.208278],[-76.948397,38.208327],[-76.948624,38.20838],[-76.948799,38.208405],[-76.94902,38.208418],[-76.949062,38.208484],[-76.949103,38.20855],[-76.949148,38.208623],[-76.949194,38.208696],[-76.949232,38.208758],[-76.949279,38.208835],[-76.94932,38.208901],[-76.949371,38.208978],[-76.951157,38.211884],[-76.952953,38.214799],[-76.953038,38.214936],[-76.953122,38.215074],[-76.955043,38.21819],[-76.956965,38.221306],[-76.957002,38.221367],[-76.95704,38.221428],[-76.961215,38.228199],[-76.962036,38.229541],[-76.962152,38.22973],[-76.962251,38.229888],[-76.96223,38.22994],[-76.962061,38.230135],[-76.961767,38.230332],[-76.961481,38.230606],[-76.961328,38.230809],[-76.96122,38.230984],[-76.961113,38.231134],[-76.961011,38.231229],[-76.960503,38.231513],[-76.960393,38.2316],[-76.960326,38.231653],[-76.960089,38.231926],[-76.959962,38.23212],[-76.959663,38.232406],[-76.95936,38.232768],[-76.95923,38.23288],[-76.958926,38.233203],[-76.958647,38.233472],[-76.958478,38.23365],[-76.958337,38.233839],[-76.958099,38.234058],[-76.957807,38.234579],[-76.957592,38.23489],[-76.957501,38.235111],[-76.957393,38.235267],[-76.957229,38.235654],[-76.957088,38.236107],[-76.956997,38.236328],[-76.956954,38.236823],[-76.956964,38.237169],[-76.956923,38.237472],[-76.956956,38.238169],[-76.956945,38.238543],[-76.956962,38.23918],[-76.956978,38.239509],[-76.957038,38.239684],[-76.957036,38.239841],[-76.957033,38.240003],[-76.957017,38.240201],[-76.95707,38.240354],[-76.957156,38.240715],[-76.957178,38.240731],[-76.957183,38.240923],[-76.957283,38.241273],[-76.957329,38.241706],[-76.957382,38.241837],[-76.957407,38.242002],[-76.957394,38.242298],[-76.957477,38.242555],[-76.957582,38.242817],[-76.957756,38.243314],[-76.957815,38.24345],[-76.957923,38.243855],[-76.958041,38.2441],[-76.958103,38.244325],[-76.958251,38.244663],[-76.958347,38.245101],[-76.958414,38.245259],[-76.958515,38.245389],[-76.958596,38.245569],[-76.958691,38.245732],[-76.958877,38.246163],[-76.95892,38.246212],[-76.959,38.246359],[-76.959119,38.246615],[-76.959198,38.246712],[-76.959353,38.247028],[-76.959687,38.247534],[-76.959906,38.247909],[-76.960285,38.248534],[-76.960368,38.248707],[-76.96047,38.248921],[-76.960526,38.249195],[-76.960651,38.249468],[-76.960843,38.250129],[-76.960819,38.250272],[-76.960869,38.250557],[-76.961011,38.250934],[-76.961092,38.251339],[-76.96116,38.251558],[-76.961185,38.251712],[-76.961244,38.252078],[-76.961248,38.252248],[-76.961249,38.25227],[-76.961329,38.252923],[-76.961369,38.253087],[-76.96086,38.253095],[-76.960866,38.253207],[-76.960876,38.253419],[-76.960925,38.253418],[-76.961027,38.253609],[-76.961178,38.253686],[-76.961351,38.253735],[-76.961488,38.253887],[-76.961561,38.254528],[-76.96156,38.254725],[-76.96156,38.25477],[-76.961541,38.254814],[-76.961493,38.254853],[-76.961222,38.254891],[-76.961168,38.254936],[-76.961176,38.254974],[-76.961204,38.255007],[-76.961372,38.255037],[-76.961428,38.255025],[-76.961511,38.255029],[-76.961582,38.255055],[-76.96161,38.255082],[-76.961628,38.255168],[-76.96163,38.255179],[-76.961642,38.255235],[-76.961632,38.255384],[-76.961654,38.255675],[-76.961679,38.255773],[-76.961695,38.255836],[-76.961771,38.256134],[-76.961801,38.256208],[-76.961861,38.256358],[-76.961883,38.256387],[-76.961998,38.256537],[-76.962049,38.256638],[-76.962055,38.25665],[-76.962108,38.256755],[-76.962103,38.256804],[-76.962035,38.256893],[-76.962086,38.256964],[-76.962206,38.257074],[-76.962422,38.257271],[-76.962536,38.257379],[-76.962615,38.257492],[-76.962623,38.257504],[-76.962773,38.25765],[-76.962955,38.257909],[-76.963121,38.258144],[-76.963235,38.258241],[-76.963348,38.2583],[-76.963448,38.258402],[-76.96347,38.258435],[-76.96361,38.258702],[-76.963862,38.259027],[-76.96424,38.259328],[-76.964308,38.259377],[-76.964353,38.259409],[-76.964411,38.259468],[-76.964694,38.259645],[-76.965214,38.260076],[-76.965474,38.26039],[-76.965715,38.260567],[-76.966105,38.260797],[-76.966508,38.261037],[-76.967213,38.261344],[-76.967305,38.261397],[-76.967476,38.261543],[-76.967693,38.261739],[-76.967915,38.262035],[-76.968077,38.2623],[-76.968141,38.262405],[-76.968316,38.262592],[-76.968334,38.262611],[-76.96845,38.262768],[-76.968529,38.262844],[-76.968737,38.26306],[-76.96927,38.263474],[-76.969426,38.263655],[-76.969726,38.264092],[-76.969835,38.264261],[-76.969887,38.264381],[-76.970047,38.264614],[-76.970284,38.26488],[-76.970416,38.265125],[-76.970642,38.265494],[-76.970806,38.265651],[-76.971105,38.265866],[-76.972007,38.266257],[-76.972297,38.266411],[-76.972609,38.266604],[-76.972828,38.266772],[-76.973057,38.266948],[-76.973102,38.266992],[-76.973587,38.267472],[-76.973796,38.267737],[-76.97406,38.268205],[-76.974196,38.268351],[-76.974388,38.26848],[-76.974869,38.268763],[-76.975224,38.269021],[-76.975553,38.269323],[-76.976219,38.269987],[-76.97661,38.27025],[-76.977339,38.270677],[-76.977545,38.270816],[-76.977694,38.270946],[-76.977853,38.271124],[-76.977962,38.271287],[-76.978267,38.272018],[-76.97834,38.272138],[-76.978441,38.272262],[-76.978534,38.272338],[-76.978696,38.272434],[-76.979643,38.27289],[-76.979947,38.273083],[-76.98009,38.273218],[-76.98032,38.273472],[-76.980473,38.273706],[-76.980739,38.273998],[-76.981125,38.274376],[-76.981346,38.274542],[-76.981487,38.274606],[-76.981914,38.274659],[-76.982618,38.274686],[-76.983216,38.274648],[-76.984007,38.274519],[-76.984492,38.274418],[-76.984706,38.274343],[-76.984776,38.274342],[-76.984935,38.2743],[-76.985673,38.274288],[-76.985875,38.274268],[-76.986077,38.27427],[-76.987,38.27437],[-76.987286,38.274387],[-76.987327,38.27437],[-76.98787,38.274366],[-76.988973,38.274413],[-76.989494,38.274361],[-76.989771,38.274312],[-76.98991,38.274277],[-76.990137,38.274174],[-76.990595,38.273864],[-76.990809,38.273689],[-76.990869,38.273639],[-76.991438,38.274007],[-76.992007,38.274376],[-76.994078,38.275718],[-76.996148,38.27706],[-76.996909,38.277553],[-76.9973698,38.2780764],[-77.0011895,38.2800754],[-77.001278,38.280367],[-77.0014372,38.2806864],[-77.0014372,38.2810614],[-77.0014195,38.2815057],[-77.0017379,38.2819779],[-77.002304,38.2822556],[-77.0028524,38.2825334],[-77.0036485,38.2831166],[-77.0044269,38.2838803],[-77.0049222,38.2843247],[-77.005223,38.2847413],[-77.0053645,38.2851162],[-77.006019,38.2857827],[-77.006762,38.2863937],[-77.0073281,38.2868936],[-77.0082127,38.2873796],[-77.0088849,38.2878933],[-77.0093979,38.2884071],[-77.0097517,38.2888098],[-77.0100348,38.2892957],[-77.0102117,38.2898234],[-77.0103001,38.2904621],[-77.0103886,38.2910453],[-77.0105655,38.2915312],[-77.0108662,38.292045],[-77.011397,38.2925032],[-77.0121223,38.2931002],[-77.0127591,38.2932807],[-77.0133252,38.2935028],[-77.0138206,38.2938499],[-77.0142805,38.294447],[-77.0148289,38.2949607],[-77.015112,38.2955022],[-77.0155189,38.2962797],[-77.0160319,38.2971682],[-77.0164741,38.297793],[-77.016881,38.298265],[-77.0173233,38.2985705],[-77.0174117,38.2990008],[-77.0176417,38.2991813],[-77.018084,38.2992507],[-77.0187562,38.2995423],[-77.0192869,38.2999449],[-77.0199238,38.3003197],[-77.020543,38.3005557],[-77.0211621,38.3006252],[-77.0216221,38.3007779],[-77.022029,38.3009167],[-77.0224182,38.3010417],[-77.0227012,38.301],[-77.022825,38.3008334],[-77.022772,38.3006668],[-77.022772,38.3005002],[-77.0229489,38.3004169],[-77.023285,38.3005002],[-77.0239042,38.3008751],[-77.0248772,38.3013887],[-77.0261509,38.3024438],[-77.0268762,38.3033462],[-77.0270708,38.3038182],[-77.0273892,38.3041791],[-77.0276899,38.3046372],[-77.0280968,38.3055118],[-77.0282207,38.3060949],[-77.028486,38.3066224],[-77.0285037,38.3071915],[-77.028486,38.3078717],[-77.0283799,38.308538],[-77.028256,38.3090239],[-77.0283091,38.3092599],[-77.0285214,38.3096624],[-77.0286629,38.3101066],[-77.028716,38.3105925],[-77.028716,38.3109811],[-77.0287868,38.3114253],[-77.0288752,38.311578],[-77.0290698,38.3116336],[-77.0293352,38.3114809],[-77.0297597,38.3113559],[-77.0301843,38.3113559],[-77.0304497,38.3114947],[-77.030662,38.311578],[-77.0152712,38.3318274],[-77.0150075,38.3322066],[-77.0148466,38.332438],[-77.0146874,38.3329098],[-77.0147582,38.3334233],[-77.0150943,38.3338396],[-77.0153596,38.334131],[-77.0154658,38.3345612],[-77.015395,38.3352134],[-77.0150943,38.3358794],[-77.0146874,38.3363235],[-77.0144928,38.3368091],[-77.0144928,38.3371977],[-77.0148289,38.3374613],[-77.0150058,38.3376139],[-77.0150235,38.3378776],[-77.0153773,38.3380718],[-77.0156958,38.33828],[-77.0158727,38.3385714],[-77.0160849,38.3388628],[-77.0165272,38.3395149],[-77.016881,38.3403891],[-77.0170756,38.3412493],[-77.0170225,38.3423316],[-77.0168987,38.343067],[-77.0169872,38.3439411],[-77.0167041,38.3447458],[-77.016138,38.3459529],[-77.0162088,38.346494],[-77.0161734,38.3472571],[-77.0160673,38.3477843],[-77.0160849,38.3489081],[-77.0159965,38.3495601],[-77.0159257,38.3506423],[-77.0158196,38.3511001],[-77.0155719,38.3518354],[-77.0154127,38.3523625],[-77.0152358,38.3528481],[-77.0150552,38.35302],[-77.0149881,38.3530839],[-77.0149528,38.3532872],[-77.014882,38.3536943],[-77.0148466,38.3542493],[-77.0149351,38.3546793],[-77.0148466,38.3550955],[-77.0149704,38.3555672],[-77.0148121,38.3560774],[-77.0148112,38.3560804],[-77.0148141,38.3560851],[-77.0150058,38.3563995],[-77.015165,38.3566353],[-77.0151827,38.3570238],[-77.0151297,38.3573844],[-77.0151297,38.3576757],[-77.0150589,38.3580642],[-77.0148289,38.3585497],[-77.0146607,38.3588661],[-77.014652,38.3588826],[-77.0146582,38.3588915],[-77.014882,38.3592155],[-77.0148818,38.3592199],[-77.0148643,38.3596317],[-77.0147582,38.3600756],[-77.0145989,38.3603946],[-77.0145459,38.3606582],[-77.0145459,38.3609772],[-77.0147051,38.3613656],[-77.0146343,38.3615598],[-77.0145459,38.3618095],[-77.0147758,38.3621702],[-77.0147051,38.3625863],[-77.0146874,38.3630302],[-77.0148466,38.3638069],[-77.0149704,38.3648611],[-77.0151473,38.3654714],[-77.0152712,38.3661372],[-77.0151827,38.3667475],[-77.0152358,38.3672052],[-77.0153419,38.3676213],[-77.0157311,38.3681761],[-77.0161203,38.3688003],[-77.0161203,38.3691054],[-77.0160496,38.3694244],[-77.0161557,38.3697296],[-77.0163326,38.3701595],[-77.0161911,38.3710195],[-77.0156604,38.3717545],[-77.0149528,38.3724896],[-77.014139,38.3730999],[-77.0133783,38.3735021],[-77.012653,38.373821],[-77.0120338,38.3740846],[-77.01168,38.3742649],[-77.0115562,38.3744729],[-77.0117154,38.3747503],[-77.0121753,38.3748612],[-77.0126884,38.375097],[-77.012883,38.3753605],[-77.0130776,38.3754853],[-77.0132898,38.3757488],[-77.0137321,38.37604],[-77.0141036,38.3763452],[-77.0142628,38.3766225],[-77.0146697,38.3771634],[-77.0149528,38.3776349],[-77.0152004,38.3781896],[-77.0155542,38.3786196],[-77.0161557,38.3791604],[-77.0166864,38.3796458],[-77.0171641,38.3800202],[-77.0176063,38.3804085],[-77.0180663,38.3808939],[-77.0184909,38.381296],[-77.0189331,38.3819062],[-77.0196407,38.3821558],[-77.0199769,38.3823084],[-77.0204899,38.3826967],[-77.0210737,38.3830433],[-77.022029,38.3835287],[-77.0223474,38.3841111],[-77.0226128,38.384333],[-77.0231612,38.384638],[-77.0237803,38.3851927],[-77.0242934,38.3857613],[-77.0246472,38.3863159],[-77.0249833,38.3867319],[-77.0254609,38.3870786],[-77.0257263,38.3875084],[-77.0261509,38.3880076],[-77.026487,38.3882572],[-77.0271769,38.3886316],[-77.0279376,38.3888951],[-77.0284683,38.3891447],[-77.0293352,38.3897132],[-77.0297421,38.3901569],[-77.0303789,38.3905867],[-77.0308389,38.3910443],[-77.0312634,38.3915018],[-77.031918,38.3920565],[-77.0329971,38.393027],[-77.0338463,38.3936787],[-77.0343239,38.3939976],[-77.0348546,38.3945106],[-77.0361637,38.3958832],[-77.0363583,38.3961605],[-77.0367475,38.3963824],[-77.0376497,38.3971449],[-77.0381274,38.3976302],[-77.0384104,38.3980045],[-77.0389058,38.3984066],[-77.0395426,38.3988502],[-77.0403387,38.3994048],[-77.0405687,38.3999178],[-77.0412055,38.4002921],[-77.0414178,38.4005278],[-77.041807,38.4007357],[-77.0424792,38.4008882],[-77.0434522,38.4009021],[-77.0441952,38.4008189],[-77.0452744,38.4004585],[-77.0464773,38.3999732],[-77.0479102,38.3993632],[-77.0489717,38.398878],[-77.0495201,38.3987116],[-77.0501746,38.3986423],[-77.0506877,38.3987809],[-77.0512714,38.3989196],[-77.0516253,38.3991137],[-77.052386,38.3989334],[-77.0532351,38.3983927],[-77.0561187,38.3964378],[-77.0570386,38.3956198],[-77.0577462,38.3946493],[-77.0584715,38.3935678],[-77.0597275,38.3911968],[-77.060842,38.3890753],[-77.0624342,38.3868151],[-77.0649639,38.3841388],[-77.0680421,38.3807968],[-77.0695812,38.3792297],[-77.0708018,38.3777181],[-77.0729247,38.3757904],[-77.0746937,38.3742094],[-77.0770466,38.3724341],[-77.0791518,38.3711027],[-77.0811154,38.3701041],[-77.0826545,38.3694383],[-77.0832737,38.369147],[-77.0836805,38.3691609],[-77.083999,38.368939],[-77.084282,38.3685784],[-77.0851842,38.3682732],[-77.0871302,38.3677046],[-77.0892,38.3672607],[-77.0901199,38.3671914],[-77.0915174,38.3670943],[-77.0928619,38.3671775],[-77.0941003,38.3674688],[-77.0957986,38.3680652],[-77.0965416,38.3682178],[-77.0972846,38.3684397],[-77.0982575,38.3687448],[-77.0996728,38.3690361],[-77.1011411,38.3693412],[-77.1034939,38.369577],[-77.1058291,38.369688],[-77.1086773,38.3695354],[-77.1121269,38.36905],[-77.1155412,38.3684119],[-77.1161073,38.3682871],[-77.1165319,38.3683148],[-77.1171157,38.3680513],[-77.1175756,38.3677323],[-77.1187963,38.3674549],[-77.1200346,38.3672885],[-77.122812,38.3669972],[-77.124298,38.366914],[-77.1257487,38.3669694],[-77.1273939,38.3669972],[-77.1290922,38.3670665],[-77.1311973,38.3673439],[-77.1335679,38.3675243],[-77.1351423,38.3676352],[-77.1365399,38.3677323],[-77.1378136,38.3677323],[-77.1386274,38.367663],[-77.1392642,38.3672607],[-77.1398303,38.3665949],[-77.1403787,38.3658875],[-77.1413783,38.3649851],[-77.1428333,38.3638585],[-77.1447795,38.36219],[-77.1463982,38.3606212],[-77.1475804,38.359138],[-77.1490536,38.3572839],[-77.1503268,38.355601],[-77.151218,38.3545313],[-77.1521092,38.3535757],[-77.1526003,38.3531478],[-77.1530186,38.3529053],[-77.1535279,38.3526486],[-77.1546919,38.3513649],[-77.1566562,38.3495676],[-77.1580931,38.3484408],[-77.1598755,38.3472569],[-77.1615306,38.3463154],[-77.1632039,38.3456593],[-77.1641861,38.3453027],[-77.1652046,38.3449746],[-77.1659685,38.3449318],[-77.1668233,38.3447749],[-77.167369,38.3447035],[-77.1680237,38.3444896],[-77.1685512,38.3443754],[-77.1696061,38.3443754],[-77.1702427,38.3441187],[-77.1718068,38.343491],[-77.1727526,38.3431344],[-77.1758446,38.3420788],[-77.177336,38.341608],[-77.1787547,38.3413085],[-77.1800824,38.3411943],[-77.1815556,38.3412086],[-77.1827197,38.3412229],[-77.184011,38.3410659],[-77.1857207,38.340852],[-77.1875031,38.3407521],[-77.1895765,38.3404811],[-77.1908315,38.3404097],[-77.1923411,38.3403241],[-77.1936143,38.3403812],[-77.1946328,38.3405666],[-77.1956877,38.3404668],[-77.1968335,38.3404383],[-77.1982886,38.34021],[-77.1993981,38.3401529],[-77.200944,38.3402813],[-77.2027083,38.3405239],[-77.2037086,38.3406522],[-77.2047271,38.3405239],[-77.2058002,38.3401529],[-77.2067278,38.3397107],[-77.2076009,38.3394397],[-77.2081829,38.3395538],[-77.208874,38.3396536],[-77.2109474,38.339026],[-77.2132209,38.3383697],[-77.2137848,38.3384125],[-77.2141849,38.3380987],[-77.2149488,38.3377848],[-77.2158764,38.3376422],[-77.2186592,38.3365579],[-77.2189502,38.3365722],[-77.219514,38.336401],[-77.2198596,38.3364295],[-77.2203325,38.3364438],[-77.2208599,38.3364153],[-77.2221513,38.3359017],[-77.2248249,38.3348602],[-77.2279714,38.3338045],[-77.2309906,38.3328914],[-77.2342281,38.3320924],[-77.2360469,38.3317072],[-77.2367199,38.3315217],[-77.2372655,38.3314647],[-77.2375201,38.3313363],[-77.2378475,38.3313648],[-77.2384841,38.3311793],[-77.2387751,38.3312221],[-77.2390661,38.3311365],[-77.2396299,38.331108],[-77.2402301,38.3310509],[-77.2406121,38.3310366],[-77.2409759,38.3309082],[-77.2414669,38.3310652],[-77.2425218,38.3308797],[-77.2428856,38.3309082],[-77.2432312,38.3309938],[-77.2436131,38.3309938],[-77.2439405,38.3311222],[-77.2449227,38.3309368],[-77.2454319,38.3309225],[-77.2461413,38.3310081],[-77.247669,38.3310652],[-77.2479601,38.3312079],[-77.2484693,38.3313505],[-77.249015,38.3313505],[-77.2496334,38.331322],[-77.250761,38.3312649],[-77.2513066,38.3314219],[-77.2516158,38.3314932],[-77.2520705,38.3315503],[-77.2527617,38.331536],[-77.2559446,38.3315788],[-77.2563265,38.3318071],[-77.2574542,38.3318641],[-77.2586364,38.3318784],[-77.2602552,38.331964],[-77.2616818,38.3319477],[-77.2619323,38.3321387],[-77.2620943,38.3322056],[-77.2629945,38.3323491],[-77.2633485,38.3323744],[-77.265387,38.3324585],[-77.2655275,38.3326096],[-77.2657625,38.3327699],[-77.2665242,38.3330729],[-77.2669867,38.3332745],[-77.267212,38.3333081],[-77.2678761,38.3334095],[-77.2684447,38.3334432],[-77.2685413,38.3333422],[-77.2686593,38.3333759],[-77.2686879,38.3334235],[-77.2687247,38.3334849],[-77.2687773,38.3336368],[-77.2688524,38.3337209],[-77.2693148,38.3338299],[-77.2695401,38.3338636],[-77.2697429,38.3339145],[-77.2702257,38.3340155],[-77.2705057,38.3342339],[-77.2705905,38.3343774],[-77.2707085,38.3345036],[-77.2707085,38.3346298],[-77.2708587,38.3346972],[-77.2709874,38.3347897],[-77.2709982,38.3349917],[-77.2709456,38.3352353],[-77.2711484,38.3352526],[-77.2712878,38.335362],[-77.2713308,38.3355135],[-77.2718887,38.3355724],[-77.2726504,38.3356818],[-77.2730688,38.3358248],[-77.2736267,38.3360016],[-77.2738091,38.3359932],[-77.2741632,38.336111],[-77.2744743,38.3361699],[-77.2746889,38.3361699],[-77.2748498,38.3362625],[-77.2751497,38.3363466],[-77.2753965,38.3365233],[-77.275729,38.3367001],[-77.2758363,38.3368852],[-77.2759222,38.3370451],[-77.2760187,38.3371292],[-77.2761797,38.3371713],[-77.2765015,38.3371797],[-77.2767697,38.337306],[-77.2769736,38.3373396],[-77.2771989,38.3375664],[-77.277392,38.3378273],[-77.2774349,38.3380461],[-77.2772847,38.3383154],[-77.2780465,38.3388035],[-77.2781216,38.3386604],[-77.2783683,38.338753],[-77.2784649,38.3385679],[-77.2787975,38.338652],[-77.2790764,38.3387109],[-77.2794627,38.3388371],[-77.2797046,38.3388586],[-77.2800313,38.3389886],[-77.2802244,38.3391485],[-77.2803532,38.3392916],[-77.2803854,38.3394514],[-77.2802888,38.3396198],[-77.2801922,38.3397628],[-77.2800099,38.3399479],[-77.2800651,38.3401415],[-77.2800973,38.3402509],[-77.2802781,38.3402593],[-77.2804175,38.3404444],[-77.2806965,38.340638],[-77.2810951,38.3409073],[-77.2816836,38.3412523],[-77.2824775,38.341917],[-77.282735,38.3420938],[-77.2830354,38.3422032],[-77.2834002,38.3424051],[-77.2835842,38.3425566],[-77.2838792,38.3426214],[-77.284642,38.3426642],[-77.2862128,38.3469441],[-77.2881106,38.3518158],[-77.2880513,38.3518376],[-77.2880406,38.3518944],[-77.2880245,38.3519406],[-77.287952,38.3520016],[-77.2879011,38.3520437],[-77.2878072,38.3521215],[-77.2875363,38.3522646],[-77.2874585,38.352334],[-77.2874719,38.352395],[-77.2874827,38.3524791],[-77.2874827,38.3525759],[-77.2875256,38.3528009],[-77.2875202,38.3528577],[-77.2874961,38.3528977],[-77.2874451,38.3529313],[-77.2873995,38.3529902],[-77.2873995,38.3531985],[-77.2874022,38.3533099],[-77.2875497,38.3535287],[-77.2876168,38.3536423],[-77.2876248,38.3537811],[-77.2876221,38.353901],[-77.2875926,38.3539304],[-77.287547,38.353941],[-77.2875738,38.3539704],[-77.2876141,38.3540167],[-77.2877267,38.3541071],[-77.2877777,38.3541681],[-77.2878152,38.3541723],[-77.2878394,38.3541976],[-77.2878474,38.3542312],[-77.2877777,38.3542312],[-77.2878152,38.3543343],[-77.287834,38.3544079],[-77.2878528,38.3544731],[-77.2878528,38.3545425],[-77.2878421,38.3546077],[-77.2879145,38.3547949],[-77.2880245,38.3548265],[-77.2880808,38.3549989],[-77.2881237,38.3551083],[-77.2881157,38.3552093],[-77.2880808,38.3552598],[-77.2880486,38.3552892],[-77.2879601,38.355325],[-77.2878903,38.3553607],[-77.2879359,38.3553944],[-77.2879628,38.3554428],[-77.2879896,38.355569],[-77.287995,38.355611],[-77.2879896,38.3556552],[-77.2879762,38.3556804],[-77.2880352,38.3557183],[-77.2881076,38.3561137],[-77.2880915,38.356221],[-77.2879923,38.3562315],[-77.2880218,38.3563325],[-77.2880298,38.3564145],[-77.2880379,38.3564923],[-77.2881452,38.3565512],[-77.2882793,38.3566669],[-77.2883544,38.3567489],[-77.2883866,38.3568162],[-77.2883839,38.3568793],[-77.2883785,38.3569298],[-77.2884134,38.3570118],[-77.2884402,38.3570455],[-77.2885609,38.3572474],[-77.2885824,38.3572768],[-77.288577,38.3573757],[-77.2885824,38.3574072],[-77.2886387,38.3574619],[-77.2886548,38.3575566],[-77.2886145,38.3576617],[-77.288585,38.3577332],[-77.288526,38.3577564],[-77.2885609,38.3577984],[-77.2885448,38.3579057],[-77.2884751,38.3580508],[-77.2883973,38.3582338],[-77.2882954,38.3584063],[-77.2881854,38.3585703],[-77.2880593,38.3588185],[-77.2880593,38.3589153],[-77.2880566,38.3590015],[-77.2880792,38.3591274],[-77.2882176,38.3592139],[-77.2882015,38.3593022],[-77.2882498,38.3593906],[-77.2883007,38.3594137],[-77.2883463,38.3595399],[-77.2884831,38.3596282],[-77.2885754,38.3597058],[-77.2886387,38.3597797],[-77.2886977,38.359847],[-77.2887031,38.3598911],[-77.2887621,38.3599185],[-77.2888345,38.3599521],[-77.2888506,38.3599837],[-77.2888935,38.3599837],[-77.2889632,38.3600258],[-77.2890582,38.3601411],[-77.2891456,38.3602403],[-77.2892046,38.3603097],[-77.2892003,38.3603556],[-77.2892449,38.3603602],[-77.2893012,38.3603854],[-77.2893656,38.3604443],[-77.2893843,38.3604758],[-77.2894997,38.3605642],[-77.2896418,38.3606988],[-77.2900254,38.3610794],[-77.2902024,38.3611741],[-77.2902829,38.361233],[-77.2903446,38.3612561],[-77.2903338,38.3613108],[-77.290358,38.3613634],[-77.2903902,38.3614286],[-77.2904358,38.3614769],[-77.2905967,38.3616494],[-77.2906611,38.361702],[-77.2908166,38.3617882],[-77.2909105,38.3618387],[-77.2909507,38.3620006],[-77.2910017,38.3621626],[-77.2910527,38.3622761],[-77.2910929,38.362314],[-77.2910929,38.3623582],[-77.2911197,38.3624044],[-77.2911224,38.3625096],[-77.2911358,38.3625579],[-77.2912469,38.3627027],[-77.2913048,38.3627767],[-77.291286,38.3628335],[-77.291322,38.3628815],[-77.2913799,38.3629428],[-77.291447,38.3629702],[-77.2915703,38.3630732],[-77.2916642,38.3631342],[-77.2920263,38.363437],[-77.2921551,38.3635548],[-77.292368,38.3637501],[-77.2924796,38.363803],[-77.2925011,38.3638387],[-77.2925896,38.3638682],[-77.2926523,38.3639394],[-77.2926845,38.3639436],[-77.2927049,38.3639775],[-77.2927317,38.3639817],[-77.2927586,38.3640322],[-77.2928122,38.3640722],[-77.2928068,38.3641437],[-77.2929249,38.3642467],[-77.293008,38.3643245],[-77.2932226,38.3644024],[-77.2933674,38.3645075],[-77.2934935,38.3646043],[-77.2935686,38.3647031],[-77.2935927,38.3647998],[-77.2936088,38.3649555],[-77.2936383,38.3650228],[-77.2936866,38.3650859],[-77.2939629,38.3653214],[-77.2939816,38.3653908],[-77.2939977,38.3654392],[-77.294046,38.3654665],[-77.2940326,38.3655044],[-77.2940621,38.3655822],[-77.2941211,38.365639],[-77.2941919,38.3656744],[-77.294223,38.3657315],[-77.294266,38.3658072],[-77.2944028,38.3659544],[-77.294443,38.36611],[-77.2945315,38.3662341],[-77.2945878,38.3664402],[-77.2946415,38.3665369],[-77.2947219,38.3666547],[-77.2949016,38.3668314],[-77.2949365,38.3668987],[-77.295017,38.3671784],[-77.295076,38.3674097],[-77.2951028,38.3675464],[-77.2951699,38.3676957],[-77.2952262,38.3677567],[-77.2952637,38.3679291],[-77.2953871,38.3681667],[-77.29543,38.3682551],[-77.2954381,38.368314],[-77.295481,38.3683497],[-77.2955722,38.368478],[-77.2955776,38.3685642],[-77.2955749,38.3686504],[-77.295591,38.368703],[-77.2956312,38.3688607],[-77.2956607,38.3688839],[-77.2957557,38.3690602],[-77.2958109,38.3691068],[-77.2958592,38.3691257],[-77.2958951,38.3691464],[-77.2959504,38.3692329],[-77.296004,38.3693128],[-77.2960148,38.3693738],[-77.2960469,38.3694075],[-77.2960845,38.3694243],[-77.2960952,38.3695715],[-77.2961516,38.369664],[-77.2962427,38.3697292],[-77.2963554,38.3697839],[-77.2964359,38.3698785],[-77.2964493,38.3699563],[-77.2965029,38.3700047],[-77.296578,38.3700447],[-77.2966075,38.3700531],[-77.2966746,38.3701204],[-77.296688,38.370154],[-77.2967363,38.3701814],[-77.2968194,38.370255],[-77.2968328,38.3703538],[-77.2968757,38.3704127],[-77.2969428,38.3704505],[-77.2970179,38.37048],[-77.2970635,38.3705283],[-77.2970984,38.3706272],[-77.2971681,38.370705],[-77.2972164,38.3707512],[-77.2972593,38.3707744],[-77.2973505,38.370787],[-77.2974685,38.37089],[-77.29749,38.3709594],[-77.2975597,38.3709657],[-77.2976026,38.3709825],[-77.297608,38.3710688],[-77.2976536,38.3711024],[-77.297777,38.3711697],[-77.2978896,38.3712412],[-77.2979245,38.3712097],[-77.2979755,38.3712307],[-77.298005,38.3712917],[-77.2980559,38.3713527],[-77.2981122,38.3713779],[-77.2981857,38.3713944],[-77.2982839,38.3714178],[-77.2985038,38.3715125],[-77.298595,38.3715314],[-77.2994882,38.3718006],[-77.2996545,38.3718594],[-77.2997323,38.3719057],[-77.2997645,38.3719667],[-77.2998047,38.3719898],[-77.2998396,38.3720823],[-77.2998852,38.3721391],[-77.2998798,38.3721791],[-77.2999254,38.3722485],[-77.2999174,38.3722905],[-77.2999426,38.3723028],[-77.299963,38.3723452],[-77.2999844,38.3723641],[-77.3000408,38.3724398],[-77.3000713,38.3724479],[-77.3001169,38.3724605],[-77.3001641,38.3725092],[-77.3002097,38.3725387],[-77.3002339,38.3725597],[-77.3002741,38.3725975],[-77.3002966,38.3726645],[-77.3003331,38.3726627],[-77.3003653,38.3726838],[-77.3004136,38.3727216],[-77.3004699,38.37273],[-77.3005611,38.3727784],[-77.3006174,38.3728288],[-77.3006845,38.3728583],[-77.300765,38.3729403],[-77.3008427,38.3730202],[-77.3008964,38.3730686],[-77.3009527,38.373201],[-77.301001,38.3732536],[-77.3010852,38.3732785],[-77.3011405,38.3732831],[-77.3011887,38.3733062],[-77.3013202,38.3733482],[-77.3014516,38.373384],[-77.3015857,38.3734345],[-77.3018834,38.3735501],[-77.3019156,38.3735711],[-77.3019666,38.3736553],[-77.302031,38.3736952],[-77.3020873,38.3737856],[-77.3021651,38.3738256],[-77.302208,38.3738571],[-77.3022241,38.373916],[-77.302252,38.3739493],[-77.3022976,38.3739472],[-77.3024011,38.3739833],[-77.3024547,38.3740148],[-77.3025164,38.374059],[-77.3026184,38.3740947],[-77.3027015,38.374162],[-77.3027417,38.3741746],[-77.3028115,38.374202],[-77.3028303,38.3742503],[-77.3028651,38.374284],[-77.3029268,38.3743281],[-77.3029805,38.3743345],[-77.3030207,38.3743597],[-77.3034928,38.3745531],[-77.3037771,38.3746814],[-77.3039273,38.3747424],[-77.3040346,38.3748097],[-77.3040963,38.3748559],[-77.3041537,38.3748788],[-77.3042395,38.3748893],[-77.3043055,38.374877],[-77.3044476,38.3749379],[-77.3051407,38.3752909],[-77.3050087,38.3753928],[-77.3111628,38.3971433],[-77.3111091,38.3973688],[-77.3110914,38.3975012],[-77.3111075,38.3977703],[-77.31107,38.3981823],[-77.3110566,38.3986782],[-77.3110002,38.3987835],[-77.3109895,38.398918],[-77.3109412,38.399061],[-77.3108768,38.3991619],[-77.3108634,38.3993677],[-77.3108795,38.3995526],[-77.3108286,38.3997841],[-77.3108392,38.399932],[-77.3109546,38.400158],[-77.3113087,38.4006457],[-77.3114562,38.4007678],[-77.311794,38.4010425],[-77.3121697,38.401348],[-77.31224,38.401399],[-77.3125291,38.4016086],[-77.3127142,38.4018228],[-77.3129234,38.4021003],[-77.3130226,38.4022644],[-77.3131165,38.4024198],[-77.3130789,38.4025038],[-77.3132319,38.4029415],[-77.3133552,38.4032944],[-77.3134537,38.4035414],[-77.3134893,38.4036307],[-77.3134893,38.4037989],[-77.313661,38.4041057],[-77.3137897,38.4042361],[-77.3138407,38.4043115],[-77.3139292,38.4045009],[-77.3139587,38.4047403],[-77.3139963,38.4048202],[-77.3140197,38.4048452],[-77.3141143,38.4049463],[-77.314243,38.4051691],[-77.3144308,38.4056609],[-77.3144656,38.4058545],[-77.3144549,38.4060605],[-77.3144817,38.4062202],[-77.3144817,38.4063926],[-77.3145676,38.4065355],[-77.3146266,38.4066028],[-77.3146588,38.4067583],[-77.314809,38.4069811],[-77.314845,38.4070536],[-77.3148841,38.4071324],[-77.3149806,38.407351],[-77.3150608,38.4076297],[-77.315104,38.4077798],[-77.3151959,38.4083443],[-77.3153024,38.408551],[-77.3154454,38.4087642],[-77.3155567,38.4090089],[-77.315454,38.4091804],[-77.3153508,38.4092006],[-77.3152435,38.4092973],[-77.3151469,38.4094234],[-77.3151737,38.409499],[-77.3152435,38.4095747],[-77.3152596,38.4096293],[-77.3152381,38.4096714],[-77.3152596,38.4097092],[-77.3153293,38.4097092],[-77.3153722,38.4097765],[-77.3153454,38.4098395],[-77.3152998,38.4098561],[-77.3153561,38.409953],[-77.3154259,38.4100203],[-77.3154312,38.4101001],[-77.3154688,38.4102052],[-77.3155332,38.4105205],[-77.3156136,38.4107475],[-77.3157263,38.4109871],[-77.315796,38.4109997],[-77.3158336,38.4110375],[-77.3158014,38.4111006],[-77.3157397,38.4111298],[-77.3158121,38.411214],[-77.315855,38.411193],[-77.3159248,38.411193],[-77.3159543,38.4112601],[-77.3159194,38.4113065],[-77.3159843,38.4114035],[-77.3160418,38.4113833],[-77.3160964,38.4114032],[-77.3161125,38.4114515],[-77.3161152,38.4114871],[-77.316083,38.4115293],[-77.3160481,38.4115417],[-77.3160937,38.411605],[-77.3161608,38.4116363],[-77.3162869,38.4117771],[-77.3162869,38.411838],[-77.3163405,38.4119538],[-77.31637,38.411977],[-77.3163727,38.4120125],[-77.3164076,38.4120904],[-77.3164451,38.4121283],[-77.3164451,38.4121682],[-77.3165041,38.4122502],[-77.3165685,38.4122523],[-77.3166329,38.4122922],[-77.3166677,38.4123342],[-77.3166919,38.412391],[-77.3166892,38.412433],[-77.316657,38.412458],[-77.3166275,38.4124582],[-77.3166704,38.4125549],[-77.3167241,38.412618],[-77.3167804,38.4127123],[-77.3168877,38.412826],[-77.3170003,38.4129416],[-77.3170964,38.4130331],[-77.3171371,38.4130719],[-77.3171747,38.4131161],[-77.3171774,38.4131665],[-77.3172122,38.4132695],[-77.3172069,38.4133155],[-77.317223,38.413408],[-77.3172632,38.4135509],[-77.3173196,38.4136057],[-77.3174053,38.4137337],[-77.317526,38.4138787],[-77.317628,38.4140156],[-77.3176923,38.4141898],[-77.3177084,38.4143852],[-77.3177245,38.4146816],[-77.3177513,38.4147908],[-77.3178023,38.4148352],[-77.3178238,38.4148814],[-77.3178613,38.4149424],[-77.3179418,38.4150243],[-77.3179525,38.4150746],[-77.3179927,38.4151525],[-77.3180223,38.4152196],[-77.3180464,38.4152765],[-77.3181161,38.415373],[-77.3182824,38.4156609],[-77.3182905,38.415705],[-77.3183495,38.4157935],[-77.3183763,38.4158397],[-77.3184541,38.4159238],[-77.3185104,38.4160226],[-77.3185506,38.4160982],[-77.318607,38.4161676],[-77.3186901,38.4162496],[-77.3187169,38.4163061],[-77.3187196,38.4163502],[-77.3187196,38.4163775],[-77.3187786,38.4164387],[-77.318835,38.4165291],[-77.3188752,38.4166404],[-77.3188698,38.4166888],[-77.3189074,38.4167749],[-77.3189396,38.4168863],[-77.3189396,38.4169471],[-77.3189422,38.417008],[-77.3190656,38.4171574],[-77.3191434,38.4172917],[-77.3191836,38.4173697],[-77.3192534,38.4174766],[-77.3193312,38.4176111],[-77.3193419,38.4176996],[-77.3193392,38.4177984],[-77.3193741,38.4178633],[-77.3194385,38.4179791],[-77.3194304,38.4180695],[-77.3194385,38.418147],[-77.3194706,38.418229],[-77.3194867,38.4183448],[-77.3195028,38.4184162],[-77.3195323,38.4184982],[-77.3195726,38.4186369],[-77.3195913,38.4186787],[-77.3195887,38.4187501],[-77.3196477,38.4189057],[-77.3197228,38.4189857],[-77.3197228,38.4190677],[-77.3197094,38.4191431],[-77.3197308,38.4192293],[-77.3197684,38.419347],[-77.3198435,38.4196454],[-77.3198462,38.4197359],[-77.3199239,38.4198219],[-77.3199749,38.4199587],[-77.3200017,38.4200238],[-77.32005,38.4200785],[-77.3200661,38.4201268],[-77.3200607,38.4202109],[-77.3200044,38.4202443],[-77.3200205,38.4203685],[-77.3200446,38.4204775],[-77.3200956,38.4205807],[-77.3201117,38.4206478],[-77.320101,38.4206898],[-77.3201439,38.4207402],[-77.320168,38.4208348],[-77.3201627,38.4208726],[-77.320219,38.4209527],[-77.3202458,38.4210197],[-77.3202753,38.4211122],[-77.3202994,38.4212175],[-77.3203048,38.4213034],[-77.3203477,38.4214211],[-77.3203853,38.4216165],[-77.320388,38.4216735],[-77.3204175,38.4217321],[-77.3204228,38.4217783],[-77.3204255,38.421833],[-77.3203906,38.4218582],[-77.3203263,38.4218918],[-77.3202887,38.4219359],[-77.3202485,38.4220034],[-77.3202029,38.4220515],[-77.3201466,38.4220914],[-77.3201492,38.4221337],[-77.3201707,38.4221967],[-77.3203397,38.4225012],[-77.3203719,38.422539],[-77.3204067,38.4225708],[-77.3204255,38.4226042],[-77.320396,38.4228563],[-77.3203665,38.4229236],[-77.3203665,38.422995],[-77.3203209,38.4230877],[-77.3202941,38.4231675],[-77.3202565,38.4232136],[-77.3202378,38.4232388],[-77.3202431,38.4233186],[-77.3202109,38.4234659],[-77.3201978,38.4235302],[-77.3202077,38.4236662],[-77.3203504,38.4238822],[-77.3205087,38.4241213],[-77.3207045,38.4243445],[-77.3207554,38.4244996],[-77.3208547,38.4246891],[-77.3210907,38.4247648],[-77.3211417,38.4248946],[-77.3211417,38.4250711],[-77.3210585,38.4251178],[-77.3209727,38.4252102],[-77.320919,38.4253615],[-77.320919,38.4256557],[-77.3208976,38.425849],[-77.3208976,38.4261096],[-77.3210156,38.4264626],[-77.3211336,38.4266895],[-77.3211738,38.426853],[-77.3212731,38.4268913],[-77.3212838,38.4270173],[-77.3211953,38.4270884],[-77.3213482,38.4273367],[-77.3212838,38.4274628],[-77.3213375,38.4275805],[-77.3214635,38.4277523],[-77.3217237,38.4280007],[-77.3219597,38.4289925],[-77.3223245,38.4297405],[-77.3224828,38.4297443],[-77.3225605,38.4302196],[-77.3229897,38.4309508],[-77.3230192,38.4311142],[-77.3229548,38.4312151],[-77.3230053,38.4313073],[-77.3230552,38.4313984],[-77.3231828,38.4316315],[-77.3232579,38.4319005],[-77.3233116,38.4322703],[-77.3232579,38.4324888],[-77.323266,38.4327195],[-77.3232579,38.432993],[-77.3233759,38.4332031],[-77.3234512,38.4334644],[-77.3235261,38.4337242],[-77.323502,38.4339801],[-77.3234403,38.4341864],[-77.3234832,38.434447],[-77.3235196,38.4347234],[-77.323394,38.4349706],[-77.3231775,38.4353668],[-77.3187931,38.4720869],[-77.3187596,38.4724803],[-77.3186424,38.4727688],[-77.3185084,38.4729131],[-77.3182906,38.4729786],[-77.3181902,38.4730704],[-77.3182236,38.4732671],[-77.3184079,38.4733982],[-77.3185419,38.4736998],[-77.3186591,38.4739227],[-77.3185921,38.4741325],[-77.3183241,38.4744079],[-77.3170847,38.4759945],[-77.3168837,38.4762043],[-77.3168502,38.4764403],[-77.316934,38.4766108],[-77.317001,38.4769255],[-77.3169507,38.4770959],[-77.3168335,38.4773582],[-77.3167832,38.4775942],[-77.3165655,38.4778302],[-77.315795,38.4784202],[-77.3157117,38.4788523],[-77.315853,38.479074],[-77.315716,38.478956],[-77.315603,38.478893],[-77.315283,38.47881],[-77.315295,38.478904],[-77.31554,38.479298],[-77.315613,38.479814],[-77.315653,38.480145],[-77.315663,38.480419],[-77.315621,38.480572],[-77.315406,38.481039],[-77.315189,38.481409],[-77.313985,38.484235],[-77.312794,38.486376],[-77.312413,38.487093],[-77.312114,38.48764],[-77.3116,38.488421],[-77.311447,38.488743],[-77.311179,38.489492],[-77.310888,38.490271],[-77.310816,38.490488],[-77.310732,38.490657],[-77.310712,38.490716],[-77.310538,38.491149],[-77.310311,38.49164],[-77.310177,38.492051],[-77.310136,38.492413],[-77.310156,38.492591],[-77.310166,38.4928],[-77.310196,38.493074],[-77.310247,38.493356],[-77.310318,38.493507],[-77.310506,38.49367],[-77.31047,38.493889],[-77.310558,38.493993],[-77.310344,38.49411],[-77.310284,38.494226],[-77.310246,38.49446],[-77.310091,38.494911],[-77.309864,38.495298],[-77.309638,38.495636],[-77.309422,38.495821],[-77.309237,38.49599],[-77.30897,38.496175],[-77.308251,38.496633],[-77.30747,38.497115],[-77.306834,38.497316],[-77.305981,38.497701],[-77.305242,38.497958],[-77.304635,38.498312],[-77.303855,38.498633],[-77.303444,38.498914],[-77.303084,38.499188],[-77.302209,38.500121],[-77.302285,38.500121],[-77.300886,38.501712],[-77.299403,38.50322],[-77.298172,38.505078],[-77.29693,38.506308],[-77.295776,38.507384],[-77.295362,38.50827],[-77.295406,38.509239],[-77.291088,38.515743],[-77.290892,38.515708],[-77.29072,38.515716],[-77.289738,38.518056],[-77.288618,38.519151],[-77.288229,38.519186],[-77.287885,38.519584],[-77.287494,38.519806],[-77.287121,38.520401],[-77.285639,38.519952],[-77.285688,38.519759],[-77.285309,38.519695],[-77.285006,38.520277],[-77.285365,38.520375],[-77.28553,38.520278],[-77.287472,38.520905],[-77.287336,38.521237],[-77.287294,38.521463],[-77.28706,38.521797],[-77.286674,38.521953],[-77.286386,38.522151],[-77.286131,38.522266],[-77.286059,38.522641],[-77.285791,38.523431],[-77.284612,38.52463],[-77.284419,38.524732],[-77.284303,38.5248],[-77.28375,38.524998],[-77.28341,38.525098],[-77.283329,38.525188],[-77.283215,38.525355],[-77.283037,38.525451],[-77.282914,38.525558],[-77.282809,38.52578],[-77.282759,38.525957],[-77.282754,38.526253],[-77.282629,38.527585],[-77.282715,38.527691],[-77.281803,38.529119],[-77.2790646,38.5336129],[-77.2789808,38.5338356],[-77.2790813,38.5341239],[-77.2792153,38.5343204],[-77.2793158,38.534661],[-77.2793158,38.535172],[-77.2791818,38.5357484],[-77.2789808,38.5363642],[-77.2786626,38.5368097],[-77.2782606,38.5370848],[-77.2779424,38.537373],[-77.2777246,38.5376481],[-77.2775739,38.5379494],[-77.2774567,38.5381722],[-77.2772389,38.538408],[-77.2770212,38.5387617],[-77.2768537,38.539063],[-77.2765857,38.5392726],[-77.2763847,38.5394429],[-77.2762507,38.5397574],[-77.2762172,38.5402159],[-77.2762005,38.5405827],[-77.2761502,38.5410412],[-77.2759827,38.5413163],[-77.2758488,38.5415783],[-77.2758823,38.5419451],[-77.2761167,38.5421547],[-77.276167,38.5425477],[-77.2762507,38.5429276],[-77.2762842,38.5433861],[-77.2763345,38.5439363],[-77.2764517,38.544421],[-77.2767365,38.5448795],[-77.2767699,38.5453904],[-77.276927,38.5461255],[-77.2768345,38.5465127],[-77.2765748,38.5470657],[-77.2763088,38.5474441],[-77.2760298,38.5476539],[-77.275738,38.5478041],[-77.27562,38.54793],[-77.2755663,38.5482069],[-77.2754805,38.5482992],[-77.2751694,38.5485593],[-77.2750728,38.5487271],[-77.2749784,38.5489461],[-77.2749011,38.5491215],[-77.2747724,38.5492641],[-77.2746329,38.5494739],[-77.2745492,38.5496845],[-77.2744634,38.549911],[-77.2742992,38.5500604],[-77.2740986,38.5502299],[-77.2737231,38.5507081],[-77.2733691,38.5510018],[-77.2728648,38.5513961],[-77.272661,38.551564],[-77.2725515,38.5516806],[-77.2721546,38.5518903],[-77.2715881,38.5521765],[-77.2707062,38.5526203],[-77.2701483,38.5528217],[-77.2696547,38.5531069],[-77.2688629,38.5533427],[-77.2685711,38.5535013],[-77.2679295,38.553779],[-77.2678523,38.5539124],[-77.267391,38.5540383],[-77.2665434,38.5544662],[-77.2654812,38.5550031],[-77.2649662,38.5551877],[-77.2644534,38.5553144],[-77.2639277,38.5553647],[-77.2635463,38.5554172],[-77.2629521,38.5553454],[-77.2625166,38.5556336],[-77.2619974,38.5559741],[-77.2617461,38.5564587],[-77.2616289,38.5571005],[-77.2615619,38.5575589],[-77.2615619,38.5579911],[-77.2615786,38.558371],[-77.2615954,38.5586329],[-77.2614614,38.5589472],[-77.2610259,38.5591961],[-77.2598535,38.5596807],[-77.2588151,38.5599033],[-77.2578269,38.5601784],[-77.2571067,38.5601915],[-77.2566712,38.5602831],[-77.2563195,38.5603355],[-77.2563027,38.5604534],[-77.2563865,38.560676],[-77.2564702,38.5608725],[-77.2516988,38.5749823],[-77.2467056,38.5897451],[-77.2466218,38.5899677],[-77.2466553,38.5902557],[-77.2467223,38.590583],[-77.2467558,38.5908055],[-77.2466386,38.5910674],[-77.2465548,38.5913554],[-77.2464102,38.5927222],[-77.2464297,38.5932767],[-77.2425645,38.5954286],[-77.2272701,38.6039507],[-77.2104475,38.6130799],[-77.2031752,38.617026],[-77.2020862,38.6178766],[-77.2017751,38.6179856],[-77.2016216,38.6182057],[-77.2009919,38.6185556],[-77.2004415,38.6189014],[-77.1996829,38.619134],[-77.1989534,38.6192933],[-77.1985799,38.6193191],[-77.1982808,38.6193762],[-77.1978741,38.6194281],[-77.1975015,38.6195174],[-77.1970259,38.6194987],[-77.1969364,38.619588],[-77.196639,38.6195374],[-77.1964583,38.6195464],[-77.1963148,38.6195146],[-77.1958059,38.6195341],[-77.1941253,38.6194861],[-77.1939,38.6195028],[-77.1934708,38.6194693],[-77.1917113,38.619243],[-77.1914736,38.6192358],[-77.1912392,38.6194777],[-77.1907993,38.6195699],[-77.1904453,38.6196034],[-77.1903165,38.6197375],[-77.1900054,38.620207],[-77.1897065,38.6205104],[-77.1890505,38.6207518],[-77.1885034,38.6207518],[-77.1879776,38.62102],[-77.1875485,38.6210284],[-77.1874305,38.6210033],[-77.1871912,38.6212095],[-77.186937,38.6211709],[-77.1867224,38.6213721],[-77.1864617,38.6214442],[-77.1861859,38.6214643],[-77.1859499,38.6214475],[-77.1858351,38.6215435],[-77.1853491,38.6216822],[-77.184839,38.6216805],[-77.1842998,38.621686],[-77.1833428,38.6217325],[-77.1831604,38.6217996],[-77.1831143,38.6217996],[-77.1826025,38.6217996],[-77.1824201,38.6219421],[-77.1822592,38.6219589],[-77.1819802,38.6220259],[-77.1817764,38.6221181],[-77.1812185,38.6224366],[-77.1809503,38.6226462],[-77.1806391,38.6229815],[-77.1804964,38.6231009],[-77.1801816,38.6232583],[-77.1799456,38.623307],[-77.1798465,38.6233423],[-77.1797767,38.6233364],[-77.17965,38.623379],[-77.1790619,38.6234453],[-77.1788736,38.6235213],[-77.1787238,38.623551],[-77.1783895,38.6235467],[-77.178268,38.6235603],[-77.1781463,38.6236075],[-77.1777132,38.623676],[-77.1775918,38.6236929],[-77.1775564,38.6237145],[-77.1774113,38.6237557],[-77.1773015,38.6237556],[-77.1772311,38.6238066],[-77.1771165,38.6238415],[-77.1767296,38.6239669],[-77.1765448,38.6240468],[-77.176106,38.6241552],[-77.1756282,38.6241836],[-77.1752091,38.6241804],[-77.1748715,38.6243122],[-77.1747077,38.6243356],[-77.1731691,38.6242828],[-77.1729267,38.6243152],[-77.1728492,38.6243442],[-77.172069,38.6246257],[-77.1718467,38.6246764],[-77.1717209,38.6247594],[-77.1713706,38.624872],[-77.1711107,38.6250075],[-77.1703283,38.625202],[-77.1702035,38.6251986],[-77.170048,38.6252313],[-77.169764,38.6252451],[-77.1691959,38.6253453],[-77.1687273,38.6254955],[-77.1303635,38.6348975],[-77.130278,38.6351284],[-77.130164,38.635318],[-77.1301226,38.6355097],[-77.1301361,38.6356378],[-77.1306639,38.6362999],[-77.1311542,38.6370953],[-77.1312819,38.6374951],[-77.1313903,38.6377737],[-77.1314798,38.6380842],[-77.1314262,38.6382015],[-77.1313833,38.6382853],[-77.1314477,38.6386038],[-77.1315764,38.6387462],[-77.1319305,38.6394921],[-77.1319519,38.6396346],[-77.1319471,38.6397494],[-77.1318875,38.639886],[-77.1321665,38.6401206],[-77.1326922,38.6406904],[-77.1330141,38.6412351],[-77.133057,38.6414279],[-77.1330463,38.6416374],[-77.1330463,38.641805],[-77.1330463,38.6419139],[-77.133293,38.6422072],[-77.1334844,38.6424952],[-77.1335485,38.6426358],[-77.133684,38.6427697],[-77.1335603,38.6430028],[-77.1334635,38.643217],[-77.1333145,38.6432715],[-77.1332501,38.6433972],[-77.1332501,38.6435564],[-77.1332072,38.6436402],[-77.1330463,38.6437826],[-77.1328639,38.6441178],[-77.1329068,38.6444697],[-77.132939,38.644696],[-77.1332394,38.6450731],[-77.1333789,38.6452072],[-77.1336042,38.645358],[-77.134076,38.645618],[-77.1355139,38.6463635],[-77.1358465,38.6466065],[-77.1359538,38.6468076],[-77.1360611,38.6470171],[-77.1361898,38.6470758],[-77.1362864,38.6471931],[-77.1363615,38.6472769],[-77.1363937,38.6474696],[-77.1364151,38.6476372],[-77.1364473,38.6477796],[-77.136458,38.6479807],[-77.1364688,38.6481064],[-77.1363566,38.6483972],[-77.1363137,38.6485396],[-77.1362971,38.6487516],[-77.1363245,38.6489753],[-77.1362756,38.6491873],[-77.1363722,38.6493717],[-77.1363615,38.6495727],[-77.1363019,38.6497039],[-77.1363084,38.6499372],[-77.1363852,38.6502259],[-77.1363968,38.6505295],[-77.1349152,38.6601241],[-77.1328461,38.6735213],[-77.132752,38.674013],[-77.132479,38.67412],[-77.132439,38.674143],[-77.132341,38.674192],[-77.132226,38.674277],[-77.13207,38.674418],[-77.131943,38.674541],[-77.131905,38.674568],[-77.131826,38.674642],[-77.131759,38.674694],[-77.131708,38.674746],[-77.131593,38.674865],[-77.131479,38.674947],[-77.131429,38.675008],[-77.131277,38.675193],[-77.131193,38.675263],[-77.131163,38.675294],[-77.131087,38.67535],[-77.131035,38.675381],[-77.130944,38.67541],[-77.130716,38.675541],[-77.130558,38.67565],[-77.130444,38.675752],[-77.13034,38.67583],[-77.130262,38.67588],[-77.130164,38.675956],[-77.130073,38.676059],[-77.129998,38.676177],[-77.129969,38.67624],[-77.129902,38.676357],[-77.129877,38.676391],[-77.129833,38.676451],[-77.129814,38.676468],[-77.129729,38.676543],[-77.129716,38.676578],[-77.129679,38.676618],[-77.129652,38.676664],[-77.129575,38.676762],[-77.129553,38.676769],[-77.129514,38.676789],[-77.129484,38.676829],[-77.129405,38.676867],[-77.129362,38.676905],[-77.129239,38.676986],[-77.129182,38.677028],[-77.129137,38.677068],[-77.129084,38.677099],[-77.128997,38.677193],[-77.128949,38.677223],[-77.128914,38.677256],[-77.128743,38.677384],[-77.128633,38.677447],[-77.128582,38.677498],[-77.128533,38.677538],[-77.128492,38.677572],[-77.128428,38.677661],[-77.128407,38.677709],[-77.12836,38.677777],[-77.1283,38.677822],[-77.128228,38.677924],[-77.128159,38.677994],[-77.128108,38.67804],[-77.128078,38.678067],[-77.128013,38.678109],[-77.127939,38.678157],[-77.127848,38.67822],[-77.127741,38.678297],[-77.12766,38.67835],[-77.127566,38.678415],[-77.127517,38.678458],[-77.127463,38.678494],[-77.127382,38.678564],[-77.127318,38.678602],[-77.127311,38.678629],[-77.127265,38.678681],[-77.127261,38.67876],[-77.127244,38.678818],[-77.12718,38.678955],[-77.127112,38.679049],[-77.127061,38.679163],[-77.127043,38.679187],[-77.126967,38.679229],[-77.1269108,38.6792478],[-77.126889,38.679273],[-77.126908,38.679315],[-77.126899,38.679354],[-77.126797,38.679486],[-77.126696,38.679585],[-77.126645,38.679661],[-77.126594,38.679709],[-77.126575,38.679734],[-77.126476,38.679825],[-77.12642,38.679928],[-77.126287,38.680141],[-77.126264,38.680198],[-77.126226,38.680253],[-77.12615,38.680334],[-77.126113,38.680388],[-77.12607,38.680476],[-77.125951,38.680641],[-77.125923,38.680672],[-77.125804,38.680804],[-77.12575,38.680864],[-77.125618,38.680978],[-77.125417,38.681143],[-77.125326,38.681203],[-77.125251,38.681263],[-77.125194,38.681311],[-77.125038,38.681435],[-77.124971,38.681512],[-77.124935,38.681568],[-77.124904,38.68164],[-77.124719,38.68197],[-77.124697,38.68203],[-77.124556,38.682425],[-77.124494,38.682598],[-77.124442,38.682645],[-77.124391,38.682704],[-77.124258,38.682926],[-77.12418,38.683013],[-77.12411,38.683113],[-77.124055,38.683205],[-77.123978,38.683265],[-77.123818,38.683422],[-77.123789,38.683489],[-77.123701,38.683578],[-77.123592,38.683675],[-77.123558,38.683712],[-77.123524,38.683787],[-77.12352,38.683816],[-77.123524,38.683907],[-77.123482,38.684001],[-77.123443,38.68409],[-77.123435,38.684124],[-77.123408,38.684231],[-77.123375,38.684312],[-77.123277,38.684471],[-77.12317,38.684593],[-77.12315,38.684624],[-77.123039,38.684759],[-77.122931,38.684869],[-77.122886,38.684927],[-77.122632,38.685256],[-77.112928,38.6912613],[-77.1050071,38.6970992],[-77.1047463,38.697145],[-77.1045364,38.6971998],[-77.1043277,38.6972796],[-77.1041441,38.6973717],[-77.10408,38.697429],[-77.104098,38.697468],[-77.104029,38.697489],[-77.104006,38.697518],[-77.103916,38.697597],[-77.103864,38.697671],[-77.103839,38.697708],[-77.103837,38.697726],[-77.103856,38.697763],[-77.103861,38.697786],[-77.103863,38.697793],[-77.103851,38.697809],[-77.1037892,38.6977834],[-77.1037225,38.6978016],[-77.103611,38.697853],[-77.103561,38.697855],[-77.103596,38.697907],[-77.103601,38.697915],[-77.103577,38.697926],[-77.103571,38.697918],[-77.103534,38.697872],[-77.103389,38.697914],[-77.103305,38.697933],[-77.103226,38.697957],[-77.102541,38.698104],[-77.102471,38.698125],[-77.10241,38.69816],[-77.102273,38.698195],[-77.102193,38.698162],[-77.102098,38.698174],[-77.102007,38.698176],[-77.101934,38.69817],[-77.101759,38.698138],[-77.101586,38.698112],[-77.10151,38.698092],[-77.101391,38.698056],[-77.101323,38.698058],[-77.10125,38.698069],[-77.101128,38.698066],[-77.101062,38.698068],[-77.100879,38.698106],[-77.100749,38.698177],[-77.100644,38.698231],[-77.100554,38.698257],[-77.100446,38.698307],[-77.100366,38.698338],[-77.1001889,38.6983557],[-77.099834,38.69846],[-77.099739,38.698499],[-77.099674,38.698531],[-77.099572,38.698568],[-77.099321,38.698658],[-77.0991651,38.6987053],[-77.0990581,38.6987355],[-77.0989479,38.6987774],[-77.098826,38.698836],[-77.098546,38.698934],[-77.098429,38.698991],[-77.098339,38.699037],[-77.098272,38.699053],[-77.098043,38.699214],[-77.098002,38.699238],[-77.097804,38.699327],[-77.097744,38.699375],[-77.097672,38.699464],[-77.097605,38.699547],[-77.097436,38.699686],[-77.097309,38.69977],[-77.097153,38.699852],[-77.096968,38.70001],[-77.096775,38.700118],[-77.0965469,38.7002358],[-77.0964752,38.7002963],[-77.0964048,38.7003603],[-77.09625,38.700409],[-77.0961753,38.7004828],[-77.0960417,38.7004937],[-77.0959421,38.7005219],[-77.0958983,38.7005476],[-77.09585,38.700576],[-77.095877,38.700615],[-77.09587,38.70064],[-77.095796,38.70074],[-77.095765,38.700808],[-77.095673,38.700911],[-77.095478,38.701095],[-77.095435,38.701131],[-77.095247,38.701289],[-77.095231,38.701302],[-77.095181,38.701344],[-77.095128,38.701435],[-77.09507,38.701492],[-77.09492,38.701611],[-77.094701,38.701762],[-77.09452,38.701865],[-77.094458,38.701892],[-77.094262,38.701964],[-77.09424,38.701951],[-77.09417,38.701986],[-77.094025,38.702075],[-77.093931,38.702144],[-77.093862,38.702093],[-77.093804,38.702123],[-77.0937073,38.7021881],[-77.093641,38.702229],[-77.093581,38.702279],[-77.093575,38.702313],[-77.093557,38.702406],[-77.093425,38.70255],[-77.093384,38.702656],[-77.093349,38.702693],[-77.093298,38.702719],[-77.093158,38.702757],[-77.0931,38.702779],[-77.093051,38.702803],[-77.092889,38.702897],[-77.0924237,38.7030853],[-77.0922648,38.7031398],[-77.0921053,38.7031998],[-77.0919717,38.7032389],[-77.0917569,38.7033011],[-77.091511,38.703373],[-77.091397,38.703422],[-77.091167,38.703539],[-77.091013,38.703624],[-77.090976,38.703648],[-77.090613,38.703884],[-77.0904938,38.7039827],[-77.09045,38.704019],[-77.0904,38.704049],[-77.090358,38.704068],[-77.090265,38.704126],[-77.090152,38.704224],[-77.090015,38.704333],[-77.0899066,38.7043834],[-77.0898257,38.7044685],[-77.0896912,38.7045473],[-77.0896264,38.7045952],[-77.0893126,38.704827],[-77.0892278,38.7048513],[-77.08869,38.705151],[-77.088662,38.705186],[-77.0883282,38.7051894],[-77.0882427,38.705018],[-77.0881436,38.7048718],[-77.0881563,38.7048254],[-77.088119,38.7047629],[-77.0879952,38.704718],[-77.0879672,38.7048197],[-77.0880026,38.70488],[-77.0880552,38.7049024],[-77.0882293,38.7052239],[-77.088036,38.705376],[-77.087853,38.705524],[-77.087728,38.705606],[-77.087607,38.705671],[-77.086891,38.706014],[-77.08608,38.70636],[-77.0857935,38.7064705],[-77.0857807,38.7064755],[-77.085753,38.706485],[-77.0851565,38.706694],[-77.084851,38.706801],[-77.084807,38.706805],[-77.084296,38.70682],[-77.08414,38.706834],[-77.083648,38.706995],[-77.083397,38.707062],[-77.083244,38.707117],[-77.083223,38.707134],[-77.0831539,38.7071883],[-77.0830594,38.7072176],[-77.0829987,38.7072682],[-77.0829458,38.7073396],[-77.0828606,38.7073791],[-77.082734,38.707449],[-77.082673,38.707482],[-77.082603,38.707506],[-77.082485,38.707563],[-77.082392,38.707593],[-77.082345,38.707599],[-77.082246,38.707628],[-77.082146,38.70768],[-77.082087,38.7077],[-77.082046,38.707721],[-77.081963,38.707752],[-77.081931,38.70776],[-77.081843,38.707812],[-77.081771,38.707839],[-77.081677,38.707899],[-77.081638,38.707911],[-77.081614,38.707926],[-77.081607,38.707975],[-77.081556,38.708017],[-77.08155,38.708048],[-77.081465,38.7081],[-77.081421,38.708143],[-77.081329,38.708207],[-77.081254,38.708269],[-77.08117,38.708323],[-77.081106,38.708348],[-77.081046,38.708385],[-77.080926,38.708449],[-77.080909,38.70847],[-77.080869,38.708501],[-77.080777,38.708552],[-77.080605,38.708626],[-77.080412,38.70874],[-77.080344,38.708769],[-77.080266,38.708822],[-77.080037,38.708924],[-77.0800318,38.7089276],[-77.080004,38.708947],[-77.079978,38.708988],[-77.079948,38.70901],[-77.0737184,38.7115584],[-77.0736885,38.7115176],[-77.073621,38.711436],[-77.073528,38.711332],[-77.073501,38.711314],[-77.073433,38.711244],[-77.073408,38.711212],[-77.073352,38.711173],[-77.073336,38.711143],[-77.073291,38.71109],[-77.073272,38.711061],[-77.073273,38.711039],[-77.07326,38.711018],[-77.073248,38.71098],[-77.073229,38.71091],[-77.073208,38.710876],[-77.073157,38.710811],[-77.07301,38.710702],[-77.072859,38.710624],[-77.07283,38.710583],[-77.072803,38.710568],[-77.072697,38.710529],[-77.072649,38.710493],[-77.072582,38.710455],[-77.072516,38.710419],[-77.072451,38.710371],[-77.072405,38.710343],[-77.072365,38.710327],[-77.072329,38.710298],[-77.072226,38.710253],[-77.072107,38.710207],[-77.072004,38.710174],[-77.071894,38.710121],[-77.071834,38.710085],[-77.071631,38.710026],[-77.0715266,38.7099853],[-77.071433,38.709981],[-77.071377,38.709974],[-77.071321,38.709973],[-77.071239,38.709981],[-77.071196,38.709973],[-77.071143,38.70997],[-77.071089,38.709973],[-77.071032,38.709988],[-77.070959,38.709987],[-77.070896,38.709995],[-77.070849,38.709985],[-77.0707594,38.7099732],[-77.07068,38.709997],[-77.070437,38.710007],[-77.070239,38.710006],[-77.070181,38.710025],[-77.070005,38.710024],[-77.069818,38.710043],[-77.069634,38.710045],[-77.069593,38.710053],[-77.069402,38.710045],[-77.069237,38.710066],[-77.069118,38.710082],[-77.06908,38.710082],[-77.068963,38.710069],[-77.068885,38.710053],[-77.068773,38.710018],[-77.06873,38.71001],[-77.068581,38.710012],[-77.068539,38.710007],[-77.068481,38.709992],[-77.068384,38.709993],[-77.068314,38.709983],[-77.068286,38.709986],[-77.068156,38.709977],[-77.067982,38.709944],[-77.067768,38.709968],[-77.067681,38.709955],[-77.067326,38.709959],[-77.067244,38.709943],[-77.067161,38.709937],[-77.066986,38.709949],[-77.066936,38.709947],[-77.066805,38.709926],[-77.066743,38.709933],[-77.066599,38.709928],[-77.066508,38.709935],[-77.066467,38.709931],[-77.066233,38.709937],[-77.066088,38.709928],[-77.065952,38.709928],[-77.065811,38.70992],[-77.065765,38.709927],[-77.065648,38.709914],[-77.065538,38.709912],[-77.065449,38.709902],[-77.065286,38.709901],[-77.065267,38.709913],[-77.065149,38.709917],[-77.064793,38.709917],[-77.064074,38.709891],[-77.063599,38.709857],[-77.063537,38.709848],[-77.063159,38.709826],[-77.063098,38.709813],[-77.063039,38.709807],[-77.062834,38.709814],[-77.062804,38.709809],[-77.062705,38.709811],[-77.062639,38.7098],[-77.062425,38.709811],[-77.06239,38.709805],[-77.062329,38.709803],[-77.062269,38.709807],[-77.062223,38.709817],[-77.062196,38.709829],[-77.062117,38.709848],[-77.062097,38.709857],[-77.062059,38.709864],[-77.0619928,38.7098566],[-77.061961,38.709853],[-77.061926,38.709843],[-77.061897,38.709823],[-77.061858,38.709813],[-77.061792,38.70981],[-77.06148,38.709825],[-77.061412,38.709844],[-77.061388,38.709837],[-77.061324,38.709834],[-77.061204,38.70985],[-77.061176,38.709854],[-77.060849,38.709873],[-77.059916,38.709928],[-77.059683,38.709938],[-77.059198,38.709981],[-77.0591795,38.7100249],[-77.0591398,38.7100528],[-77.0591074,38.7100471],[-77.059066,38.710019],[-77.058983,38.710025],[-77.0589,38.710023],[-77.058835,38.710015],[-77.058771,38.710019],[-77.05871,38.71001],[-77.058528,38.710018],[-77.058466,38.710027],[-77.058364,38.71003],[-77.058312,38.709999],[-77.058239,38.710002],[-77.058201,38.709993],[-77.058159,38.709969],[-77.058121,38.709932],[-77.058065,38.709915],[-77.057983,38.709913],[-77.057948,38.709896],[-77.05788,38.709902],[-77.057794,38.709898],[-77.057638,38.709916],[-77.057525,38.709943],[-77.057367,38.709998],[-77.057218,38.710029],[-77.057118,38.710076],[-77.057056,38.710098],[-77.05695,38.710118],[-77.056704,38.71019],[-77.056608,38.710197],[-77.056508,38.710216],[-77.05638,38.710183],[-77.056298,38.710184],[-77.056107,38.710151],[-77.055888,38.710082],[-77.055775,38.710086],[-77.055724,38.710091],[-77.055622,38.710079],[-77.055521,38.710066],[-77.05549,38.710051],[-77.055399,38.710042],[-77.055351,38.710027],[-77.055278,38.709993],[-77.055241,38.709995],[-77.055203,38.710007],[-77.055108,38.710005],[-77.055057,38.709987],[-77.054991,38.709976],[-77.05484,38.709946],[-77.054781,38.709919],[-77.054609,38.709897],[-77.054552,38.709896],[-77.054477,38.709866],[-77.054374,38.709867],[-77.054322,38.709857],[-77.054201,38.709858],[-77.054053,38.709837],[-77.053956,38.709828],[-77.05373,38.709823],[-77.0535451,38.7098536],[-77.0534833,38.7098892],[-77.0534269,38.7098748],[-77.0533085,38.7099046],[-77.053237,38.709914],[-77.053142,38.709891],[-77.053068,38.709922],[-77.053017,38.709932],[-77.052897,38.710012],[-77.052844,38.710055],[-77.052826,38.710088],[-77.052781,38.710126],[-77.052699,38.710207],[-77.052668,38.710256],[-77.05262,38.7103224],[-77.0526044,38.7103712],[-77.0525937,38.7104049],[-77.052548,38.710426],[-77.052505,38.710462],[-77.052472,38.710506],[-77.0523891,38.7105949],[-77.052351,38.710659],[-77.052332,38.710686],[-77.0522852,38.7107519],[-77.0522101,38.7108354],[-77.052096,38.710928],[-77.052051,38.710974],[-77.051971,38.711027],[-77.051896,38.711087],[-77.051773,38.711148],[-77.051736,38.711178],[-77.051652,38.711227],[-77.051495,38.711296],[-77.051317,38.711388],[-77.051269,38.711409],[-77.051139,38.711447],[-77.051032,38.711502],[-77.050919,38.711541],[-77.050891,38.711567],[-77.050781,38.71163],[-77.050681,38.71169],[-77.050517,38.711758],[-77.0504112,38.7117846],[-77.050337,38.711849],[-77.050308,38.711874],[-77.050261,38.711882],[-77.050089,38.712007],[-77.050045,38.712021],[-77.049897,38.712092],[-77.049807,38.712137],[-77.0497064,38.7121808],[-77.049616,38.712238],[-77.04949,38.712301],[-77.049412,38.712328],[-77.049324,38.712372],[-77.049033,38.712487],[-77.0489461,38.7125114],[-77.0488844,38.7125007],[-77.0487879,38.7125596],[-77.0487635,38.7125994],[-77.0487066,38.7126335],[-77.048668,38.712669],[-77.048619,38.71269],[-77.048578,38.71272],[-77.048454,38.712756],[-77.048409,38.712773],[-77.048335,38.712797],[-77.048315,38.712807],[-77.048262,38.712879],[-77.0482378,38.7129383],[-77.0481575,38.7129531],[-77.048091,38.712973],[-77.0480931,38.7130178],[-77.048073,38.7130684],[-77.048015,38.7131162],[-77.0479295,38.7132043],[-77.0479031,38.7132526],[-77.047752,38.713331],[-77.047681,38.713404],[-77.047604,38.713456],[-77.047558,38.713481],[-77.047441,38.713576],[-77.047352,38.713656],[-77.047307,38.713685],[-77.047233,38.713751],[-77.047164,38.713822],[-77.046919,38.714029],[-77.046756,38.714127],[-77.046679,38.714162],[-77.046582,38.714221],[-77.046415,38.714301],[-77.046196,38.714431],[-77.046165,38.71446],[-77.046143,38.714495],[-77.046132,38.714523],[-77.046098,38.714568],[-77.046075,38.714611],[-77.046065,38.714671],[-77.0460809,38.7147236],[-77.046036,38.714805],[-77.04599,38.714969],[-77.04595,38.715017],[-77.045903,38.715087],[-77.045883,38.715115],[-77.045875,38.715154],[-77.045837,38.715197],[-77.045801,38.715255],[-77.045767,38.715279],[-77.045726,38.715342],[-77.045645,38.715433],[-77.045629,38.715466],[-77.045596,38.715511],[-77.045559,38.715552],[-77.045541,38.715565],[-77.045492,38.715619],[-77.04547,38.715707],[-77.045443,38.715766],[-77.045359,38.715874],[-77.045298,38.715933],[-77.04528,38.715973],[-77.045207,38.716049],[-77.045134,38.716142],[-77.04509,38.716197],[-77.045042,38.716271],[-77.044956,38.716372],[-77.044929,38.716428],[-77.044885,38.716477],[-77.044847,38.716504],[-77.044817,38.716538],[-77.044775,38.716599],[-77.044699,38.716685],[-77.044682,38.716724],[-77.044636,38.716779],[-77.044561,38.716882],[-77.044511,38.716933],[-77.044465,38.717007],[-77.044383,38.717085],[-77.044343,38.71714],[-77.044307,38.717172],[-77.044218,38.717273],[-77.044173,38.717342],[-77.044152,38.717417],[-77.044093,38.717459],[-77.043965,38.717608],[-77.043892,38.717655],[-77.043858,38.717711],[-77.043848,38.717743],[-77.043799,38.717799],[-77.0437265,38.7178721],[-77.04366,38.717926],[-77.0435988,38.7180245],[-77.0435534,38.7181208],[-77.0434942,38.7182383],[-77.0434492,38.7183123],[-77.0434366,38.7183338],[-77.043409,38.718381],[-77.043384,38.718435],[-77.043338,38.718468],[-77.043366,38.718535],[-77.043324,38.718579],[-77.043298,38.718672],[-77.043251,38.718716],[-77.043246,38.718734],[-77.0432812,38.7187882],[-77.043289,38.718863],[-77.043302,38.718944],[-77.043301,38.718981],[-77.04329,38.71903],[-77.0433617,38.7190534],[-77.0433474,38.7191145],[-77.0433252,38.7191666],[-77.0432865,38.7192363],[-77.043263,38.719275],[-77.0432244,38.7193368],[-77.04323,38.719462],[-77.043204,38.719565],[-77.043185,38.7196502],[-77.043178,38.719779],[-77.043082,38.719983],[-77.04307,38.720038],[-77.043038,38.720096],[-77.043019,38.720155],[-77.043016,38.720195],[-77.042993,38.720261],[-77.042984,38.720314],[-77.042968,38.72034],[-77.042945,38.7203988],[-77.042883,38.720582],[-77.042851,38.720654],[-77.042836,38.720804],[-77.04276,38.72099],[-77.0427292,38.7210775],[-77.0426745,38.7210986],[-77.042664,38.721236],[-77.042646,38.72131],[-77.042623,38.721363],[-77.042618,38.721405],[-77.042623,38.721447],[-77.042635,38.721484],[-77.042612,38.721553],[-77.042573,38.721654],[-77.042567,38.721769],[-77.042554,38.721805],[-77.042534,38.721843],[-77.042544,38.721875],[-77.042524,38.722019],[-77.042492,38.722078],[-77.042476,38.722135],[-77.042473,38.722198],[-77.04244,38.722273],[-77.042432,38.722338],[-77.042434,38.722464],[-77.042421,38.722542],[-77.042393,38.722631],[-77.042386,38.72267],[-77.042397,38.72277],[-77.042318,38.723215],[-77.042296,38.723441],[-77.042288,38.723585],[-77.042268,38.723727],[-77.042229,38.723903],[-77.042151,38.724255],[-77.042065,38.724498],[-77.042053,38.724592],[-77.042021,38.724677],[-77.041895,38.724927],[-77.041826,38.725037],[-77.041803,38.725097],[-77.041746,38.725309],[-77.041725,38.725369],[-77.0417,38.725427],[-77.041662,38.725517],[-77.041634,38.725562],[-77.041526,38.725698],[-77.041495,38.725738],[-77.041485,38.725765],[-77.041479,38.725821],[-77.041469,38.725847],[-77.041487,38.72591],[-77.041549,38.726262],[-77.041623,38.726496],[-77.041633,38.726541],[-77.04167,38.726899],[-77.041676,38.727121],[-77.041663,38.727212],[-77.041633,38.727718],[-77.04163,38.727879],[-77.041634,38.727996],[-77.041656,38.728211],[-77.041669,38.728421],[-77.041684,38.728536],[-77.041688,38.728564],[-77.041688,38.728567],[-77.041694,38.728614],[-77.04171,38.72881],[-77.041704,38.729049],[-77.041686,38.729327],[-77.0416532,38.7296783],[-77.041658,38.729829],[-77.041678,38.730023],[-77.04168,38.730194],[-77.0416704,38.7303035],[-77.041663,38.730388],[-77.04171,38.730637],[-77.041746,38.730827],[-77.04175,38.730852],[-77.041694,38.731061],[-77.041663,38.731362],[-77.041707,38.731513],[-77.041742,38.732261],[-77.041761,38.732323],[-77.041765,38.732458],[-77.0417147,38.7329219],[-77.0416717,38.7331083],[-77.041658,38.733238],[-77.041614,38.733507],[-77.041606,38.733662],[-77.041623,38.733811],[-77.0416366,38.7340134],[-77.041678,38.734285],[-77.041681,38.734425],[-77.041699,38.734523],[-77.041734,38.734627],[-77.041734,38.734652],[-77.041714,38.734674],[-77.041653,38.734687],[-77.041696,38.735246],[-77.041712,38.735308],[-77.041764,38.735428],[-77.041761,38.735515],[-77.04175,38.735543],[-77.041741,38.735592],[-77.041742,38.73572],[-77.041753,38.73578],[-77.04177,38.735813],[-77.041795,38.735888],[-77.041798,38.73606],[-77.041814,38.736226],[-77.041816,38.736301],[-77.041831,38.736353],[-77.04184,38.736413],[-77.041834,38.736434],[-77.041764,38.736522],[-77.041706,38.736633],[-77.041637,38.736705],[-77.041607,38.736743],[-77.041588,38.736787],[-77.04159,38.736817],[-77.041638,38.736938],[-77.041741,38.73712],[-77.041752,38.737139],[-77.041765,38.737163],[-77.041827,38.737251],[-77.041889,38.737326],[-77.042155,38.737593],[-77.042279,38.737677],[-77.042308,38.737701],[-77.042382,38.737785],[-77.042566,38.738053],[-77.04253,38.738073],[-77.04265,38.738206],[-77.042809,38.738383],[-77.042835,38.738376],[-77.042856,38.738407],[-77.042956,38.738507],[-77.043125,38.738643],[-77.0431734,38.7386745],[-77.043231,38.738712],[-77.043295,38.738772],[-77.043299,38.738778],[-77.0433054,38.7387878],[-77.0433105,38.7387955],[-77.043353,38.73886],[-77.04342,38.739004],[-77.043467,38.739147],[-77.043478,38.739241],[-77.043465,38.739352],[-77.043452,38.739401],[-77.043421,38.739463],[-77.043354,38.739538],[-77.043311,38.739574],[-77.043241,38.739661],[-77.043184,38.739699],[-77.0431836,38.7396993],[-77.043133,38.739742],[-77.043079,38.739797],[-77.042972,38.739907],[-77.04282,38.740045],[-77.042724,38.740162],[-77.0426758,38.7402509],[-77.042332,38.74087],[-77.04229,38.741024],[-77.042268,38.741155],[-77.042282,38.741285],[-77.0418829,38.7531016],[-77.0416837,38.7589984],[-77.0416155,38.7610371],[-77.041364,38.768554],[-77.0405456,38.7851837],[-77.0403701,38.7902611],[-77.0394045,38.7904032],[-77.0392977,38.7914009],[-77.0389358,38.7916303],[-77.0389584,38.7924177],[-77.0389623,38.7925546],[-77.0389686,38.7927735],[-77.0389721,38.7928944],[-77.0391967,38.800716],[-77.0384058,38.8039979],[-77.03798,38.8063441],[-77.0376312,38.8083609],[-77.0374293,38.809405],[-77.0372163,38.8102766],[-77.0370392,38.8122746],[-77.0372055,38.8145861],[-77.037404,38.8149331],[-77.0378882,38.8153832],[-77.0381003,38.8156153],[-77.0384205,38.8165559],[-77.0386224,38.8175856],[-77.0388977,38.8186009],[-77.0389865,38.8188912],[-77.0388766,38.8192486],[-77.0388972,38.8193995],[-77.0395462,38.8198779],[-77.0399256,38.8203313],[-77.0398521,38.820889],[-77.0395952,38.8211321],[-77.0396463,38.8216539],[-77.0399623,38.8218042],[-77.0403062,38.821913],[-77.0406066,38.82203],[-77.0408963,38.822473],[-77.0410452,38.823034],[-77.0410035,38.8232086],[-77.0407729,38.8234594],[-77.0404295,38.8236433],[-77.0398663,38.8238606],[-77.0391153,38.8241364],[-77.0388739,38.8243955],[-77.0387719,38.8248344],[-77.0386593,38.8252606],[-77.0385359,38.8259293],[-77.038434,38.8264475],[-77.0383951,38.8268868],[-77.0382409,38.8276511],[-77.0380263,38.8283908],[-77.0378761,38.8290971],[-77.0377849,38.8296654],[-77.0378385,38.8301042],[-77.0378761,38.8303925],[-77.0379566,38.8305848],[-77.0380853,38.8310152],[-77.0384823,38.8313871],[-77.0390402,38.8319847],[-77.039472,38.8323179],[-77.040131,38.8326955],[-77.0408593,38.8331112],[-77.0418404,38.8337021],[-77.0420354,38.833736],[-77.0422151,38.8337046],[-77.0424895,38.8335266],[-77.0425504,38.8334435],[-77.0425839,38.833293],[-77.0425136,38.8329574],[-77.042275,38.8325142],[-77.042018,38.8319709],[-77.0418895,38.8315133],[-77.0420362,38.8312962],[-77.0426187,38.8311558],[-77.0427081,38.8311343],[-77.0429724,38.8311988],[-77.0435248,38.8324067],[-77.0438184,38.8331174],[-77.0439819,38.8333149],[-77.0443307,38.8335865],[-77.0448513,38.8347747],[-77.045175,38.8357598],[-77.0452851,38.8370322],[-77.0453952,38.8378614],[-77.0454136,38.8382903],[-77.0454836,38.8386462],[-77.0459459,38.8390338],[-77.0462396,38.8394341],[-77.0462419,38.8398509],[-77.045794,38.8399888],[-77.0459765,38.8403845],[-77.0462133,38.8404844],[-77.0463067,38.8411974],[-77.0461298,38.8411509],[-77.0457417,38.8410073],[-77.0455089,38.8408826],[-77.0451382,38.8405848],[-77.0448529,38.8402643],[-77.0445686,38.8401348],[-77.0444251,38.8401408],[-77.0441081,38.8401466],[-77.0440547,38.8401687],[-77.0434581,38.8403938],[-77.0430022,38.8397504],[-77.0425837,38.8396292],[-77.0420902,38.8395331],[-77.0416503,38.8394412],[-77.041307,38.8394662],[-77.040953,38.8394621],[-77.0406847,38.8393952],[-77.040159,38.8392573],[-77.0396923,38.8392531],[-77.0390432,38.8392573],[-77.0383888,38.8392573],[-77.0377057,38.8392748],[-77.0368116,38.8394203],[-77.0360874,38.8395874],[-77.0353847,38.8397754],[-77.0345235,38.8400531],[-77.0344719,38.8408185],[-77.0341437,38.8410717],[-77.0340729,38.8415573],[-77.033947,38.842437],[-77.0338988,38.8428005],[-77.0336716,38.8431901],[-77.0334249,38.8436664],[-77.0331513,38.8442305],[-77.0329206,38.844995],[-77.032765,38.8456468],[-77.0325397,38.8466203],[-77.0323591,38.8479176],[-77.0322143,38.8490384],[-77.0309984,38.8497653],[-77.0310102,38.8498927],[-77.0321404,38.8511246],[-77.0321999,38.8520619],[-77.0324529,38.8532695],[-77.0325814,38.8542129],[-77.0328713,38.8551604],[-77.0335542,38.8564569],[-77.0343251,38.8578862],[-77.0353146,38.8596552],[-77.0368438,38.8610568],[-77.0372507,38.861073],[-77.0375573,38.8612866],[-77.0378201,38.8619048],[-77.0381098,38.8633918],[-77.0394295,38.8632915],[-77.0397835,38.863208],[-77.0398264,38.8626984],[-77.04032,38.8623768],[-77.0407676,38.8626599],[-77.0411163,38.8628314],[-77.0415201,38.8630886],[-77.0418505,38.863303],[-77.0424195,38.8634173],[-77.0424929,38.8635174],[-77.0415935,38.8635746],[-77.0407859,38.8635317],[-77.0397764,38.8636889],[-77.0390789,38.8637889],[-77.0384182,38.863889],[-77.0380144,38.8640176],[-77.0378125,38.8643606],[-77.0377207,38.8647177],[-77.037777,38.8657096],[-77.0383778,38.8676142],[-77.0393176,38.869291],[-77.0395997,38.8697072],[-77.0403212,38.8707719],[-77.0404152,38.8709106],[-77.0409161,38.8713867],[-77.0434104,38.8739444],[-77.0437104,38.8741686],[-77.0438033,38.8742313],[-77.0440149,38.8743742],[-77.0441216,38.8744602],[-77.0449644,38.8750892],[-77.0453745,38.8753812],[-77.0456195,38.8755486],[-77.0458096,38.8755837],[-77.0460696,38.8755486],[-77.0463497,38.8754707],[-77.0466347,38.8753695],[-77.0469348,38.8752371],[-77.0470748,38.8750658],[-77.0471148,38.8748789],[-77.0470898,38.8747544],[-77.0470098,38.8745441],[-77.0468798,38.8743378],[-77.0466547,38.8740847],[-77.0464097,38.8738705],[-77.0461296,38.8737654],[-77.0460046,38.8736175],[-77.0459446,38.8734267],[-77.0459096,38.873197],[-77.0459046,38.8728894],[-77.0459696,38.872609],[-77.0460746,38.8723598],[-77.0462525,38.8720926],[-77.0462897,38.8720367],[-77.0464847,38.8718108],[-77.0467748,38.8716084],[-77.0471098,38.8714293],[-77.0474549,38.8713241],[-77.047785,38.8712034],[-77.0481351,38.87111],[-77.0485001,38.8710827],[-77.0489152,38.8710944],[-77.0492903,38.8711295],[-77.0496654,38.8712463],[-77.0500155,38.8714293],[-77.0503155,38.8716162],[-77.0505506,38.8718615],[-77.0507056,38.8720406],[-77.0514608,38.8733138],[-77.0515958,38.8736058],[-77.0516608,38.8739017],[-77.0516658,38.8741703],[-77.0515708,38.8747894],[-77.0515458,38.8754707],[-77.0515358,38.8759068],[-77.0515808,38.8761054],[-77.0516508,38.8762884],[-77.0518909,38.8767244],[-77.052211,38.8771215],[-77.052536,38.8775109],[-77.0530061,38.8780209],[-77.0534762,38.8784569],[-77.0540764,38.8789163],[-77.0552866,38.8799792],[-77.0555067,38.8801193],[-77.0557167,38.8801777],[-77.0559968,38.880205],[-77.0565829,38.8802635],[-77.0569772,38.8802592],[-77.0580072,38.8801505],[-77.0583273,38.8801855],[-77.0586024,38.8802867],[-77.0588624,38.8804464],[-77.0590825,38.8806293],[-77.0593075,38.8808941],[-77.059351,38.8809775],[-77.0596426,38.8815364],[-77.0599126,38.8819997],[-77.0602427,38.8825798],[-77.0607741,38.8833515],[-77.0613982,38.8842945],[-77.0617294,38.884925],[-77.0618079,38.8850503],[-77.0618948,38.8851889],[-77.0621281,38.8853944],[-77.0623982,38.8857097],[-77.0625032,38.8859199],[-77.0626182,38.8862741],[-77.0627683,38.8865038],[-77.063197,38.8869662],[-77.0634134,38.8872123],[-77.0636435,38.8875743],[-77.0639495,38.8881949],[-77.064034,38.8883844],[-77.0641536,38.8886526],[-77.0642786,38.8890613],[-77.0643236,38.8892988],[-77.0642886,38.8895363],[-77.0641986,38.8897971],[-77.0640536,38.890198],[-77.0639585,38.8904899],[-77.0639735,38.8905873],[-77.0640285,38.890669],[-77.0641036,38.8906924],[-77.0641736,38.8906573],[-77.0641886,38.8906184],[-77.0641986,38.8905639],[-77.0641936,38.8905016],[-77.0642586,38.8904627],[-77.0643186,38.8904627],[-77.0643686,38.8905055],[-77.0644136,38.8905405],[-77.0646437,38.8908169],[-77.0646487,38.8908987],[-77.0646087,38.8909609],[-77.0644936,38.8910505],[-77.0644236,38.8912179],[-77.0644286,38.8914475],[-77.0644686,38.8916772],[-77.0645987,38.8919107],[-77.0647037,38.8921715],[-77.0650688,38.8928877],[-77.0652288,38.8933821],[-77.0656189,38.8942462],[-77.0656989,38.894363],[-77.0658339,38.894472],[-77.065919,38.8945848],[-77.066004,38.8947756],[-77.066129,38.8949585],[-77.0663341,38.8953672],[-77.0664891,38.8955657],[-77.0666141,38.8958265],[-77.0667291,38.8959861],[-77.0669242,38.8961768],[-77.0669642,38.8963052],[-77.0671442,38.8966478],[-77.0673543,38.8969241],[-77.0674243,38.8969591],[-77.0674893,38.8970097],[-77.0674893,38.8970525],[-77.0674843,38.8971265],[-77.0676143,38.89736],[-77.0676793,38.8974729],[-77.0676843,38.8975391],[-77.0676593,38.8975741],[-77.0676143,38.8975741],[-77.0675643,38.8975469],[-77.0675043,38.8975352],[-77.0674693,38.8975624],[-77.0674693,38.8976325],[-77.0674743,38.8977415],[-77.0675943,38.8982085],[-77.0676393,38.8984265],[-77.0676493,38.898734],[-77.0676043,38.8989403],[-77.0675493,38.8992049],[-77.0675743,38.8993411],[-77.0677094,38.8995202],[-77.0678994,38.8996136],[-77.0680744,38.8996914],[-77.0682795,38.899886],[-77.0684995,38.9000923],[-77.0687196,38.9003453],[-77.0689846,38.900501],[-77.0693247,38.9005788],[-77.0699999,38.9008123],[-77.070495,38.9009525],[-77.07071,38.9010459],[-77.07085,38.9010381],[-77.0709801,38.9010031],[-77.0711701,38.9009875],[-77.0715352,38.9009719],[-77.0720853,38.9009563],[-77.0725704,38.9009602],[-77.0727955,38.9009602],[-77.0730455,38.9009992],[-77.0732506,38.9010303],[-77.0735056,38.9010692],[-77.0736707,38.9011509],[-77.0738357,38.901221],[-77.0740908,38.9012405],[-77.0743958,38.9012599],[-77.0747109,38.9012988],[-77.075166,38.9014467],[-77.0755111,38.9015713],[-77.0761812,38.9017931],[-77.0766142,38.9019089],[-77.0769014,38.9020228],[-77.0770964,38.9020411],[-77.0774465,38.9020266],[-77.0774703,38.9020289],[-77.0776915,38.90205],[-77.0779616,38.9021551],[-77.0781466,38.9022173],[-77.0783117,38.9022368],[-77.0786117,38.9022096],[-77.0787768,38.9022057],[-77.0789068,38.9022251],[-77.0790568,38.9022796],[-77.0792119,38.9022835],[-77.0794219,38.9022641],[-77.0795487,38.9022399],[-77.079707,38.9022096],[-77.079962,38.9021784],[-77.0813681,38.9022088],[-77.0820525,38.9022329],[-77.0826276,38.9022173],[-77.0831027,38.9022602],[-77.0833478,38.9023146],[-77.0837329,38.9024236],[-77.0840429,38.9024742],[-77.084448,38.9024859],[-77.0848981,38.9024781],[-77.0851582,38.9025287],[-77.0856483,38.9025949],[-77.0859784,38.9026377],[-77.0863984,38.9027389],[-77.0866235,38.9028284],[-77.0867735,38.9029374],[-77.0868686,38.9030658],[-77.0870236,38.9031125],[-77.0873737,38.9030736],[-77.0878888,38.9031514],[-77.0883889,38.9032915],[-77.088814,38.9035134],[-77.0894891,38.9039025],[-77.0898092,38.9041049],[-77.0904343,38.9043345],[-77.0908494,38.9045525],[-77.0912979,38.9047228],[-77.0915846,38.9049378],[-77.0919347,38.9051713],[-77.0923097,38.9052725],[-77.0926848,38.9053892],[-77.0931199,38.9056577],[-77.0937501,38.9060236],[-77.0943502,38.9063155],[-77.0949003,38.9066891],[-77.0952304,38.9068447],[-77.0959405,38.907121],[-77.0964206,38.9073818],[-77.0966407,38.9075413],[-77.0974409,38.9082029],[-77.0977959,38.9084053],[-77.0978935,38.9084865],[-77.0980205,38.9085921],[-77.098231,38.9087672],[-77.0988612,38.9093003],[-77.0991662,38.9096311],[-77.0995413,38.909888],[-77.0998614,38.910137],[-77.1000714,38.9103238],[-77.1002115,38.910534],[-77.1003015,38.9106663],[-77.1004965,38.9108141],[-77.1010867,38.9111799],[-77.1014918,38.9114329],[-77.1022269,38.9120866],[-77.1028921,38.9125419],[-77.1032371,38.9128571],[-77.1033922,38.9130634],[-77.1034472,38.9132852],[-77.1034572,38.9135226],[-77.1034422,38.9140634],[-77.1035122,38.9142969],[-77.1034972,38.9146199],[-77.1035572,38.9147561],[-77.1037723,38.9149779],[-77.1039323,38.9151374],[-77.1039473,38.9152853],[-77.1039473,38.9154876],[-77.1040023,38.9158067],[-77.1041023,38.9159702],[-77.1042674,38.9161881],[-77.1044374,38.9163204],[-77.1048225,38.916585],[-77.1049698,38.9167125],[-77.1049875,38.916764],[-77.1050775,38.9169196],[-77.1051826,38.9171686],[-77.1052926,38.9172542],[-77.1054576,38.9173826],[-77.1056177,38.9176005],[-77.1056627,38.9178846],[-77.1056677,38.9180675],[-77.1057777,38.9182153],[-77.1060077,38.9184449],[-77.1060978,38.9186395],[-77.1062064,38.9189706],[-77.1062861,38.9190691],[-77.1066281,38.919378],[-77.1069168,38.9195066],[-77.1070455,38.9196208],[-77.1070646,38.9198759],[-77.1075969,38.9203471],[-77.1078924,38.9207561],[-77.1084666,38.921255],[-77.1087842,38.9215401],[-77.1090468,38.9217397],[-77.1097627,38.9222178],[-77.1104418,38.9228318],[-77.1112494,38.9235458],[-77.1117037,38.9237973],[-77.1118747,38.9239731],[-77.1121862,38.9241726],[-77.1123939,38.924358],[-77.1127298,38.9245528],[-77.1129497,38.9247666],[-77.11335,38.9253713],[-77.1142963,38.9263446],[-77.1147735,38.9269871],[-77.1158197,38.9279438],[-77.1162601,38.9285251],[-77.1164486,38.929021],[-77.1164989,38.9292146],[-77.1165801,38.9295433],[-77.1166273,38.9297429],[-77.1167793,38.9302879],[-77.116761,38.9305064],[-77.116822,38.9306917],[-77.1170312,38.9310708],[-77.1172698,38.9312564],[-77.1174717,38.9318133],[-77.1178316,38.9325141],[-77.1182336,38.9329808],[-77.118465,38.9332812],[-77.1185933,38.9334855],[-77.1187643,38.9336707],[-77.1190025,38.9338133],[-77.1192294,38.9339518],[-77.1197663,38.9342795],[-77.1197949,38.9343511],[-77.120521,38.9350426],[-77.1210548,38.9354619],[-77.121238,38.9358135],[-77.1214518,38.9360463],[-77.1216961,38.9361935],[-77.1220076,38.9363456],[-77.1222152,38.9365166],[-77.1225451,38.9368539],[-77.1228505,38.937063],[-77.1233513,38.9372577],[-77.1236323,38.9374668],[-77.1239583,38.9379016],[-77.1245028,38.9384045],[-77.1248601,38.9388678],[-77.125147,38.9390678],[-77.1255501,38.9393623],[-77.1260172,38.9396751],[-77.1263197,38.9399657],[-77.1267106,38.9401937],[-77.1269488,38.940322],[-77.1271748,38.94036],[-77.1274924,38.9405263],[-77.1278772,38.9407353],[-77.1281154,38.9409158],[-77.1283353,38.9412294],[-77.1285918,38.9416617],[-77.1290438,38.9426023],[-77.1294958,38.9435571],[-77.1297778,38.9441485],[-77.1299722,38.9444312],[-77.1302287,38.944721],[-77.130302,38.9448825],[-77.1305297,38.9454438],[-77.1309738,38.9463978],[-77.1310716,38.9466733],[-77.1312752,38.9469939],[-77.1316117,38.9473703],[-77.1328947,38.9495896],[-77.1337101,38.9510374],[-77.134236,38.952102],[-77.1349874,38.9532713],[-77.1356654,38.954206],[-77.135947,38.954526],[-77.1364543,38.954949],[-77.1368663,38.955221],[-77.1372121,38.9553863],[-77.1373894,38.9554433],[-77.1373894,38.9555004],[-77.1373221,38.9555241],[-77.1373099,38.9555811],[-77.1373588,38.9557095],[-77.1378905,38.95618],[-77.1388133,38.9569054],[-77.1394246,38.9574442],[-77.1400895,38.9578713],[-77.1406851,38.9583741],[-77.1412825,38.9590078],[-77.1422115,38.9601578],[-77.1428802,38.9610204],[-77.1440634,38.9622726],[-77.1446839,38.9627934],[-77.1454686,38.963455],[-77.1459213,38.9638218],[-77.1464653,38.9641925],[-77.1468381,38.9644491],[-77.147162,38.9645869],[-77.1476937,38.9647723],[-77.1481766,38.9649338],[-77.1489344,38.9651619],[-77.1499062,38.9654375],[-77.150389,38.9655849],[-77.151033,38.9657658],[-77.1517336,38.9658415],[-77.1524262,38.9658894],[-77.1535243,38.9659127],[-77.1541477,38.9658937],[-77.1547284,38.9659032],[-77.1552234,38.965965],[-77.1557918,38.9660886],[-77.1562135,38.9661979],[-77.1568369,38.9662691],[-77.1572586,38.9662929],[-77.1575703,38.9662644],[-77.1578698,38.9661646],[-77.1581326,38.9660553],[-77.1584015,38.966003],[-77.1587988,38.9660458],[-77.1590616,38.9660791],[-77.1593672,38.9661789],[-77.1596422,38.9662311],[-77.1599845,38.9662406],[-77.1605528,38.9663309],[-77.1609807,38.9664117],[-77.1614146,38.9665543],[-77.161873,38.9667966],[-77.1623436,38.9670675],[-77.1627592,38.9673288],[-77.1632481,38.9675332],[-77.1636759,38.967652],[-77.1641527,38.9677565],[-77.1645071,38.967804],[-77.1648066,38.9677945],[-77.1651367,38.9678468],[-77.165375,38.9679228],[-77.1656867,38.9680986],[-77.1658273,38.9681557],[-77.1660106,38.9681557],[-77.1662612,38.9680939],[-77.166524,38.9680131],[-77.1667013,38.9679466],[-77.1668357,38.9679466],[-77.1669641,38.9679656],[-77.1671107,38.9679656],[-77.1672208,38.967861],[-77.1674591,38.9676425],[-77.1678014,38.9674144],[-77.1681742,38.9672623],[-77.1686387,38.967134],[-77.1692437,38.967077],[-77.1697877,38.9670342],[-77.1703377,38.9670675],[-77.170955,38.9671102],[-77.1714806,38.9671815],[-77.1717312,38.9672433],[-77.1719818,38.9673859],[-77.1722324,38.9674904],[-77.1726296,38.9676044],[-77.1731614,38.967728],[-77.1734853,38.9677755],[-77.1739865,38.9678753],[-77.1742431,38.9679323],[-77.1744815,38.9680084],[-77.1745976,38.9680796],[-77.1748543,38.9680796],[-77.1753371,38.9680274],[-77.1756611,38.9680464],[-77.1759972,38.9681319],[-77.1763028,38.9681224],[-77.1767245,38.9680844],[-77.1772135,38.9680749],[-77.1774824,38.9681271],[-77.177542,38.968165],[-77.1777818,38.9682127],[-77.1781363,38.9682317],[-77.1784602,38.9682174],[-77.1788514,38.9681842],[-77.1790653,38.9682174],[-77.1792364,38.9683505],[-77.1793953,38.968436],[-77.179635,38.9684862],[-77.1798293,38.968474],[-77.1801043,38.9684265],[-77.180361,38.9684313],[-77.1806238,38.968493],[-77.1810272,38.9686974],[-77.1812839,38.9687591],[-77.1815528,38.9687877],[-77.1818828,38.9687781],[-77.1822862,38.9687259],[-77.182604,38.9686736],[-77.1829035,38.9686831],[-77.1831174,38.9686594],[-77.1833374,38.9684978],[-77.1835208,38.968341],[-77.1837225,38.9681699],[-77.1838325,38.9680226],[-77.1839486,38.9680274],[-77.1840097,38.9681224],[-77.1841564,38.9681271],[-77.1843336,38.9681129],[-77.1845964,38.9679751],[-77.1848287,38.9678943],[-77.1850609,38.9678896],[-77.1852809,38.9679181],[-77.1856354,38.9679323],[-77.1859043,38.9679133],[-77.1863199,38.9678468],[-77.1865889,38.9677803],[-77.1868394,38.967747],[-77.1873773,38.967766],[-77.1878907,38.9678088],[-77.1882757,38.9677708],[-77.1885568,38.9676852],[-77.1887585,38.967633],[-77.1889297,38.967633],[-77.189168,38.9677042],[-77.1895286,38.967766],[-77.1898709,38.9678278],[-77.190427,38.9679846],[-77.1910076,38.9680559],[-77.1914844,38.9681224],[-77.191955,38.9681271],[-77.1924622,38.9680986],[-77.1930245,38.9680654],[-77.1933301,38.9680654],[-77.1936174,38.9681034],[-77.193764,38.9681842],[-77.1939596,38.9682174],[-77.1941919,38.9682269],[-77.1943324,38.9681557],[-77.1944608,38.9680274],[-77.1944852,38.967861],[-77.1945586,38.9676995],[-77.1947847,38.9675854],[-77.1950536,38.9675047],[-77.1953286,38.9674476],[-77.1955853,38.9674191],[-77.1957809,38.9673668],[-77.1959276,38.9672243],[-77.1960621,38.967172],[-77.1961965,38.9672195],[-77.1963799,38.9671815],[-77.1965632,38.967077],[-77.1968566,38.9669249],[-77.1971377,38.9668489],[-77.1973272,38.9667586],[-77.1974128,38.9666826],[-77.1975533,38.9666826],[-77.1976572,38.9667206],[-77.1979995,38.9668536],[-77.1984701,38.9669914],[-77.1989101,38.9670722],[-77.1993318,38.9670865],[-77.1995824,38.9670437],[-77.1997291,38.9670675],[-77.1998147,38.967134],[-77.1999919,38.9671768],[-77.2002119,38.9672148],[-77.2005481,38.9673241],[-77.2010187,38.9674001],[-77.2012081,38.9674999],[-77.2015932,38.9677375],[-77.2017765,38.9678135],[-77.2019843,38.9678325],[-77.2023633,38.9679228],[-77.202675,38.9680084],[-77.203005,38.9680749],[-77.20306,38.9681271],[-77.2030172,38.9681794],[-77.2030417,38.9682602],[-77.2031028,38.9683362],[-77.2033717,38.9684693],[-77.2040807,38.9687924],[-77.2045207,38.9688684],[-77.2047713,38.9688779],[-77.2053123,38.9688794],[-77.2054558,38.9689207],[-77.2055597,38.969049],[-77.2057064,38.9693103],[-77.2059997,38.9696097],[-77.2062564,38.9697855],[-77.2066843,38.9699898],[-77.2072282,38.9701181],[-77.2075277,38.9701847],[-77.2079922,38.9702654],[-77.2084628,38.9702512],[-77.2090006,38.9702559],[-77.2095262,38.9702037],[-77.2100274,38.9701229],[-77.2103513,38.9700374],[-77.2105713,38.9699233],[-77.2107791,38.9696952],[-77.2109564,38.9694909],[-77.2111764,38.9693294],[-77.2113842,38.9693151],[-77.2116776,38.9693531],[-77.2119098,38.9694149],[-77.2123498,38.9696525],[-77.2125533,38.9697535],[-77.2126671,38.9697717],[-77.2127838,38.9697903],[-77.2130527,38.9697998],[-77.2132972,38.969776],[-77.2136578,38.9698425],[-77.2138717,38.9699328],[-77.214055,38.9700611],[-77.2142323,38.9702654],[-77.2145012,38.9704603],[-77.2148801,38.9705933],[-77.2151979,38.9706266],[-77.2153813,38.9706028],[-77.2155279,38.970541],[-77.2156807,38.9705601],[-77.2158824,38.9706313],[-77.2160719,38.9707691],[-77.2164875,38.9708927],[-77.2168603,38.9709735],[-77.2174226,38.9711112],[-77.217771,38.9711445],[-77.2181254,38.9712395],[-77.2185349,38.9714344],[-77.2188222,38.9715674],[-77.2191217,38.9716482],[-77.21936,38.9716387],[-77.2195923,38.9715959],[-77.2199467,38.9714629],[-77.2203257,38.9713488],[-77.220674,38.9713441],[-77.220998,38.9713346],[-77.2213463,38.9713821],[-77.2217436,38.9715151],[-77.2221225,38.9716624],[-77.2228498,38.9718668],[-77.2234121,38.9720283],[-77.2236627,38.9721328],[-77.2239071,38.9722706],[-77.2243655,38.9725842],[-77.2248056,38.9728883],[-77.2251234,38.9731402],[-77.2258507,38.9737009],[-77.2260951,38.9739764],[-77.2262846,38.9741903],[-77.2265596,38.9744468],[-77.2267002,38.9747414],[-77.2268286,38.9750978],[-77.2269325,38.9753258],[-77.2270914,38.9757202],[-77.227238,38.9762001],[-77.2274581,38.9767275],[-77.2276109,38.9771313],[-77.2278187,38.9774782],[-77.2279776,38.9776492],[-77.2281609,38.977882],[-77.2282159,38.9780768],[-77.2284726,38.9784237],[-77.2287721,38.9788655],[-77.2291082,38.9792029],[-77.229371,38.9794547],[-77.2296493,38.979681],[-77.2298534,38.9797738],[-77.2300114,38.9798083],[-77.230306,38.9798337],[-77.2305275,38.9797559],[-77.2306423,38.9795877],[-77.2307471,38.9795223],[-77.2308222,38.9794609],[-77.2309339,38.979419],[-77.2310784,38.979413],[-77.2311708,38.9793876],[-77.2312113,38.97941],[-77.2310707,38.9795223],[-77.2310302,38.9795942],[-77.2311169,38.9797125],[-77.2312228,38.9797933],[-77.2314944,38.9798816],[-77.2317255,38.9798697],[-77.2318622,38.9798053],[-77.2319816,38.9797229],[-77.2320394,38.9795972],[-77.2320414,38.9794894],[-77.2320471,38.9794549],[-77.2320722,38.979425],[-77.2321415,38.9793861],[-77.2323842,38.9792902],[-77.2325036,38.9791795],[-77.2326692,38.9789968],[-77.2327936,38.9787325],[-77.2328608,38.9785424],[-77.2328907,38.9783919],[-77.2329485,38.9782137],[-77.233066,38.978085],[-77.2332037,38.9780071],[-77.2334839,38.977796],[-77.2335667,38.977519],[-77.2335706,38.9773918],[-77.2336881,38.9773229],[-77.233961,38.9769745],[-77.2341688,38.976699],[-77.2343121,38.9764799],[-77.2344316,38.9763236],[-77.2345844,38.9762191],[-77.2347799,38.9761146],[-77.2349144,38.9760861],[-77.2350061,38.9762143],[-77.2350672,38.9763379],[-77.2351955,38.9765374],[-77.2354339,38.9767132],[-77.2356722,38.976813],[-77.2358311,38.9768463],[-77.2360512,38.976946],[-77.2362834,38.9771979],[-77.2366379,38.9775542],[-77.2370107,38.9780341],[-77.2372857,38.9783286],[-77.237628,38.9786327],[-77.2379214,38.978913],[-77.2381719,38.9792551],[-77.2384898,38.9795354],[-77.2389848,38.9799868],[-77.2390826,38.9800675],[-77.2392109,38.9800628],[-77.2392965,38.9800818],[-77.2394126,38.9801103],[-77.2394371,38.9802243],[-77.2395349,38.9803811],[-77.2396082,38.9804904],[-77.2397549,38.9807089],[-77.2399443,38.980842],[-77.2401766,38.9810558],[-77.2403233,38.981165],[-77.2404333,38.9811745],[-77.2405922,38.9811508],[-77.240745,38.981184],[-77.2409589,38.9812505],[-77.2412461,38.9814358],[-77.2415028,38.9815926],[-77.2417718,38.9817399],[-77.2420896,38.9818777],[-77.242334,38.982044],[-77.2425907,38.982101],[-77.2428352,38.9821152],[-77.2431958,38.9821485],[-77.2434342,38.9821912],[-77.2435808,38.9822482],[-77.2436786,38.9823243],[-77.243807,38.9823575],[-77.2438986,38.9823195],[-77.2439536,38.982272],[-77.2440209,38.9822625],[-77.2441003,38.98231],[-77.2441614,38.9823955],[-77.2442287,38.9824715],[-77.2444243,38.9825333],[-77.244577,38.9825998],[-77.2447237,38.9827091],[-77.2447787,38.9828659],[-77.2449193,38.9833172],[-77.2449926,38.9836878],[-77.2450782,38.9838398],[-77.2451393,38.9841676],[-77.2453349,38.9844194],[-77.2454449,38.9846997],[-77.2455121,38.984923],[-77.2457138,38.9853173],[-77.2458483,38.9855025],[-77.2460194,38.9858256],[-77.2460805,38.9860631],[-77.2462333,38.9865524],[-77.2465878,38.9873648],[-77.2468628,38.9878446],[-77.2471684,38.9885904],[-77.2473273,38.9891462],[-77.247529,38.9896023],[-77.2478163,38.9902341],[-77.2479691,38.9906426],[-77.2480363,38.9908849],[-77.2480302,38.9911081],[-77.2480852,38.9913599],[-77.248183,38.9915642],[-77.2482563,38.9918587],[-77.2482808,38.9921722],[-77.2483847,38.9924857],[-77.2485436,38.992728],[-77.2488553,38.9931032],[-77.2491425,38.9936258],[-77.2493381,38.9938015],[-77.2495092,38.9938918],[-77.2497048,38.9938823],[-77.2498698,38.9938775],[-77.249937,38.9939583],[-77.2499248,38.9940723],[-77.2498637,38.9941673],[-77.2498637,38.9942813],[-77.2500471,38.9945663],[-77.2503588,38.9946518],[-77.2506949,38.9947705],[-77.2508966,38.9949083],[-77.2510249,38.994951],[-77.2511961,38.9949415],[-77.2513794,38.9949273],[-77.2516483,38.9949843],[-77.2521678,38.9951695],[-77.2525101,38.995236],[-77.2527912,38.995331],[-77.2528829,38.995426],[-77.2529257,38.995616],[-77.2529685,38.9958108],[-77.2531151,38.996205],[-77.2532129,38.9963665],[-77.2535369,38.9967513],[-77.2537324,38.9971123],[-77.2539402,38.997744],[-77.2540747,38.9982522],[-77.2541725,38.9988365],[-77.2542214,38.9991499],[-77.2543436,38.9993922],[-77.254527,38.9996819],[-77.2546064,38.9998672],[-77.2546736,39.0001046],[-77.2548998,39.0004561],[-77.2551198,39.0008266],[-77.2553887,39.0012968],[-77.2557126,39.0016625],[-77.2558532,39.0019475],[-77.2559021,39.0021137],[-77.255896,39.0022847],[-77.2558777,39.0025175],[-77.2557921,39.0036383],[-77.2556821,39.0041323],[-77.2555232,39.0045027],[-77.2553887,39.0047355],[-77.2550831,39.0053861],[-77.2549242,39.0058516],[-77.2547592,39.0062552],[-77.2545173,39.0065574],[-77.2544255,39.0068236],[-77.2541625,39.0073514],[-77.2537403,39.0080978],[-77.2533854,39.0087253],[-77.2530489,39.0092768],[-77.2528715,39.0095383],[-77.2523943,39.0100802],[-77.2520089,39.0105984],[-77.2517091,39.0110025],[-77.2514827,39.0114161],[-77.2510544,39.0118915],[-77.2496904,39.0126037],[-77.248546,39.0132131],[-77.2479709,39.0135886],[-77.2473835,39.0140307],[-77.2470409,39.0143255],[-77.2465943,39.0148626],[-77.2464352,39.0152144],[-77.2463801,39.0154141],[-77.2463618,39.0156993],[-77.2463006,39.0159655],[-77.2461599,39.016303],[-77.2460436,39.0163838],[-77.2459213,39.0164076],[-77.2457133,39.0165169],[-77.2454624,39.0167641],[-77.2452177,39.0171349],[-77.245062,39.0174823],[-77.2449974,39.0177338],[-77.244984,39.0181969],[-77.2448445,39.0183375],[-77.2447527,39.0184611],[-77.2447038,39.0186275],[-77.2446487,39.0189222],[-77.2445175,39.0193464],[-77.2446242,39.0194973],[-77.2446426,39.0196827],[-77.244612,39.0199584],[-77.2445569,39.0201486],[-77.2445263,39.0204908],[-77.2446181,39.0211277],[-77.2447282,39.0215555],[-77.2447772,39.0221402],[-77.2448873,39.0223826],[-77.245285,39.0230908],[-77.245493,39.0234378],[-77.245542,39.0236184],[-77.2455909,39.0239131],[-77.2456827,39.0240747],[-77.2458295,39.0241888],[-77.2460375,39.0243694],[-77.2460987,39.0245358],[-77.2462333,39.0248067],[-77.2465637,39.0252107],[-77.2471266,39.0257335],[-77.2476955,39.0262088],[-77.2482328,39.0266182],[-77.2486622,39.026822],[-77.2491456,39.0269645],[-77.2498736,39.0271119],[-77.250371,39.027146],[-77.2512899,39.027688],[-77.2518008,39.0279531],[-77.2524004,39.0283191],[-77.2529816,39.0287326],[-77.2534466,39.0289512],[-77.2540034,39.0291841],[-77.2547131,39.0294313],[-77.2559612,39.0298352],[-77.2565363,39.0300063],[-77.2573745,39.0301774],[-77.2582043,39.0303586],[-77.2590937,39.0305529],[-77.2601277,39.0307287],[-77.2614431,39.0309996],[-77.2622751,39.031166],[-77.2627095,39.0313181],[-77.2632602,39.0314559],[-77.2638659,39.0315652],[-77.2645633,39.0316745],[-77.2650344,39.0317505],[-77.2658237,39.0319026],[-77.2667231,39.03205],[-77.2673961,39.0321545],[-77.268306,39.0323144],[-77.2693906,39.0325632],[-77.2701064,39.0327866],[-77.2708925,39.0330414],[-77.2721621,39.0334662],[-77.2727189,39.0337133],[-77.2729819,39.0337846],[-77.2733062,39.0338131],[-77.2736549,39.0338179],[-77.2739547,39.0338607],[-77.2743035,39.0339795],[-77.27474,39.0341571],[-77.2755332,39.0344785],[-77.2759737,39.0347113],[-77.2766284,39.0351295],[-77.2772708,39.035505],[-77.2778861,39.0359757],[-77.2784577,39.0364792],[-77.2791307,39.0369307],[-77.2796691,39.0373584],[-77.2805256,39.0380094],[-77.2811681,39.0384941],[-77.2817248,39.0388791],[-77.2821837,39.0392212],[-77.2826854,39.0394873],[-77.2831075,39.0397059],[-77.2836949,39.039953],[-77.2839641,39.0401193],[-77.2845086,39.0403854],[-77.2851143,39.0407276],[-77.2854997,39.0410982],[-77.2858362,39.0413596],[-77.2862523,39.0416305],[-77.2866193,39.0418633],[-77.2869497,39.0421152],[-77.2871149,39.0424193],[-77.2873168,39.0427472],[-77.2874881,39.0428422],[-77.2883263,39.043536],[-77.2887118,39.0439351],[-77.2892563,39.044263],[-77.2897151,39.0445196],[-77.2901801,39.0447381],[-77.2903843,39.0448547],[-77.2910122,39.0452133],[-77.291624,39.0455792],[-77.2920768,39.0458025],[-77.2923031,39.0459593],[-77.2928905,39.0462919],[-77.2932392,39.0464867],[-77.2936002,39.0466673],[-77.294732,39.047171],[-77.2959618,39.0476129],[-77.2967939,39.0478694],[-77.2986232,39.0484206],[-77.2992044,39.0485964],[-77.299492,39.0487437],[-77.2998285,39.0489813],[-77.3000548,39.0490953],[-77.3003913,39.0492236],[-77.3007768,39.0493757],[-77.3010276,39.0495229],[-77.301511,39.0497938],[-77.3022023,39.0500979],[-77.3032914,39.0505777],[-77.3039399,39.0509293],[-77.3045762,39.0512287],[-77.3051941,39.0514662],[-77.3057876,39.0516563],[-77.3062954,39.0517798],[-77.3072131,39.0519889],[-77.3078433,39.0520934],[-77.3086325,39.0521314],[-77.3091097,39.0521314],[-77.3094891,39.0521077],[-77.3101315,39.0519984],[-77.3107984,39.0518606],[-77.3114775,39.0517703],[-77.3122239,39.0517466],[-77.3128418,39.0517893],[-77.313576,39.0519319],[-77.3138574,39.0519794],[-77.3142857,39.0519746],[-77.3147385,39.0520174],[-77.3148914,39.0520791],[-77.3150321,39.0521314],[-77.3153503,39.0524117],[-77.3162435,39.0530341],[-77.3168309,39.0534712],[-77.317253,39.053723],[-77.3178832,39.0542267],[-77.3184522,39.0545402],[-77.3190334,39.0547968],[-77.3196452,39.0550296],[-77.3202754,39.0552576],[-77.3208383,39.0553907],[-77.3212421,39.0554904],[-77.3216581,39.0555284],[-77.3220803,39.0555189],[-77.3225024,39.0554477],[-77.3228328,39.0554097],[-77.323206,39.0554097],[-77.3234324,39.0554477],[-77.3240197,39.0556947],[-77.3244725,39.0558943],[-77.32476,39.0560273],[-77.3251455,39.0562411],[-77.3253535,39.0564264],[-77.3255615,39.0566212],[-77.3258185,39.0567352],[-77.3260754,39.0568492],[-77.3262467,39.0569965],[-77.3263324,39.0570915],[-77.3265649,39.0572578],[-77.3267301,39.0573053],[-77.3269014,39.0573243],[-77.3271155,39.0573433],[-77.3272807,39.057386],[-77.3274275,39.0574383],[-77.3275499,39.0574526],[-77.3276906,39.057386],[-77.3278558,39.0574145],[-77.3280455,39.0575333],[-77.328174,39.0576331],[-77.3282748,39.0577059],[-77.328437,39.0578231],[-77.3289995,39.058057],[-77.3294832,39.0582269],[-77.3297341,39.0582602],[-77.3303153,39.0583552],[-77.3309027,39.0584787],[-77.3315084,39.0586023],[-77.3319733,39.0587638],[-77.3324383,39.0589301],[-77.3328115,39.0590963],[-77.3330746,39.0591961],[-77.3335396,39.0593101],[-77.3337476,39.0593339],[-77.3337843,39.0594336],[-77.3337415,39.0595429],[-77.3337354,39.0597092],[-77.3337843,39.0598564],[-77.3337904,39.0600037],[-77.333717,39.0600892],[-77.3336987,39.0602365],[-77.3337598,39.0605215],[-77.3338354,39.0608301],[-77.3338966,39.0609869],[-77.3339762,39.0610772],[-77.3341169,39.0611627],[-77.3343983,39.0612815],[-77.3355547,39.0616805],[-77.336087,39.0618563],[-77.3365153,39.0619656],[-77.3375737,39.0622031],[-77.3395805,39.0627019],[-77.3399354,39.0627732],[-77.3404065,39.0628254],[-77.3409143,39.0628539],[-77.3420615,39.0628634],[-77.3424874,39.0628681],[-77.3439306,39.0627827],[-77.3452889,39.0626687],[-77.3465615,39.0625451],[-77.3476077,39.0624691],[-77.3492903,39.0623551],[-77.3504161,39.0622411],[-77.3512726,39.0621983],[-77.3520741,39.0621841],[-77.3528695,39.0622126],[-77.3541727,39.0622886],[-77.3552556,39.0623409],[-77.3566996,39.0624786],[-77.3573848,39.0625309],[-77.3580884,39.0625499],[-77.3587614,39.0625261],[-77.3596058,39.0624596],[-77.3604378,39.0624216],[-77.3617166,39.0623646],[-77.3624018,39.0623266],[-77.363601,39.0622601],[-77.3639865,39.0622411],[-77.3641761,39.0622849],[-77.3642128,39.0622934],[-77.3643169,39.0623076],[-77.3644753,39.0622787],[-77.3645249,39.0622696],[-77.3647145,39.0622031],[-77.3648063,39.0621556],[-77.3648691,39.0621417],[-77.3650205,39.0621081],[-77.3653692,39.0620606],[-77.3657424,39.0620273],[-77.3664399,39.0619038],[-77.3674062,39.0617129],[-77.3677659,39.0616144],[-77.3679756,39.061557],[-77.3683794,39.061462],[-77.3687465,39.0614335],[-77.3691687,39.0614335],[-77.3697132,39.0614192],[-77.37027,39.0614097],[-77.3708023,39.0614287],[-77.3712795,39.0614762],[-77.3717384,39.061519],[-77.3719586,39.0616188],[-77.372234,39.0616568],[-77.3726622,39.061652],[-77.3733414,39.0616568],[-77.3739165,39.0616378],[-77.3744916,39.061709],[-77.3751279,39.061842],[-77.3755746,39.0619846],[-77.3759417,39.0620511],[-77.3763026,39.0620701],[-77.3765841,39.0621223],[-77.3767126,39.0622078],[-77.3768105,39.0622744],[-77.3770246,39.0623029],[-77.3772754,39.0622981],[-77.3776425,39.0623599],[-77.3779056,39.0623979],[-77.3785297,39.0624929],[-77.3790742,39.0625119],[-77.3795453,39.0625404],[-77.3799553,39.0625974],[-77.3803285,39.0626116],[-77.3807812,39.0625736],[-77.3811422,39.0625831],[-77.3815338,39.0625546],[-77.38165,39.0625879],[-77.381754,39.0626497],[-77.3818581,39.0626497],[-77.3819682,39.0626164],[-77.3820416,39.0625451],[-77.382164,39.0624976],[-77.3825372,39.0624929],[-77.3827758,39.0624644],[-77.3828982,39.0623979],[-77.3830083,39.0623219],[-77.3831368,39.0622744],[-77.3833509,39.0622839],[-77.3834794,39.0623171],[-77.3836385,39.0622934],[-77.3839628,39.0622173],[-77.3841769,39.0621746],[-77.3846725,39.0621793],[-77.3849356,39.0621223],[-77.3854006,39.0620938],[-77.385578,39.0621271],[-77.385786,39.0621081],[-77.3859818,39.0621556],[-77.3862449,39.0622126],[-77.3865814,39.0622316],[-77.3872299,39.0622981],[-77.3878112,39.0623931],[-77.3884597,39.0625024],[-77.390639,39.0628042],[-77.3919716,39.063101],[-77.3922837,39.063158],[-77.3926385,39.0631722],[-77.3928221,39.0631817],[-77.3930546,39.0632815],[-77.393336,39.0633812],[-77.393593,39.0634145],[-77.3937949,39.063443],[-77.3940886,39.0635523],[-77.3943822,39.0636425],[-77.3948228,39.063728],[-77.3959137,39.0640549],[-77.3965542,39.0641983],[-77.3972953,39.0644334],[-77.3979431,39.0645594],[-77.3985549,39.0646449],[-77.3990138,39.0647304],[-77.3993564,39.0647589],[-77.3997358,39.0647494],[-77.3999805,39.0647446],[-77.4004027,39.0646781],[-77.4007575,39.0645879],[-77.401247,39.0645214],[-77.4018099,39.0644976],[-77.4024095,39.0645024],[-77.4039574,39.0644359],[-77.4047528,39.0644739],[-77.4061172,39.0646164],[-77.4071512,39.0647589],[-77.4078792,39.0648777],[-77.4086746,39.0650107],[-77.409366,39.0651247],[-77.4099595,39.0652387],[-77.4103021,39.0653337],[-77.4107793,39.0654335],[-77.4111587,39.065538],[-77.4116359,39.0656472],[-77.4120642,39.0657517],[-77.4125475,39.0658325],[-77.413245,39.0659892],[-77.4140587,39.0661603],[-77.4148052,39.0663028],[-77.4152518,39.0663598],[-77.4158086,39.0664215],[-77.4162246,39.0664595],[-77.4171118,39.0664453],[-77.4182498,39.06645],[-77.4192287,39.06645],[-77.4197243,39.066412],[-77.4201097,39.0664025],[-77.4205013,39.0664168],[-77.420795,39.0665118],[-77.4211009,39.0665735],[-77.4214558,39.0665973],[-77.4218045,39.06664],[-77.4224102,39.0667683],[-77.422967,39.0669251],[-77.4232272,39.0670094],[-77.4233035,39.0670343],[-77.4236155,39.0671151],[-77.4240744,39.0671911],[-77.4245883,39.0672861],[-77.4254325,39.0674359],[-77.4267175,39.0676804],[-77.4269378,39.0677754],[-77.4271764,39.0678419],[-77.4273722,39.0678704],[-77.4276781,39.0679464],[-77.428033,39.0680604],[-77.4286387,39.0683216],[-77.429018,39.0685259],[-77.4297033,39.0687634],[-77.4306822,39.0690959],[-77.4310554,39.0692337],[-77.4313307,39.0692954],[-77.4319426,39.0694569],[-77.4326645,39.0696945],[-77.4329888,39.0697705],[-77.4336863,39.0699035],[-77.4361091,39.070369],[-77.4372043,39.0705637],[-77.4378161,39.0707015],[-77.4382934,39.0707347],[-77.4386238,39.0707395],[-77.4389297,39.0707585],[-77.4392968,39.0708297],[-77.439566,39.0709295],[-77.4398597,39.070977],[-77.4402206,39.0710102],[-77.4408753,39.071129],[-77.4419154,39.071224],[-77.4423192,39.0712525],[-77.4426924,39.0713],[-77.4429739,39.0713047],[-77.4433104,39.071281],[-77.443702,39.0712715],[-77.4441364,39.0712525],[-77.4444239,39.071281],[-77.4448828,39.0714045],[-77.4452254,39.0714567],[-77.4461064,39.071604],[-77.4472995,39.071813],[-77.4475565,39.0718842],[-77.4480643,39.0719792],[-77.4490799,39.0721882],[-77.4494593,39.0722785],[-77.4497652,39.0723022],[-77.4501323,39.0723117],[-77.4505422,39.0723735],[-77.4514967,39.0723782],[-77.451876,39.0723925],[-77.4522554,39.0724067],[-77.4526225,39.072459],[-77.4532037,39.072573],[-77.4538182,39.072655],[-77.4554851,39.073058],[-77.457085,39.0734364],[-77.4577985,39.073656],[-77.4585304,39.0739964],[-77.4605516,39.0748881],[-77.4606531,39.0749473],[-77.460885,39.0750826],[-77.4614206,39.0754086],[-77.4618427,39.0757554],[-77.4622466,39.0761923],[-77.462528,39.0766768],[-77.4628558,39.0773973],[-77.4631947,39.0781932],[-77.4633111,39.0784722],[-77.4636354,39.0788854],[-77.4638128,39.0790658],[-77.4639964,39.0793271],[-77.4640331,39.079536],[-77.464131,39.079745],[-77.4646074,39.0803316],[-77.4651548,39.0810992],[-77.4658013,39.0819392],[-77.4663397,39.0825329],[-77.4668047,39.0830031],[-77.467184,39.0834542],[-77.4676796,39.0840242],[-77.4684566,39.0849265],[-77.4686463,39.0851972],[-77.4688237,39.0854916],[-77.46894,39.0858146],[-77.4689889,39.0861138],[-77.46894,39.0864509],[-77.4688421,39.0868166],[-77.4685761,39.087347],[-77.4681997,39.0880751],[-77.4680895,39.0883458],[-77.4680712,39.088436],[-77.4681079,39.088569],[-77.4685056,39.0892101],[-77.4687381,39.0895662],[-77.4688543,39.0898084],[-77.4689278,39.0901266],[-77.4690256,39.0902928],[-77.4693499,39.0906584],[-77.4695457,39.0908864],[-77.4699985,39.0911808],[-77.4701025,39.0912188],[-77.4702004,39.0912235],[-77.4702554,39.0911998],[-77.4703839,39.0910241],[-77.4711671,39.0917079],[-77.4715953,39.0921163],[-77.4717544,39.0923395],[-77.4719991,39.0925674],[-77.4724403,39.0929055],[-77.4726966,39.09318],[-77.4730288,39.0936628],[-77.4733329,39.0942341],[-77.4738469,39.0949749],[-77.4741834,39.0955589],[-77.4743669,39.096048],[-77.4745627,39.0965276],[-77.475002,39.0974422],[-77.4756438,39.098985],[-77.4758904,39.0993053],[-77.4762208,39.0997327],[-77.4765145,39.100198],[-77.4767747,39.1007738],[-77.4769495,39.1009746],[-77.4771006,39.1011481],[-77.4773282,39.1014515],[-77.4776115,39.1018391],[-77.477836,39.1020544],[-77.4780685,39.1023726],[-77.4783867,39.1028663],[-77.4789373,39.1035928],[-77.4793717,39.1041008],[-77.4802466,39.1050503],[-77.4805036,39.1053589],[-77.4807544,39.1056486],[-77.4817229,39.1064528],[-77.4823391,39.1069874],[-77.4828653,39.1073909],[-77.4831406,39.1076141],[-77.4835628,39.1080841],[-77.4837402,39.1082835],[-77.4839115,39.1084259],[-77.4840767,39.1084449],[-77.4846142,39.1087141],[-77.4853778,39.1094224],[-77.4859856,39.1098122],[-77.4864628,39.1100828],[-77.4868238,39.1102157],[-77.4872749,39.1103697],[-77.487711,39.110624],[-77.4881209,39.1108234],[-77.4898131,39.1115133],[-77.4905132,39.1117491],[-77.4908619,39.1118535],[-77.491125,39.1120007],[-77.4914982,39.1121384],[-77.4922202,39.1124042],[-77.4946686,39.1131387],[-77.4954323,39.1133727],[-77.4960258,39.1134913],[-77.496295,39.1135341],[-77.4964479,39.113591],[-77.4967416,39.113629],[-77.4976471,39.1137572],[-77.498161,39.1137619],[-77.4988157,39.1138141],[-77.4992012,39.1138236],[-77.499452,39.1138759],[-77.5002168,39.1140942],[-77.5008715,39.1142746],[-77.5015927,39.1145042],[-77.5029762,39.114944],[-77.5036614,39.1151956],[-77.5037655,39.115224],[-77.5048877,39.1155299],[-77.5066043,39.1159124],[-77.5073324,39.1161165],[-77.5091801,39.1169425],[-77.5093701,39.1170299],[-77.5096428,39.1171647],[-77.5098897,39.1172832],[-77.5102334,39.1173851],[-77.5104344,39.1174551],[-77.5115724,39.1178918],[-77.5120251,39.1180485],[-77.5124429,39.118137],[-77.5135385,39.1182226],[-77.5143766,39.1181974],[-77.516205,39.1188117],[-77.5180032,39.1196253],[-77.5188838,39.1201418],[-77.5196241,39.1206118],[-77.5201074,39.120982],[-77.5205479,39.1213475],[-77.5208967,39.1217794],[-77.521297,39.1223295],[-77.5214671,39.1226065],[-77.5219674,39.1232983],[-77.5224569,39.1242163],[-77.5233754,39.1259197],[-77.5240276,39.1268943],[-77.524378,39.1275321],[-77.5245616,39.1280352],[-77.5248308,39.1290082],[-77.5250204,39.1301567],[-77.5250816,39.1307073],[-77.5251734,39.1310632],[-77.5253631,39.1315236],[-77.5257228,39.1329761],[-77.525773,39.133123],[-77.5262607,39.1343929],[-77.526654,39.1357948],[-77.5267825,39.1365826],[-77.5269232,39.1372375],[-77.5269722,39.1380158],[-77.5269727,39.1382786],[-77.5269765,39.140249],[-77.527312,39.1433989],[-77.527376,39.1461112],[-77.5273576,39.1464386],[-77.5272842,39.1466474],[-77.5271802,39.1468656],[-77.5269966,39.1470175],[-77.5265684,39.1473401],[-77.5258036,39.1478146],[-77.5252774,39.1481562],[-77.5248797,39.1484931],[-77.5246289,39.1488632],[-77.5243719,39.1493662],[-77.5241455,39.1499118],[-77.5238803,39.1507101],[-77.5236123,39.1518791],[-77.5230095,39.1541105],[-77.5225127,39.1561458],[-77.5218749,39.1582667],[-77.5217093,39.1589325],[-77.521648,39.1594936],[-77.5215315,39.1605397],[-77.5213353,39.1612007],[-77.5210777,39.1618427],[-77.5206484,39.1628507],[-77.5198757,39.164301],[-77.518774,39.1664294],[-77.5185019,39.1671872],[-77.5181646,39.1679622],[-77.5178089,39.1686849],[-77.517349,39.1695122],[-77.5159753,39.1715851],[-77.5152052,39.1726477],[-77.5143929,39.1740024],[-77.5134416,39.175245],[-77.5127188,39.1761968],[-77.5120381,39.1770335],[-77.5108667,39.1782933],[-77.5100879,39.179111],[-77.5092232,39.1799287],[-77.5086222,39.1804088],[-77.5084934,39.1804991],[-77.5084198,39.1805514],[-77.5083523,39.1805372],[-77.5083401,39.1804849],[-77.5082726,39.1804231],[-77.5081132,39.1804183],[-77.5079721,39.1804468],[-77.5077268,39.1805847],[-77.5074753,39.1807368],[-77.5073772,39.1808652],[-77.5073098,39.181003],[-77.5072852,39.1811029],[-77.5072607,39.1811884],[-77.5071258,39.1812502],[-77.5069173,39.1812883],[-77.506672,39.1814499],[-77.5059139,39.1819114],[-77.5048293,39.182341],[-77.5031757,39.1825392],[-77.5015512,39.1827096],[-77.5009256,39.1827809],[-77.5004841,39.1828665],[-77.5001161,39.1830186],[-77.4996255,39.1832753],[-77.4990981,39.1833228],[-77.4983683,39.1834227],[-77.4976692,39.183551],[-77.4961863,39.1838606],[-77.4945512,39.184214],[-77.4918002,39.1848773],[-77.4902363,39.1851767],[-77.4892597,39.1853523],[-77.4890466,39.1853906],[-77.4883291,39.1854952],[-77.4871025,39.1856188],[-77.4859557,39.1857709],[-77.4854406,39.185885],[-77.4851646,39.1859706],[-77.4842531,39.1863712],[-77.4825657,39.1871659],[-77.4814604,39.1876865],[-77.4809698,39.1879099],[-77.480099,39.1884376],[-77.4794612,39.1888368],[-77.4788847,39.1892313],[-77.4783818,39.1896972],[-77.4776402,39.1904262],[-77.4767505,39.1916317],[-77.4762722,39.1924397],[-77.4757877,39.1933285],[-77.4755056,39.1939416],[-77.4752173,39.1947639],[-77.475064,39.1953342],[-77.4749107,39.1958998],[-77.4748065,39.1964511],[-77.4748003,39.1967743],[-77.4748984,39.1971118],[-77.4750763,39.1974967],[-77.4752725,39.19801],[-77.4754075,39.1986231],[-77.4757386,39.1999586],[-77.4758858,39.2007998],[-77.4759533,39.2014556],[-77.4759226,39.2019689],[-77.475824,39.2024779],[-77.4754688,39.2033328],[-77.4751867,39.2038983],[-77.4748065,39.2045398],[-77.4742913,39.2053382],[-77.4741257,39.2057231],[-77.4740092,39.2061603],[-77.4740153,39.2063029],[-77.4741993,39.2066165],[-77.474279,39.2068161],[-77.4742668,39.2070299],[-77.4741687,39.2073008],[-77.4739601,39.2077332],[-77.4734879,39.2083367],[-77.4730586,39.2088737],[-77.4725803,39.2093727],[-77.471918,39.2100189],[-77.4712863,39.2106081],[-77.4704154,39.2114729],[-77.4699187,39.2119006],[-77.4694035,39.2122332],[-77.4686718,39.2127268],[-77.4664966,39.2140958],[-77.4644974,39.2153978],[-77.4635407,39.2159679],[-77.4623448,39.2166901],[-77.4612532,39.2174171],[-77.4603885,39.2180538],[-77.4598365,39.2186002],[-77.4590652,39.2200945],[-77.4585912,39.2208114],[-77.4579293,39.2214984],[-77.4576901,39.2222015],[-77.4575797,39.2228429],[-77.4574877,39.2234083],[-77.4574264,39.2239784],[-77.4574448,39.2242492],[-77.4575,39.2246387],[-77.4575797,39.2250853],[-77.4577479,39.2254646],[-77.45812,39.22614],[-77.4586407,39.2269049],[-77.4590086,39.2273419],[-77.4595422,39.2278977],[-77.4601246,39.2284119],[-77.4608556,39.2288969],[-77.4620533,39.2296468],[-77.4649749,39.2310099],[-77.4686311,39.2330876],[-77.4693487,39.2336567],[-77.4699637,39.233961],[-77.47082,39.2342046],[-77.4748159,39.2373223],[-77.4757043,39.2378119],[-77.4782158,39.2397704],[-77.4803457,39.2412141],[-77.4808981,39.2417693],[-77.4819233,39.2432901],[-77.4825042,39.2439782],[-77.4834097,39.2445868],[-77.4839735,39.2451293],[-77.484664,39.246123],[-77.4869326,39.2474802],[-77.4873905,39.2475903],[-77.4876126,39.2474448],[-77.4898337,39.2488472],[-77.4922085,39.2496543],[-77.4945864,39.2505159],[-77.4964864,39.2511112],[-77.4980003,39.2513478],[-77.4996132,39.2513639],[-77.5035017,39.2519829],[-77.5043901,39.2519961],[-77.5064403,39.252221],[-77.5083587,39.2525638],[-77.5090885,39.2527238],[-77.5100624,39.2530942],[-77.5112242,39.2534382],[-77.5130864,39.254404],[-77.5163155,39.255965],[-77.519634,39.257232],[-77.5204504,39.2579922],[-77.5206272,39.2583323],[-77.522076,39.2589405],[-77.5233062,39.2594957],[-77.5245164,39.2598412],[-77.5251827,39.2600396],[-77.5260644,39.2600141],[-77.526566,39.2601845],[-77.5277967,39.2606481],[-77.5290097,39.2607672],[-77.5304961,39.2610582],[-77.5320338,39.2617461],[-77.533076,39.2621826],[-77.5343243,39.2625197],[-77.5361342,39.2632408],[-77.5373814,39.2639287],[-77.5379814,39.2643212],[-77.5383723,39.2645636],[-77.5387163,39.2647011],[-77.5391036,39.2647314],[-77.5393884,39.2647032],[-77.5396879,39.264643],[-77.5404443,39.2649867],[-77.543228,39.266937],[-77.5437541,39.2677382],[-77.5440104,39.26918],[-77.544258,39.26966],[-77.5455897,39.2714292],[-77.5466724,39.2724982],[-77.5468278,39.2726173],[-77.5473935,39.2730506],[-77.5489822,39.2746028],[-77.5507465,39.2756572],[-77.5509128,39.2762428],[-77.5519379,39.2773405],[-77.5531482,39.2794796],[-77.5531168,39.2800781],[-77.5537147,39.2810303],[-77.5542444,39.2815329],[-77.5551157,39.281956],[-77.5560383,39.2820222],[-77.5574393,39.2829214],[-77.5605636,39.2858479],[-77.5612663,39.287682],[-77.5615568,39.2880787],[-77.561608,39.2891895],[-77.5618985,39.2902738],[-77.5616251,39.2920985],[-77.5615055,39.2927596],[-77.5619497,39.2933547],[-77.5626502,39.2939364],[-77.5627167,39.2946332],[-77.5621548,39.2985376],[-77.5616593,39.2999788],[-77.5615568,39.3006266],[-77.5618943,39.301794],[-77.5622573,39.3027287],[-77.5631246,39.3036518],[-77.5643417,39.3047514],[-77.5655985,39.30554],[-77.5663675,39.3059713],[-77.5671806,39.3062532],[-77.5681687,39.3065229],[-77.570041,39.3062575],[-77.5723204,39.3059544],[-77.573448,39.3056504],[-77.5741485,39.305505],[-77.5754128,39.3054124],[-77.5771384,39.3051745],[-77.5785423,39.3051619],[-77.5795474,39.305029],[-77.5819734,39.3041433],[-77.5826929,39.3036871],[-77.5833061,39.3033897],[-77.5848437,39.302927],[-77.5861593,39.3025568],[-77.5869794,39.3022131],[-77.5879275,39.3018096],[-77.5891663,39.3015124],[-77.5905502,39.3014463],[-77.5915069,39.3013537],[-77.5925169,39.3012107],[-77.5937451,39.3012612],[-77.5953169,39.3015785],[-77.5962224,39.3017107],[-77.5973671,39.3016975],[-77.598892,39.301883],[-77.6004556,39.3021445],[-77.6018164,39.3025082],[-77.6032785,39.302689],[-77.6045599,39.3030724],[-77.6053096,39.3034168],[-77.6059,39.303688],[-77.6065759,39.3037599],[-77.6072594,39.3035616],[-77.6074473,39.303165],[-77.6080453,39.3031914],[-77.6081478,39.3030195],[-77.6085578,39.302927],[-77.6086945,39.3026361],[-77.6088483,39.3024511],[-77.609805,39.3025833],[-77.61001,39.3029667],[-77.6109497,39.3032972],[-77.6115135,39.3034029],[-77.6122653,39.303284],[-77.6126924,39.3030195],[-77.6135637,39.3027287],[-77.6141617,39.3027287],[-77.6147939,39.3027155],[-77.6154777,39.302603],[-77.6161607,39.3026494],[-77.6167245,39.3027816],[-77.6180571,39.3032311],[-77.6192189,39.3037599],[-77.6199023,39.3039846],[-77.6214229,39.3043548],[-77.6220892,39.3047514],[-77.6230289,39.3050158],[-77.6239515,39.3050423],[-77.6245494,39.305029],[-77.6255062,39.305386],[-77.6263092,39.3057297],[-77.6270439,39.3058355],[-77.6279494,39.3059148],[-77.6285815,39.3062453],[-77.6291282,39.3066419],[-77.6298458,39.3069459],[-77.6303584,39.3073293],[-77.6306952,39.3076245],[-77.6318106,39.3078581],[-77.6325794,39.3078449],[-77.6329724,39.3076201],[-77.6333653,39.3075012],[-77.6340146,39.307554],[-77.6342709,39.3078845],[-77.6345442,39.3079903],[-77.6348859,39.3078317],[-77.6353472,39.307673],[-77.636101,39.307782],[-77.6378488,39.3079801],[-77.6389455,39.3081013],[-77.639805,39.3082473],[-77.6405895,39.3084261],[-77.6419541,39.3086817],[-77.6428134,39.3087306],[-77.6434626,39.3086248],[-77.6437438,39.3085948],[-77.6439581,39.308572],[-77.6444023,39.3088496],[-77.6448465,39.3090214],[-77.6455128,39.3091007],[-77.6462304,39.3093387],[-77.6470505,39.3096692],[-77.6477195,39.3099814],[-77.6492543,39.3102949],[-77.6506042,39.310687],[-77.6517489,39.3113216],[-77.6539016,39.312617],[-77.6555489,39.3135147],[-77.6575578,39.3141107],[-77.6613101,39.3153932],[-77.6637255,39.3161199],[-77.6650195,39.3167436],[-77.6664535,39.3175739],[-77.6676893,39.3184198],[-77.6691927,39.3198208],[-77.6700128,39.3207328],[-77.670457,39.3213144],[-77.6712897,39.3217411],[-77.6726781,39.3224378],[-77.6735494,39.3228872],[-77.6749055,39.3239647],[-77.6754872,39.324377],[-77.6764338,39.3244316],[-77.6773622,39.3244371],[-77.6808869,39.3238841],[-77.6819689,39.3237111],[-77.6821829,39.3235213],[-77.6826694,39.3230899],[-77.6836261,39.3224951],[-77.6842412,39.3218607],[-77.6853005,39.3209619],[-77.6853712,39.3209022],[-77.6860522,39.3203275],[-77.6867481,39.3199537],[-77.6881537,39.3194948],[-77.6891104,39.319323],[-77.6897939,39.3192833],[-77.6905114,39.319138],[-77.6911777,39.3187546],[-77.6923689,39.3184368],[-77.6933646,39.318292],[-77.694851,39.3183846],[-77.6962008,39.3183052],[-77.697461,39.318633],[-77.6982168,39.318834],[-77.6989173,39.3189],[-77.7018037,39.3197327],[-77.7029494,39.3200632],[-77.7042709,39.3205137],[-77.7046074,39.3206285],[-77.706411,39.3212433],[-77.7068718,39.3214004],[-77.707699,39.3216757],[-77.7082628,39.321636],[-77.7089633,39.3214774],[-77.7094075,39.3213585],[-77.7097662,39.3213585],[-77.7098859,39.3213585],[-77.7105693,39.3212659],[-77.7113381,39.3213585],[-77.7116457,39.321451],[-77.7120557,39.3212924],[-77.7130466,39.3212527],[-77.7138155,39.3210941],[-77.7143451,39.3212263],[-77.7154556,39.3211073],[-77.7156941,39.3207071],[-77.7171983,39.3206976],[-77.719029,39.321125],[-77.719103,39.3210252],[-77.719707,39.3202108],[-77.7205145,39.319309],[-77.7231002,39.3179893],[-77.7246988,39.3175328],[-77.7258039,39.3175162],[-77.7293015,39.3159806],[-77.7306157,39.3155282],[-77.7326314,39.3138653],[-77.7348869,39.3126267],[-77.7367507,39.3100701],[-77.7373688,39.309261],[-77.7385604,39.3080532],[-77.74025,39.305183],[-77.7411455,39.3031383],[-77.7436245,39.2995105],[-77.7471525,39.2955003],[-77.7480876,39.2940057],[-77.749634,39.290909],[-77.7511603,39.2867844],[-77.7520261,39.2844401],[-77.7529961,39.2826088],[-77.7531171,39.2805445],[-77.7532029,39.2790802],[-77.7530122,39.2771982],[-77.7536774,39.2762016],[-77.7569528,39.2739892],[-77.7581835,39.2713844],[-77.7583766,39.2693577],[-77.7587188,39.2683213],[-77.7581406,39.2674307],[-77.7583444,39.2662512],[-77.757596,39.2649452],[-77.7595997,39.2639752],[-77.7612212,39.2637674],[-77.7618061,39.2627019],[-77.7621027,39.2611825],[-77.7627495,39.2603369],[-77.7627218,39.2594313],[-77.7625179,39.2586172],[-77.7637839,39.2580108],[-77.766434,39.2574542],[-77.7677643,39.2578197],[-77.7685154,39.2567148],[-77.7701196,39.2561709],[-77.7707891,39.2545379],[-77.7706711,39.2533979],[-77.7707362,39.251431],[-77.7709877,39.2493368],[-77.7671635,39.2495284],[-77.7686261,39.2456117],[-77.7698887,39.2431307],[-77.7704826,39.2393896],[-77.770976,39.238234],[-77.7711052,39.2380525],[-77.7714439,39.2366274],[-77.7732176,39.2351959],[-77.7740955,39.2334308],[-77.7763912,39.2315624],[-77.777809,39.229598],[-77.7787399,39.2289123],[-77.7804015,39.2287881],[-77.7815988,39.2277762],[-77.781347,39.2268096],[-77.7840473,39.223611],[-77.786336,39.2216732],[-77.7866128,39.2205523],[-77.7860785,39.2194456],[-77.7880204,39.2170351],[-77.7891335,39.2147492],[-77.791931,39.212166],[-77.7936852,39.210119],[-77.7928269,39.2087889],[-77.795772,39.2041778],[-77.7979982,39.2010322],[-77.7985346,39.1995357],[-77.79821,39.197403],[-77.7983737,39.1962015],[-77.7977877,39.1942305],[-77.7981162,39.1926843],[-77.7991462,39.1916533],[-77.7998436,39.1895661],[-77.800919,39.187485],[-77.802834,39.182983],[-77.8035987,39.1811004],[-77.8048185,39.1793397],[-77.804414,39.1778486],[-77.805208,39.1765428],[-77.8052046,39.1741404],[-77.8059858,39.1731203],[-77.806049,39.171737],[-77.8080607,39.1704144],[-77.8096765,39.1681629],[-77.8114051,39.1675904],[-77.8124446,39.1655593],[-77.8137709,39.1645136],[-77.8150141,39.1616954],[-77.8157859,39.161094],[-77.8163016,39.1590749],[-77.8176334,39.1571564],[-77.818737,39.1549984],[-77.8201318,39.1535758],[-77.8215363,39.1523198],[-77.8215608,39.1505229],[-77.8229406,39.1478431],[-77.8223848,39.1469529],[-77.8231681,39.1456383],[-77.82222,39.142921],[-77.8222328,39.1398879],[-77.8240206,39.1380934],[-77.8249834,39.1365822],[-77.8257794,39.1360103],[-77.8272768,39.135289],[-77.8280755,39.1338622],[-77.8281485,39.1322818],[-77.838958,39.1392182],[-77.8403449,39.1401184],[-77.8490971,39.145799],[-77.8542089,39.1491166],[-77.8603127,39.1530778],[-77.8608805,39.1534441],[-77.8609243,39.1534724],[-77.9193866,39.1911946],[-78.0067732,39.2475826],[-78.0329703,39.2644849],[-78.0798561,39.2941692],[-78.0800389,39.294285],[-78.0813624,39.2951229],[-78.108357,39.3122137],[-78.108746,39.31246],[-78.14092,39.333745],[-78.1481186,39.3377652],[-78.1484696,39.3379612],[-78.158194,39.343392],[-78.1587145,39.3437594],[-78.18737,39.363989],[-78.205401,39.375099],[-78.206405,39.375791],[-78.2247681,39.3891498],[-78.229912,39.392891],[-78.262785,39.414323],[-78.274343,39.4209436],[-78.2879794,39.4287537],[-78.3074984,39.441058],[-78.3416746,39.4626009],[-78.347087,39.466012],[-78.349476,39.462205],[-78.345143,39.459484],[-78.345823,39.453499],[-78.346962,39.450679],[-78.347333,39.447659],[-78.346061,39.445613],[-78.346546,39.442616],[-78.347773,39.440583],[-78.353227,39.436792],[-78.347942,39.430879],[-78.346718,39.427618],[-78.348354,39.424431],[-78.351236,39.420595],[-78.356627,39.415902],[-78.359352,39.412534],[-78.359918,39.409028],[-78.357949,39.404192],[-78.349436,39.397252],[-78.350014,39.392861],[-78.343214,39.388807],[-78.354837,39.371616],[-78.362632,39.362888],[-78.366867,39.35929],[-78.362267,39.357784],[-78.348698,39.354744],[-78.34048,39.353492],[-78.338958,39.349889],[-78.339284,39.348605],[-78.341308,39.345555],[-78.342514,39.346769],[-78.343685,39.346713],[-78.347409,39.343402],[-78.347634,39.34272],[-78.34546,39.341024],[-78.346301,39.339108],[-78.3585712,39.3197989],[-78.3589307,39.3194786],[-78.360035,39.317771],[-78.3615647,39.3180334],[-78.364686,39.317312],[-78.367242,39.310148],[-78.371604,39.307692],[-78.374728,39.305136],[-78.385888,39.294888],[-78.387242,39.29343],[-78.387194,39.291444],[-78.388785,39.288572],[-78.3913297,39.2854736],[-78.3919945,39.284664],[-78.393371,39.282988],[-78.3936225,39.2829096],[-78.398682,39.281332],[-78.402275,39.277238],[-78.401813,39.276754],[-78.402783,39.275471],[-78.414204,39.26391],[-78.4149787,39.2629548],[-78.419422,39.257476],[-78.418584,39.256065],[-78.41612,39.25541],[-78.4155972,39.2555234],[-78.414631,39.255733],[-78.409116,39.252564],[-78.399785,39.244129],[-78.399669,39.243874],[-78.404214,39.241214],[-78.40498,39.238006],[-78.405585,39.231176],[-78.41789,39.217504],[-78.423968,39.212049],[-78.427911,39.208611],[-78.429803,39.207014],[-78.431167,39.205744],[-78.43213,39.204717],[-78.437053,39.199766],[-78.438651,39.198049],[-78.436662,39.196658],[-78.430846,39.196227],[-78.424905,39.193301],[-78.424292,39.192156],[-78.428697,39.187217],[-78.426315,39.182762],[-78.411972,39.172734],[-78.406966,39.170903],[-78.403697,39.167451],[-78.412599,39.160038],[-78.413943,39.158415],[-78.427294,39.152726],[-78.436658,39.141691],[-78.437771,39.135426],[-78.439429,39.132146],[-78.459869,39.113351],[-78.466662,39.112858],[-78.46953,39.111204],[-78.470261,39.110063],[-78.473209,39.108143],[-78.475376,39.107469],[-78.47732,39.109398],[-78.4778204,39.1095974],[-78.478426,39.109843],[-78.484283,39.107372],[-78.49516,39.100992],[-78.495984,39.09898],[-78.504384,39.091398],[-78.508132,39.08863],[-78.5113814,39.0855598],[-78.512103,39.084878],[-78.516479,39.081802],[-78.515955,39.080046],[-78.516789,39.077569],[-78.522714,39.071062],[-78.526543,39.068221],[-78.531695,39.066519],[-78.540216,39.060631],[-78.544137,39.0565444],[-78.545679,39.055052],[-78.547734,39.054069],[-78.554263,39.048058],[-78.556748,39.044527],[-78.559997,39.041573],[-78.571901,39.031995],[-78.565837,39.026303],[-78.565073,39.025935],[-78.563294,39.026328],[-78.55964,39.024456],[-78.55738,39.021393],[-78.550467,39.018065],[-78.552321,39.016374],[-78.554919,39.015124],[-78.5594,39.011877],[-78.561711,39.009007],[-78.570462,39.001552],[-78.580465,38.990567],[-78.581981,38.988398],[-78.582928,38.985416],[-78.588704,38.978579],[-78.593261,38.971918],[-78.596015,38.970192],[-78.598894,38.969546],[-78.601399,38.96653],[-78.601655,38.964603],[-78.608369,38.969743],[-78.611184,38.976134],[-78.614312,38.97585],[-78.618676,38.974082],[-78.619982,38.977338],[-78.619914,38.981288],[-78.620453,38.982601],[-78.625672,38.982575],[-78.629553,38.980866],[-78.630846,38.979586],[-78.632452,38.976983],[-78.632471,38.974739],[-78.638423,38.966819],[-78.646589,38.968138],[-78.652352,38.960677],[-78.655043,38.953766],[-78.6588351,38.9477177],[-78.65905,38.947375],[-78.662083,38.945702],[-78.665886,38.941579],[-78.666594,38.9392],[-78.670679,38.9338],[-78.680456,38.925313],[-78.681617,38.92584],[-78.688266,38.92478],[-78.69145,38.922195],[-78.69738,38.915602],[-78.704323,38.915231],[-78.712622,38.908665],[-78.716168,38.90483],[-78.717178,38.904296],[-78.718647,38.904561],[-78.71981,38.905907],[-78.7209,38.909844],[-78.719451,38.92026],[-78.719755,38.922135],[-78.719806,38.922638],[-78.720095,38.923863],[-78.71962,38.92651],[-78.717076,38.936028],[-78.718482,38.934267],[-78.7224859,38.9314572],[-78.7234215,38.9312163],[-78.7248412,38.9310083],[-78.726222,38.930932],[-78.738921,38.927283],[-78.7390406,38.9271669],[-78.7391194,38.9270904],[-78.750517,38.916029],[-78.754658,38.907582],[-78.754516,38.905728],[-78.757278,38.903203],[-78.759085,38.900529],[-78.772793,38.893742],[-78.779198,38.892298],[-78.786025,38.887187],[-78.788031,38.885123],[-78.790078,38.880076],[-78.79161,38.877593],[-78.796213,38.874606],[-78.8057627,38.8598992],[-78.808181,38.856175],[-78.8083532,38.8557661],[-78.810943,38.849616],[-78.815116,38.841594],[-78.8153735,38.8411424],[-78.821167,38.830982],[-78.827262,38.82161],[-78.832267,38.814388],[-78.835191,38.811499],[-78.848187,38.794978],[-78.863684,38.7718],[-78.865905,38.767034],[-78.869615,38.7627861],[-78.9912857,38.8482083],[-78.9914711,38.8483378],[-78.993997,38.850102],[-78.9948267,38.8495555],[-78.998171,38.847353],[-79.000252,38.845412],[-78.998863,38.840962],[-78.999014,38.840074],[-79.002352,38.836512],[-79.005152,38.829912],[-79.006352,38.826112],[-79.006152,38.824512],[-79.006552,38.823712],[-79.007952,38.822312],[-79.011952,38.820412],[-79.016752,38.820012],[-79.019553,38.817912],[-79.024053,38.809212],[-79.024453,38.803712],[-79.023453,38.802612],[-79.023053,38.798613],[-79.027253,38.792113],[-79.029253,38.791013],[-79.033153,38.791013],[-79.046554,38.792113],[-79.048954,38.790713],[-79.054954,38.785713],[-79.055654,38.783013],[-79.054354,38.780613],[-79.052454,38.779213],[-79.051654,38.778013],[-79.051254,38.773913],[-79.051554,38.772613],[-79.053754,38.772313],[-79.055654,38.770913],[-79.056754,38.766513],[-79.057253,38.761413],[-79.057554,38.760213],[-79.060954,38.756713],[-79.064854,38.754413],[-79.072555,38.747513],[-79.072755,38.744614],[-79.073855,38.742114],[-79.076555,38.739214],[-79.079655,38.734714],[-79.081955,38.729714],[-79.085455,38.724614],[-79.087255,38.720114],[-79.086555,38.716015],[-79.092755,38.702315],[-79.092555,38.700149],[-79.092271,38.699208],[-79.090755,38.692515],[-79.088055,38.690115],[-79.085555,38.688816],[-79.084355,38.686516],[-79.087855,38.673816],[-79.091055,38.669316],[-79.0923768,38.664262],[-79.092755,38.662816],[-79.0927931,38.6621875],[-79.092955,38.659517],[-79.1062215,38.6562501],[-79.106356,38.656217],[-79.1064828,38.6563024],[-79.111556,38.659717],[-79.120256,38.660216],[-79.122256,38.659817],[-79.129757,38.655017],[-79.131057,38.653217],[-79.133557,38.646017],[-79.135472,38.644057],[-79.135546,38.643715],[-79.1363618,38.6423828],[-79.137012,38.640655],[-79.137557,38.638017],[-79.139657,38.637217],[-79.142657,38.634417],[-79.146741,38.625819],[-79.146974,38.625641],[-79.151257,38.620618],[-79.155355,38.611225],[-79.155557,38.609218],[-79.154357,38.606518],[-79.159158,38.601219],[-79.158957,38.594519],[-79.158257,38.593919],[-79.158657,38.592319],[-79.163458,38.583119],[-79.1672819,38.5793782],[-79.168058,38.578619],[-79.1682309,38.5783411],[-79.1683152,38.5782057],[-79.170858,38.574119],[-79.171658,38.57162],[-79.170662,38.5692295],[-79.170658,38.56922],[-79.170958,38.56812],[-79.174512,38.566531],[-79.174881,38.566314],[-79.176658,38.56552],[-79.180858,38.55992],[-79.184058,38.55152],[-79.188958,38.54742],[-79.193458,38.542421],[-79.196959,38.536721],[-79.201459,38.527821],[-79.205859,38.524521],[-79.210959,38.507422],[-79.206959,38.503522],[-79.207884,38.500428],[-79.2079592,38.500004],[-79.209703,38.495574],[-79.210008,38.494283],[-79.210026,38.494231],[-79.2100981,38.4940355],[-79.2101688,38.493898],[-79.210591,38.492913],[-79.215212,38.489261],[-79.219067,38.487441],[-79.221406,38.484837],[-79.2209428,38.4819718],[-79.2209683,38.4806601],[-79.2243518,38.4776827],[-79.225669,38.476471],[-79.2315489,38.4740534],[-79.234408,38.473011],[-79.2366407,38.4716242],[-79.2395327,38.470531],[-79.239899,38.4699308],[-79.240059,38.469841],[-79.242024,38.464332],[-79.241854,38.457055],[-79.242279,38.4548044],[-79.2425663,38.4544419],[-79.242641,38.454168],[-79.2459853,38.4534704],[-79.247342,38.453294],[-79.24802,38.4535405],[-79.2494828,38.4545103],[-79.2516379,38.4548702],[-79.253067,38.455818],[-79.254435,38.455949],[-79.261107,38.448082],[-79.2620216,38.4463994],[-79.2626639,38.4456734],[-79.2628389,38.4446231],[-79.263376,38.443762],[-79.2644436,38.4432354],[-79.2652308,38.4418055],[-79.267414,38.438322],[-79.2690926,38.437323],[-79.2710664,38.4375064],[-79.272064,38.437376],[-79.274529,38.436337],[-79.2753892,38.4350622],[-79.2778983,38.4343337],[-79.2782615,38.4338524],[-79.2790868,38.4328469],[-79.2810392,38.4322377],[-79.282225,38.432078],[-79.282762,38.431647],[-79.282663,38.431021],[-79.28247,38.429168],[-79.280581,38.426833],[-79.2802262,38.425475],[-79.279678,38.424173],[-79.280149,38.42076],[-79.282971,38.418095],[-79.285613,38.419249],[-79.286874,38.420555],[-79.288432,38.42096],[-79.2902631,38.4211441],[-79.2910654,38.421026],[-79.2923065,38.4197615],[-79.2931719,38.4193723],[-79.2941907,38.4185213],[-79.295712,38.418129],[-79.297758,38.416438],[-79.300081,38.414888],[-79.3014688,38.4149882],[-79.3028012,38.4154231],[-79.3047783,38.4155305],[-79.3063632,38.4151286],[-79.3079084,38.4134337],[-79.3089242,38.4129269],[-79.3105228,38.4126806],[-79.3118356,38.4119254],[-79.312277,38.411876],[-79.3688168,38.426983],[-79.3907782,38.4329907],[-79.4020536,38.4362159],[-79.4765736,38.4571272],[-79.4989314,38.4962554],[-79.4997931,38.4977593],[-79.5036417,38.5040809],[-79.5131329,38.5198343],[-79.5161497,38.5249411],[-79.5183468,38.5285144],[-79.5211257,38.5331375],[-79.5216605,38.534089],[-79.5222179,38.5345565],[-79.5240733,38.5351442],[-79.524321,38.5353509],[-79.5244164,38.5357646],[-79.5246543,38.5360516],[-79.5250438,38.5362558],[-79.5265149,38.5367669],[-79.5268017,38.5369934],[-79.5270068,38.5373633],[-79.5271748,38.5380761],[-79.5274815,38.5383995],[-79.5283282,38.5390951],[-79.5284419,38.5393801],[-79.5284055,38.5400551],[-79.5285025,38.5404578],[-79.5298363,38.5415545],[-79.5301714,38.541845],[-79.5316125,38.5420827],[-79.5320589,38.5422366],[-79.5320799,38.5424887],[-79.5320097,38.5427504],[-79.5321076,38.5432289],[-79.5323621,38.5436956],[-79.5327098,38.5441794],[-79.5329501,38.5444737],[-79.533535,38.5449995],[-79.533805,38.5453591],[-79.5338464,38.5455445],[-79.5338041,38.545732],[-79.5335417,38.5461876],[-79.5335961,38.5464856],[-79.5337526,38.5467441],[-79.5343681,38.5471259],[-79.5351284,38.5476737],[-79.5358709,38.5484335],[-79.5361528,38.5488318],[-79.5365389,38.5500977],[-79.5369176,38.5507386],[-79.5373206,38.5510974],[-79.5375969,38.5512926],[-79.5383666,38.5517625],[-79.5389226,38.5519722],[-79.539781,38.5521331],[-79.5408253,38.5521978],[-79.5413716,38.5523704],[-79.5421569,38.5529066],[-79.5443197,38.5540209],[-79.5450034,38.5541398],[-79.5457013,38.5543997],[-79.5462218,38.555011],[-79.5479123,38.5557247],[-79.548908,38.5561891],[-79.5501491,38.5571079],[-79.5544137,38.5596627],[-79.5550687,38.5599779],[-79.5558011,38.5602247],[-79.5572946,38.5603955],[-79.5586987,38.5608053],[-79.5595328,38.5608746],[-79.560507,38.560898],[-79.5617409,38.5608209],[-79.5623172,38.5608966],[-79.5626337,38.5609871],[-79.5629709,38.5611092],[-79.5641755,38.5617924],[-79.5656074,38.5622896],[-79.5668986,38.5626428],[-79.5686171,38.5628989],[-79.5710833,38.5629413],[-79.5719641,38.5630583],[-79.5732212,38.5635185],[-79.6492004,38.5915278],[-79.6493052,38.5912633],[-79.6493531,38.5911558],[-79.6494245,38.5910214],[-79.6494362,38.5909939],[-79.6494494,38.590963],[-79.6495086,38.5908241],[-79.6496261,38.5906813],[-79.6496789,38.5906144],[-79.6497169,38.5905663],[-79.6497319,38.5905473],[-79.649803,38.590431],[-79.6498968,38.590324],[-79.6500027,38.59019],[-79.6500499,38.5901185],[-79.6501791,38.5899668],[-79.6502263,38.5898952],[-79.6503085,38.589797],[-79.6503575,38.5896354],[-79.650494,38.5890873],[-79.6505322,38.5888895],[-79.650594,38.5886559],[-79.6506321,38.5884581],[-79.6507896,38.5880183],[-79.6508725,38.5878841],[-79.651003,38.5876603],[-79.6511677,38.5874459],[-79.6513208,38.5872405],[-79.6515551,38.5869908],[-79.6517889,38.5867682],[-79.6520684,38.5865552],[-79.6522546,38.5864222],[-79.6527559,38.5860134],[-79.6531295,38.5856843],[-79.6531489,38.585669],[-79.6535256,38.5853734],[-79.6536887,38.5852491],[-79.6538404,38.5851157],[-79.6540043,38.5849464],[-79.6540094,38.5849403],[-79.6541687,38.58475],[-79.6543687,38.584491],[-79.6545329,38.5843036],[-79.6548396,38.5838656],[-79.6550887,38.5834359],[-79.6551685,38.5832761],[-79.6552676,38.5830775],[-79.65535,38.5829703],[-79.6554681,38.5827915],[-79.6555275,38.582684],[-79.6555994,38.5825226],[-79.6556969,38.5822173],[-79.6557934,38.5819661],[-79.6558898,38.5817239],[-79.6559743,38.5814996],[-79.656001,38.5814023],[-79.6560359,38.581275],[-79.6560499,38.58114],[-79.6560195,38.5809234],[-79.6559996,38.580761],[-79.6559234,38.5805348],[-79.6558569,38.5804079],[-79.6557906,38.580272],[-79.6557237,38.5801631],[-79.6556798,38.5800544],[-79.6555908,38.5799002],[-79.6555479,38.5797375],[-79.6555415,38.5794671],[-79.6555615,38.5789521],[-79.6555635,38.5788996],[-79.6557022,38.5782344],[-79.6557756,38.5779919],[-79.6558483,38.5777855],[-79.6558863,38.5775967],[-79.6560373,38.5768865],[-79.6560683,38.5767323],[-79.6560752,38.5766977],[-79.656136,38.5765182],[-79.6562428,38.5763302],[-79.6563701,38.5761812],[-79.6563953,38.5761517],[-79.6567104,38.5758759],[-79.656998,38.5756629],[-79.6571178,38.5755742],[-79.6574796,38.575254],[-79.657736,38.5750496],[-79.6578523,38.5749699],[-79.6579807,38.5748542],[-79.6580758,38.574675],[-79.6581025,38.5744771],[-79.658106,38.5742879],[-79.6580761,38.5740442],[-79.6580319,38.5739536],[-79.6579881,38.573836],[-79.657956,38.5737095],[-79.6579359,38.573556],[-79.6579381,38.5734389],[-79.6580098,38.5732865],[-79.6581397,38.5730898],[-79.6582564,38.572992],[-79.6583841,38.5729123],[-79.6585115,38.5728507],[-79.6585932,38.5727796],[-79.6588241,38.5727101],[-79.6589971,38.572667],[-79.6590085,38.5726672],[-79.659377,38.5726083],[-79.6598028,38.5725501],[-79.6600557,38.572526],[-79.6601936,38.5725208],[-79.6604233,38.5725121],[-79.6605384,38.5724954],[-79.6606888,38.5724341],[-79.660817,38.5723274],[-79.6608844,38.572281],[-79.6610612,38.572159],[-79.6611426,38.5721058],[-79.6612706,38.5720082],[-79.6613763,38.5718832],[-79.6615664,38.571534],[-79.6618224,38.5713476],[-79.6619037,38.5712945],[-79.6621885,38.5710901],[-79.6622993,38.5710107],[-79.6623804,38.5709665],[-79.6625079,38.5709049],[-79.6626709,38.5707806],[-79.6628226,38.5706472],[-79.6628814,38.5705667],[-79.6629643,38.5704325],[-79.6630356,38.5702981],[-79.6630508,38.5701001],[-79.6629849,38.5699371],[-79.662862,38.5697555],[-79.662796,38.5696015],[-79.6626954,38.5694562],[-79.6626398,38.5693564],[-79.6625298,38.5691029],[-79.6624787,38.5687598],[-79.6624586,38.5686064],[-79.6624506,38.5684171],[-79.6624077,38.5682544],[-79.6622975,38.5680098],[-79.6622189,38.5678919],[-79.6621523,38.5677919],[-79.6619825,38.5676638],[-79.6618015,38.5675175],[-79.6615261,38.5673652],[-79.6613357,38.5672599],[-79.6612023,38.5671598],[-79.6611772,38.5671409],[-79.661041,38.5670583],[-79.6609392,38.566976],[-79.6608376,38.5668847],[-79.6607373,38.5667214],[-79.6606489,38.5665401],[-79.6606171,38.5663956],[-79.6605789,38.5659806],[-79.6606178,38.5657378],[-79.6606212,38.5655576],[-79.6606585,38.5654048],[-79.6606847,38.5652249],[-79.6607102,38.56509],[-79.6607129,38.5649459],[-79.660669,38.5648372],[-79.660591,38.5647102],[-79.6605684,38.5646919],[-79.6604308,38.5645466],[-79.6603095,38.5644186],[-79.6601859,38.564273],[-79.6600312,38.564139],[-79.6599465,38.5640264],[-79.6598374,38.5638815],[-79.6598021,38.5638173],[-79.659693,38.5636185],[-79.6595944,38.5633651],[-79.6595061,38.5631748],[-79.6594395,38.5630569],[-79.6593848,38.5629121],[-79.6593657,38.5627046],[-79.6594967,38.5624448],[-79.6597554,38.5621143],[-79.6599771,38.5619186],[-79.6602448,38.5617144],[-79.6605811,38.561529],[-79.6606586,38.5614848],[-79.6610915,38.5612375],[-79.6614796,38.5610606],[-79.6616124,38.5610001],[-79.6619939,38.5608513],[-79.6622134,38.5607727],[-79.6626177,38.5606331],[-79.6631236,38.5605848],[-79.6635416,38.5606357],[-79.6638217,38.5606919],[-79.6642674,38.5607961],[-79.664702,38.5608822],[-79.6649654,38.5609122],[-79.6650685,38.5609224],[-79.6651947,38.5609238],[-79.6653074,38.5609399],[-79.6653321,38.5609434],[-79.6654011,38.5609352],[-79.6654706,38.5609],[-79.6654716,38.5608459],[-79.6655105,38.560603],[-79.6654944,38.5602334],[-79.6654989,38.5599901],[-79.6655614,38.5597115],[-79.6656462,38.5594691],[-79.6657407,38.559326],[-79.6658616,38.558994],[-79.6659471,38.5587156],[-79.6660074,38.5585541],[-79.6660449,38.5583923],[-79.666073,38.5581133],[-79.6660735,38.558109],[-79.6661406,38.5575553],[-79.6662042,38.5572226],[-79.6662547,38.5569709],[-79.6663034,38.5568182],[-79.666383,38.5566523],[-79.6664109,38.5565942],[-79.6665001,38.55651],[-79.6666561,38.5563627],[-79.6668429,38.5561936],[-79.6670175,38.5560604],[-79.667029,38.5560605],[-79.6670478,38.5560373],[-79.6671229,38.5559444],[-79.667217,38.5558194],[-79.6673354,38.5556225],[-79.6673625,38.5553975],[-79.667357,38.555073],[-79.6673273,38.5548203],[-79.6673294,38.5547032],[-79.6673313,38.5546028],[-79.6673324,38.554541],[-79.6673165,38.5541624],[-79.6673316,38.5539906],[-79.6673338,38.5539654],[-79.66736,38.5536672],[-79.6673758,38.5534331],[-79.6674867,38.5530199],[-79.6676548,38.5526163],[-79.6677854,38.5523834],[-79.6679624,38.5521151],[-79.6679989,38.5520635],[-79.6681392,38.5518648],[-79.6682446,38.5517489],[-79.6685918,38.5515906],[-79.6687662,38.5514664],[-79.6689752,38.5513336],[-79.669149,38.5512455],[-79.6693108,38.5511842],[-79.6694149,38.5511404],[-79.6695417,38.5511058],[-79.6696924,38.5510264],[-79.6698197,38.5509647],[-79.6698963,38.5508998],[-79.6699247,38.5508758],[-79.6699958,38.5507505],[-79.6700444,38.5506068],[-79.6700701,38.5504539],[-79.6700385,38.5503004],[-79.6698712,38.5500371],[-79.6697031,38.5498189],[-79.669534,38.5496548],[-79.6693765,38.5494818],[-79.6693033,38.5493798],[-79.6692199,38.5492638],[-79.6691526,38.5491819],[-79.6690526,38.5490005],[-79.6690476,38.548649],[-79.669103,38.548136],[-79.669166,38.5478303],[-79.6692865,38.5475163],[-79.6693587,38.5473369],[-79.6694074,38.5471842],[-79.6695018,38.5470411],[-79.6695725,38.5469428],[-79.6696546,38.5468446],[-79.6697261,38.5467012],[-79.6697525,38.5465123],[-79.6696998,38.5462594],[-79.669593,38.5460766],[-79.6695885,38.5460689],[-79.6694655,38.5458963],[-79.6693647,38.5457599],[-79.6692753,38.5456328],[-79.6692086,38.5455149],[-79.6692108,38.5453977],[-79.669236,38.5452719],[-79.6693777,38.5450572],[-79.6695065,38.5449145],[-79.6696355,38.5447627],[-79.6696721,38.5447156],[-79.6697531,38.5446109],[-79.6698136,38.5444404],[-79.6698306,38.5443141],[-79.6698535,38.5441434],[-79.6698448,38.5439901],[-79.6698237,38.5438908],[-79.6698385,38.5437107],[-79.6698207,38.5434312],[-79.6698233,38.543287],[-79.669906,38.5431618],[-79.6700338,38.5430731],[-79.6702664,38.5429045],[-79.6704177,38.5427891],[-79.6705805,38.5426738],[-79.6706742,38.5425667],[-79.6707799,38.5424328],[-79.6708528,38.5422173],[-79.6709402,38.5418308],[-79.6709362,38.5414252],[-79.6709044,38.5412807],[-79.6709316,38.5410467],[-79.6709238,38.5408484],[-79.6709032,38.540722],[-79.6708367,38.5405951],[-79.6708094,38.5405505],[-79.6708033,38.5405406],[-79.6707251,38.5404226],[-79.6705429,38.5403484],[-79.6702342,38.5402908],[-79.6699248,38.5402693],[-79.6694449,38.5401557],[-79.6691598,38.5400624],[-79.6689166,38.5399905],[-79.6688745,38.539978],[-79.6686577,38.5399125],[-79.668487,38.5398384],[-79.6683393,38.5397557],[-79.6681352,38.5396272],[-79.6679651,38.5395171],[-79.6677839,38.5393889],[-79.6675016,38.5391424],[-79.6672765,38.5389055],[-79.667143,38.5386787],[-79.6670078,38.538542],[-79.6669295,38.538433],[-79.6669205,38.5382977],[-79.6670578,38.5381561],[-79.6671193,38.5380927],[-79.6672483,38.537941],[-79.6674111,38.5377804],[-79.6675872,38.5376114],[-79.6676693,38.5375132],[-79.6677511,38.537433],[-79.6678096,38.5373706],[-79.6678489,38.5371183],[-79.6679231,38.5368132],[-79.6679233,38.5368042],[-79.667901,38.5367679],[-79.6679532,38.536426],[-79.6679585,38.5363338],[-79.6679701,38.5361288],[-79.6680662,38.5358956],[-79.6682559,38.5355644],[-79.6685041,38.5351707],[-79.668728,38.5348488],[-79.6690101,38.5344826],[-79.6692342,38.5341517],[-79.6693758,38.533937],[-79.6694463,38.5338477],[-79.6695979,38.5337142],[-79.6697497,38.5335718],[-79.6698555,38.5334288],[-79.6700218,38.5331243],[-79.670176,38.5328467],[-79.670306,38.5326409],[-79.6703181,38.532605],[-79.6705045,38.5324539],[-79.6705992,38.5322928],[-79.6706787,38.532208],[-79.6708449,38.5320342],[-79.6709383,38.5319452],[-79.6711015,38.5318028],[-79.6713238,38.5315711],[-79.6716411,38.5311601],[-79.6722039,38.5304997],[-79.6723915,38.5302765],[-79.6725913,38.5300174],[-79.6726271,38.5299458],[-79.6726749,38.5298382],[-79.672712,38.5296944],[-79.6727374,38.5295595],[-79.6727748,38.5293977],[-79.6728689,38.5292726],[-79.6729636,38.5291115],[-79.6729759,38.5290666],[-79.6729993,38.5290398],[-79.6730465,38.5289682],[-79.6730705,38.5289145],[-79.6730829,38.5288605],[-79.6730164,38.5287336],[-79.6728912,38.5286781],[-79.6727281,38.528622],[-79.6726746,38.5286036],[-79.6724145,38.5285352],[-79.672355,38.5285189],[-79.6722185,38.5284542],[-79.6721164,38.52839],[-79.6720042,38.5282535],[-79.6719276,38.5280544],[-79.671839,38.5278822],[-79.6717498,38.527737],[-79.6716268,38.5275644],[-79.6714913,38.5274457],[-79.6713324,38.5273538],[-79.671173,38.5272889],[-79.6709672,38.5272505],[-79.6707957,38.5272215],[-79.6703381,38.5271533],[-79.6700182,38.5270775],[-79.6698529,38.5270446],[-79.6697212,38.5270111],[-79.6695744,38.5268833],[-79.6694516,38.5267016],[-79.6692408,38.5263117],[-79.6691083,38.5260309],[-79.6691086,38.5260129],[-79.6690429,38.5258409],[-79.6688197,38.5255049],[-79.6686729,38.5253771],[-79.6683556,38.5251662],[-79.668078,38.5250186],[-79.6679921,38.5249729],[-79.6676624,38.5248069],[-79.667458,38.5246965],[-79.667276,38.5246133],[-79.6670722,38.5244668],[-79.6668242,38.5242297],[-79.6666663,38.5240837],[-79.6666553,38.5240565],[-79.6665426,38.5239471],[-79.6665264,38.5239287],[-79.6664864,38.5238834],[-79.6663968,38.5237652],[-79.6662516,38.5235563],[-79.6660739,38.5232389],[-79.6658397,38.5228757],[-79.6656628,38.5225133],[-79.6654512,38.5221684],[-79.6653081,38.5218424],[-79.6651401,38.5216242],[-79.664941,38.5212254],[-79.664864,38.5210443],[-79.6648226,38.5209722],[-79.6646973,38.520754],[-79.6645979,38.5205456],[-79.6644531,38.5203097],[-79.6643526,38.5201644],[-79.6641392,38.5199186],[-79.663925,38.5197179],[-79.66379,38.5195722],[-79.6634629,38.5192711],[-79.6633629,38.5190987],[-79.6631513,38.5187539],[-79.6630524,38.5185184],[-79.6630351,38.5183993],[-79.6630117,38.5182386],[-79.6630132,38.5181575],[-79.6630152,38.5180494],[-79.6630284,38.517955],[-79.6630416,38.5178605],[-79.6630307,38.5178333],[-79.663023,38.5177398],[-79.6630026,38.5174906],[-79.6630089,38.5171482],[-79.662961,38.5169272],[-79.6629561,38.5169043],[-79.6629478,38.516733],[-79.6628487,38.5165066],[-79.6627826,38.5163616],[-79.6626936,38.5162074],[-79.6625368,38.5160074],[-79.6624364,38.515853],[-79.6623365,38.5156716],[-79.6622356,38.5155443],[-79.6621579,38.5154083],[-79.6621605,38.5152641],[-79.6622672,38.5150761],[-79.6624766,38.5149163],[-79.6627783,38.5147305],[-79.662929,38.5146421],[-79.6631853,38.5144287],[-79.66329,38.5143488],[-79.6632787,38.5143397],[-79.663419,38.5141971],[-79.6634657,38.5141526],[-79.6637085,38.5140472],[-79.6639849,38.5139873],[-79.6641685,38.5139804],[-79.6644097,38.5139651],[-79.6645586,38.5139758],[-79.6647648,38.5139872],[-79.6650864,38.5139638],[-79.6654785,38.5138511],[-79.6658133,38.5137288],[-79.6658989,38.513692],[-79.6661642,38.513578],[-79.666649,38.5133697],[-79.666692,38.5133513],[-79.6673754,38.5129896],[-79.6674306,38.5129621],[-79.6676763,38.5128398],[-79.6678716,38.512824],[-79.6679691,38.5127808],[-79.6680104,38.5127625],[-79.6681382,38.5126738],[-79.6683007,38.5125675],[-79.668337,38.5125359],[-79.6684639,38.5124252],[-79.6684899,38.5123838],[-79.668582,38.5122373],[-79.6686439,38.5119947],[-79.6687276,38.5118064],[-79.6688823,38.5115018],[-79.669048,38.5112243],[-79.6691354,38.5110917],[-79.6692014,38.5109917],[-79.6693095,38.5108534],[-79.6694493,38.5106071],[-79.6696405,38.5101857],[-79.6697268,38.5098622],[-79.669812,38.5095929],[-79.669884,38.5094225],[-79.669923,38.5093418],[-79.6699316,38.5093239],[-79.6699454,38.5091979],[-79.6699487,38.5090177],[-79.6699745,38.5088648],[-79.6700125,38.508667],[-79.6700487,38.5085682],[-79.6700978,38.5083976],[-79.670135,38.5082448],[-79.6702187,38.5080565],[-79.6702541,38.5080028],[-79.6703355,38.5079407],[-79.6704394,38.5079058],[-79.6705885,38.5079075],[-79.670851,38.5079736],[-79.67108,38.5079942],[-79.6712848,38.5080866],[-79.6714204,38.5081963],[-79.6715445,38.5083059],[-79.6717361,38.5084883],[-79.6718072,38.5085393],[-79.6719399,38.5086347],[-79.6721217,38.5087269],[-79.6722352,38.5087913],[-79.6723592,38.5089098],[-79.6724368,38.5090549],[-79.672491,38.5092267],[-79.672545,38.5094076],[-79.6726107,38.5095795],[-79.6727566,38.5097524],[-79.6728018,38.5097759],[-79.6730631,38.5099119],[-79.6735178,38.5101485],[-79.6737792,38.5102777],[-79.6739383,38.5103606],[-79.6741319,38.5104348],[-79.6741439,38.5104373],[-79.6743604,38.5104825],[-79.6745669,38.5105161],[-79.6746577,38.5105309],[-79.6748525,38.5105421],[-79.6750591,38.5105354],[-79.6752199,38.5105192],[-79.6754041,38.5104853],[-79.6754436,38.5104806],[-79.6756109,38.5104606],[-79.6757725,38.5104083],[-79.676211,38.5102601],[-79.6763835,38.510235],[-79.6764181,38.5102264],[-79.6767246,38.5101974],[-79.6772797,38.510146],[-79.6777379,38.5101782],[-79.6782651,38.5102022],[-79.6786081,38.5102601],[-79.6789047,38.5103446],[-79.6791673,38.5104106],[-79.6797149,38.51057],[-79.6798406,38.5105984],[-79.6799202,38.5106354],[-79.6799326,38.5106425],[-79.679962,38.5106596],[-79.6799996,38.5106813],[-79.6801364,38.5107279],[-79.6802856,38.5107206],[-79.6804128,38.5106679],[-79.6804716,38.5105875],[-79.6805408,38.5103907],[-79.6805442,38.5103811],[-79.6806169,38.5101656],[-79.6806898,38.5099411],[-79.6807979,38.509672],[-79.6809551,38.5093566],[-79.6810835,38.5091075],[-79.6811435,38.5090133],[-79.6812488,38.508848],[-79.6814024,38.5085974],[-79.6815097,38.5083733],[-79.6815594,38.5081666],[-79.6816673,38.5079065],[-79.6817283,38.5077089],[-79.6817525,38.5076371],[-79.6817684,38.507394],[-79.6817614,38.5071506],[-79.6816359,38.5064823],[-79.6816027,38.5064189],[-79.6815028,38.5062375],[-79.6814487,38.5060921],[-79.6814153,38.5060022],[-79.6813619,38.5057854],[-79.6813205,38.5055416],[-79.6813107,38.5054514],[-79.6813372,38.5052534],[-79.6813515,38.5051004],[-79.6813428,38.5049471],[-79.6814281,38.5046687],[-79.6815908,38.5045534],[-79.6818563,38.5044486],[-79.6822029,38.5043169],[-79.6824692,38.5041757],[-79.6828044,38.5040353],[-79.6829202,38.5039938],[-79.6830237,38.5039567],[-79.6831854,38.5038954],[-79.6832663,38.5038603],[-79.6833474,38.5038161],[-79.6834294,38.5037179],[-79.6834254,38.503672],[-79.6834199,38.5036097],[-79.6833203,38.5034103],[-79.6831857,38.5032466],[-79.6830165,38.5030915],[-79.6829374,38.5030275],[-79.6828134,38.502909],[-79.6827464,38.5028091],[-79.6827269,38.5026196],[-79.6827774,38.5023679],[-79.6828521,38.5020443],[-79.6829951,38.5017485],[-79.6831035,38.5014614],[-79.6831741,38.501363],[-79.6833376,38.5012027],[-79.6835238,38.5010516],[-79.683663,38.500963],[-79.6837447,38.5008828],[-79.683909,38.5006774],[-79.6839917,38.5005432],[-79.6841339,38.5002924],[-79.6842748,38.5001138],[-79.6849748,38.4994548],[-79.6854916,38.4989901],[-79.6856617,38.4988365],[-79.6863167,38.498245],[-79.6870228,38.4976072],[-79.6884956,38.4962771],[-79.6888952,38.4963717],[-79.6893977,38.4964855],[-79.6895688,38.4965324],[-79.6897865,38.4965439],[-79.6899922,38.4965822],[-79.6901635,38.4966202],[-79.6903574,38.4966764],[-79.6905166,38.4967503],[-79.6907564,38.496807],[-79.6910768,38.4968467],[-79.6913634,38.4968499],[-79.6915816,38.4968343],[-79.6917657,38.4968003],[-79.6919502,38.4967393],[-79.6921356,38.4966332],[-79.692322,38.4964731],[-79.6925331,38.4962141],[-79.6927227,38.4958738],[-79.6928771,38.4955781],[-79.6929966,38.4953091],[-79.6931031,38.4951301],[-79.6932432,38.4949874],[-79.693499,38.494792],[-79.693811,38.4946603],[-79.6940535,38.4945639],[-79.6942381,38.4945029],[-79.6943657,38.4944232],[-79.6945281,38.4943169],[-79.6946681,38.4941833],[-79.6947634,38.4939861],[-79.6948599,38.4937258],[-79.6949579,38.4933754],[-79.6950461,38.4929349],[-79.6951314,38.4926564],[-79.6952391,38.4924053],[-79.6953572,38.4922174],[-79.6954994,38.4919576],[-79.6956751,38.4917523],[-79.6958045,38.4915735],[-79.6959108,38.4914035],[-79.6959952,38.4911701],[-79.6960696,38.4902248],[-79.6961254,38.4890358],[-79.696178,38.4886579],[-79.6962268,38.4884963],[-79.6962764,38.4882896],[-79.6963185,38.488208],[-79.6963596,38.4881283],[-79.6964445,38.4880392],[-79.6964531,38.4880302],[-79.6966387,38.4879061],[-79.6968818,38.4877826],[-79.6970435,38.4877123],[-79.697298,38.487589],[-79.6974834,38.4874829],[-79.6976004,38.4873491],[-79.6976251,38.4872502],[-79.6976284,38.48707],[-79.6975677,38.4866188],[-79.6974403,38.4860496],[-79.697247,38.4853265],[-79.6966418,38.483914],[-79.6964203,38.483479],[-79.6962765,38.483189],[-79.6962544,38.4831364],[-79.6960676,38.482691],[-79.6959576,38.4824375],[-79.6957807,38.4820751],[-79.6956588,38.4818394],[-79.6956142,38.4817668],[-79.6955022,38.4816214],[-79.695355,38.4815206],[-79.6951049,38.4814428],[-79.6950244,38.4814178],[-79.6943728,38.4813114],[-79.6940982,38.4812813],[-79.693686,38.4812497],[-79.6935264,38.4812029],[-79.693447,38.4811569],[-79.6934031,38.4810483],[-79.693407,38.4808321],[-79.6934617,38.480337],[-79.6934994,38.4800413],[-79.6935018,38.4800221],[-79.693527,38.4798962],[-79.6935861,38.4797977],[-79.6936915,38.4796727],[-79.69376,38.4795965],[-79.6939255,38.479414],[-79.6940316,38.479253],[-79.6941028,38.4791186],[-79.6942383,38.4785974],[-79.6943092,38.4784811],[-79.6944146,38.4783561],[-79.6945659,38.4782316],[-79.6947741,38.4781258],[-79.6953405,38.4778708],[-79.6955826,38.4777924],[-79.6960011,38.4774726],[-79.6963511,38.477134],[-79.6966312,38.4768578],[-79.6969804,38.4765643],[-79.6974807,38.4761553],[-79.6980272,38.4757288],[-79.698515,38.4753738],[-79.6988269,38.4752421],[-79.6989774,38.4751626],[-79.6990472,38.4751026],[-79.6991637,38.4750025],[-79.6992799,38.474779],[-79.6994255,38.4744647],[-79.6994531,38.4743264],[-79.6994798,38.474151],[-79.699536,38.47391],[-79.6995397,38.4737254],[-79.6995369,38.4733665],[-79.699533,38.4733552],[-79.6994606,38.4731494],[-79.6990592,38.4725232],[-79.6989036,38.4722511],[-79.6987917,38.4720966],[-79.698725,38.4719788],[-79.6986828,38.47178],[-79.6986521,38.4715724],[-79.6986678,38.4713383],[-79.698752,38.4711139],[-79.698871,38.4708719],[-79.6989787,38.4706208],[-79.6990741,38.4704146],[-79.6991101,38.4703249],[-79.6991353,38.470199],[-79.6991251,38.4701268],[-79.699058,38.4700359],[-79.698877,38.4698988],[-79.6986714,38.4698604],[-79.6982252,38.4698104],[-79.6974914,38.4698203],[-79.6971714,38.4697717],[-79.6970696,38.4697469],[-79.6967833,38.4696772],[-79.6963386,38.4695461],[-79.6961109,38.4694625],[-79.6957358,38.4692871],[-79.6954983,38.4691042],[-79.6952619,38.4688673],[-79.6950035,38.468576],[-79.6948818,38.4683314],[-79.6945741,38.467598],[-79.6942203,38.4668731],[-79.6939976,38.4665102],[-79.6938419,38.4662471],[-79.6938169,38.4662145],[-79.6937702,38.4661535],[-79.6935283,38.4658381],[-79.693214,38.4654741],[-79.6926949,38.4650178],[-79.6923112,38.4646891],[-79.6919822,38.4644962],[-79.6917324,38.4643672],[-79.6915055,38.4642385],[-79.6913017,38.4641011],[-79.6911325,38.463946],[-79.6910091,38.4638004],[-79.6909542,38.4636646],[-79.690913,38.4634118],[-79.6908757,38.4629338],[-79.6908158,38.4624465],[-79.6907738,38.4622298],[-79.6907079,38.4620758],[-79.6905981,38.4618043],[-79.6903989,38.4614145],[-79.6901541,38.4610063],[-79.690066,38.460807],[-79.6899665,38.4606077],[-79.6897772,38.4602992],[-79.689556,38.4598551],[-79.6893672,38.4595196],[-79.6890116,38.4589028],[-79.6888104,38.4586212],[-79.6887006,38.4583586],[-79.6885915,38.458051],[-79.6885046,38.4577887],[-79.688442,38.4574456],[-79.6884061,38.4568955],[-79.6882653,38.4558125],[-79.6882194,38.4551812],[-79.6882056,38.4546764],[-79.6882568,38.4543795],[-79.6882643,38.4539651],[-79.6882962,38.4534698],[-79.6883157,38.4530285],[-79.6882804,38.4524423],[-79.6882018,38.4517205],[-79.688114,38.4508724],[-79.6881078,38.450584],[-79.6882024,38.4504228],[-79.6885315,38.4499669],[-79.6887771,38.4496903],[-79.6888833,38.4495203],[-79.6889879,38.4494403],[-79.6892108,38.4491545],[-79.6894223,38.4488685],[-79.6896571,38.4485557],[-79.6897983,38.44835],[-79.6899268,38.4482162],[-79.6901829,38.4479938],[-79.6906945,38.447585],[-79.6911023,38.4472111],[-79.6913009,38.447006],[-79.6914182,38.4468541],[-79.6914777,38.4467286],[-79.6915033,38.4465847],[-79.6914949,38.4464134],[-79.6914307,38.4461604],[-79.6913307,38.445988],[-79.6913153,38.4459525],[-79.6912789,38.4458687],[-79.6912207,38.4457345],[-79.6911116,38.4454269],[-79.6906785,38.444665],[-79.6903987,38.4442278],[-79.6902662,38.4440206],[-79.6896509,38.4431937],[-79.6895297,38.442922],[-79.689442,38.4427047],[-79.689421,38.4425963],[-79.6893335,38.4423701],[-79.6893136,38.4421986],[-79.6892932,38.4420632],[-79.6893084,38.4418561],[-79.6893925,38.4416408],[-79.6894762,38.4414435],[-79.6895941,38.4412645],[-79.6898047,38.4410236],[-79.6900256,38.4408458],[-79.6903386,38.4406421],[-79.6905478,38.4404822],[-79.6907572,38.4403043],[-79.6909197,38.4401889],[-79.6910256,38.4400369],[-79.6911439,38.439831],[-79.691216,38.4396425],[-79.6912654,38.4394448],[-79.6912927,38.4392018],[-79.691368,38.4388422],[-79.6914196,38.4385184],[-79.6915092,38.4379967],[-79.6915742,38.4375739],[-79.6916021,38.4372948],[-79.6916067,38.4370425],[-79.6915873,38.4368441],[-79.6915446,38.4366724],[-79.6914678,38.4364823],[-79.6913789,38.4363281],[-79.6912225,38.43611],[-79.6911105,38.4359646],[-79.6910215,38.4358194],[-79.690957,38.4355844],[-79.6909272,38.4353317],[-79.6908957,38.4351692],[-79.6908533,38.4349795],[-79.6907878,38.4347985],[-79.6906774,38.434572],[-79.6906245,38.4343281],[-79.6905811,38.4341924],[-79.6904371,38.4339205],[-79.6903164,38.4336217],[-79.6900704,38.4332855],[-79.6898696,38.4329859],[-79.689803,38.432868],[-79.6897388,38.432615],[-79.6896987,38.4322991],[-79.6897154,38.4320109],[-79.6897424,38.4317859],[-79.6897675,38.4316601],[-79.6897924,38.4315522],[-79.6898069,38.4313811],[-79.6898204,38.4312732],[-79.6898684,38.4311475],[-79.6899846,38.4310587],[-79.6901811,38.4309618],[-79.6909901,38.4305743],[-79.691325,38.4304248],[-79.6915544,38.4302837],[-79.6917421,38.4301682],[-79.6920672,38.4299285],[-79.692451,38.4296083],[-79.6928119,38.4292879],[-79.6930457,38.4290851],[-79.693708,38.4285139],[-79.6943362,38.4280773],[-79.6948223,38.4277062],[-79.6950542,38.4275556],[-79.6951815,38.427485],[-79.6954352,38.4273886],[-79.6958626,38.4271951],[-79.6961076,38.4271005],[-79.6965201,38.4269411],[-79.6967737,38.4268538],[-79.6968433,38.4268095],[-79.69689,38.426756],[-79.6968799,38.4266838],[-79.69679,38.4265836],[-79.6964172,38.4262911],[-79.69609,38.4260171],[-79.6959206,38.4258801],[-79.6957859,38.4257254],[-79.6956854,38.4255801],[-79.6956083,38.425408],[-79.6955758,38.4250927],[-79.6954856,38.4245866],[-79.6954659,38.4244061],[-79.6954442,38.4243428],[-79.6954776,38.4237574],[-79.6954813,38.4235502],[-79.6955289,38.4234516],[-79.6955647,38.4233709],[-79.6956231,38.4233084],[-79.6957157,38.4232554],[-79.6958545,38.4231849],[-79.6962684,38.4230993],[-79.6968891,38.4229801],[-79.69735,38.422832],[-79.6982133,38.4225983],[-79.6986519,38.4224139],[-79.6987593,38.4223593],[-79.6989988,38.4222375],[-79.6992834,38.4220801],[-79.6993343,38.422052],[-79.699705,38.4218218],[-79.6999145,38.4216349],[-79.7000434,38.4214741],[-79.7001381,38.4213039],[-79.7001866,38.4211513],[-79.7001907,38.420926],[-79.7002278,38.4207732],[-79.7002518,38.4207104],[-79.7003225,38.4206031],[-79.7004931,38.420454],[-79.7005668,38.4203895],[-79.700752,38.4202834],[-79.7008557,38.4202485],[-79.701374,38.420092],[-79.7016811,38.42001],[-79.701892,38.4199536],[-79.7021459,38.4198482],[-79.7022846,38.4197777],[-79.7023999,38.4197339],[-79.7025159,38.4196541],[-79.7026443,38.4195203],[-79.7029128,38.4192349],[-79.703323,38.4187168],[-79.7036153,38.4183866],[-79.7037206,38.4182616],[-79.703884,38.4180922],[-79.7042149,38.4175191],[-79.7042509,38.4174294],[-79.7043208,38.417367],[-79.7044248,38.4173141],[-79.7045861,38.4172618],[-79.7046723,38.417223],[-79.7048401,38.4171475],[-79.7051056,38.4170333],[-79.7054067,38.4168473],[-79.705887,38.4164538],[-79.705895,38.4164472],[-79.7065933,38.4158241],[-79.7066396,38.4157789],[-79.7068031,38.4156191],[-79.7068866,38.4155201],[-79.7070138,38.4153691],[-79.7071438,38.4151453],[-79.7072384,38.4149751],[-79.7072465,38.414952],[-79.7073108,38.4147686],[-79.7073842,38.4145081],[-79.7075283,38.4141312],[-79.7076111,38.4139879],[-79.707799,38.4137286],[-79.7078638,38.4136104],[-79.7080594,38.4132539],[-79.7082716,38.4129138],[-79.7084358,38.4126993],[-79.7086225,38.4125031],[-79.7088541,38.4123615],[-79.709098,38.4121749],[-79.7092729,38.4119966],[-79.7093552,38.4118804],[-79.7094156,38.4117008],[-79.7094082,38.4114754],[-79.7093785,38.4113127],[-79.7093769,38.4113039],[-79.7092893,38.4110776],[-79.7090237,38.410552],[-79.7088603,38.4100816],[-79.7088283,38.4099461],[-79.7088304,38.4098289],[-79.7088896,38.4097214],[-79.7089491,38.4095959],[-79.7091702,38.4094001],[-79.7095419,38.4091068],[-79.709624,38.4089996],[-79.7097411,38.4088567],[-79.7098259,38.4085963],[-79.7098745,38.4084346],[-79.7099334,38.4083451],[-79.7100737,38.4081845],[-79.7103054,38.4080338],[-79.7106181,38.407839],[-79.710976,38.4076807],[-79.7114025,38.4075232],[-79.7114601,38.4075072],[-79.7118399,38.4074018],[-79.7121845,38.4073425],[-79.7122151,38.4073409],[-79.7124711,38.4073277],[-79.7125344,38.4073036],[-79.7125403,38.4073014],[-79.7125643,38.4072386],[-79.7125259,38.4068236],[-79.7125021,38.4065175],[-79.7124979,38.4064628],[-79.7125235,38.4063099],[-79.7125833,38.4061664],[-79.7127394,38.4057626],[-79.7129404,38.4054043],[-79.7130481,38.4051441],[-79.7131545,38.4049561],[-79.7132353,38.4049209],[-79.713686,38.4046915],[-79.713975,38.4045415],[-79.7142765,38.4043285],[-79.7145635,38.4040738],[-79.7145674,38.4040704],[-79.714731,38.4038829],[-79.71485,38.4036319],[-79.7149456,38.4034077],[-79.7150393,38.4032915],[-79.7150749,38.4032198],[-79.7152606,38.4030777],[-79.7154806,38.4029449],[-79.7158968,38.4027331],[-79.7161035,38.4026279],[-79.7161393,38.4026097],[-79.7165796,38.4023171],[-79.7169855,38.4020332],[-79.7173229,38.4017305],[-79.7174971,38.4015972],[-79.7175793,38.4014809],[-79.7176618,38.4013467],[-79.7176874,38.4011937],[-79.7176921,38.4009264],[-79.7176923,38.4009144],[-79.7176493,38.4007608],[-79.7175934,38.4006791],[-79.7175836,38.4005888],[-79.71762,38.4004721],[-79.7177504,38.4002212],[-79.7180548,38.399846],[-79.7181136,38.3997565],[-79.7182087,38.3995593],[-79.7183415,38.3991733],[-79.7184122,38.3990569],[-79.7185412,38.3988871],[-79.7188123,38.3984485],[-79.7189413,38.3982786],[-79.7189888,38.39818],[-79.7190494,38.3979914],[-79.7191334,38.3977761],[-79.7192747,38.3975523],[-79.7194164,38.3973106],[-79.7195132,38.3970142],[-79.7195961,38.3968619],[-79.7196794,38.3966826],[-79.719785,38.3965396],[-79.7200192,38.3962447],[-79.7203724,38.3958523],[-79.7205331,38.3956736],[-79.7207416,38.3954239],[-79.7211297,38.3949592],[-79.7211645,38.3949063],[-79.7212354,38.3948071],[-79.7212957,38.3946366],[-79.7212869,38.3944833],[-79.7212592,38.3943825],[-79.7212224,38.3942483],[-79.7211357,38.3939679],[-79.7210823,38.3937511],[-79.7210738,38.3935798],[-79.7210764,38.3934356],[-79.7211134,38.3932828],[-79.7211768,38.3931745],[-79.7212551,38.393041],[-79.7214693,38.3927488],[-79.72176,38.3923256],[-79.7219022,38.3920568],[-79.7220823,38.3915811],[-79.7221586,38.3912267],[-79.7221945,38.3910597],[-79.7222441,38.3908439],[-79.7223043,38.3906734],[-79.7223754,38.390539],[-79.7224474,38.3903505],[-79.7225342,38.389973],[-79.7226687,38.3894878],[-79.7227401,38.3893354],[-79.7228574,38.3891744],[-79.7230207,38.389005],[-79.723265,38.3887823],[-79.7233929,38.3886756],[-79.7236118,38.3885969],[-79.7240379,38.3884573],[-79.7246244,38.3883105],[-79.7248895,38.3882143],[-79.7250662,38.3881293],[-79.7252012,38.3880644],[-79.7257553,38.3878091],[-79.7261602,38.3875702],[-79.7263456,38.3874461],[-79.7264706,38.3873265],[-79.7265206,38.3872587],[-79.7266165,38.3870164],[-79.7267754,38.3864414],[-79.7268345,38.3863339],[-79.7269751,38.3861552],[-79.7272442,38.3858247],[-79.7274901,38.3855119],[-79.7275613,38.3853685],[-79.727574,38.3852966],[-79.727564,38.3852154],[-79.7275109,38.3849805],[-79.7272685,38.3845854],[-79.7271992,38.3844724],[-79.7270785,38.3841737],[-79.7270611,38.3838581],[-79.727086,38.3837412],[-79.7271226,38.3836155],[-79.7272048,38.3834992],[-79.727368,38.3833298],[-79.7277513,38.3830185],[-79.7279145,38.3828491],[-79.7280096,38.3826518],[-79.7281511,38.3824191],[-79.7283035,38.3822134],[-79.7284251,38.3820806],[-79.7284669,38.382035],[-79.728688,38.3818301],[-79.7290234,38.3816355],[-79.7293471,38.3814588],[-79.729555,38.3813529],[-79.7297173,38.3812375],[-79.7299613,38.3810328],[-79.7300446,38.3808535],[-79.7300491,38.380837],[-79.730118,38.3805839],[-79.7301335,38.3803498],[-79.7300704,38.3800337],[-79.7300418,38.3799061],[-79.7300279,38.379844],[-79.7300085,38.3796455],[-79.7300221,38.3795195],[-79.7300463,38.3794477],[-79.7301512,38.3793407],[-79.7303141,38.3791892],[-79.7304196,38.3790462],[-79.7305498,38.3788043],[-79.7307185,38.3783195],[-79.7309015,38.3776726],[-79.7310952,38.3770709],[-79.7311373,38.3766298],[-79.7311307,38.3763504],[-79.7311117,38.3761249],[-79.731047,38.3758989],[-79.7310056,38.3756461],[-79.7310091,38.3754479],[-79.7310467,38.375259],[-79.7311635,38.3751251],[-79.7314558,38.3747768],[-79.7316239,38.374328],[-79.7316966,38.3740945],[-79.7317348,38.3738787],[-79.7317619,38.3736356],[-79.7317098,38.3733377],[-79.7315885,38.373075],[-79.7314432,38.3728752],[-79.7312969,38.3727294],[-79.7309575,38.3725005],[-79.7309155,38.3724788],[-79.7307079,38.3723716],[-79.730608,38.3723409],[-79.7304346,38.3722875],[-79.7299324,38.372201],[-79.7286982,38.3720795],[-79.7280584,38.3720095],[-79.7277276,38.3719428],[-79.7274095,38.3718042],[-79.7271941,38.3716847],[-79.727026,38.3714756],[-79.7268353,38.3712572],[-79.7267583,38.3710762],[-79.7266941,38.3708231],[-79.7266311,38.370498],[-79.7266016,38.3702183],[-79.7266101,38.3697318],[-79.7266434,38.3691374],[-79.7266176,38.3686505],[-79.7264996,38.3681986],[-79.7263605,38.367873],[-79.7262907,38.3677097],[-79.7260026,38.3671659],[-79.7258926,38.3669123],[-79.7257703,38.3667037],[-79.7257376,38.3666133],[-79.7257175,38.3664508],[-79.7257315,38.3663068],[-79.7258437,38.3657853],[-79.7258805,38.3656415],[-79.7258598,38.3655151],[-79.7257994,38.3650459],[-79.7257445,38.3649101],[-79.7256444,38.3647468],[-79.7255895,38.364611],[-79.7255574,38.3644845],[-79.7255606,38.3643043],[-79.7255634,38.3641421],[-79.7255894,38.3639622],[-79.7257317,38.3636844],[-79.7258609,38.3634965],[-79.7262226,38.3631039],[-79.7265719,38.3627653],[-79.7268282,38.3625067],[-79.7269563,38.3623819],[-79.7270605,38.362311],[-79.7273376,38.3621788],[-79.7276826,38.3620834],[-79.7282542,38.3621257],[-79.7286442,38.3620758],[-79.7289312,38.3620248],[-79.7291844,38.3619465],[-79.7294496,38.3618322],[-79.7298307,38.3616381],[-79.7301317,38.3614431],[-79.730793,38.3609366],[-79.7310021,38.3607586],[-79.731199,38.3606255],[-79.7314191,38.3604747],[-79.7316161,38.3603327],[-79.731837,38.3601368],[-79.7319888,38.3599672],[-79.7320711,38.3598419],[-79.7321427,38.3596654],[-79.7321548,38.3596356],[-79.7322029,38.3595009],[-79.7322056,38.3593477],[-79.7321971,38.3591764],[-79.7322117,38.3589963],[-79.73226,38.3588527],[-79.732412,38.3586651],[-79.7325865,38.3585047],[-79.7328069,38.3583359],[-79.7330968,38.3581227],[-79.7334562,38.3578563],[-79.7335466,38.357787],[-79.7338274,38.3575719],[-79.734165,38.3572421],[-79.7343169,38.3570635],[-79.7344227,38.3569024],[-79.7344826,38.3567499],[-79.7345811,38.3563544],[-79.7346201,38.3560845],[-79.7346229,38.3559223],[-79.7346483,38.3557784],[-79.7347673,38.3555183],[-79.7349063,38.3554207],[-79.7351604,38.3552883],[-79.7354026,38.3551827],[-79.735725,38.3550691],[-79.7360129,38.3550066],[-79.7360811,38.3549918],[-79.7363565,38.3549497],[-79.736528,38.3549605],[-79.7368244,38.3550268],[-79.7370979,38.3550928],[-79.7371434,38.3551114],[-79.7372461,38.3551305],[-79.7374755,38.3550969],[-79.7383028,38.3549076],[-79.7390615,38.3547174],[-79.7396364,38.3545614],[-79.7399938,38.3544121],[-79.740282,38.354289],[-79.740617,38.3541123],[-79.7408369,38.3539705],[-79.7409878,38.353846],[-79.7411276,38.3537033],[-79.7411869,38.3535868],[-79.7412919,38.3534707],[-79.7414542,38.3533463],[-79.7416732,38.3532585],[-79.7419713,38.3532257],[-79.742189,38.35321],[-79.7424514,38.3532579],[-79.7428008,38.3533837],[-79.7428381,38.3533972],[-79.7431778,38.3536081],[-79.7434949,38.3538007],[-79.7435946,38.35385],[-79.7437559,38.3539297],[-79.7439721,38.3540041],[-79.7442343,38.354061],[-79.7446795,38.3541288],[-79.74493,38.3542036],[-79.7452148,38.3542788],[-79.7454192,38.3543711],[-79.7456808,38.354464],[-79.7458404,38.3545017],[-79.7461481,38.3545771],[-79.7464911,38.3545988],[-79.7469255,38.3546341],[-79.7472568,38.354661],[-79.7476449,38.3547193],[-79.7479412,38.3547945],[-79.7481001,38.3548683],[-79.7482359,38.3549599],[-79.7483366,38.3550961],[-79.7485045,38.3553142],[-79.7486501,38.355496],[-79.7486584,38.3555009],[-79.7488201,38.3555969],[-79.7490021,38.355662],[-79.7492074,38.3557002],[-79.7494247,38.3557115],[-79.7496422,38.3557048],[-79.7497803,38.3556612],[-79.7499521,38.3556541],[-79.7506127,38.3558413],[-79.7508406,38.3558978],[-79.7511266,38.3559099],[-79.7513553,38.3559213],[-79.7515957,38.3559149],[-79.751813,38.3559262],[-79.7520617,38.3559439],[-79.7523502,38.355968],[-79.7526018,38.3559796],[-79.7528532,38.3560003],[-79.752933,38.3560091],[-79.753036,38.3560203],[-79.7532758,38.3560499],[-79.753561,38.356107],[-79.753766,38.3561632],[-79.7541299,38.3563023],[-79.7543794,38.3564311],[-79.754481,38.3565133],[-79.7545712,38.3565953],[-79.7546845,38.3566596],[-79.7548316,38.3567603],[-79.7550019,38.3568432],[-79.7551604,38.356944],[-79.755262,38.3570262],[-79.7553407,38.3571082],[-79.7554862,38.3572989],[-79.7555196,38.3573534],[-79.7555759,38.357408],[-79.7556897,38.3574453],[-79.7558952,38.3574745],[-79.7563752,38.3575156],[-79.7568673,38.3575209],[-79.7571422,38.3575057],[-79.7575313,38.3575099],[-79.7576802,38.3575024],[-79.7577949,38.3574856],[-79.7583111,38.357419],[-79.7585295,38.3573672],[-79.7587934,38.357325],[-79.7590459,38.3572826],[-79.7593215,38.3572314],[-79.7595049,38.3572153],[-79.7595737,38.3571968],[-79.7598499,38.3571198],[-79.7604927,38.3570095],[-79.7607914,38.3569405],[-79.7612508,38.3568463],[-79.7614918,38.3568128],[-79.7616867,38.3567878],[-79.7619278,38.3567453],[-79.762169,38.3566937],[-79.7626388,38.3566626],[-79.7633375,38.356634],[-79.7636353,38.3566191],[-79.7639104,38.3565949],[-79.7641397,38.3565703],[-79.7643121,38.3565271],[-79.7643743,38.3565053],[-79.7644618,38.3564746],[-79.7645544,38.3564125],[-79.7646473,38.3563323],[-79.7647753,38.3562075],[-79.764788,38.3561609],[-79.764812,38.3560727],[-79.7649066,38.3558935],[-79.7649889,38.3557592],[-79.765118,38.3555713],[-79.7653274,38.3553752],[-79.7655024,38.3551788],[-79.7656662,38.3549642],[-79.7658295,38.3547857],[-79.7659929,38.3545982],[-79.7662018,38.3544292],[-79.7664337,38.3542514],[-79.7666078,38.354109],[-79.766793,38.3539848],[-79.7669092,38.3538779],[-79.7670257,38.3537619],[-79.7671662,38.3535742],[-79.7672962,38.3533322],[-79.7672632,38.3532508],[-79.7671506,38.3531414],[-79.7666426,38.3527306],[-79.7664847,38.3525937],[-79.7662586,38.3524291],[-79.7661463,38.3523018],[-79.7660682,38.3521838],[-79.7660026,38.3520029],[-79.7659603,38.3517952],[-79.7659289,38.3516236],[-79.7659432,38.3514525],[-79.7660034,38.3512819],[-79.7661317,38.3511391],[-79.766676,38.3507573],[-79.7671395,38.3504197],[-79.7673375,38.3502145],[-79.7677806,38.3497326],[-79.7679557,38.3495271],[-79.7681412,38.3493849],[-79.768327,38.3492246],[-79.7684893,38.3491002],[-79.7686393,38.3490296],[-79.7688018,38.3488962],[-79.768953,38.3487536],[-79.7692074,38.348594],[-79.7694622,38.3484164],[-79.7696708,38.3483208],[-79.7697505,38.3482843],[-79.7700157,38.3481699],[-79.7702233,38.348073],[-79.7703395,38.347966],[-79.7704448,38.347832],[-79.7704117,38.3477595],[-79.7703444,38.3476777],[-79.7701319,38.3473871],[-79.7700613,38.3473045],[-79.7700309,38.3472689],[-79.7698503,38.3471228],[-79.7695903,38.3469308],[-79.7692181,38.3466115],[-79.7691165,38.3465293],[-79.7689122,38.3464281],[-79.7686618,38.3463443],[-79.7684124,38.3462065],[-79.7683856,38.3461883],[-79.7681975,38.3460601],[-79.7680403,38.3458782],[-79.7678957,38.3456334],[-79.7678211,38.3453082],[-79.7677915,38.3450285],[-79.7677856,38.344704],[-79.7677677,38.3444064],[-79.7677828,38.3441903],[-79.767855,38.3439838],[-79.768101,38.3436439],[-79.7684388,38.343296],[-79.768741,38.3430198],[-79.7692749,38.3425748],[-79.7694381,38.3423963],[-79.7695668,38.3422264],[-79.7697416,38.342039],[-79.7698933,38.3418693],[-79.7699858,38.3417422],[-79.7700104,38.3417084],[-79.770083,38.3414748],[-79.7701088,38.3413039],[-79.7701692,38.3411152],[-79.7702067,38.3409264],[-79.7703385,38.3405763],[-79.7704594,38.3401901],[-79.7706016,38.3399032],[-79.7706958,38.3397419],[-79.7708351,38.3396263],[-79.7710089,38.339527],[-79.7715168,38.3392369],[-79.771737,38.3390679],[-79.7719113,38.3389009],[-79.7719231,38.3388897],[-79.7720755,38.338675],[-79.7721475,38.3384775],[-79.7721685,38.3384123],[-79.7722199,38.3382529],[-79.7722818,38.3379742],[-79.7723204,38.3377223],[-79.772405,38.3374528],[-79.7724648,38.3373002],[-79.7725824,38.3371122],[-79.7726649,38.3369689],[-79.7727361,38.3368164],[-79.7727577,38.3367321],[-79.7728581,38.3363671],[-79.7729199,38.3360974],[-79.7729828,38.3359098],[-79.7730407,38.3357202],[-79.7731113,38.3356037],[-79.7733091,38.3354075],[-79.7735186,38.3351934],[-79.7737041,38.3350512],[-79.7739353,38.3349094],[-79.7740979,38.3347669],[-79.7742491,38.3346243],[-79.7744125,38.3344278],[-79.7748759,38.3340901],[-79.7751069,38.3339574],[-79.7754295,38.3338256],[-79.7757867,38.3336761],[-79.7761779,38.333545],[-79.7764659,38.3334308],[-79.7766381,38.3333477],[-79.7769273,38.3332103],[-79.7771357,38.3330593],[-79.7774372,38.3328191],[-79.7778202,38.3324987],[-79.7781104,38.3322494],[-79.778412,38.3320002],[-79.7786668,38.3318494],[-79.7790006,38.3316999],[-79.7793228,38.3315861],[-79.7796215,38.3315171],[-79.7799195,38.3314842],[-79.7802404,38.3314515],[-79.780847,38.3314397],[-79.7811212,38.3314606],[-79.7816226,38.331583],[-79.7821358,38.3316784],[-79.7825463,38.3317638],[-79.7829456,38.331831],[-79.7831054,38.3318507],[-79.7833914,38.3318536],[-79.7837344,38.3318662],[-79.7840209,38.3318421],[-79.7841697,38.3318347],[-79.7847915,38.3315978],[-79.7851032,38.3314298],[-79.7853918,38.3312796],[-79.7855767,38.3311643],[-79.7857271,38.3310668],[-79.7858084,38.3309955],[-79.7858899,38.3309062],[-79.7859035,38.3308882],[-79.7859836,38.330781],[-79.7860317,38.3306373],[-79.786127,38.330413],[-79.7862466,38.3300988],[-79.7863777,38.3297848],[-79.7865323,38.3294349],[-79.7866975,38.3291302],[-79.7868279,38.3288612],[-79.7869224,38.3286819],[-79.7870151,38.3286108],[-79.7871654,38.3285132],[-79.7874542,38.328345],[-79.7875927,38.3282743],[-79.7877313,38.3281946],[-79.7878582,38.3281329],[-79.7879732,38.328098],[-79.7881339,38.3280636],[-79.7882485,38.3280558],[-79.7884542,38.3280669],[-79.7886711,38.3280962],[-79.7888996,38.3281166],[-79.7891164,38.3281459],[-79.7893559,38.3281934],[-79.7895729,38.3282137],[-79.7897554,38.3282516],[-79.7899038,38.3282711],[-79.7900038,38.3282634],[-79.7900765,38.3282008],[-79.7901819,38.3280577],[-79.7902424,38.3278601],[-79.7903023,38.3276985],[-79.7904078,38.3275464],[-79.7905358,38.3274125],[-79.7906871,38.3272609],[-79.7908725,38.3271186],[-79.7910344,38.3270121],[-79.7910878,38.3269753],[-79.7911501,38.3269322],[-79.7912547,38.3268341],[-79.7915444,38.3266118],[-79.7919851,38.3262559],[-79.7922627,38.3260695],[-79.7925869,38.3258385],[-79.7928067,38.3256876],[-79.7930383,38.3255187],[-79.7932581,38.3253768],[-79.7934438,38.3252165],[-79.7936406,38.3250743],[-79.7939187,38.3248609],[-79.794116,38.3246917],[-79.7943012,38.3245584],[-79.7945096,38.3244074],[-79.7947751,38.3242659],[-79.7950746,38.3241428],[-79.7953859,38.3239928],[-79.7956508,38.3238874],[-79.7959269,38.3237911],[-79.7960881,38.3237296],[-79.7962493,38.3236682],[-79.7964339,38.323571],[-79.796492,38.3235175],[-79.7965847,38.3234463],[-79.7967257,38.3232225],[-79.7968338,38.3229082],[-79.7969659,38.322531],[-79.7970044,38.3222791],[-79.7970308,38.3220631],[-79.7970793,38.3219014],[-79.7972092,38.3216504],[-79.7973853,38.3213818],[-79.7976304,38.3210869],[-79.7978062,38.3208274],[-79.7979591,38.3205766],[-79.798065,38.3203975],[-79.7981137,38.3202094],[-79.7981139,38.3202087],[-79.7981506,38.3200649],[-79.798233,38.3199215],[-79.7982583,38.3197776],[-79.7982734,38.3195525],[-79.7982997,38.3193455],[-79.7983367,38.3191836],[-79.7983965,38.319022],[-79.7985143,38.318816],[-79.7987141,38.3184936],[-79.798891,38.318171],[-79.799021,38.31792],[-79.799231,38.3176698],[-79.7993942,38.3174822],[-79.7995455,38.3173305],[-79.7996974,38.3171338],[-79.7998138,38.3170088],[-79.7999527,38.3169111],[-79.8001024,38.3168496],[-79.8003324,38.3167798],[-79.800574,38.3166922],[-79.8008378,38.3166498],[-79.8010214,38.3166156],[-79.8012164,38.3165816],[-79.8013877,38.3166014],[-79.8015708,38.3165942],[-79.8015864,38.3165888],[-79.8016974,38.3165505],[-79.8019387,38.3164808],[-79.802077,38.3164191],[-79.8022502,38.3163218],[-79.8024124,38.3161973],[-79.8026341,38.3159292],[-79.8028572,38.31558],[-79.8031615,38.3151595],[-79.8034192,38.3147927],[-79.8036642,38.3144978],[-79.8038626,38.3142565],[-79.8040143,38.3140778],[-79.8041769,38.3139262],[-79.8043279,38.3137836],[-79.8044913,38.313587],[-79.8046664,38.3133725],[-79.8048997,38.3130955],[-79.8051322,38.3128635],[-79.805296,38.3126399],[-79.8055644,38.3123182],[-79.8058902,38.3119791],[-79.8062388,38.3116492],[-79.8065046,38.3114323],[-79.8066097,38.3113465],[-79.8069223,38.3111154],[-79.8072352,38.3108662],[-79.8074788,38.3106614],[-79.807699,38.3104834],[-79.8080127,38.3101892],[-79.8082559,38.3100025],[-79.808488,38.3097975],[-79.8086741,38.3096102],[-79.8088848,38.3093149],[-79.8091448,38.3088039],[-79.8093934,38.3082837],[-79.8096181,38.3078354],[-79.8097599,38.3075574],[-79.8099251,38.3072437],[-79.8100423,38.3070737],[-79.8101235,38.3070024],[-79.8101483,38.3068855],[-79.8101852,38.3067236],[-79.8101862,38.3067126],[-79.8102275,38.3062374],[-79.8102076,38.3053541],[-79.8101789,38.3051591],[-79.8101664,38.3050743],[-79.8101346,38.3049207],[-79.8100908,38.3048031],[-79.8099672,38.3046667],[-79.809607,38.3043116],[-79.8093266,38.3039753],[-79.8090576,38.3036391],[-79.8088887,38.3034369],[-79.8087996,38.3033301],[-79.8084303,38.3028307],[-79.8081052,38.3024309],[-79.8077915,38.3020312],[-79.8075337,38.3017131],[-79.8073085,38.3014946],[-79.8070834,38.301276],[-79.8068012,38.3010478],[-79.8066552,38.3008841],[-79.8062835,38.3005379],[-79.8057537,38.3000639],[-79.8054041,38.2997629],[-79.8050771,38.2994803],[-79.8047283,38.2991342],[-79.8043898,38.2988514],[-79.8041987,38.2986512],[-79.804076,38.2984607],[-79.8040224,38.2982439],[-79.8039342,38.2980447],[-79.8038476,38.2977465],[-79.8037381,38.2974479],[-79.8036509,38.2971857],[-79.8035642,38.2968964],[-79.8034892,38.2965893],[-79.8034601,38.2962736],[-79.8034525,38.2960392],[-79.8034211,38.2958586],[-79.8034228,38.2957595],[-79.8034031,38.295561],[-79.8034067,38.2953448],[-79.8034056,38.2953191],[-79.8033909,38.294912],[-79.8033625,38.2945513],[-79.8033459,38.2941726],[-79.8033047,38.2938928],[-79.8032302,38.2935586],[-79.8031552,38.2932514],[-79.8030911,38.2929714],[-79.8030584,38.2928843],[-79.8029925,38.2927091],[-79.8028954,38.2923566],[-79.8028406,38.2922119],[-79.8027288,38.2920575],[-79.8026042,38.2919842],[-79.8023995,38.291919],[-79.8022629,38.2918815],[-79.8020113,38.291879],[-79.8017479,38.2919033],[-79.8014615,38.2919365],[-79.8010949,38.2919778],[-79.8008314,38.2920111],[-79.8005225,38.292017],[-79.8002478,38.2920322],[-79.7999274,38.292047],[-79.7996872,38.2920535],[-79.7995728,38.2920523],[-79.7994466,38.2920781],[-79.7991951,38.2920755],[-79.7989318,38.2920908],[-79.798555,38.29206],[-79.7982881,38.2920686],[-79.7980401,38.2920817],[-79.7978003,38.2920612],[-79.7976754,38.2920059],[-79.7973695,38.2918315],[-79.7969969,38.2915483],[-79.796726,38.2913293],[-79.7964668,38.2911013],[-79.7962413,38.2909098],[-79.7961846,38.2908574],[-79.7960836,38.290764],[-79.795903,38.2906179],[-79.7957333,38.290508],[-79.7955758,38.2903532],[-79.7954636,38.2902259],[-79.7953429,38.2899183],[-79.7952211,38.2896737],[-79.7950556,38.2893115],[-79.7949453,38.2890671],[-79.7948685,38.288868],[-79.7948379,38.2886424],[-79.7947728,38.2884344],[-79.7946616,38.2882441],[-79.7945168,38.2880083],[-79.7942922,38.2877626],[-79.7939558,38.2873626],[-79.7937664,38.2870633],[-79.7935202,38.2867364],[-79.7932626,38.2864093],[-79.7930826,38.2862362],[-79.7928569,38.2860536],[-79.7926424,38.2858892],[-79.7924059,38.2856705],[-79.7922145,38.2854883],[-79.7921729,38.2854312],[-79.7920356,38.2852431],[-79.7918462,38.2849438],[-79.7917128,38.2847171],[-79.7916245,38.284527],[-79.7914923,38.2842192],[-79.7913717,38.2839115],[-79.7912399,38.2835858],[-79.7910616,38.2833045],[-79.7909062,38.2830236],[-79.7907068,38.282634],[-79.7905407,38.2823079],[-79.7903745,38.2819907],[-79.7902069,38.2817547],[-79.7900183,38.2814103],[-79.789937,38.2812508],[-79.7899075,38.2811929],[-79.7898904,38.2811319],[-79.7898643,38.2810392],[-79.7898327,38.2808767],[-79.7898586,38.2806967],[-79.7899089,38.2804179],[-79.7900291,38.2800676],[-79.7900573,38.2797435],[-79.7901072,38.2794917],[-79.790181,38.279177],[-79.7902908,38.2787636],[-79.790307,38.2784754],[-79.790301,38.2781509],[-79.7902596,38.2778891],[-79.7901828,38.2776901],[-79.7899367,38.2773631],[-79.7896445,38.2770627],[-79.7894257,38.2768627],[-79.7892954,38.2767437],[-79.789098,38.276564],[-79.788935,38.2764155],[-79.7886755,38.2762056],[-79.7884163,38.2759776],[-79.7882252,38.2757864],[-79.7880338,38.2756042],[-79.7878988,38.2754766],[-79.7877287,38.2753937],[-79.7875011,38.2753283],[-79.7872963,38.2752721],[-79.787137,38.2752254],[-79.7870236,38.2751702],[-79.7868992,38.2750878],[-79.7867977,38.2750056],[-79.786707,38.2749596],[-79.7866388,38.2749319],[-79.786583,38.2748502],[-79.7865638,38.2746337],[-79.7866005,38.2744899],[-79.7867526,38.2742752],[-79.7870327,38.2739356],[-79.7872546,38.2736495],[-79.7874191,38.2733809],[-79.7876418,38.2730497],[-79.7876873,38.2729783],[-79.7878414,38.2727364],[-79.7879836,38.2724314],[-79.7880903,38.2722072],[-79.7882895,38.2719119],[-79.7883554,38.2716839],[-79.7883623,38.2716603],[-79.7884248,38.2713365],[-79.7884879,38.2709767],[-79.7885401,38.2705897],[-79.7885796,38.2702747],[-79.7886182,38.2700138],[-79.7886571,38.2697348],[-79.7886843,38.2694737],[-79.7887573,38.2692131],[-79.7888299,38.2689706],[-79.7888306,38.2689248],[-79.7888312,38.2688895],[-79.7888674,38.2687727],[-79.788928,38.268566],[-79.7890113,38.2683686],[-79.7891054,38.2682074],[-79.7892558,38.2681008],[-79.7894179,38.2679763],[-79.7896951,38.2678079],[-79.7899145,38.267675],[-79.7901781,38.2676326],[-79.790453,38.2675994],[-79.7907169,38.2675391],[-79.7910265,38.2674792],[-79.791405,38.267402],[-79.7916686,38.2673596],[-79.792001,38.267309],[-79.7922189,38.2672661],[-79.7923572,38.2671955],[-79.7925542,38.2670353],[-79.7927857,38.2668574],[-79.7928116,38.2668433],[-79.7929472,38.266769],[-79.7931999,38.2666995],[-79.7934758,38.2666032],[-79.7936942,38.2665333],[-79.7939011,38.2664668],[-79.7939929,38.2664372],[-79.7942684,38.266368],[-79.7946009,38.2663083],[-79.794819,38.2662565],[-79.7951412,38.2661246],[-79.7953715,38.2659743],[-79.7953723,38.2659738],[-79.7956608,38.2658055],[-79.7960268,38.2656036],[-79.7971545,38.2661499],[-79.7976003,38.2661638],[-79.7978824,38.2661336],[-79.7980266,38.2660967],[-79.798295,38.2659581],[-79.7995348,38.2642418],[-79.8012728,38.2614751],[-79.8022007,38.2608161],[-79.8050702,38.260013],[-79.8063366,38.2591935],[-79.8064934,38.259204],[-79.8106869,38.2603656],[-79.8119888,38.2604015],[-79.8136467,38.2588516],[-79.8142058,38.2581715],[-79.8146182,38.2574433],[-79.8146302,38.2566598],[-79.8157087,38.2550656],[-79.8157177,38.2536509],[-79.8151446,38.2523492],[-79.8148632,38.2515669],[-79.8150101,38.2513661],[-79.8157556,38.2506772],[-79.8163174,38.2501228],[-79.8167769,38.2498319],[-79.8171488,38.2495119],[-79.8175303,38.2493162],[-79.8182019,38.2490603],[-79.8188598,38.2487195],[-79.819068,38.2486368],[-79.8196239,38.2482322],[-79.8198467,38.248158],[-79.8200412,38.2481158],[-79.8204405,38.2480987],[-79.8210067,38.2482749],[-79.822024,38.2488331],[-79.8229312,38.2493932],[-79.823526,38.2497282],[-79.8243968,38.2501392],[-79.824968,38.2503856],[-79.8252851,38.2504895],[-79.8256031,38.2504376],[-79.82612,38.2503051],[-79.8268819,38.2498798],[-79.827337,38.249826],[-79.8282964,38.2498285],[-79.8289192,38.2495622],[-79.8292415,38.2495053],[-79.8296004,38.2495227],[-79.8307106,38.2497118],[-79.8308837,38.2496878],[-79.8311941,38.2494756],[-79.831271,38.2493628],[-79.8313952,38.2491833],[-79.8315167,38.2490076],[-79.8320252,38.2485568],[-79.832576,38.2479981],[-79.8329681,38.2475561],[-79.8331507,38.2469984],[-79.8332827,38.2462659],[-79.8336743,38.2455168],[-79.8339277,38.2452343],[-79.8340313,38.2449584],[-79.8340383,38.2435315],[-79.8341697,38.2429015],[-79.8345699,38.2423274],[-79.8351229,38.2418914],[-79.836113,38.2415244],[-79.8374996,38.2412761],[-79.8382905,38.2412277],[-79.8396651,38.2413126],[-79.8415147,38.2415433],[-79.8429845,38.2415942],[-79.8439889,38.2414577],[-79.844305,38.2413267],[-79.8449529,38.2412007],[-79.8452073,38.2410852],[-79.8457819,38.2406627],[-79.8462635,38.2402679],[-79.846446,38.2400039],[-79.84652,38.2396036],[-79.8467735,38.2391355],[-79.8471513,38.2383224],[-79.8477601,38.2374215],[-79.8483981,38.2363633],[-79.8489211,38.2355504],[-79.8495547,38.2347972],[-79.8496637,38.2345939],[-79.8498337,38.234144],[-79.8500996,38.2335593],[-79.8503254,38.2333288],[-79.8510455,38.2330564],[-79.851715,38.2328643],[-79.8527524,38.2324558],[-79.8534177,38.2321575],[-79.8545954,38.2319191],[-79.8547572,38.231887],[-79.8558988,38.2315569],[-79.8569624,38.2310776],[-79.8574192,38.2306102],[-79.857858,38.2300156],[-79.8584701,38.2292837],[-79.8598715,38.2278517],[-79.8603003,38.2273307],[-79.8604357,38.2271236],[-79.8605189,38.2268442],[-79.860385,38.2264968],[-79.8604031,38.2261345],[-79.8605284,38.2256858],[-79.8608805,38.2252439],[-79.8617391,38.224633],[-79.86248,38.2242041],[-79.8631896,38.2240007],[-79.8636259,38.2239435],[-79.8638994,38.2237955],[-79.8642747,38.223522],[-79.8667976,38.2211922],[-79.8671347,38.2208397],[-79.8674,38.2204343],[-79.8677898,38.2196358],[-79.8679977,38.219441],[-79.8694606,38.2187253],[-79.8699048,38.2185556],[-79.870266,38.2183678],[-79.8732064,38.2159115],[-79.8736353,38.2155791],[-79.8737757,38.2155088],[-79.8739347,38.2153872],[-79.8739438,38.2152099],[-79.8740724,38.2146173],[-79.8743302,38.2137063],[-79.8745912,38.2129774],[-79.8747752,38.2129486],[-79.8757123,38.2123123],[-79.8771036,38.2117008],[-79.8779221,38.2113204],[-79.8784209,38.211247],[-79.8785201,38.2111777],[-79.8786161,38.2111194],[-79.8790874,38.2110157],[-79.8792492,38.2109199],[-79.879346,38.2107187],[-79.8795775,38.2103109],[-79.8799003,38.2097907],[-79.880049,38.2095819],[-79.8802374,38.2094295],[-79.8805643,38.2094385],[-79.88085,38.209271],[-79.8813776,38.2091042],[-79.8815816,38.2089464],[-79.881705,38.2087923],[-79.8820627,38.2081129],[-79.8825248,38.2074539],[-79.8829548,38.2069418],[-79.8831056,38.206884],[-79.8833203,38.2068451],[-79.8838706,38.2075801],[-79.8842326,38.2078677],[-79.884543,38.2079559],[-79.8850176,38.2079655],[-79.8856542,38.2079365],[-79.8864144,38.2079533],[-79.8875895,38.2076255],[-79.8881036,38.2073246],[-79.8885453,38.2070392],[-79.8891963,38.2064654],[-79.8903239,38.2058582],[-79.8905102,38.2056876],[-79.8906856,38.2054306],[-79.8907526,38.2050482],[-79.8909888,38.2048368],[-79.8915946,38.2046527],[-79.8917168,38.204513],[-79.8918426,38.2043162],[-79.8918833,38.2035443],[-79.8919992,38.2033783],[-79.8922604,38.2025353],[-79.8923497,38.2023896],[-79.8925617,38.2018595],[-79.8926444,38.2014546],[-79.8926906,38.200734],[-79.8927717,38.2001777],[-79.892916,38.199869],[-79.8931828,38.1995562],[-79.8934297,38.1994507],[-79.8941396,38.1993448],[-79.8942653,38.1992657],[-79.8943231,38.1991486],[-79.8943752,38.1987509],[-79.8943481,38.1986385],[-79.8944591,38.1985038],[-79.8949776,38.1983983],[-79.8951689,38.1982407],[-79.8957983,38.1975369],[-79.8968815,38.1964583],[-79.897133,38.1962494],[-79.8973938,38.1958501],[-79.897467,38.1956166],[-79.8974061,38.1953453],[-79.8973155,38.1951264],[-79.8970497,38.1946867],[-79.8970064,38.1945271],[-79.8970133,38.1942088],[-79.89713,38.1937341],[-79.8973351,38.1933801],[-79.8978195,38.1931339],[-79.8984308,38.1930463],[-79.8989976,38.1927868],[-79.8996439,38.1924594],[-79.9002664,38.1920952],[-79.9005264,38.1919135],[-79.9007302,38.1917425],[-79.9012824,38.1911686],[-79.9015653,38.1910223],[-79.9017829,38.1909255],[-79.9026258,38.1908286],[-79.9029217,38.1907495],[-79.9032462,38.1906259],[-79.9036142,38.1904149],[-79.9050935,38.189459],[-79.9056824,38.1892347],[-79.9060841,38.1890011],[-79.9063914,38.188748],[-79.9069514,38.1882073],[-79.9071693,38.1880612],[-79.9073859,38.1879718],[-79.907621,38.187947],[-79.9083327,38.1881096],[-79.9094906,38.1882162],[-79.9100325,38.1881859],[-79.9109523,38.1879238],[-79.9117324,38.1876484],[-79.9120821,38.1876179],[-79.9124029,38.1877115],[-79.9130718,38.1881473],[-79.9139324,38.1884788],[-79.9141879,38.1884832],[-79.9144139,38.1884187],[-79.9146141,38.1882328],[-79.9148762,38.187898],[-79.9152346,38.1875352],[-79.9161508,38.1865486],[-79.9163432,38.1862826],[-79.9163864,38.1860072],[-79.916347,38.1857475],[-79.9161836,38.1852773],[-79.9161466,38.1849704],[-79.9161701,38.1843848],[-79.9163517,38.184215],[-79.9170682,38.1837357],[-79.9177973,38.1836088],[-79.9183216,38.1834784],[-79.9190517,38.183192],[-79.9198185,38.1827353],[-79.9200765,38.1825289],[-79.9203309,38.1820878],[-79.9208151,38.1813759],[-79.9210395,38.1811083],[-79.9211857,38.1807778],[-79.9211941,38.1803802],[-79.9210286,38.1799534],[-79.9206538,38.1797263],[-79.920085,38.1795597],[-79.9197917,38.1794075],[-79.9194995,38.1793052],[-79.9193411,38.1790938],[-79.9191057,38.1789087],[-79.9187532,38.1788127],[-79.9181211,38.1787093],[-79.9174292,38.1786225],[-79.9171356,38.1784776],[-79.9166196,38.1779928],[-79.9165562,38.1776815],[-79.9164526,38.1768177],[-79.9165314,38.1765757],[-79.9167087,38.1761772],[-79.9167942,38.1759175],[-79.9167696,38.1755915],[-79.9167672,38.1755063],[-79.9168544,38.1752976],[-79.9169963,38.1750665],[-79.9180615,38.1738164],[-79.9184524,38.1730808],[-79.9186952,38.1725116],[-79.918949,38.1718909],[-79.9189902,38.1717265],[-79.9190112,38.1714615],[-79.9189155,38.171014],[-79.9188796,38.1707744],[-79.9189097,38.1704632],[-79.9188211,38.1701127],[-79.9186893,38.1699793],[-79.9182573,38.1698023],[-79.9181028,38.1696158],[-79.9180415,38.1694407],[-79.9181977,38.1687451],[-79.9181565,38.1686012],[-79.9179261,38.1684004],[-79.9175983,38.1683594],[-79.9160668,38.1684265],[-79.9150644,38.1680832],[-79.9149242,38.1679107],[-79.9148613,38.1677216],[-79.9148872,38.1675209],[-79.9150167,38.1673406],[-79.9151894,38.1672045],[-79.9152452,38.1670885],[-79.9153046,38.1669123],[-79.9152433,38.1666461],[-79.915304,38.16647],[-79.9154416,38.1662718],[-79.9156896,38.1660394],[-79.9158195,38.1658873],[-79.9160529,38.1655308],[-79.9160881,38.1654104],[-79.9162286,38.1649861],[-79.9161708,38.1645377],[-79.9159799,38.1640808],[-79.9159393,38.1636499],[-79.9160113,38.1633621],[-79.9161184,38.1631936],[-79.9162084,38.1630922],[-79.9163841,38.1630207],[-79.9166561,38.1630057],[-79.9179117,38.1630908],[-79.918476,38.1631452],[-79.9187228,38.163147],[-79.9190492,38.1630246],[-79.9193874,38.1628519],[-79.9195178,38.1626456],[-79.9195466,38.1624215],[-79.9194847,38.1621745],[-79.9190972,38.161107],[-79.9190965,38.1605377],[-79.9190771,38.1600986],[-79.9193002,38.1595536],[-79.9197996,38.1588103],[-79.9198466,38.1587011],[-79.9197894,38.158511],[-79.9195727,38.1583624],[-79.9187811,38.1582792],[-79.9186642,38.1582217],[-79.9185649,38.1580597],[-79.9184668,38.157575],[-79.9185042,38.1572395],[-79.9185108,38.1571586],[-79.9190159,38.156156],[-79.9190417,38.1560225],[-79.9190066,38.1558653],[-79.9186014,38.1552696],[-79.9185808,38.1550417],[-79.918668,38.1547798],[-79.9187925,38.1545985],[-79.9192032,38.1540936],[-79.9194063,38.1537887],[-79.9195483,38.1536424],[-79.9196986,38.153522],[-79.9205112,38.1532214],[-79.9208809,38.152908],[-79.9213442,38.1523725],[-79.9216133,38.1521597],[-79.9224933,38.1518382],[-79.9227317,38.1516509],[-79.9228382,38.1514714],[-79.9229373,38.1511302],[-79.9230332,38.1509563],[-79.9231206,38.1508745],[-79.9234128,38.1507842],[-79.924937,38.1506107],[-79.9252492,38.1504687],[-79.9255122,38.1502394],[-79.9257372,38.1499644],[-79.9259927,38.1497578],[-79.9261446,38.149556],[-79.9262249,38.1494052],[-79.9261963,38.1492267],[-79.9261959,38.1488851],[-79.9262284,38.1487313],[-79.9262968,38.1485601],[-79.9261934,38.1476941],[-79.9262265,38.1475306],[-79.9263547,38.1473158],[-79.9267911,38.1469639],[-79.9270748,38.1464841],[-79.9272673,38.1460264],[-79.9274949,38.1457042],[-79.9279133,38.1454072],[-79.9284219,38.145168],[-79.9286853,38.1449233],[-79.9287006,38.1445588],[-79.9287471,38.1444364],[-79.9286702,38.1433565],[-79.9286965,38.1426767],[-79.9287739,38.1418669],[-79.9288878,38.1402381],[-79.9289481,38.1399753],[-79.9290343,38.1397721],[-79.9298771,38.1387196],[-79.9305194,38.1381552],[-79.9319002,38.1373339],[-79.932079,38.1370996],[-79.9325768,38.1363306],[-79.9327467,38.1361592],[-79.9337572,38.1355021],[-79.9338313,38.1353794],[-79.9342646,38.1351312],[-79.9356301,38.1349009],[-79.9371887,38.1347844],[-79.9378875,38.1348864],[-79.9393927,38.1351065],[-79.9399583,38.1349883],[-79.9411326,38.134442],[-79.9427466,38.1343318],[-79.942851,38.1342455],[-79.9429729,38.1340772],[-79.9429003,38.1337111],[-79.9429421,38.1335284],[-79.9431213,38.1333942],[-79.9432061,38.1332829],[-79.9435428,38.13322],[-79.9436674,38.1331461],[-79.9443237,38.1326053],[-79.9444804,38.1325074],[-79.94472,38.1324716],[-79.9450915,38.1324546],[-79.9452147,38.1323851],[-79.9452569,38.1322396],[-79.9452404,38.1321265],[-79.9451864,38.1319859],[-79.9450323,38.1317731],[-79.9448402,38.1315833],[-79.9446178,38.131172],[-79.9445121,38.1308283],[-79.9443287,38.1303863],[-79.9442912,38.1301589],[-79.9444121,38.1297256],[-79.9444009,38.1294602],[-79.9443322,38.129171],[-79.9442619,38.128979],[-79.9441027,38.1286428],[-79.9438539,38.1283104],[-79.9435169,38.1279488],[-79.9428063,38.1272842],[-79.9426578,38.1271474],[-79.9425175,38.1268714],[-79.9419862,38.1263693],[-79.941294,38.1254795],[-79.9411752,38.125267],[-79.941173,38.1251208],[-79.9411143,38.1247782],[-79.9412262,38.1245804],[-79.9419692,38.1242947],[-79.9430805,38.1236551],[-79.9432048,38.1233988],[-79.9432321,38.1232241],[-79.943085,38.1230092],[-79.9424752,38.1225051],[-79.9421364,38.1220834],[-79.9416683,38.1217141],[-79.9409939,38.1213238],[-79.9406665,38.1208658],[-79.9407276,38.1204705],[-79.9409206,38.1200622],[-79.9410091,38.1196598],[-79.9407154,38.1190088],[-79.9407701,38.1185184],[-79.9410226,38.1180109],[-79.9414496,38.1176576],[-79.9414641,38.1173675],[-79.9409514,38.1168729],[-79.9403637,38.1159024],[-79.9400705,38.1151899],[-79.9395879,38.114344],[-79.9395591,38.1139425],[-79.9397097,38.1135648],[-79.9390727,38.1126513],[-79.9389482,38.111615],[-79.9384057,38.1109829],[-79.9380459,38.1107596],[-79.9376667,38.1108186],[-79.9372484,38.1110024],[-79.936856,38.1112037],[-79.9365181,38.1111982],[-79.936142,38.1111389],[-79.9356677,38.1111542],[-79.9352009,38.1109168],[-79.9347253,38.1105446],[-79.934684,38.110084],[-79.9343631,38.1097166],[-79.9331621,38.1095804],[-79.9326899,38.1096474],[-79.9324653,38.1097264],[-79.9320509,38.1096557],[-79.9315854,38.1093589],[-79.9308846,38.109253],[-79.930449,38.1092812],[-79.9296881,38.1091988],[-79.9288673,38.1088644],[-79.9263267,38.1071514],[-79.9262959,38.1068063],[-79.9263924,38.1065492],[-79.9267837,38.1061778],[-79.9273189,38.1053738],[-79.9278734,38.104451],[-79.9286929,38.1038269],[-79.9293153,38.1029857],[-79.9297376,38.10275],[-79.9304783,38.1022366],[-79.9309284,38.1016714],[-79.9310323,38.1014034],[-79.9311324,38.1013967],[-79.9316899,38.1011381],[-79.9338536,38.0991984],[-79.9339101,38.099171],[-79.9339934,38.0985306],[-79.9342505,38.097666],[-79.9346081,38.0973074],[-79.9348957,38.0969835],[-79.9351021,38.0965395],[-79.9354511,38.0962593],[-79.9363474,38.0955902],[-79.9382731,38.0947452],[-79.9398687,38.0930866],[-79.9413384,38.0920857],[-79.9418501,38.0918583],[-79.9423602,38.0915911],[-79.9426543,38.0912958],[-79.9429013,38.09089],[-79.9432451,38.090461],[-79.9435664,38.0900149],[-79.9440281,38.08981],[-79.9443344,38.089517],[-79.9451379,38.0885553],[-79.9466074,38.0869535],[-79.9470074,38.0862292],[-79.9471298,38.0852866],[-79.9472904,38.0850471],[-79.9475984,38.0849129],[-79.9479745,38.0848013],[-79.948305,38.0846105],[-79.9490995,38.0842455],[-79.9499229,38.0838174],[-79.9511103,38.0829078],[-79.9514553,38.0825028],[-79.9535105,38.0814872],[-79.9543694,38.0804],[-79.9545292,38.0801004],[-79.9545349,38.0797409],[-79.954221,38.079032],[-79.9541274,38.0787618],[-79.954193,38.078524],[-79.9545046,38.078212],[-79.9555519,38.0776165],[-79.9556444,38.0775001],[-79.955668,38.0773286],[-79.9556367,38.0769061],[-79.9557458,38.0765587],[-79.9557664,38.0761092],[-79.9559191,38.0757245],[-79.9561043,38.0754859],[-79.9562722,38.0753906],[-79.9564153,38.0752108],[-79.9565032,38.074967],[-79.9575099,38.0729378],[-79.957616,38.0726196],[-79.9576795,38.0722865],[-79.9577593,38.0720504],[-79.9578717,38.0719304],[-79.9582169,38.0717192],[-79.9590214,38.0713545],[-79.9591632,38.0712894],[-79.9593506,38.0711685],[-79.9593688,38.0707654],[-79.9591323,38.0703998],[-79.9591497,38.0701002],[-79.9600942,38.0686775],[-79.9611593,38.0679958],[-79.961648,38.0674153],[-79.9615698,38.0664636],[-79.961804,38.0661219],[-79.9618106,38.0658846],[-79.9603212,38.0648776],[-79.9599103,38.0645379],[-79.9596897,38.0645154],[-79.9594961,38.064299],[-79.9595657,38.0639257],[-79.959844,38.0636978],[-79.959862,38.0634172],[-79.9599732,38.0631389],[-79.9601635,38.0625464],[-79.9604399,38.0621504],[-79.9606778,38.0618681],[-79.9609235,38.0616387],[-79.961261,38.060993],[-79.961488,38.0606679],[-79.9619036,38.0601892],[-79.9621678,38.0597352],[-79.9622522,38.0594919],[-79.9623311,38.0590721],[-79.9623209,38.0584897],[-79.9623805,38.0581811],[-79.9624738,38.0579097],[-79.9626724,38.057668],[-79.9631216,38.057386],[-79.9635532,38.0570329],[-79.9637862,38.0566212],[-79.9639827,38.0552904],[-79.9642848,38.0545196],[-79.9645763,38.0540485],[-79.9653169,38.0534095],[-79.9656203,38.0527705],[-79.9659033,38.0520383],[-79.9659521,38.0512101],[-79.9660813,38.0508207],[-79.9671442,38.0494865],[-79.9678391,38.0488617],[-79.9680737,38.0484671],[-79.9681376,38.0482029],[-79.9681461,38.0478977],[-79.9681904,38.0477079],[-79.9685881,38.0473236],[-79.9691949,38.0468894],[-79.969505,38.0465359],[-79.9697908,38.0460768],[-79.9700973,38.0457306],[-79.9702092,38.0456235],[-79.9708305,38.0450389],[-79.9711429,38.0446497],[-79.9712323,38.0443282],[-79.9713943,38.0438772],[-79.9722738,38.0429418],[-79.9726111,38.0424245],[-79.972686,38.0421705],[-79.9729915,38.0413557],[-79.9736736,38.040453],[-79.9738955,38.040003],[-79.9739685,38.0393209],[-79.9737754,38.0387409],[-79.9732437,38.0377503],[-79.9721589,38.0360914],[-79.9719667,38.0358758],[-79.9716749,38.0356616],[-79.9715255,38.0354511],[-79.9716019,38.0352327],[-79.9721032,38.0349732],[-79.9731281,38.0347139],[-79.973861,38.0345659],[-79.9740845,38.0343942],[-79.9741719,38.0340688],[-79.9741374,38.0339633],[-79.9738198,38.0333501],[-79.9736211,38.0330652],[-79.9737,38.032559],[-79.9738721,38.0323102],[-79.9742718,38.032195],[-79.9749346,38.0318586],[-79.9754068,38.031392],[-79.9754208,38.0311074],[-79.9752617,38.0304094],[-79.9752685,38.030075],[-79.9755956,38.0298315],[-79.9761397,38.0296021],[-79.9767314,38.0292788],[-79.9768897,38.0290098],[-79.9769567,38.0288046],[-79.9773306,38.028712],[-79.9777759,38.0289548],[-79.9780363,38.0291344],[-79.9784286,38.0290818],[-79.9789896,38.0287232],[-79.9794604,38.0283447],[-79.9800085,38.027942],[-79.9802881,38.027598],[-79.9804372,38.0271046],[-79.9805628,38.0265551],[-79.9807796,38.0261099],[-79.9811154,38.0257185],[-79.9818875,38.0246795],[-79.9820865,38.0242251],[-79.9828476,38.0234436],[-79.9829889,38.0232409],[-79.9833037,38.0228011],[-79.983819,38.0216709],[-79.983878,38.0211909],[-79.9839903,38.0207349],[-79.98437,38.0203907],[-79.9850865,38.0199346],[-79.9856177,38.0191627],[-79.9857851,38.0184607],[-79.9857891,38.0180875],[-79.985007,38.0169328],[-79.9848412,38.0166104],[-79.9849908,38.0162487],[-79.985501,38.0160254],[-79.9858851,38.0158814],[-79.9861381,38.0154267],[-79.9861604,38.0148368],[-79.9860436,38.0144098],[-79.9861405,38.0141842],[-79.986944,38.0139832],[-79.9883942,38.013918],[-79.989533,38.0136115],[-79.9901142,38.0132466],[-79.9907871,38.012106],[-79.9912586,38.0115403],[-79.991494,38.0111399],[-79.9919113,38.0105274],[-79.9927362,38.0100118],[-79.9936999,38.0093482],[-79.9943214,38.0087127],[-79.994976,38.0078679],[-79.9954889,38.0071266],[-79.9957683,38.0064884],[-79.9959015,38.0057924],[-79.9958487,38.0053544],[-79.9956905,38.0050461],[-79.995122,38.0043791],[-79.9949054,38.0040762],[-79.9951127,38.0037919],[-79.9953962,38.0033177],[-79.9956032,38.0028752],[-79.995788,38.0022229],[-79.9961355,38.0009936],[-79.9963941,38.0006061],[-79.9967223,38.0003551],[-79.9971356,38.0001244],[-79.9982182,38.0000261],[-79.9984437,37.9999384],[-79.9985798,37.9999613],[-79.9987518,37.9998429],[-79.9988543,37.999712],[-79.9988841,37.9995677],[-79.9988832,37.9994738],[-79.9988333,37.9992622],[-79.9988207,37.9989227],[-79.9987905,37.9987585],[-79.998808,37.9986997],[-79.9988107,37.9984114],[-79.9987691,37.9981513],[-79.9985573,37.9977291],[-79.9986604,37.9976048],[-79.9988315,37.9975111],[-79.9990043,37.997347],[-79.999143,37.9972529],[-79.999167,37.9971265],[-79.9992761,37.9969408],[-79.9993064,37.9967599],[-79.9993854,37.9965507],[-79.9993755,37.9964013],[-79.9994139,37.9962219],[-79.9993834,37.9961012],[-79.9993833,37.9958429],[-79.9993552,37.9957673],[-79.9993127,37.9954586],[-79.9992415,37.9951888],[-79.9992722,37.9950874],[-79.9993839,37.9949072],[-79.9994886,37.994891],[-79.9996081,37.994899],[-79.9997788,37.9947813],[-80.000985,37.99471],[-80.0016434,37.9943692],[-80.0019939,37.9938369],[-80.0022855,37.9931559],[-80.0025079,37.9927678],[-80.0039828,37.9923225],[-80.0045208,37.9919662],[-80.0045443,37.9919512],[-80.0052208,37.9917268],[-80.0062242,37.9915794],[-80.0067311,37.9914054],[-80.0072785,37.9909488],[-80.0076509,37.9906105],[-80.0079535,37.9906421],[-80.008484,37.9907993],[-80.0088955,37.9908287],[-80.0091183,37.9906688],[-80.0096881,37.989768],[-80.0102541,37.9893388],[-80.0109708,37.9890677],[-80.0116848,37.9889137],[-80.0122001,37.9886287],[-80.012605,37.9881954],[-80.012891,37.9874431],[-80.0125534,37.9860004],[-80.0131296,37.9850443],[-80.0131464,37.9842544],[-80.0143321,37.9839192],[-80.015934,37.98309],[-80.0161407,37.9825165],[-80.0166972,37.9823437],[-80.0171725,37.9821652],[-80.0174151,37.9816679],[-80.0179427,37.9812702],[-80.0186988,37.9812355],[-80.0201629,37.9809807],[-80.0206362,37.9807461],[-80.020888,37.9803012],[-80.0210649,37.9796266],[-80.0216444,37.9793677],[-80.0219946,37.9790711],[-80.0220328,37.9788737],[-80.0221299,37.9783822],[-80.0221418,37.9780195],[-80.0227504,37.9776327],[-80.0230546,37.9772933],[-80.0241713,37.9769058],[-80.0246228,37.9762504],[-80.0255763,37.9763975],[-80.0259798,37.976258],[-80.0262057,37.9758011],[-80.0263228,37.9750511],[-80.0267162,37.9749883],[-80.0270577,37.974862],[-80.027179,37.974539],[-80.0272511,37.9742652],[-80.0278335,37.9741784],[-80.0291876,37.9740523],[-80.0294837,37.9737966],[-80.0298432,37.9731696],[-80.0302638,37.9726476],[-80.0303937,37.9725568],[-80.0309423,37.9721731],[-80.0314961,37.971544],[-80.0321502,37.9709565],[-80.0326865,37.9706387],[-80.0333414,37.9700881],[-80.0340256,37.9695097],[-80.0347101,37.968935],[-80.0359833,37.9682446],[-80.0362316,37.9679222],[-80.0365973,37.967158],[-80.0367558,37.966421],[-80.0369085,37.9659069],[-80.0404211,37.9656197],[-80.0404367,37.9644462],[-80.0408907,37.9637462],[-80.0413124,37.9635982],[-80.0418787,37.9634739],[-80.0431887,37.9624249],[-80.0437087,37.9620324],[-80.0440695,37.9616171],[-80.0443688,37.9607024],[-80.044477,37.9600805],[-80.0455229,37.9598978],[-80.0462423,37.9599649],[-80.0468723,37.9600553],[-80.047095,37.9598807],[-80.0476359,37.95826],[-80.0484128,37.9574811],[-80.0496545,37.9571972],[-80.0503221,37.9570841],[-80.0510445,37.9568521],[-80.0515079,37.9562541],[-80.052197,37.9557384],[-80.05282,37.9553426],[-80.0529236,37.9552472],[-80.0536136,37.954629],[-80.0544507,37.9543636],[-80.0546606,37.9542068],[-80.0551411,37.953556],[-80.0556339,37.9527981],[-80.0560555,37.9519586],[-80.0572168,37.9519765],[-80.0574918,37.9517948],[-80.0591689,37.9505914],[-80.0593293,37.9505116],[-80.0598894,37.9503268],[-80.0604954,37.9501063],[-80.060713,37.9499999],[-80.0612071,37.9496343],[-80.0619637,37.9492077],[-80.0622382,37.9491017],[-80.0626154,37.9489785],[-80.0628559,37.9488633],[-80.0630853,37.9487209],[-80.0633155,37.9485245],[-80.0634538,37.9483814],[-80.0637813,37.94769],[-80.0638962,37.9476008],[-80.0643297,37.9475231],[-80.0650926,37.9475021],[-80.0652629,37.9475305],[-80.0654684,37.947487],[-80.0658795,37.9473731],[-80.0663254,37.9472144],[-80.0666687,37.947073],[-80.0671502,37.9467974],[-80.0672652,37.9466991],[-80.0673465,37.9465736],[-80.0675526,37.9464761],[-80.0678609,37.9463974],[-80.0682388,37.9462111],[-80.0683881,37.9461042],[-80.0686184,37.9458897],[-80.0687449,37.9457915],[-80.0692026,37.9455969],[-80.0695349,37.9454192],[-80.0696269,37.9453388],[-80.0697451,37.9449973],[-80.0697974,37.9444569],[-80.0698923,37.9441512],[-80.0700561,37.943792],[-80.0701373,37.9436755],[-80.070218,37.943595],[-80.0703776,37.9435692],[-80.0705934,37.943607],[-80.07098,37.9436371],[-80.0712763,37.9436034],[-80.0715159,37.9435512],[-80.0721788,37.9433311],[-80.0724647,37.9432252],[-80.072671,37.9431096],[-80.0729691,37.9429317],[-80.0733254,37.9426551],[-80.0735432,37.9425306],[-80.0745157,37.9421237],[-80.0746533,37.9420346],[-80.0747569,37.9419453],[-80.0748151,37.9418376],[-80.0748509,37.9417117],[-80.0749209,37.9415681],[-80.0749814,37.9408985],[-80.0752085,37.9404167],[-80.0752682,37.9401918],[-80.075444,37.9397876],[-80.0756179,37.9395276],[-80.0759407,37.9391967],[-80.0764697,37.9387592],[-80.0769521,37.9384025],[-80.0775599,37.9380287],[-80.0786025,37.937469],[-80.0788427,37.9373718],[-80.0790712,37.9373014],[-80.0793117,37.9371771],[-80.0797593,37.9368742],[-80.0799091,37.9367222],[-80.0803491,37.9361217],[-80.0806026,37.9358623],[-80.0808452,37.9355758],[-80.0810175,37.935442],[-80.0811789,37.935281],[-80.0814089,37.9350845],[-80.0816956,37.9349065],[-80.0822338,37.9346403],[-80.0829899,37.9342316],[-80.0832769,37.9340265],[-80.0836088,37.9338759],[-80.0838946,37.9337699],[-80.0839748,37.9337255],[-80.0841233,37.9336816],[-80.0843524,37.9335572],[-80.0844901,37.9334681],[-80.0845936,37.9333788],[-80.0846633,37.9332622],[-80.0846884,37.9330731],[-80.0846789,37.9329198],[-80.0847034,37.9327848],[-80.0847736,37.9326231],[-80.0850396,37.9322827],[-80.085224,37.9320949],[-80.0853733,37.9319788],[-80.0855448,37.9319171],[-80.0858753,37.9318746],[-80.0862067,37.93176],[-80.0863554,37.931698],[-80.0864933,37.931591],[-80.086564,37.9313932],[-80.0866239,37.9311503],[-80.0866504,37.9308531],[-80.0869608,37.9296748],[-80.0870199,37.929495],[-80.0871354,37.9293517],[-80.0872848,37.9292357],[-80.0874807,37.929039],[-80.0877104,37.9288605],[-80.0879632,37.9286641],[-80.0882163,37.9284408],[-80.0884573,37.9282714],[-80.0886084,37.928115],[-80.0886648,37.9280567],[-80.0888488,37.9278959],[-80.0890783,37.9277444],[-80.0895933,37.9275051],[-80.090073,37.9273556],[-80.0903362,37.9272314],[-80.0905648,37.9271521],[-80.090793,37.9270997],[-80.0910222,37.9269663],[-80.0911715,37.9268503],[-80.0912525,37.9267428],[-80.0914278,37.9263656],[-80.091567,37.9261503],[-80.091706,37.9259531],[-80.0918901,37.9257833],[-80.0919943,37.9256399],[-80.0920647,37.9254692],[-80.0920787,37.925253],[-80.0919893,37.9251171],[-80.0919108,37.9250264],[-80.0918598,37.9248888],[-80.0918337,37.9248185],[-80.0917928,37.9244396],[-80.0918548,37.9240255],[-80.0919716,37.9237831],[-80.0921913,37.9234963],[-80.0924099,37.9232997],[-80.0926855,37.9230946],[-80.0928922,37.9229339],[-80.0929734,37.9228084],[-80.093227,37.9225399],[-80.0936751,37.9221829],[-80.0936954,37.9221671],[-80.0941691,37.9217991],[-80.0945371,37.9214775],[-80.0947675,37.9212449],[-80.0949058,37.9211018],[-80.0949991,37.9209132],[-80.0950473,37.9206973],[-80.0950719,37.9205442],[-80.095097,37.9203552],[-80.0951223,37.9201481],[-80.0951699,37.9199772],[-80.0952282,37.9198605],[-80.0953095,37.9197259],[-80.0954591,37.9195828],[-80.0955974,37.9194397],[-80.0957126,37.9193234],[-80.0958741,37.9191444],[-80.0959783,37.918992],[-80.0960835,37.9187674],[-80.0961573,37.918636],[-80.0962347,37.9184982],[-80.0964303,37.9183195],[-80.0964417,37.9183119],[-80.0966711,37.9181591],[-80.096911,37.9180798],[-80.0974805,37.9180301],[-80.0980833,37.9180437],[-80.0984142,37.9180891],[-80.0986399,37.9181201],[-80.0990933,37.9182587],[-80.0995796,37.9184968],[-80.0999301,37.9186707],[-80.100179,37.9187898],[-80.1003712,37.9188904],[-80.1006885,37.9189919],[-80.1010978,37.9190131],[-80.1015185,37.9190343],[-80.1020876,37.9190206],[-80.1025768,37.9190153],[-80.1026842,37.9189919],[-80.1027366,37.9189805],[-80.1028395,37.9189362],[-80.1029433,37.9188198],[-80.1030727,37.9184693],[-80.1033248,37.9173807],[-80.1034741,37.9169784],[-80.1035483,37.9167785],[-80.1036539,37.9165089],[-80.1037352,37.9163744],[-80.1039416,37.9162407],[-80.1042616,37.916126],[-80.105037,37.9159787],[-80.1055276,37.9158562],[-80.1057449,37.9157677],[-80.1060669,37.9154817],[-80.1062788,37.9152708],[-80.1064354,37.915115],[-80.106769,37.9148111],[-80.1069075,37.9146409],[-80.1070349,37.9144526],[-80.1071056,37.9142549],[-80.1072001,37.9139672],[-80.107261,37.9136341],[-80.1072647,37.9133277],[-80.1072112,37.9130479],[-80.1072023,37.9128406],[-80.1071926,37.9127053],[-80.107205,37.9126153],[-80.1072985,37.9124087],[-80.1075725,37.9123296],[-80.1078897,37.9122864],[-80.1079485,37.9122784],[-80.1083023,37.9121909],[-80.108701,37.9121399],[-80.1089409,37.9120606],[-80.1090672,37.9119624],[-80.109194,37.9118281],[-80.1093683,37.911523],[-80.1094728,37.9113436],[-80.1096105,37.9112455],[-80.1097247,37.9112103],[-80.1100897,37.9111319],[-80.1106607,37.9109469],[-80.1110383,37.9107695],[-80.1114727,37.9105925],[-80.111771,37.9103785],[-80.1120244,37.910119],[-80.1120399,37.9100985],[-80.1123018,37.9097516],[-80.1124738,37.909516],[-80.1126488,37.9092765],[-80.1128116,37.9089803],[-80.1129625,37.9087291],[-80.1130903,37.9085047],[-80.1131852,37.908181],[-80.113268,37.9079202],[-80.1133616,37.9077046],[-80.1136043,37.907382],[-80.1137651,37.907257],[-80.11396,37.9071323],[-80.1141419,37.9071336],[-80.1141931,37.9071212],[-80.11526,37.9068626],[-80.1159901,37.9066879],[-80.116265,37.906627],[-80.1164235,37.906592],[-80.1166523,37.9064855],[-80.1167674,37.9063692],[-80.116907,37.9061089],[-80.1169571,37.9057307],[-80.1169939,37.9055057],[-80.1170445,37.9050734],[-80.1171178,37.9046504],[-80.1171659,37.9044344],[-80.1171779,37.9043804],[-80.1172134,37.9042635],[-80.1172718,37.9041378],[-80.1175347,37.9040316],[-80.1176824,37.9040507],[-80.1178642,37.9040611],[-80.1181719,37.9040183],[-80.1184682,37.9039665],[-80.1186279,37.9039316],[-80.1187307,37.9038963],[-80.1188114,37.9038068],[-80.1189866,37.9034206],[-80.1190933,37.9029411],[-80.1191909,37.9025028],[-80.1192395,37.9022418],[-80.1192191,37.9020433],[-80.1191868,37.9018899],[-80.1190756,37.9016817],[-80.1187265,37.9013817],[-80.1185752,37.9012928],[-80.1183538,37.9011626],[-80.1180371,37.901007],[-80.1178828,37.9009155],[-80.1178677,37.9009066],[-80.1177552,37.9008066],[-80.1176206,37.9006434],[-80.117531,37.9005255],[-80.1174975,37.9004385],[-80.1174648,37.9003538],[-80.1174539,37.9003177],[-80.1174335,37.9001192],[-80.1174707,37.8998581],[-80.1174638,37.8994885],[-80.1174556,37.8992181],[-80.1174689,37.899056],[-80.1174692,37.8989941],[-80.1174375,37.8988139],[-80.1174276,37.8987042],[-80.1174628,37.8986143],[-80.1175092,37.8985425],[-80.1175334,37.8984165],[-80.1175809,37.8982547],[-80.1177206,37.8979853],[-80.117802,37.8978327],[-80.1179288,37.8976894],[-80.1182612,37.8974756],[-80.1185595,37.8972615],[-80.1186857,37.8971724],[-80.1188112,37.8971372],[-80.118993,37.8971476],[-80.1193457,37.8971412],[-80.1197102,37.8970989],[-80.1199043,37.8970372],[-80.1201445,37.8969219],[-80.120407,37.8968427],[-80.1205292,37.8968336],[-80.1207372,37.8968181],[-80.120998,37.8968832],[-80.1213377,37.8970119],[-80.1215639,37.8971217],[-80.1217043,37.8971912],[-80.1217674,37.8972224],[-80.121949,37.8972508],[-80.122097,37.8972429],[-80.1222558,37.8972801],[-80.1224019,37.8974254],[-80.1226722,37.8976527],[-80.1229317,37.8978259],[-80.1230892,37.8979803],[-80.1232136,37.8980353],[-80.1233388,37.8980272],[-80.1236465,37.8979754],[-80.1238178,37.8979226],[-80.1238978,37.8978872],[-80.1239674,37.8977705],[-80.1240182,37.8977114],[-80.1241058,37.8976093],[-80.1241507,37.8975496],[-80.1241867,37.8975017],[-80.1242562,37.8973941],[-80.1243373,37.8972685],[-80.1244467,37.8971177],[-80.1245511,37.8969741],[-80.1247876,37.8968992],[-80.1249586,37.8966333],[-80.125175,37.8965181],[-80.1253707,37.8963926],[-80.1256003,37.8962231],[-80.1257852,37.8959999],[-80.1259123,37.8958212],[-80.1260279,37.8956852],[-80.1261551,37.8955066],[-80.12634,37.8952828],[-80.1264209,37.8952108],[-80.126823,37.894881],[-80.127121,37.8947201],[-80.1274845,37.8945525],[-80.1276444,37.894504],[-80.1278055,37.8944551],[-80.1281251,37.8943772],[-80.1285478,37.8942797],[-80.1290598,37.8942117],[-80.1294016,37.8941601],[-80.1295833,37.894126],[-80.1297874,37.8940199],[-80.1300638,37.8938504],[-80.1303181,37.8936706],[-80.1303866,37.8935639],[-80.1304552,37.8934376],[-80.1304692,37.8932937],[-80.1303908,37.8931857],[-80.1301984,37.8930843],[-80.1300291,37.8930013],[-80.1299391,37.8929286],[-80.1298937,37.8928578],[-80.1298846,37.8927675],[-80.1298854,37.8926858],[-80.1300002,37.89257],[-80.1301951,37.8924364],[-80.1304015,37.8922749],[-80.1305401,37.8920962],[-80.1305872,37.8919248],[-80.1306293,37.8917855],[-80.130754,37.8913222],[-80.1308835,37.8909812],[-80.1309769,37.8906928],[-80.1310841,37.890414],[-80.1312228,37.8901548],[-80.1313615,37.8899578],[-80.131454,37.8898041],[-80.1316396,37.8895803],[-80.1317875,37.8894907],[-80.1320162,37.8893944],[-80.1321209,37.8893514],[-80.1322325,37.8893054],[-80.1324975,37.889172],[-80.1326223,37.8890647],[-80.1328764,37.8888324],[-80.1333578,37.8884397],[-80.1335642,37.8883062],[-80.133735,37.8882526],[-80.1339637,37.8882186],[-80.1342924,37.8882206],[-80.1345548,37.8882584],[-80.1347249,37.8882683],[-80.1348281,37.8882878],[-80.1349651,37.8882624],[-80.1350217,37.8881451],[-80.1351029,37.8880105],[-80.1351507,37.8878126],[-80.135198,37.8876597],[-80.1352451,37.8875159],[-80.135372,37.8873636],[-80.1356933,37.8871226],[-80.1360827,37.8868821],[-80.1364032,37.8867042],[-80.1367003,37.8865892],[-80.136974,37.8865191],[-80.1373163,37.8864225],[-80.1376246,37.8863166],[-80.137922,37.8861655],[-80.1381515,37.8859869],[-80.1383474,37.885772],[-80.138555,37.8855212],[-80.1387746,37.8852164],[-80.1390053,37.8849386],[-80.1393155,37.8846615],[-80.1395903,37.8845013],[-80.1398995,37.8843143],[-80.1401979,37.8840821],[-80.1404622,37.8838497],[-80.1407388,37.8835272],[-80.1409359,37.8832042],[-80.1410987,37.8828989],[-80.141192,37.8826923],[-80.1412846,37.8825578],[-80.141365,37.8824863],[-80.1414679,37.882433],[-80.1416501,37.8824163],[-80.1417295,37.8824349],[-80.1418082,37.8825075],[-80.1419429,37.8826617],[-80.1420774,37.882834],[-80.1422575,37.8829885],[-80.142404,37.8831067],[-80.142528,37.8831978],[-80.1426065,37.8832975],[-80.1426041,37.8835048],[-80.1426469,37.8837304],[-80.1427132,37.8839021],[-80.1428256,37.8840111],[-80.1430973,37.8841212],[-80.1434603,37.884196],[-80.1437554,37.8842522],[-80.1439938,37.884281],[-80.1442897,37.8842651],[-80.1443867,37.8842582],[-80.1444768,37.8842472],[-80.1445738,37.8842307],[-80.1446504,37.8842105],[-80.1447333,37.8841813],[-80.1448303,37.8841539],[-80.1449273,37.8841319],[-80.1450313,37.8841209],[-80.1450798,37.8841099],[-80.1451422,37.884088],[-80.1451907,37.884077],[-80.1453016,37.8840825],[-80.1453501,37.8840825],[-80.1454056,37.884088],[-80.1454749,37.884099],[-80.1455511,37.8841375],[-80.1457358,37.8842174],[-80.1458097,37.8842533],[-80.145844,37.8842849],[-80.1459079,37.8843246],[-80.1459597,37.8843823],[-80.1459709,37.8844215],[-80.1460223,37.8844014],[-80.1461124,37.8844014],[-80.1461755,37.884432],[-80.1463107,37.8845411],[-80.1463442,37.8845954],[-80.1464901,37.8847587],[-80.14667,37.8849403],[-80.1467935,37.8850764],[-80.1471756,37.8854757],[-80.1473444,37.8856301],[-80.1475569,37.8859381],[-80.1482205,37.8865828],[-80.1484458,37.8867647],[-80.1485586,37.8868466],[-80.148706,37.8868837],[-80.1488085,37.8868665],[-80.1488888,37.886813],[-80.1489124,37.886732],[-80.1489259,37.8865519],[-80.1489632,37.8862727],[-80.149,37.8860387],[-80.1491394,37.8857873],[-80.1494036,37.8855549],[-80.1495184,37.8854656],[-80.1496679,37.8853134],[-80.1497949,37.8851521],[-80.1498537,37.8849813],[-80.1499019,37.8847473],[-80.1498072,37.8840796],[-80.1497647,37.883818],[-80.1497558,37.8836016],[-80.1497694,37.8834124],[-80.1498619,37.8832779],[-80.1501363,37.8831447],[-80.150581,37.8830397],[-80.1507976,37.8829962],[-80.1512997,37.8828466],[-80.1518821,37.8826345],[-80.1524869,37.8824496],[-80.1527838,37.8823435],[-80.1531267,37.8821838],[-80.1534016,37.8820145],[-80.1537343,37.8817555],[-80.1542962,37.8813449],[-80.154893,37.8808625],[-80.1555703,37.8803086],[-80.1560304,37.8798432],[-80.1565944,37.8792523],[-80.1569854,37.8788676],[-80.1571809,37.8786707],[-80.157354,37.8784466],[-80.1575957,37.878196],[-80.157837,37.8779724],[-80.158101,37.8777579],[-80.1583648,37.8775525],[-80.1587999,37.8772943],[-80.1593383,37.8769376],[-80.1598537,37.8766168],[-80.1603803,37.8763051],[-80.1610105,37.8758769],[-80.161354,37.8756631],[-80.161629,37.8754757],[-80.1618357,37.8752969],[-80.161916,37.8752344],[-80.1619274,37.8752211],[-80.1619176,37.8751368],[-80.1622082,37.8745335],[-80.1623847,37.874012],[-80.1625474,37.8736977],[-80.1626513,37.8735632],[-80.162903,37.8734208],[-80.1632805,37.8732252],[-80.1634826,37.8731057],[-80.1635666,37.873056],[-80.1637967,37.8728233],[-80.1641882,37.8723763],[-80.1644417,37.8720888],[-80.1646078,37.8718202],[-80.164708,37.871658],[-80.1651354,37.8710662],[-80.1652145,37.8709486],[-80.1652742,37.8708599],[-80.1653903,37.8706444],[-80.1654613,37.8704016],[-80.1654976,37.8702035],[-80.1654769,37.8700231],[-80.1654443,37.8698877],[-80.1654345,37.8697524],[-80.1653788,37.8696439],[-80.1649979,37.8691455],[-80.1649312,37.8690098],[-80.1649671,37.8688478],[-80.1650709,37.8687224],[-80.1652656,37.8685947],[-80.1652885,37.8685797],[-80.1656767,37.8684382],[-80.1662926,37.8682623],[-80.1664634,37.868239],[-80.1671694,37.8681423],[-80.1674087,37.86809],[-80.167922,37.8679404],[-80.1682191,37.8678073],[-80.1684829,37.8676018],[-80.1685888,37.8674854],[-80.1688168,37.8672346],[-80.1690246,37.8669477],[-80.1691641,37.8666783],[-80.1692461,37.8664625],[-80.1692496,37.8664468],[-80.169294,37.8662466],[-80.1693522,37.8660935],[-80.1695247,37.8656397],[-80.16954,37.8655994],[-80.1696222,37.8654656],[-80.1696558,37.8654109],[-80.1697452,37.8653012],[-80.1698748,37.8651421],[-80.1703,37.8647395],[-80.1707145,37.8642737],[-80.1708195,37.8640311],[-80.1709443,37.8636498],[-80.1709725,37.8635635],[-80.171068,37.8631586],[-80.1711609,37.862988],[-80.1712763,37.8628356],[-80.1716549,37.8625228],[-80.1716706,37.8625005],[-80.1717276,37.8624138],[-80.1717666,37.862402],[-80.1717894,37.8623724],[-80.1718753,37.8622363],[-80.1719898,37.8619339],[-80.1720089,37.8617145],[-80.1720185,37.8615249],[-80.1720221,37.8612004],[-80.1720485,37.8608761],[-80.1720304,37.8604614],[-80.1719884,37.8601457],[-80.1719575,37.859866],[-80.1718692,37.8596221],[-80.1716898,37.8594045],[-80.1716016,37.8591605],[-80.1717191,37.8588189],[-80.1718804,37.8586217],[-80.1720417,37.8584336],[-80.1722039,37.8583002],[-80.1722482,37.8582638],[-80.1726041,37.8579508],[-80.1728232,37.8576729],[-80.1729969,37.8573857],[-80.1732053,37.8570447],[-80.1733551,37.8568655],[-80.1735415,37.856746],[-80.1735498,37.8567407],[-80.1737677,37.8566899],[-80.1737997,37.8566016],[-80.1738129,37.8565893],[-80.1739502,37.8565091],[-80.1742242,37.8564029],[-80.1745663,37.8563062],[-80.1748741,37.8562272],[-80.1752518,37.8559955],[-80.1755952,37.8557816],[-80.1760089,37.8553879],[-80.1762398,37.855065],[-80.1763803,37.8548539],[-80.1765101,37.8542648],[-80.176592,37.854058],[-80.1766052,37.8538959],[-80.1765994,37.8533911],[-80.1766365,37.853121],[-80.1766261,37.8530308],[-80.176662,37.8528688],[-80.1767098,37.8526618],[-80.1775503,37.8527218],[-80.1778802,37.852697],[-80.1785754,37.8525396],[-80.179179,37.8524357],[-80.1794864,37.8523928],[-80.1798833,37.8524766],[-80.1800984,37.8525502],[-80.1803128,37.8526959],[-80.1803351,37.8527321],[-80.1803463,37.8527502],[-80.1805388,37.8528147],[-80.1806977,37.8528428],[-80.1809132,37.8528804],[-80.1811064,37.8528907],[-80.1813682,37.8528565],[-80.1815745,37.8527047],[-80.1817699,37.8525078],[-80.1819547,37.8522387],[-80.1822202,37.851871],[-80.1823713,37.8515746],[-80.1826372,37.8511618],[-80.1828447,37.8509019],[-80.1829394,37.8506635],[-80.1829601,37.8506585],[-80.1829549,37.8504414],[-80.1829571,37.8487574],[-80.1829841,37.8485308],[-80.1831538,37.8483185],[-80.1833828,37.8479625],[-80.1835097,37.8475305],[-80.1835073,37.8470123],[-80.1830805,37.8457139],[-80.1827493,37.8453748],[-80.1824674,37.8450166],[-80.1821533,37.8446128],[-80.1819267,37.8444169],[-80.1816137,37.843916],[-80.1814295,37.8435844],[-80.1811521,37.8428181],[-80.1808115,37.8418571],[-80.1806275,37.8415061],[-80.1802969,37.8411216],[-80.1794322,37.84028],[-80.1793447,37.8400722],[-80.1792975,37.8399034],[-80.1793158,37.8397287],[-80.1793911,37.8395673],[-80.1795483,37.8393805],[-80.1797709,37.8392007],[-80.1806916,37.838663],[-80.1812746,37.8383756],[-80.1818061,37.8383209],[-80.1829255,37.8382769],[-80.184029,37.8382003],[-80.1847242,37.8381144],[-80.1854692,37.8379512],[-80.186092,37.8377612],[-80.1862609,37.8377146],[-80.1865311,37.8374303],[-80.1868535,37.8371375],[-80.1876181,37.836443],[-80.1877531,37.8363472],[-80.1879108,37.8362354],[-80.1882131,37.8361378],[-80.1884828,37.8360371],[-80.1888593,37.8358921],[-80.1889422,37.8358355],[-80.1890976,37.8357293],[-80.1892877,37.8355565],[-80.1894702,37.8353617],[-80.1895836,37.8351896],[-80.1897189,37.8350283],[-80.1898824,37.8348835],[-80.19015,37.8347755],[-80.1903447,37.8347656],[-80.1904683,37.8347596],[-80.1905508,37.8347529],[-80.19101,37.8347794],[-80.1912372,37.8347925],[-80.1916467,37.8348252],[-80.1920356,37.8348526],[-80.1922919,37.8348657],[-80.192506,37.834835],[-80.1927131,37.8347992],[-80.1928774,37.8347091],[-80.1930256,37.8345423],[-80.1930825,37.8344053],[-80.1931109,37.8343372],[-80.1931374,37.8341733],[-80.1931474,37.8341116],[-80.1931698,37.8338808],[-80.193208,37.8336991],[-80.1932321,37.8335725],[-80.1932682,37.8334468],[-80.1932971,37.8333459],[-80.193402,37.8331084],[-80.193509,37.8329362],[-80.193565,37.8328336],[-80.19372,37.8325345],[-80.1939188,37.8322768],[-80.1941334,37.8320645],[-80.1943643,37.8318653],[-80.1946443,37.831647],[-80.1949735,37.8314095],[-80.1951883,37.8311843],[-80.1953707,37.8309329],[-80.1955777,37.8306753],[-80.1960639,37.8302705],[-80.1963364,37.8299874],[-80.197861,37.8287152],[-80.1992365,37.8276299],[-80.2000921,37.8270463],[-80.2010893,37.8262045],[-80.2020224,37.8252392],[-80.202892,37.8241051],[-80.2031671,37.8235823],[-80.2033794,37.8230284],[-80.2041936,37.8215229],[-80.2046497,37.8208718],[-80.2053823,37.8195586],[-80.2058063,37.8188489],[-80.2059149,37.818623],[-80.205814,37.817839],[-80.2058115,37.8176257],[-80.2054642,37.8177026],[-80.2056915,37.8174822],[-80.2058213,37.8173346],[-80.2059329,37.8167895],[-80.2060974,37.8164138],[-80.2063012,37.8160929],[-80.206439,37.8158758],[-80.2064935,37.8158272],[-80.2069344,37.8154347],[-80.2074464,37.815103],[-80.2079708,37.8147386],[-80.2085577,37.814373],[-80.2090071,37.8140426],[-80.2091635,37.8139126],[-80.2096526,37.8135061],[-80.2100824,37.8132144],[-80.2104432,37.8129396],[-80.2107536,37.8127195],[-80.2109884,37.8125529],[-80.2114807,37.8122655],[-80.2122129,37.8119144],[-80.2126514,37.8116773],[-80.2133273,37.811283],[-80.2139188,37.8109956],[-80.2143468,37.8107575],[-80.2144763,37.8106676],[-80.2148694,37.8104367],[-80.215358,37.8101496],[-80.2154461,37.8100924],[-80.2157397,37.809902],[-80.2158269,37.8097854],[-80.2165427,37.8098246],[-80.2172482,37.8099662],[-80.2174776,37.8100582],[-80.2177032,37.8101487],[-80.2179831,37.8102358],[-80.2219827,37.804921],[-80.2222741,37.8048439],[-80.222581,37.8043693],[-80.2241519,37.8026189],[-80.2244007,37.8022513],[-80.2244759,37.8020834],[-80.2248405,37.8015676],[-80.2252037,37.8011749],[-80.2253536,37.8008974],[-80.22538,37.8007097],[-80.2252438,37.8004691],[-80.225237,37.8003331],[-80.2255838,37.7999532],[-80.2258061,37.7997733],[-80.2261353,37.7995228],[-80.2263729,37.7992995],[-80.2270787,37.7986687],[-80.2273613,37.7983292],[-80.2275161,37.7981184],[-80.2276961,37.797808],[-80.2277159,37.7977633],[-80.22788,37.7973935],[-80.2282458,37.7967565],[-80.2282804,37.7966873],[-80.2284778,37.7962916],[-80.228747,37.7958022],[-80.2287702,37.7957601],[-80.22884,37.7956086],[-80.2290338,37.79519],[-80.2291529,37.7948709],[-80.2292787,37.7945332],[-80.2293507,37.7943378],[-80.2294355,37.7941006],[-80.229482,37.7939679],[-80.2295028,37.7939087],[-80.2295932,37.7935918],[-80.2296243,37.7934842],[-80.2296445,37.7933193],[-80.2296553,37.7932001],[-80.2296637,37.793107],[-80.2296942,37.7929117],[-80.2296762,37.7927308],[-80.2296104,37.7925726],[-80.2295548,37.7924627],[-80.2295304,37.7924144],[-80.2294155,37.7922677],[-80.229189,37.7921328],[-80.2291114,37.7920945],[-80.2289531,37.7920163],[-80.2286772,37.7919322],[-80.2285187,37.7918982],[-80.2284385,37.7918805],[-80.2282145,37.7917799],[-80.2278999,37.7916528],[-80.2278006,37.7916065],[-80.2276477,37.7915351],[-80.227542,37.7914657],[-80.2274013,37.7912961],[-80.227375,37.7912054],[-80.2273476,37.7911112],[-80.22728,37.7909198],[-80.2272214,37.7907561],[-80.2271411,37.790659],[-80.2269788,37.7904627],[-80.2269223,37.7904106],[-80.2268741,37.7903662],[-80.2266409,37.7901985],[-80.2264375,37.7900969],[-80.226247,37.7900125],[-80.2260247,37.7899219],[-80.2258836,37.7897756],[-80.225804,37.7896506],[-80.2258213,37.7894856],[-80.2258595,37.7893636],[-80.2258859,37.789281],[-80.2259574,37.7890933],[-80.2260502,37.7889109],[-80.2261544,37.7886477],[-80.2261748,37.7885956],[-80.2261834,37.7884817],[-80.2261905,37.7883868],[-80.226139,37.7883153],[-80.2260261,37.7881587],[-80.2258083,37.7880136],[-80.225632,37.787952],[-80.2254454,37.7878867],[-80.2251686,37.7878132],[-80.2244196,37.7875555],[-80.2241818,37.7874272],[-80.2236177,37.7872703],[-80.2234069,37.7871309],[-80.2230312,37.7867459],[-80.2229015,37.7862482],[-80.223021,37.7860214],[-80.2232111,37.7858317],[-80.223935,37.7857058],[-80.224221,37.7855093],[-80.2243636,37.7851064],[-80.2244205,37.7842815],[-80.2243856,37.7839466],[-80.2240808,37.7830281],[-80.2238468,37.7827956],[-80.2228347,37.7821124],[-80.2220019,37.7817289],[-80.2218623,37.7817089],[-80.2215601,37.7817683],[-80.2211697,37.7819719],[-80.2202486,37.7828311],[-80.2199147,37.7830666],[-80.219407,37.783288],[-80.2191383,37.7833251],[-80.2186743,37.7833096],[-80.2184161,37.7832257],[-80.2181988,37.7830969],[-80.2175629,37.782557],[-80.2170855,37.7822614],[-80.2161607,37.7820553],[-80.2157891,37.7819307],[-80.2157069,37.7816983],[-80.2163605,37.7792126],[-80.2162626,37.778973],[-80.215456,37.7787474],[-80.2153949,37.7786391],[-80.2155483,37.7783384],[-80.2155371,37.7776556],[-80.2156945,37.7773969],[-80.2162975,37.7767503],[-80.2164445,37.7762077],[-80.2165004,37.7757489],[-80.2165753,37.7757156],[-80.2167571,37.7757675],[-80.2169471,37.7761935],[-80.2171465,37.7764653],[-80.2175133,37.776751],[-80.2179322,37.7769369],[-80.2192461,37.7771151],[-80.2197253,37.7772406],[-80.2204835,37.7776912],[-80.2207722,37.7779122],[-80.2211496,37.7780662],[-80.2217271,37.7782227],[-80.2219354,37.7782522],[-80.2222711,37.7781159],[-80.2224818,37.7779263],[-80.2226114,37.7775396],[-80.2232232,37.7770693],[-80.2235539,37.7769988],[-80.2239072,37.7770101],[-80.2247145,37.7769157],[-80.2253578,37.7770174],[-80.225667,37.777385],[-80.2256839,37.7775333],[-80.2266204,37.7785196],[-80.226803,37.778638],[-80.2270964,37.7787435],[-80.2275615,37.7787916],[-80.2280989,37.778718],[-80.228533,37.778607],[-80.2287384,37.7785053],[-80.2293271,37.7785435],[-80.2299276,37.7784714],[-80.2305216,37.7781277],[-80.2306985,37.7779767],[-80.2307857,37.7778494],[-80.2308349,37.7776176],[-80.2308518,37.7771508],[-80.2310806,37.7768503],[-80.2313943,37.7766484],[-80.231883,37.775641],[-80.2321479,37.775418],[-80.2324013,37.7752765],[-80.2326614,37.775174],[-80.2327036,37.7752176],[-80.2331911,37.775018],[-80.2339519,37.7743971],[-80.2343178,37.7743533],[-80.2349561,37.774465],[-80.2351841,37.7744451],[-80.2353194,37.7742674],[-80.2356301,37.7733782],[-80.2358387,37.7731114],[-80.2362158,37.7729415],[-80.2368645,37.7728713],[-80.2380944,37.7728038],[-80.2399419,37.7727824],[-80.240484,37.772582],[-80.2408047,37.7723796],[-80.2410148,37.772168],[-80.2410655,37.7720021],[-80.2410913,37.7716232],[-80.2412849,37.7707355],[-80.2413217,37.7684498],[-80.2413724,37.7682129],[-80.2415049,37.7679524],[-80.2417913,37.7677729],[-80.2421344,37.7676686],[-80.2435972,37.7674988],[-80.2438585,37.7674183],[-80.244084,37.7672941],[-80.2443059,37.7670324],[-80.2446693,37.7668843],[-80.2453878,37.7674173],[-80.2464741,37.7677037],[-80.2467131,37.7678596],[-80.24688,37.768478],[-80.2471446,37.7685563],[-80.2474356,37.7685576],[-80.2481107,37.76846],[-80.2482527,37.768315],[-80.2485913,37.7673871],[-80.2488405,37.7670923],[-80.2496394,37.7664732],[-80.2497909,37.7664415],[-80.2501475,37.7661255],[-80.2503616,37.7657872],[-80.2515982,37.7633412],[-80.2514635,37.7631894],[-80.2504592,37.7625831],[-80.2503023,37.7623827],[-80.2502632,37.7621796],[-80.2502599,37.7617346],[-80.2507945,37.7597274],[-80.2508272,37.7593694],[-80.2507786,37.7590519],[-80.2506851,37.7588992],[-80.2500898,37.758331],[-80.2493447,37.7578502],[-80.2492062,37.7575773],[-80.2491947,37.7573829],[-80.2493236,37.757271],[-80.2499902,37.7570195],[-80.2504255,37.7567057],[-80.2505944,37.7564887],[-80.250755,37.755547],[-80.2508059,37.7554969],[-80.2509783,37.7554947],[-80.2513582,37.7557472],[-80.2522235,37.755778],[-80.2530964,37.7561058],[-80.2537208,37.756179],[-80.2539286,37.7561815],[-80.2548998,37.7559809],[-80.2550445,37.755984],[-80.2555184,37.7561363],[-80.2558969,37.7563122],[-80.2563622,37.7564041],[-80.2570726,37.7563111],[-80.2574079,37.7561302],[-80.2573268,37.755648],[-80.2576495,37.754951],[-80.2575597,37.7543561],[-80.2577484,37.7538537],[-80.2582321,37.7532371],[-80.2589033,37.752661],[-80.2590705,37.7524001],[-80.2590459,37.7519499],[-80.2589016,37.7516944],[-80.258812,37.7511406],[-80.2590351,37.7508953],[-80.2601233,37.7501236],[-80.2602152,37.7499417],[-80.2602311,37.7498358],[-80.2601772,37.7497662],[-80.2597997,37.7496292],[-80.2595528,37.749413],[-80.2593758,37.749092],[-80.2591493,37.7484636],[-80.259062,37.7479701],[-80.2591376,37.7473566],[-80.259058,37.7469403],[-80.2590031,37.7457491],[-80.2590394,37.7455178],[-80.2593001,37.7448435],[-80.2600613,37.7436901],[-80.2611597,37.7424487],[-80.261849,37.7417516],[-80.2619545,37.7415574],[-80.2619919,37.7413537],[-80.2619596,37.7411789],[-80.2616172,37.7404422],[-80.2616239,37.7401177],[-80.2616826,37.7399908],[-80.2621549,37.7395003],[-80.2623283,37.7388935],[-80.2626118,37.7386255],[-80.2627048,37.7384757],[-80.2627161,37.7383439],[-80.2626079,37.7381641],[-80.2624103,37.7379888],[-80.2614726,37.7372607],[-80.2612862,37.736961],[-80.2612113,37.7367149],[-80.2611675,37.7360511],[-80.2612064,37.7353472],[-80.2610627,37.7348167],[-80.2606268,37.7339223],[-80.260222,37.7334612],[-80.2597627,37.7330724],[-80.2594523,37.73283],[-80.2588097,37.7325482],[-80.256558,37.7318012],[-80.2553123,37.7314683],[-80.2544195,37.7311629],[-80.2532372,37.7305871],[-80.2524266,37.7300828],[-80.2521597,37.7298941],[-80.2517964,37.7294823],[-80.2518856,37.7291403],[-80.2519699,37.7285871],[-80.2519834,37.7280155],[-80.2521083,37.7274366],[-80.2522779,37.727],[-80.2531248,37.7257846],[-80.2546906,37.7244487],[-80.2578909,37.720836],[-80.2582771,37.7205061],[-80.2585226,37.7203544],[-80.2594725,37.7199627],[-80.2613157,37.719736],[-80.2624473,37.7193239],[-80.2638525,37.7190803],[-80.2641396,37.7189441],[-80.2645061,37.7186698],[-80.2649398,37.7181193],[-80.2654317,37.7172825],[-80.2666844,37.7161597],[-80.2670279,37.715759],[-80.2672115,37.7153388],[-80.2671347,37.7149992],[-80.2672457,37.714454],[-80.2673116,37.7143046],[-80.2679172,37.7135817],[-80.2680533,37.7129313],[-80.268147,37.7127815],[-80.2698182,37.7118449],[-80.2703822,37.7116771],[-80.2717471,37.7115357],[-80.2721858,37.7113424],[-80.2723482,37.7111919],[-80.2745671,37.7085354],[-80.2751235,37.7075383],[-80.2763658,37.7059095],[-80.277211,37.7041453],[-80.2775509,37.7033052],[-80.2778209,37.7030319],[-80.278581,37.7024327],[-80.2790946,37.7016669],[-80.2804846,37.7002203],[-80.280846,37.6997262],[-80.2813046,37.698928],[-80.2820228,37.6980327],[-80.2823285,37.6977974],[-80.2831067,37.697374],[-80.2839707,37.6970976],[-80.2844409,37.6970847],[-80.2848602,37.6972708],[-80.285177,37.6975077],[-80.2858122,37.6983278],[-80.286057,37.6984611],[-80.2861753,37.6984702],[-80.2862913,37.6984247],[-80.2866151,37.6980684],[-80.2870743,37.6973473],[-80.2874361,37.6965716],[-80.2879374,37.6962687],[-80.2883554,37.6958448],[-80.2884349,37.6956841],[-80.2884648,37.6949255],[-80.288601,37.69455],[-80.288709,37.6944442],[-80.2889201,37.6943092],[-80.291895,37.6929351],[-80.293348,37.6924351],[-80.300909,37.6904831],[-80.3021981,37.6897601],[-80.302931,37.6894636],[-80.3038785,37.6891909],[-80.3044167,37.6891716],[-80.3060412,37.6897349],[-80.3063116,37.6897692],[-80.3065883,37.6897482],[-80.306957,37.689701],[-80.2895348,37.6712472],[-80.2789835,37.6565272],[-80.2672926,37.6460507],[-80.2394493,37.6378281],[-80.2208626,37.6277744],[-80.220894,37.6277174],[-80.223386,37.623185],[-80.226017,37.620059],[-80.240272,37.606961],[-80.24978,37.602117],[-80.258919,37.595499],[-80.26356,37.593374],[-80.2673527,37.5921297],[-80.270342,37.591149],[-80.2734364,37.5896993],[-80.2763398,37.588339],[-80.28244,37.585481],[-80.294882,37.57877],[-80.3119016,37.5714528],[-80.328504,37.564315],[-80.3282429,37.5640221],[-80.312393,37.546239],[-80.314464,37.54412],[-80.321249,37.541419],[-80.324384,37.541052],[-80.327489,37.540022],[-80.330306,37.536244],[-80.309346,37.527381],[-80.291644,37.536505],[-80.282385,37.533517],[-80.299789,37.508271],[-80.309833,37.503827],[-80.309331,37.50288],[-80.3148004,37.5009405],[-80.320627,37.49888],[-80.327103,37.495376],[-80.332038,37.493744],[-80.343789,37.492148],[-80.366838,37.484879],[-80.36317,37.480001],[-80.369449,37.476599],[-80.371952,37.474069],[-80.378308,37.471381],[-80.382535,37.470367],[-80.39988,37.462314],[-80.402816,37.460322],[-80.425656,37.449876],[-80.4298353,37.4470271],[-80.443025,37.438126],[-80.451367,37.434039],[-80.457313,37.432267],[-80.46482,37.426144],[-80.4727818,37.4237304],[-80.475601,37.422949],[-80.4836006,37.4279821],[-80.4918775,37.4331893],[-80.494867,37.43507],[-80.4971942,37.4447705],[-80.4967162,37.4461455],[-80.4967055,37.4461774],[-80.492981,37.457749],[-80.511391,37.4816738],[-80.513409,37.479446],[-80.515139,37.478566],[-80.523481,37.476905],[-80.528349,37.477368],[-80.532372,37.477124],[-80.533449,37.476406],[-80.539786,37.474527],[-80.544836,37.474695],[-80.552036,37.473563],[-80.561442,37.469775],[-80.5643848,37.4675106],[-80.564929,37.4670919],[-80.5651742,37.4672563],[-80.566297,37.466575],[-80.585856,37.456654],[-80.59024,37.453296],[-80.591377,37.45144],[-80.6014807,37.4458493],[-80.6051231,37.4447784],[-80.6079555,37.443441],[-80.6099832,37.4420866],[-80.6154931,37.4397667],[-80.6169784,37.4395566],[-80.6215489,37.4366432],[-80.622117,37.435969],[-80.6229215,37.433307],[-80.6252182,37.4329459],[-80.6262792,37.4333876],[-80.6273747,37.4330566],[-80.6286621,37.4321536],[-80.6305182,37.4324518],[-80.6320002,37.4322443],[-80.63439,37.431227],[-80.6370679,37.4299513],[-80.6375885,37.4293421],[-80.637554,37.428556],[-80.6371159,37.4274238],[-80.6399596,37.4254484],[-80.6423092,37.4243152],[-80.645893,37.422147],[-80.647974,37.4216568],[-80.6502164,37.421529],[-80.6527479,37.4203388],[-80.653589,37.419514],[-80.656687,37.417585],[-80.6601784,37.4161753],[-80.664112,37.41422],[-80.664971,37.414215],[-80.6729508,37.4102723],[-80.6746888,37.4096502],[-80.6752253,37.408994],[-80.6781542,37.4077498],[-80.6829608,37.4053635],[-80.684179,37.4047578],[-80.685069,37.4039914],[-80.6862277,37.4039189],[-80.6872147,37.4032797],[-80.6880033,37.4031476],[-80.6899667,37.4025127],[-80.6907327,37.402043],[-80.6939578,37.3999004],[-80.7008562,37.3969151],[-80.701155,37.3967572],[-80.7019678,37.3963276],[-80.705203,37.394618],[-80.7091674,37.3931092],[-80.7120863,37.3919982],[-80.7146851,37.3909201],[-80.7155657,37.3902856],[-80.7162094,37.3885041],[-80.7174111,37.3885978],[-80.7193744,37.3895355],[-80.7236496,37.3879371],[-80.7242131,37.3862195],[-80.7245511,37.3859594],[-80.7256508,37.385367],[-80.7276249,37.3862621],[-80.7309238,37.3848549],[-80.732367,37.3837814],[-80.7343626,37.3832784],[-80.7373238,37.3831249],[-80.7380936,37.3821037],[-80.7408106,37.3815137],[-80.7425702,37.3805418],[-80.7430315,37.3797234],[-80.7439113,37.3794335],[-80.7451515,37.3798638],[-80.748604,37.3798113],[-80.7514644,37.3778477],[-80.7541466,37.3774641],[-80.759886,37.374882],[-80.760641,37.374779],[-80.7623756,37.3744885],[-80.7641888,37.3736445],[-80.7670212,37.3731926],[-80.770082,37.372363],[-80.776649,37.383679],[-80.776766,37.384131],[-80.782295,37.389016],[-80.783382,37.390649],[-80.783324,37.392793],[-80.784188,37.394587],[-80.7855713,37.3953063],[-80.7859576,37.3947437],[-80.7872772,37.3948886],[-80.7876527,37.394326],[-80.7886398,37.3946414],[-80.7893908,37.3953574],[-80.7896242,37.395513],[-80.790317,37.395668],[-80.7908446,37.3956003],[-80.7913166,37.3954938],[-80.791837,37.395302],[-80.7926872,37.3949696],[-80.7934248,37.3951336],[-80.7938084,37.3951464],[-80.7947794,37.3945903],[-80.795812,37.3951123],[-80.7966864,37.395221],[-80.7982501,37.3955066],[-80.7997146,37.3954277],[-80.8003289,37.3956216],[-80.8009458,37.3960606],[-80.8012515,37.3971005],[-80.8017665,37.3979997],[-80.806129,37.398074],[-80.8062084,37.3983326],[-80.8066786,37.3998644],[-80.807134,37.401348],[-80.8070146,37.4017743],[-80.806358,37.404119],[-80.808769,37.406271],[-80.811639,37.407507],[-80.8313544,37.4208969],[-80.836446,37.424355],[-80.836671,37.424593],[-80.837678,37.425658],[-80.841672,37.425971],[-80.844213,37.423555],[-80.846324,37.423394],[-80.850656,37.426062],[-80.853163,37.426902],[-80.856997,37.427052],[-80.85836,37.428168],[-80.8587914,37.428673],[-80.859556,37.429568],[-80.863142,37.424644],[-80.865148,37.419927],[-80.865174,37.416996],[-80.864455,37.41418],[-80.862761,37.411829],[-80.883248,37.383933],[-80.8766245,37.3766771],[-80.8683544,37.3676173],[-80.849451,37.346909],[-80.865321,37.340523],[-80.8658567,37.340238],[-80.8684012,37.3388841],[-80.868986,37.338573],[-80.869266,37.3383294],[-80.880103,37.328903],[-80.9004043,37.315089],[-80.900535,37.315],[-80.919259,37.306163],[-80.92704,37.303683],[-80.931118,37.302872],[-80.938135,37.300278],[-80.947896,37.295872],[-80.966556,37.292158],[-80.973889,37.291444],[-80.9744332,37.291557],[-80.9801489,37.2927448],[-80.981322,37.293465],[-80.982173,37.296023],[-80.979106,37.300581],[-80.979589,37.302279],[-80.996013,37.299545],[-81.000576,37.297868],[-81.008457,37.296073],[-81.021937,37.294143],[-81.037191,37.290251],[-81.0528599,37.2882933],[-81.0574196,37.2877236],[-81.084012,37.284401],[-81.09482,37.28264],[-81.112596,37.278497],[-81.1236735,37.275029],[-81.142404,37.269165],[-81.158964,37.265382],[-81.1605485,37.2648906],[-81.167029,37.262881],[-81.1757946,37.2590176],[-81.1766376,37.258646],[-81.178151,37.257979],[-81.1850367,37.2541083],[-81.204774,37.243013],[-81.2185461,37.2374994],[-81.225097,37.2348697],[-81.2268562,37.2360872],[-81.2300369,37.2382498],[-81.2354917,37.2420351],[-81.237214,37.243206],[-81.2377761,37.2435478],[-81.2388727,37.2443598],[-81.241352,37.2460851],[-81.2429185,37.2471161],[-81.2447399,37.2483856],[-81.2468419,37.2497797],[-81.2488789,37.2510263],[-81.2497603,37.2516736],[-81.2520954,37.2532977],[-81.2568669,37.2564922],[-81.258319,37.2575245],[-81.2594632,37.2582133],[-81.2609533,37.2593019],[-81.2633599,37.2608544],[-81.265448,37.2622435],[-81.2744229,37.2683321],[-81.2832346,37.27431],[-81.2889105,37.2781612],[-81.2918823,37.2801766],[-81.2958327,37.2828584],[-81.3162431,37.2967031],[-81.3177992,37.2977587],[-81.320105,37.299323],[-81.3347765,37.3127081],[-81.3353456,37.3132273],[-81.362092,37.3377545],[-81.3625627,37.3380353],[-81.3652762,37.3377501],[-81.3664453,37.3361284],[-81.3667928,37.3345839],[-81.3674461,37.3341674],[-81.3672683,37.3329504],[-81.367637,37.3326708],[-81.3690773,37.3323711],[-81.36939,37.3315614],[-81.3692208,37.3305154],[-81.3682392,37.3295786],[-81.3675472,37.3272877],[-81.3687581,37.3253198],[-81.370096,37.3244113],[-81.3711157,37.3243269],[-81.3724063,37.3203778],[-81.3728552,37.3200091],[-81.3732127,37.3200096],[-81.3739174,37.3193172],[-81.3754507,37.3186183],[-81.3771028,37.3185814],[-81.3776363,37.3179025],[-81.3784524,37.3179474],[-81.3789353,37.3175901],[-81.3797342,37.3174728],[-81.3806036,37.3179713],[-81.3814713,37.3181696],[-81.382923,37.3183346],[-81.3836515,37.3186412],[-81.3848917,37.3185823],[-81.3856288,37.319753],[-81.3858401,37.3205682],[-81.3864933,37.3205875],[-81.387919,37.3198968],[-81.3888233,37.319821],[-81.3890226,37.3194167],[-81.3896684,37.3187827],[-81.3895854,37.317853],[-81.3898978,37.3174661],[-81.3903294,37.3174287],[-81.3908534,37.316884],[-81.3921027,37.3167503],[-81.3925939,37.3162225],[-81.3941074,37.3163613],[-81.3949206,37.3146956],[-81.3953454,37.314443],[-81.3951904,37.3126794],[-81.3964664,37.311258],[-81.3980594,37.310981],[-81.3985524,37.310618],[-81.3987633,37.3098786],[-81.3981464,37.309571],[-81.398174,37.3093086],[-81.3988549,37.3076998],[-81.3973614,37.306341],[-81.3974394,37.305511],[-81.3968214,37.304481],[-81.3969263,37.3042318],[-81.3980677,37.3036314],[-81.3983626,37.3027595],[-81.3991564,37.302769],[-81.4020849,37.3016246],[-81.4023926,37.3013755],[-81.4023876,37.3009552],[-81.4034748,37.3001116],[-81.404001,37.299237],[-81.405094,37.298739],[-81.4043472,37.2975677],[-81.4040435,37.297435],[-81.4037593,37.2966459],[-81.4032244,37.296347],[-81.4025265,37.2963214],[-81.4022427,37.2959319],[-81.4026926,37.2952082],[-81.4039244,37.294437],[-81.4040309,37.2936189],[-81.4059613,37.2933538],[-81.4060564,37.292394],[-81.4068564,37.2906305],[-81.4072338,37.290159],[-81.4071064,37.289161],[-81.4074348,37.2884039],[-81.4090964,37.28703],[-81.4091287,37.2855893],[-81.4097404,37.2846172],[-81.4096129,37.2836334],[-81.4113458,37.2816074],[-81.4114164,37.2803778],[-81.4128162,37.2793296],[-81.4139361,37.2795375],[-81.4147426,37.2791657],[-81.4156935,37.2789574],[-81.4167304,37.2775006],[-81.4167504,37.277201],[-81.4160334,37.276655],[-81.4157136,37.2743623],[-81.4159051,37.2736211],[-81.416395,37.2731707],[-81.4186376,37.2731779],[-81.4191588,37.2726671],[-81.4217464,37.2723348],[-81.4224124,37.2720947],[-81.4228895,37.271409],[-81.423619,37.2710749],[-81.424026,37.2710827],[-81.4250087,37.2716994],[-81.425347,37.2716672],[-81.4270395,37.271345],[-81.4278054,37.2708937],[-81.4294308,37.271244],[-81.4312022,37.2723777],[-81.4328705,37.2725838],[-81.4331878,37.2727816],[-81.4332877,37.2735275],[-81.4336182,37.2736774],[-81.4349735,37.2734141],[-81.4354404,37.2740048],[-81.4370323,37.2740666],[-81.4392376,37.2718739],[-81.4393726,37.2711251],[-81.4397804,37.2707721],[-81.4402412,37.2708202],[-81.4410007,37.2713529],[-81.4417855,37.2713871],[-81.4426701,37.2717795],[-81.4434588,37.2714348],[-81.4443649,37.2714212],[-81.4451579,37.2722392],[-81.4456728,37.2722383],[-81.4466259,37.2719015],[-81.4478996,37.2721291],[-81.4484284,37.2718177],[-81.4482596,37.2705319],[-81.4491538,37.2695693],[-81.4497145,37.2693108],[-81.451094,37.2690975],[-81.4525952,37.2683712],[-81.4535683,37.2669716],[-81.4543747,37.2668727],[-81.4551445,37.2669822],[-81.4581357,37.2664279],[-81.4587869,37.2664795],[-81.4595328,37.2654089],[-81.4605852,37.2654183],[-81.4598784,37.263884],[-81.4588774,37.262855],[-81.4591479,37.2625598],[-81.4611379,37.2625063],[-81.4612736,37.2616299],[-81.4615634,37.2612577],[-81.4622325,37.2610834],[-81.4623287,37.2609129],[-81.4618838,37.2605269],[-81.4618404,37.260181],[-81.4622788,37.2597549],[-81.4645306,37.2596447],[-81.4648312,37.2590933],[-81.4657791,37.2586115],[-81.4659054,37.2581789],[-81.4666865,37.258009],[-81.4672259,37.2585215],[-81.4678861,37.2584619],[-81.4692109,37.2574339],[-81.4699439,37.2575193],[-81.471673,37.2567566],[-81.4731762,37.256962],[-81.4735848,37.2566548],[-81.473565,37.2561508],[-81.4736787,37.255969],[-81.4746411,37.2557532],[-81.4752316,37.2553932],[-81.4761576,37.2554259],[-81.4766715,37.2541612],[-81.4781249,37.2535098],[-81.4787898,37.2527774],[-81.4799235,37.2524697],[-81.4803403,37.2519583],[-81.4802052,37.2512175],[-81.4804799,37.2510316],[-81.4814139,37.2511082],[-81.4830322,37.2506058],[-81.4837613,37.2505945],[-81.4847832,37.2511948],[-81.48558,37.2511962],[-81.4861832,37.2517355],[-81.4881576,37.2518609],[-81.4896062,37.2508044],[-81.4904969,37.2508034],[-81.4910942,37.2509671],[-81.4924634,37.2509577],[-81.4927172,37.2515987],[-81.4933795,37.2515962],[-81.4949192,37.2522727],[-81.4958393,37.2523353],[-81.4972329,37.2540638],[-81.4980645,37.2547154],[-81.4984502,37.2566485],[-81.4977774,37.257172],[-81.4977794,37.257881],[-81.4984554,37.258072],[-81.4988991,37.2580325],[-81.4993261,37.2572882],[-81.5007157,37.2559862],[-81.5016985,37.2543619],[-81.5030708,37.2530782],[-81.5031714,37.2521203],[-81.5041497,37.2499343],[-81.504285,37.2487251],[-81.5063713,37.2452585],[-81.5065408,37.2424625],[-81.50608,37.2410072],[-81.5062413,37.2404694],[-81.506103,37.2389642],[-81.5068287,37.2347146],[-81.5075922,37.2336605],[-81.5097069,37.2321724],[-81.5132827,37.2312294],[-81.5145592,37.2306244],[-81.5154708,37.2298473],[-81.5162791,37.2287616],[-81.5184686,37.2287211],[-81.5192081,37.2284159],[-81.519755,37.2275784],[-81.5207344,37.226896],[-81.5217323,37.2269706],[-81.5223979,37.2276187],[-81.5228566,37.2277501],[-81.5243704,37.227836],[-81.5247424,37.227676],[-81.525591,37.2268135],[-81.5268029,37.2259774],[-81.5287576,37.2254484],[-81.5302664,37.2255009],[-81.5323867,37.2240748],[-81.5330754,37.223396],[-81.5334242,37.2233562],[-81.5341636,37.2235699],[-81.5345627,37.2233246],[-81.5360039,37.2231588],[-81.5366929,37.222676],[-81.5374968,37.221713],[-81.53856,37.221632],[-81.5391064,37.2218684],[-81.5398751,37.2213298],[-81.541175,37.2199068],[-81.5427713,37.2201042],[-81.5439324,37.2207899],[-81.5445226,37.2206315],[-81.544891,37.2202486],[-81.5456024,37.2200431],[-81.5457781,37.2197761],[-81.5459271,37.218848],[-81.5463975,37.2181262],[-81.5472526,37.2156958],[-81.5487911,37.2144925],[-81.5518478,37.2111738],[-81.5530666,37.2102274],[-81.5537036,37.2085031],[-81.554604,37.2079072],[-81.5561024,37.2073496],[-81.5576815,37.207126],[-81.5579217,37.2074203],[-81.5584996,37.2073275],[-81.5587037,37.2075189],[-81.5598604,37.2071747],[-81.5605798,37.2067149],[-81.5743488,37.2060285],[-81.6781083,37.2014139],[-81.6781813,37.2021797],[-81.6810482,37.2032911],[-81.6832724,37.205631],[-81.6833662,37.2060623],[-81.6829104,37.207204],[-81.6838019,37.2094505],[-81.6837821,37.2110013],[-81.6833523,37.2112678],[-81.6836224,37.211607],[-81.6844914,37.2117381],[-81.6848001,37.2115874],[-81.6856789,37.2114244],[-81.6861656,37.2118025],[-81.6866964,37.2130509],[-81.6882814,37.2134617],[-81.6912348,37.2131002],[-81.6948941,37.2133035],[-81.6950068,37.2142164],[-81.6957784,37.214551],[-81.6963135,37.2155772],[-81.6958747,37.2169437],[-81.6987475,37.2180012],[-81.6989942,37.2184865],[-81.6991595,37.2197626],[-81.7006344,37.2199301],[-81.700963,37.2207749],[-81.701957,37.2206145],[-81.7029494,37.220736],[-81.7039717,37.2217099],[-81.7039064,37.2231405],[-81.7052286,37.2235522],[-81.7060586,37.224241],[-81.7065503,37.2241239],[-81.7071009,37.2238214],[-81.7078604,37.2238126],[-81.7085293,37.2253358],[-81.7087565,37.2254482],[-81.7099996,37.2253907],[-81.7106032,37.2263347],[-81.7111089,37.2266322],[-81.7115689,37.2275119],[-81.7129081,37.2281454],[-81.7156896,37.2286604],[-81.7154419,37.2305396],[-81.7157146,37.2310243],[-81.7159835,37.2310703],[-81.7162912,37.2313316],[-81.7162266,37.2321634],[-81.7158781,37.2332074],[-81.7159343,37.2336564],[-81.7167133,37.2347972],[-81.7174073,37.2352496],[-81.7183709,37.235416],[-81.7185087,37.2361266],[-81.7194904,37.2375849],[-81.7195633,37.2383388],[-81.7205861,37.2386755],[-81.7221711,37.2385463],[-81.7224782,37.2398333],[-81.722845,37.2402693],[-81.7239705,37.2404832],[-81.7261799,37.2404762],[-81.7271144,37.2399813],[-81.7283258,37.2396764],[-81.7288046,37.23969],[-81.7291657,37.2398965],[-81.7301262,37.2398169],[-81.7310266,37.239976],[-81.7336194,37.2378419],[-81.7348849,37.2380444],[-81.7361114,37.2386332],[-81.7377884,37.2378847],[-81.7387566,37.2383295],[-81.7400737,37.237573],[-81.7401362,37.2378142],[-81.7402624,37.2382205],[-81.7408202,37.2390313],[-81.740897,37.239248],[-81.7408731,37.2395793],[-81.7406078,37.2402269],[-81.7406248,37.2405742],[-81.7408672,37.2410613],[-81.7409107,37.2413433],[-81.7410493,37.2416355],[-81.7411725,37.2417271],[-81.7417585,37.2419405],[-81.7434181,37.2422395],[-81.7437996,37.2423674],[-81.7441216,37.2426639],[-81.7442957,37.2431134],[-81.7443189,37.243401],[-81.7441434,37.2441946],[-81.7439572,37.2445921],[-81.743855,37.245255],[-81.7434129,37.2458658],[-81.7434258,37.2464954],[-81.7436247,37.2473844],[-81.7435681,37.2478516],[-81.7432295,37.2486355],[-81.7432119,37.2496073],[-81.7429836,37.2498693],[-81.7424565,37.2503186],[-81.7422974,37.2506989],[-81.742115,37.2508755],[-81.7420039,37.2510913],[-81.7414747,37.2527305],[-81.7410229,37.2535881],[-81.7409416,37.2539622],[-81.7409512,37.2542168],[-81.741031,37.2544201],[-81.741174,37.2545607],[-81.7416628,37.2547844],[-81.7423245,37.2548931],[-81.7427436,37.2550263],[-81.7432652,37.2555099],[-81.7436783,37.255745],[-81.7439216,37.2560039],[-81.743931,37.2562415],[-81.7436529,37.2567641],[-81.7436126,37.2569851],[-81.7436298,37.2572963],[-81.7439023,37.2576455],[-81.7440661,37.2577407],[-81.7448818,37.2578771],[-81.7454699,37.2579073],[-81.745627,37.2580365],[-81.7456927,37.2582399],[-81.7455418,37.2594522],[-81.7455464,37.259922],[-81.7453162,37.2609876],[-81.7453533,37.2611572],[-81.7457698,37.2617433],[-81.7463103,37.2619776],[-81.7464531,37.2620955],[-81.7461363,37.2629976],[-81.7460341,37.2634058],[-81.7460437,37.2636661],[-81.7461293,37.2637221],[-81.7474391,37.2636912],[-81.7478329,37.2641189],[-81.7478909,37.2642544],[-81.7483157,37.2642461],[-81.7491845,37.2640142],[-81.7499352,37.2641576],[-81.7501727,37.2642663],[-81.7503845,37.2644433],[-81.750548,37.2650456],[-81.7506075,37.265082],[-81.7508615,37.2648862],[-81.7510253,37.2648537],[-81.7514276,37.2650348],[-81.7519433,37.265404],[-81.752326,37.2655957],[-81.7527068,37.2662596],[-81.7528452,37.2663112],[-81.7529204,37.2666098],[-81.753559,37.2667946],[-81.7542141,37.2673099],[-81.7550045,37.2675724],[-81.7553526,37.2675912],[-81.7557255,37.2674524],[-81.7558962,37.2674565],[-81.7566716,37.2681861],[-81.7569755,37.268373],[-81.7574231,37.2684908],[-81.7575288,37.2685636],[-81.7576297,37.2687991],[-81.7574657,37.2694717],[-81.7575331,37.2696391],[-81.7575576,37.2701164],[-81.7577835,37.2710384],[-81.7578765,37.271148],[-81.7579073,37.2716042],[-81.7578705,37.2718616],[-81.7577802,37.2720248],[-81.7577424,37.272833],[-81.7576691,37.2733844],[-81.7575606,37.2736946],[-81.7575842,37.2740775],[-81.757533,37.2742142],[-81.7569947,37.2748735],[-81.7569133,37.2752675],[-81.7569483,37.2754824],[-81.7570826,37.2757806],[-81.7572951,37.2760259],[-81.7575056,37.2760665],[-81.7578595,37.2760013],[-81.7580303,37.2760107],[-81.7585841,37.2762327],[-81.758846,37.2761576],[-81.759658,37.2752919],[-81.7600232,37.2750482],[-81.7607739,37.2752742],[-81.761361,37.275538],[-81.7615726,37.2756888],[-81.7622891,37.2757734],[-81.7625186,37.2757404],[-81.7627787,37.2754922],[-81.762776,37.2753911],[-81.763052,37.2752491],[-81.7643362,37.2749889],[-81.7652164,37.2750305],[-81.765588,37.2747657],[-81.7668154,37.2740862],[-81.7672282,37.2739996],[-81.7674908,37.2739979],[-81.7679781,37.2741416],[-81.7682267,37.274056],[-81.7685793,37.2738649],[-81.7687842,37.2733494],[-81.7689476,37.2732853],[-81.7693942,37.2732929],[-81.7695918,37.2733598],[-81.7705901,37.2740354],[-81.7707943,37.274097],[-81.7713791,37.2741509],[-81.7722087,37.2743711],[-81.7726741,37.2743051],[-81.7731234,37.2739349],[-81.7733725,37.2739018],[-81.773643,37.2740312],[-81.7737692,37.274172],[-81.7738241,37.2744025],[-81.7739442,37.2745906],[-81.7741229,37.2747259],[-81.7744064,37.2748394],[-81.774873,37.2748836],[-81.775123,37.2749344],[-81.7753278,37.275059],[-81.7756367,37.2750885],[-81.7757953,37.2751924],[-81.7758625,37.2753388],[-81.7760548,37.2755212],[-81.7769755,37.2756673],[-81.7771672,37.275792],[-81.777629,37.2766494],[-81.7778738,37.2768262],[-81.7788878,37.277108],[-81.779178,37.2772373],[-81.7793571,37.2774145],[-81.7794047,37.2775716],[-81.7791973,37.2784649],[-81.7791925,37.2792729],[-81.7795628,37.2801624],[-81.7798346,37.2804124],[-81.7802104,37.2805674],[-81.7804275,37.2806027],[-81.7812022,37.2805923],[-81.7814403,37.2807586],[-81.7817261,37.2810925],[-81.7819032,37.2817052],[-81.7820902,37.2820135],[-81.7822492,37.2821489],[-81.7828298,37.2824178],[-81.7835142,37.2825602],[-81.7836453,37.2825384],[-81.7841471,37.282173],[-81.7843174,37.2821352],[-81.7847445,37.2821638],[-81.784903,37.2822467],[-81.7851397,37.2825978],[-81.7852455,37.2829842],[-81.7854445,37.283177],[-81.7866664,37.2832318],[-81.7868119,37.2833253],[-81.786882,37.2837551],[-81.7870155,37.2839641],[-81.7874955,37.2840238],[-81.7876471,37.2840858],[-81.787754,37.2842529],[-81.7880437,37.284335],[-81.7886477,37.2843204],[-81.7890629,37.2844646],[-81.7891807,37.2844271],[-81.789434,37.284163],[-81.7899389,37.2840967],[-81.7902267,37.2839898],[-81.7904889,37.2833165],[-81.7907094,37.2830475],[-81.7915062,37.2826381],[-81.7917924,37.2823791],[-81.7918314,37.2817231],[-81.7919483,37.2815964],[-81.7927395,37.2812815],[-81.7932701,37.2811573],[-81.7935356,37.2814283],[-81.793536,37.2820999],[-81.7933091,37.2829986],[-81.7931025,37.2833305],[-81.7936272,37.2845285],[-81.7938792,37.2847629],[-81.7940634,37.2847931],[-81.7943191,37.2847599],[-81.7945151,37.2846589],[-81.7951124,37.2846392],[-81.7955276,37.284778],[-81.795733,37.284955],[-81.795977,37.2850531],[-81.796588,37.2850857],[-81.7972721,37.2851965],[-81.7979543,37.2851289],[-81.7984714,37.2849733],[-81.7989738,37.2846656],[-81.7992108,37.2847269],[-81.7999018,37.2854883],[-81.8001462,37.285623],[-81.8004291,37.2856736],[-81.8006978,37.2856298],[-81.8013034,37.285143],[-81.8015062,37.2850734],[-81.8018611,37.2851025],[-81.8020391,37.2851695],[-81.8023429,37.2853353],[-81.8024295,37.2854554],[-81.8029304,37.2856251],[-81.8031887,37.2858333],[-81.803623,37.2859143],[-81.8044243,37.285935],[-81.8047982,37.2858958],[-81.80525,37.2857773],[-81.8054392,37.2856605],[-81.8057383,37.2847718],[-81.8058941,37.2845976],[-81.8068401,37.2840298],[-81.8071055,37.283666],[-81.807135,37.2833562],[-81.8073883,37.2830974],[-81.8079144,37.2831725],[-81.8082349,37.2830549],[-81.8084563,37.282875],[-81.8087575,37.2827995],[-81.809021,37.2828816],[-81.8096564,37.2827408],[-81.8103869,37.2828932],[-81.8107482,37.2829065],[-81.8110627,37.2828414],[-81.8118918,37.282395],[-81.8126827,37.2820538],[-81.8128064,37.2819532],[-81.8128774,37.2818478],[-81.812854,37.2814964],[-81.8130871,37.2811905],[-81.813296,37.2810842],[-81.8147892,37.2807171],[-81.8155375,37.2807015],[-81.8159753,37.2804991],[-81.8161494,37.2802093],[-81.816299,37.2800771],[-81.8172332,37.2796352],[-81.8178504,37.2796414],[-81.8180285,37.2797136],[-81.8183334,37.2799791],[-81.8184711,37.2799624],[-81.818628,37.2798931],[-81.8187505,37.2796929],[-81.8189261,37.2795343],[-81.8193441,37.279332],[-81.8198298,37.2793129],[-81.8214804,37.279548],[-81.8224493,37.2798823],[-81.8229288,37.2799052],[-81.8234449,37.2796603],[-81.823648,37.2796221],[-81.8241865,37.2796289],[-81.8250248,37.2794289],[-81.8254476,37.2790692],[-81.8255914,37.2790105],[-81.8257297,37.2790462],[-81.8258295,37.279161],[-81.8260338,37.2798311],[-81.8263765,37.2805527],[-81.8265676,37.2806144],[-81.8271313,37.2805265],[-81.8278761,37.2807836],[-81.8280552,37.280945],[-81.8282887,37.2812844],[-81.8285538,37.2815029],[-81.8287443,37.281512],[-81.8288686,37.2814692],[-81.8289787,37.2813373],[-81.829312,37.2811933],[-81.8298772,37.2812365],[-81.8301648,37.2811138],[-81.83034,37.280929],[-81.8306673,37.2808375],[-81.8309105,37.2808567],[-81.831503,37.2809995],[-81.8316289,37.2811035],[-81.8318513,37.2816266],[-81.8319374,37.281689],[-81.8325534,37.2815797],[-81.8329284,37.2816505],[-81.8337087,37.2815506],[-81.8339322,37.2815752],[-81.8344604,37.2818391],[-81.8346609,37.2821525],[-81.8345871,37.2826042],[-81.8344337,37.282983],[-81.8342845,37.2831467],[-81.8339454,37.283359],[-81.8336144,37.2837129],[-81.8334602,37.2840235],[-81.8334388,37.2844644],[-81.8334878,37.2847368],[-81.8336416,37.2849876],[-81.8338605,37.2851907],[-81.8344406,37.2853912],[-81.8349935,37.285508],[-81.835223,37.2854854],[-81.8356933,37.2852617],[-81.8359622,37.2852283],[-81.8362387,37.2852893],[-81.8364566,37.2853979],[-81.8369073,37.2857778],[-81.8372306,37.2859171],[-81.8379349,37.2860643],[-81.8383316,37.2863133],[-81.8387259,37.2863367],[-81.8394374,37.2859592],[-81.8396671,37.2859471],[-81.8400889,37.2860857],[-81.8404557,37.2860044],[-81.8411281,37.2856429],[-81.8416027,37.2852198],[-81.8417857,37.285145],[-81.842009,37.2851434],[-81.8421804,37.2852052],[-81.8424858,37.2855073],[-81.8427491,37.2855579],[-81.843031,37.2855244],[-81.8432467,37.2854284],[-81.8438703,37.2854135],[-81.8442702,37.2853529],[-81.8444793,37.285257],[-81.8448372,37.2849711],[-81.8450266,37.2848753],[-81.8451712,37.28489],[-81.8455822,37.2852386],[-81.8459905,37.2853458],[-81.846282,37.2853424],[-81.8464626,37.2852795],[-81.8465599,37.2851739],[-81.8467192,37.2847425],[-81.846823,37.2846263],[-81.8469869,37.2846042],[-81.8475672,37.2848256],[-81.8480716,37.2847118],[-81.8483662,37.2852186],[-81.8485442,37.2852856],[-81.8487746,37.2853311],[-81.8491158,37.2853129],[-81.8498367,37.2851818],[-81.850035,37.2853011],[-81.8502283,37.2855568],[-81.8502386,37.2858925],[-81.8497532,37.2865203],[-81.8498336,37.287249],[-81.8499937,37.2874682],[-81.8501257,37.287525],[-81.8508017,37.2874939],[-81.8509842,37.2873719],[-81.8512138,37.2873545],[-81.8517275,37.2874872],[-81.8522038,37.2877986],[-81.8523875,37.2877815],[-81.8529369,37.2875887],[-81.8534093,37.2875486],[-81.8534894,37.2876687],[-81.8537673,37.289015],[-81.8540147,37.2894067],[-81.8542441,37.2899455],[-81.8541493,37.2908591],[-81.8542441,37.2916874],[-81.8541309,37.2921341],[-81.8538586,37.293028],[-81.8536413,37.2935543],[-81.8535736,37.2939535],[-81.85335,37.2945113],[-81.8532243,37.2950106],[-81.8528717,37.2957686],[-81.8524056,37.2963701],[-81.8523557,37.2966013],[-81.8523635,37.2972938],[-81.8524377,37.2974717],[-81.8526247,37.2977432],[-81.8529158,37.2979299],[-81.8534232,37.2980837],[-81.8535806,37.2980668],[-81.8538807,37.2978862],[-81.8540836,37.2978271],[-81.8544844,37.2978452],[-81.8547018,37.2979013],[-81.8547896,37.2981105],[-81.8547966,37.2987296],[-81.8551194,37.2993988],[-81.8549905,37.2996201],[-81.8542069,37.300014],[-81.8539726,37.3002046],[-81.8536071,37.3004118],[-81.8535174,37.3006066],[-81.8535702,37.3012148],[-81.853657,37.3013401],[-81.8539085,37.3015062],[-81.8539456,37.3018837],[-81.854093,37.3021397],[-81.8541365,37.3025067],[-81.854488,37.3033855],[-81.8545325,37.3038312],[-81.8543841,37.3040736],[-81.8543001,37.3047772],[-81.8541653,37.305051],[-81.8541352,37.3052926],[-81.8543846,37.3058574],[-81.8543109,37.3063092],[-81.8544178,37.3064658],[-81.8546825,37.3066423],[-81.8549587,37.3066718],[-81.855274,37.3066747],[-81.8558642,37.3065918],[-81.856198,37.3064896],[-81.8575264,37.3060446],[-81.8583217,37.3055194],[-81.859324,37.3047094],[-81.8595406,37.3046973],[-81.8597194,37.3048272],[-81.8600656,37.3052286],[-81.8606267,37.3054764],[-81.861186,37.3055667],[-81.8618692,37.3055723],[-81.8620207,37.3056131],[-81.8625999,37.306291],[-81.8628187,37.306473],[-81.8633071,37.3066793],[-81.8639158,37.3070631],[-81.8641713,37.3075806],[-81.8645907,37.3080707],[-81.8646582,37.3082224],[-81.8649151,37.308294],[-81.8650354,37.3084715],[-81.8655594,37.3089136],[-81.8656863,37.3090963],[-81.8657016,37.3092851],[-81.8655564,37.3098003],[-81.8651906,37.3105532],[-81.8646272,37.3112552],[-81.8638605,37.3119953],[-81.8637121,37.3122301],[-81.8635688,37.3123332],[-81.8629212,37.3125688],[-81.8622548,37.3128832],[-81.8620323,37.3129583],[-81.8615595,37.3129775],[-81.8613272,37.3133359],[-81.8611257,37.3135263],[-81.8599729,37.3138232],[-81.8598947,37.3138763],[-81.8597653,37.3140503],[-81.8599535,37.3144267],[-81.8599924,37.3149511],[-81.860304,37.315783],[-81.8607212,37.3160791],[-81.860952,37.3161508],[-81.8617238,37.3158619],[-81.8619417,37.31596],[-81.862115,37.3161738],[-81.8622731,37.3167918],[-81.8626267,37.3172666],[-81.8633422,37.3177913],[-81.8637409,37.3181871],[-81.8640245,37.31829],[-81.8647942,37.3183788],[-81.8651253,37.3186125],[-81.8654371,37.3188778],[-81.865518,37.3190556],[-81.8655312,37.3196326],[-81.8656305,37.3197053],[-81.865808,37.3197145],[-81.8661749,37.3196226],[-81.8664902,37.319757],[-81.8668794,37.3197644],[-81.8670639,37.3198155],[-81.8669975,37.3203196],[-81.8671715,37.3206017],[-81.8675875,37.3207875],[-81.8678507,37.3208171],[-81.8688198,37.3205424],[-81.8696073,37.3204684],[-81.8699628,37.3205392],[-81.8702601,37.3206839],[-81.8704564,37.3211861],[-81.8708827,37.3216867],[-81.8710857,37.3222046],[-81.8712441,37.3222664],[-81.8717622,37.3221891],[-81.8721829,37.322207],[-81.8728527,37.3227477],[-81.8729861,37.3229251],[-81.872935,37.3230514],[-81.8725124,37.3234323],[-81.872416,37.3236218],[-81.8724191,37.3238841],[-81.8725219,37.3242507],[-81.8730005,37.3247403],[-81.8730876,37.3248866],[-81.8732663,37.3249954],[-81.8736739,37.3255853],[-81.8736718,37.3259735],[-81.8740321,37.3264483],[-81.8741199,37.3266523],[-81.8741231,37.3269303],[-81.8739511,37.3273985],[-81.8739922,37.3275399],[-81.8743962,37.3278255],[-81.8748172,37.3279301],[-81.875281,37.3279266],[-81.8754477,37.3279032],[-81.8759252,37.3274774],[-81.876221,37.3273863],[-81.8767378,37.3277009],[-81.8772479,37.3279417],[-81.8774462,37.3282439],[-81.8776373,37.3287166],[-81.8777876,37.3288785],[-81.8782234,37.3288604],[-81.8783537,37.3288965],[-81.8781986,37.32992],[-81.8779017,37.3307148],[-81.8774426,37.3311257],[-81.8773812,37.3314299],[-81.877876,37.3316929],[-81.8785523,37.3316138],[-81.8788895,37.3318928],[-81.8793372,37.3320969],[-81.8796508,37.331939],[-81.88023,37.3314828],[-81.8807919,37.3311378],[-81.8816648,37.3304127],[-81.8821762,37.3301538],[-81.8829234,37.3301515],[-81.883155,37.3301201],[-81.8834042,37.3300145],[-81.8840191,37.3302322],[-81.8842046,37.3302308],[-81.884374,37.3304369],[-81.8848205,37.3305373],[-81.8850973,37.3304093],[-81.8854765,37.3303102],[-81.8863391,37.3302963],[-81.8866747,37.3304345],[-81.8869845,37.3307433],[-81.8871357,37.3309793],[-81.8874245,37.3310808],[-81.8878419,37.3310777],[-81.8881597,37.3312753],[-81.88846,37.3315694],[-81.8887583,37.3316856],[-81.8895002,37.3316652],[-81.8899379,37.3318027],[-81.8903281,37.3318516],[-81.8907728,37.3317964],[-81.8911978,37.3316525],[-81.8919061,37.331136],[-81.8924537,37.3303688],[-81.8928209,37.3300401],[-81.8934014,37.3297097],[-81.8935406,37.3297087],[-81.8936899,37.329789],[-81.894088,37.3304972],[-81.8947632,37.3311144],[-81.8948407,37.3313879],[-81.8948181,37.3318325],[-81.8949341,37.3322243],[-81.8950831,37.3322676],[-81.8952681,37.3322217],[-81.8957379,37.3319441],[-81.8961543,37.331852],[-81.8964883,37.3318495],[-81.8966932,37.331922],[-81.8975571,37.3327896],[-81.8979657,37.3336014],[-81.8979112,37.3336981],[-81.8974031,37.3338872],[-81.8968687,37.334195],[-81.8965564,37.3344566],[-81.8964836,37.3345831],[-81.8965253,37.334968],[-81.8967582,37.3358256],[-81.8971309,37.3367414],[-81.8978113,37.3377807],[-81.8980222,37.3383495],[-81.8982666,37.3386218],[-81.8985321,37.3391013],[-81.8987012,37.3392704],[-81.8989714,37.339372],[-81.8996034,37.3394561],[-81.8998373,37.3396247],[-81.8998674,37.3398097],[-81.899605,37.3403747],[-81.8994196,37.3411614],[-81.8994675,37.3412944],[-81.8999088,37.3417281],[-81.9002453,37.3419329],[-81.900543,37.3419973],[-81.9008399,37.3420025],[-81.902183,37.341807],[-81.9026842,37.341818],[-81.9030027,37.3420749],[-81.9034098,37.3427459],[-81.9037207,37.3431436],[-81.9039342,37.3431493],[-81.9050781,37.3425924],[-81.9053565,37.3425977],[-81.9059799,37.342741],[-81.9067191,37.3424835],[-81.9070251,37.3424663],[-81.9073785,37.3425377],[-81.9075934,37.342662],[-81.9075614,37.3430845],[-81.9076468,37.3432394],[-81.9080588,37.3435548],[-81.9086467,37.3438318],[-81.9087418,37.3440162],[-81.9086794,37.3442316],[-81.9084873,37.3444627],[-81.9078892,37.3448821],[-81.9079396,37.3452151],[-81.9082098,37.3453019],[-81.9090434,37.345177],[-81.9094238,37.3451741],[-81.9096006,37.3452171],[-81.9096686,37.3454685],[-81.9095242,37.3458104],[-81.9097003,37.3480981],[-81.9098814,37.3484967],[-81.9101637,37.3488205],[-81.9103408,37.3488858],[-81.9110065,37.3486881],[-81.9112569,37.3486713],[-81.9114987,37.3487139],[-81.9119022,37.3490886],[-81.9122833,37.349145],[-81.913378,37.3491217],[-81.9135365,37.3491797],[-81.9138276,37.3494664],[-81.9139767,37.3495171],[-81.914409,37.3495534],[-81.9150532,37.3495236],[-81.9152823,37.3492847],[-81.9154573,37.3491797],[-81.916174,37.3493593],[-81.9165452,37.3493564],[-81.9167387,37.3492438],[-81.917312,37.3490764],[-81.9175913,37.3491557],[-81.9177701,37.3493543],[-81.9178198,37.349628],[-81.9174785,37.3505567],[-81.917444,37.3507718],[-81.918154,37.3511663],[-81.9182399,37.3513583],[-81.9182304,37.3521065],[-81.9185728,37.3527854],[-81.9188447,37.3530204],[-81.9190873,37.3531296],[-81.9200254,37.3531964],[-81.9202593,37.3533501],[-81.9205418,37.3536887],[-81.9206874,37.3542061],[-81.9207108,37.354606],[-81.9208554,37.3550493],[-81.9209107,37.3557749],[-81.921624,37.3564286],[-81.921645,37.3566285],[-81.9218146,37.356842],[-81.9221896,37.3571502],[-81.9232437,37.3575939],[-81.923386,37.3578446],[-81.9235362,37.3579842],[-81.9237503,37.3580344],[-81.9239819,37.3580029],[-81.9241664,37.3579126],[-81.9243584,37.357674],[-81.9245298,37.3572727],[-81.9248044,37.3569594],[-81.9249889,37.356869],[-81.925137,37.3568383],[-81.9253323,37.3568738],[-81.9259799,37.3574687],[-81.9261213,37.3576454],[-81.9266174,37.3587453],[-81.9268346,37.3590474],[-81.9275587,37.3598195],[-81.9277921,37.3599362],[-81.9279964,37.359942],[-81.9281177,37.3599929],[-81.9283806,37.3602427],[-81.9284227,37.3606424],[-81.9283072,37.3610656],[-81.9276984,37.3621223],[-81.9274592,37.3630502],[-81.9272517,37.3635333],[-81.9272376,37.3638964],[-81.9271569,37.3641267],[-81.9269921,37.3643132],[-81.9267066,37.3644933],[-81.9263959,37.3648883],[-81.9261655,37.3650235],[-81.9260194,37.3652172],[-81.9259931,37.3653434],[-81.9260778,37.365439],[-81.9269345,37.3656693],[-81.9276778,37.3657302],[-81.9285057,37.3658792],[-81.9288229,37.3660101],[-81.9289463,37.3662388],[-81.9290872,37.366371],[-81.9297659,37.366462],[-81.930418,37.3666569],[-81.9307103,37.3670324],[-81.9311413,37.3673549],[-81.9312848,37.367702],[-81.9318118,37.368283],[-81.931917,37.3685415],[-81.9326366,37.3689358],[-81.9334295,37.3692555],[-81.9334676,37.3693293],[-81.9334226,37.3694482],[-81.9332493,37.369694],[-81.9331808,37.3701539],[-81.9332358,37.3706641],[-81.9331107,37.3712434],[-81.9328948,37.3718007],[-81.9329088,37.3721784],[-81.9331149,37.3723323],[-81.9338148,37.3726305],[-81.9339744,37.3727774],[-81.9339594,37.3730665],[-81.9337135,37.3734462],[-81.9333747,37.3738267],[-81.933126,37.3739768],[-81.9325717,37.374196],[-81.9320531,37.3742964],[-81.9318592,37.3743794],[-81.931409,37.3747534],[-81.9312254,37.3749178],[-81.9310853,37.3751419],[-81.9309843,37.3755557],[-81.931159,37.3757344],[-81.931484,37.3762614],[-81.931718,37.3769374],[-81.9320933,37.377231],[-81.9328271,37.3775429],[-81.9330821,37.3777739],[-81.9332689,37.3778572],[-81.9341042,37.377787],[-81.9345294,37.377826],[-81.9347299,37.3779409],[-81.935108,37.3784675],[-81.9356001,37.3785483],[-81.9359472,37.3787151],[-81.9366625,37.3807323],[-81.9362053,37.381329],[-81.9359888,37.3820616],[-81.935839,37.3828253],[-81.9356303,37.3831235],[-81.9349874,37.3837217],[-81.9338109,37.3841123],[-81.9332987,37.3845506],[-81.9328539,37.3850731],[-81.9324183,37.3852672],[-81.9318887,37.3853773],[-81.9317047,37.385527],[-81.9315317,37.3865663],[-81.9315479,37.3867992],[-81.9316855,37.38719],[-81.9318485,37.3874958],[-81.932488,37.3876814],[-81.9329416,37.3878685],[-81.9331834,37.3880996],[-81.9331868,37.3883749],[-81.9333107,37.3887341],[-81.9337263,37.3890697],[-81.9337274,37.3891544],[-81.9336228,37.3892823],[-81.9336249,37.3894518],[-81.9338324,37.390128],[-81.933904,37.3905511],[-81.9338009,37.3908061],[-81.9336183,37.3910617],[-81.9327629,37.3916616],[-81.9327111,37.3917679],[-81.9327269,37.391969],[-81.9325561,37.3921186],[-81.932238,37.3921529],[-81.931706,37.3920724],[-81.9311781,37.3923201],[-81.930836,37.3925664],[-81.9299498,37.3928276],[-81.9297788,37.392956],[-81.9295303,37.3932546],[-81.9292146,37.39349],[-81.9287914,37.3936205],[-81.9288094,37.3940016],[-81.9289575,37.3941699],[-81.9294401,37.3945474],[-81.9293503,37.3948023],[-81.928957,37.3952079],[-81.9288795,37.3953779],[-81.9289351,37.3955787],[-81.9291638,37.3958311],[-81.9296322,37.3961346],[-81.9297936,37.3963028],[-81.9300128,37.3968518],[-81.9300039,37.397212],[-81.9299399,37.3974031],[-81.9298216,37.3974994],[-81.9291358,37.3978648],[-81.9287781,37.3979206],[-81.9283664,37.3979133],[-81.9281819,37.3980206],[-81.928131,37.3982011],[-81.9276611,37.3988508],[-81.9277296,37.3990198],[-81.927864,37.3991564],[-81.9286922,37.3995735],[-81.9288445,37.4000807],[-81.9287169,37.4004948],[-81.9288507,37.4005784],[-81.9290637,37.4006297],[-81.9297807,37.4006347],[-81.9300738,37.4007171],[-81.9306114,37.401253],[-81.9307866,37.4014635],[-81.9308551,37.4016324],[-81.9304652,37.4023133],[-81.9302591,37.4028233],[-81.9300431,37.4036087],[-81.9300186,37.4037784],[-81.930173,37.404455],[-81.9302048,37.4048784],[-81.9300761,37.4052078],[-81.9299186,37.4053573],[-81.9290438,37.4054701],[-81.9286477,37.4056532],[-81.928544,37.4058553],[-81.928522,37.4062262],[-81.9283384,37.4064076],[-81.9274411,37.4068595],[-81.9259797,37.4067863],[-81.9257281,37.4068412],[-81.9255178,37.4070123],[-81.9249502,37.4072815],[-81.9247252,37.4073363],[-81.9244059,37.4072858],[-81.9242735,37.4073186],[-81.9246831,37.4082368],[-81.9246456,37.4084278],[-81.9243457,37.4088749],[-81.9244302,37.4092662],[-81.9243868,37.4094309],[-81.9245054,37.4099858],[-81.9242688,37.4101783],[-81.9233827,37.4104606],[-81.922941,37.4112584],[-81.922969,37.4113747],[-81.9236995,37.4113901],[-81.9242318,37.4114919],[-81.9245524,37.4116482],[-81.9250721,37.411803],[-81.9253377,37.4118009],[-81.9256442,37.4118939],[-81.9259255,37.4120929],[-81.9262104,37.4125884],[-81.9274669,37.413267],[-81.927803,37.4136033],[-81.9280371,37.4142793],[-81.9283855,37.4145413],[-81.928612,37.4146031],[-81.9289972,37.4146107],[-81.9297116,37.4143932],[-81.9299511,37.4144337],[-81.9303653,37.4146423],[-81.9308032,37.4146176],[-81.9314573,37.4148984],[-81.9323094,37.4150823],[-81.9325097,37.4151761],[-81.932846,37.4155229],[-81.9337006,37.4169778],[-81.9342489,37.4172912],[-81.9343167,37.4174071],[-81.9348097,37.4196803],[-81.9349329,37.4199759],[-81.935133,37.4200485],[-81.9355054,37.4200985],[-81.9363394,37.4198906],[-81.9375233,37.4200507],[-81.9376823,37.4200283],[-81.9378539,37.4199422],[-81.937882,37.420069],[-81.9377155,37.4205575],[-81.9377525,37.421394],[-81.9379005,37.4215517],[-81.9382354,37.421782],[-81.9387276,37.4218522],[-81.9388621,37.4219888],[-81.938826,37.4222857],[-81.9389242,37.4227085],[-81.9389133,37.4228993],[-81.9386533,37.4233462],[-81.9381563,37.4239644],[-81.9387619,37.4246057],[-81.9389919,37.4249427],[-81.9391014,37.4252067],[-81.9390802,37.4256305],[-81.9391378,37.4259901],[-81.9399028,37.4276998],[-81.9400151,37.4281861],[-81.9401102,37.4283548],[-81.9403522,37.4285859],[-81.9405428,37.4289656],[-81.9404525,37.4291782],[-81.9400849,37.42952],[-81.9395488,37.4301915],[-81.9391519,37.4303112],[-81.9387835,37.4305895],[-81.9385475,37.430835],[-81.938291,37.4315678],[-81.9381996,37.4316956],[-81.9377786,37.4320167],[-81.9375146,37.4321459],[-81.9369041,37.4321825],[-81.9361181,37.4319875],[-81.9356927,37.4319591],[-81.9354948,37.4320666],[-81.9355377,37.4323098],[-81.9356997,37.4325204],[-81.9360632,37.43292],[-81.93625,37.432982],[-81.9364247,37.4331501],[-81.9365874,37.4334136],[-81.9370994,37.4340026],[-81.9371282,37.4341825],[-81.9368114,37.435403],[-81.9368032,37.4358161],[-81.9367391,37.4359966],[-81.9364214,37.4360839],[-81.9359702,37.4361192],[-81.9355601,37.4362496],[-81.9352328,37.4366335],[-81.9352631,37.4369298],[-81.9354824,37.4374788],[-81.9356818,37.4385575],[-81.9358032,37.4387048],[-81.9364203,37.4391977],[-81.9369679,37.439437],[-81.9371822,37.4395835],[-81.9377278,37.4396639],[-81.9382112,37.4400837],[-81.9387738,37.4404605],[-81.9410327,37.4405273],[-81.9416018,37.4403639],[-81.9419695,37.440022],[-81.942286,37.4398395],[-81.942512,37.4398588],[-81.9428725,37.4400042],[-81.943072,37.4400238],[-81.9434696,37.4399571],[-81.9441207,37.4399731],[-81.9444119,37.4398966],[-81.9450241,37.439987],[-81.9455572,37.440131],[-81.9457729,37.4403835],[-81.9458643,37.4413148],[-81.9460556,37.4417369],[-81.9461896,37.4418311],[-81.946642,37.4418911],[-81.9468825,37.4420056],[-81.9473129,37.4424258],[-81.947638,37.4429316],[-81.947929,37.4438825],[-81.9483336,37.4443664],[-81.9488564,37.4447435],[-81.9489916,37.444933],[-81.9490637,37.4453773],[-81.9492383,37.4455348],[-81.9503314,37.4458331],[-81.9508502,37.4458925],[-81.9517135,37.4458855],[-81.9521126,37.4459247],[-81.9528981,37.4460666],[-81.9534827,37.4460725],[-81.9540558,37.4462267],[-81.9552086,37.4470435],[-81.955478,37.4473379],[-81.9558803,37.4476312],[-81.9564811,37.4478699],[-81.9568428,37.4481106],[-81.9573004,37.4485729],[-81.9573551,37.4486995],[-81.9573582,37.4489431],[-81.9574394,37.4490589],[-81.9575454,37.4490369],[-81.9580318,37.4486305],[-81.9585422,37.4480332],[-81.9588988,37.4478715],[-81.9592304,37.4478264],[-81.9598154,37.447864],[-81.960523,37.4481442],[-81.960682,37.4481111],[-81.96134,37.4476292],[-81.9616573,37.4475101],[-81.9618296,37.4474769],[-81.9620691,37.4475067],[-81.9625367,37.4477148],[-81.9628966,37.4478071],[-81.9631882,37.4477624],[-81.9634519,37.4476014],[-81.9647117,37.4474322],[-81.9652245,37.4470256],[-81.965661,37.4468737],[-81.9658191,37.4467771],[-81.9661371,37.446711],[-81.966564,37.4468557],[-81.96679,37.4468645],[-81.9678369,37.4466653],[-81.9681025,37.4466631],[-81.9684366,37.4468192],[-81.9690929,37.4472375],[-81.9701199,37.4475574],[-81.9703478,37.4477144],[-81.9704628,37.4483912],[-81.9700691,37.4487652],[-81.9698646,37.4493917],[-81.9693153,37.4500635],[-81.9691867,37.4503929],[-81.968782,37.4509469],[-81.9687212,37.4513817],[-81.9688025,37.4515081],[-81.9693889,37.4516515],[-81.9696432,37.4517977],[-81.9698583,37.4519972],[-81.9701261,37.4521539],[-81.9707402,37.4523924],[-81.9708887,37.4525712],[-81.9717544,37.4530413],[-81.9724904,37.4531512],[-81.9726377,37.4532453],[-81.9727628,37.4536679],[-81.9734674,37.4547318],[-81.9735234,37.4549537],[-81.9732484,37.4552631],[-81.9729326,37.4554987],[-81.973201,37.4557083],[-81.9734307,37.456003],[-81.973856,37.4560207],[-81.9744657,37.4559097],[-81.9747057,37.4559713],[-81.9748133,37.4560763],[-81.974804,37.4563835],[-81.9748722,37.4565207],[-81.9750194,37.4566042],[-81.975673,37.4568],[-81.9760089,37.4570938],[-81.9763423,37.4571863],[-81.9771919,37.4571369],[-81.9779776,37.4572787],[-81.9782832,37.4572762],[-81.9791573,37.4570677],[-81.9793697,37.4570553],[-81.9797436,37.4572005],[-81.9799825,37.4571774],[-81.9803243,37.4568992],[-81.9806677,37.4567632],[-81.981495,37.4559998],[-81.9819565,37.4557312],[-81.9826309,37.4554925],[-81.9831847,37.4551702],[-81.9837798,37.454964],[-81.9845313,37.4545235],[-81.9847668,37.4542462],[-81.9850059,37.4542442],[-81.9854057,37.4543362],[-81.9857779,37.4543542],[-81.9863378,37.4544978],[-81.9873824,37.4551352],[-81.98759,37.4557689],[-81.9878894,37.4563065],[-81.9879471,37.4566556],[-81.9878049,37.4569533],[-81.987534,37.4585866],[-81.9875892,37.458745],[-81.9880715,37.4590481],[-81.9883168,37.4595121],[-81.9886117,37.4597108],[-81.9892037,37.4602778],[-81.9895007,37.4606354],[-81.9900044,37.4605464],[-81.990257,37.4605549],[-81.9907783,37.4607941],[-81.991218,37.4608857],[-81.9916421,37.460808],[-81.9921732,37.4607824],[-81.9922286,37.4609514],[-81.9922209,37.4613751],[-81.9922785,37.4617135],[-81.9926035,37.4621768],[-81.9928955,37.4631593],[-81.9931257,37.4634857],[-81.993495,37.4642875],[-81.9932967,37.4653695],[-81.9932153,37.4662492],[-81.9933022,37.4667886],[-81.9930246,37.467903],[-81.9930176,37.4683797],[-81.9930874,37.4686333],[-81.9932492,37.468812],[-81.9946929,37.469467],[-81.9955182,37.4695766],[-81.9955594,37.4696716],[-81.9960635,37.4716161],[-81.9960013,37.4719343],[-81.9958438,37.4720839],[-81.9957255,37.4721802],[-81.9952338,37.4721844],[-81.9951965,37.4723753],[-81.9954242,37.4725111],[-81.9954923,37.4726376],[-81.99545,37.4734535],[-81.9958202,37.4743188],[-81.9958791,37.4747526],[-81.9957273,37.4753258],[-81.9957566,37.4755373],[-81.9959081,37.4759385],[-81.9965414,37.4765898],[-81.9965829,37.4767166],[-81.9965312,37.4768229],[-81.9958069,37.4773268],[-81.9955342,37.4778057],[-81.9943738,37.4784933],[-81.992941,37.479681],[-81.9929032,37.4798402],[-81.9931099,37.4803997],[-81.9931259,37.4806008],[-81.9927457,37.4809959],[-81.9924749,37.4816231],[-81.9925185,37.4819086],[-81.9928151,37.4822239],[-81.9928846,37.4824563],[-81.9927712,37.4829233],[-81.9926005,37.4830836],[-81.991765,37.4832177],[-81.9915012,37.4833682],[-81.9913446,37.4835919],[-81.9911646,37.4840488],[-81.9909687,37.4843152],[-81.9901342,37.4845235],[-81.9897126,37.4848024],[-81.9894345,37.4848789],[-81.9881609,37.485059],[-81.9870981,37.4850891],[-81.98657,37.4853582],[-81.9862654,37.4854455],[-81.9855093,37.4855577],[-81.9851503,37.4855396],[-81.9847769,37.4854474],[-81.984172,37.4849229],[-81.983667,37.4849271],[-81.9830972,37.4850589],[-81.9820206,37.4850573],[-81.9808024,37.4854063],[-81.9805631,37.4853977],[-81.9802968,37.4853576],[-81.9800962,37.4852639],[-81.9792912,37.4846881],[-81.9789976,37.4845952],[-81.9781866,37.4845702],[-81.9778128,37.4844462],[-81.9776406,37.48449],[-81.9775394,37.4845902],[-81.9774181,37.4847566],[-81.9767188,37.4851436],[-81.9765488,37.4853569],[-81.9764206,37.485718],[-81.9765046,37.4860456],[-81.9760581,37.4864624],[-81.975973,37.4870774],[-81.97587,37.4873324],[-81.9756352,37.4876733],[-81.9748799,37.487849],[-81.9733917,37.4878824],[-81.973034,37.4879701],[-81.972836,37.4880777],[-81.9722573,37.4885484],[-81.9720981,37.4885709],[-81.9716183,37.488469],[-81.9706865,37.4883601],[-81.9705676,37.4884141],[-81.970598,37.4887104],[-81.9707202,37.4889106],[-81.9708076,37.489503],[-81.9705992,37.489833],[-81.9704677,37.48994],[-81.9692904,37.4903839],[-81.9686932,37.4904524],[-81.9676425,37.4903974],[-81.9672454,37.4905278],[-81.9670753,37.490741],[-81.9667333,37.4910192],[-81.9665008,37.49154],[-81.9666541,37.4920895],[-81.9666431,37.4922696],[-81.9664733,37.492504],[-81.9660653,37.4928145],[-81.9659088,37.4930488],[-81.9647446,37.493482],[-81.9643193,37.4934854],[-81.9639465,37.4934355],[-81.9629603,37.4932318],[-81.9621849,37.4928886],[-81.9609303,37.4924858],[-81.96008,37.4925139],[-81.9595327,37.4923277],[-81.9589026,37.4919091],[-81.9584883,37.4917325],[-81.9580489,37.4916725],[-81.9570352,37.4913948],[-81.955867,37.4915101],[-81.9549902,37.491549],[-81.954633,37.491679],[-81.9543673,37.4916917],[-81.9537665,37.4914848],[-81.9534611,37.4915084],[-81.9527889,37.4919587],[-81.9526846,37.4921184],[-81.952746,37.4927639],[-81.9526201,37.4933157],[-81.9526512,37.4936755],[-81.9526022,37.4940042],[-81.9526571,37.4941415],[-81.9531641,37.4942857],[-81.9531923,37.4944125],[-81.9539982,37.4950733],[-81.9543619,37.4954516],[-81.9542416,37.4964481],[-81.954246,37.496787],[-81.9543561,37.4970827],[-81.9542288,37.4975285],[-81.9540055,37.4977421],[-81.9539678,37.4979119],[-81.954,37.4983565],[-81.9537663,37.4987926],[-81.9538513,37.4992049],[-81.9540429,37.4996376],[-81.9538469,37.499904],[-81.9535466,37.5005807],[-81.9529634,37.5014285],[-81.9526106,37.5017067],[-81.9518316,37.50205],[-81.9510299,37.5022356],[-81.9501343,37.5022945],[-81.9496066,37.502402],[-81.9488615,37.502408],[-81.9478435,37.5021752],[-81.9470645,37.502061],[-81.9460158,37.5019662],[-81.9457139,37.5020031],[-81.9449436,37.502577],[-81.9443424,37.5028572],[-81.9438606,37.503188],[-81.9437976,37.5033261],[-81.943889,37.5045815],[-81.9438622,37.5050291],[-81.9439797,37.5057852],[-81.9441846,37.5066181],[-81.9441775,37.5069107],[-81.9440947,37.5071953],[-81.9437442,37.5076626],[-81.9435228,37.5080946],[-81.9431082,37.5086141],[-81.9428408,37.5088227],[-81.9418201,37.5092438],[-81.9412285,37.5094292],[-81.9410234,37.5094395],[-81.9404814,37.5092803],[-81.9401569,37.5092399],[-81.9399199,37.5092848],[-81.9390732,37.5098077],[-81.9383427,37.5101147],[-81.937288,37.5104156],[-81.9359937,37.5105549],[-81.9351948,37.5105784],[-81.9344305,37.5107738],[-81.9340544,37.5109316],[-81.9330682,37.5115244],[-81.9328011,37.5117588],[-81.932426,37.5119941],[-81.9319149,37.512204],[-81.9290895,37.5120548],[-81.9281596,37.5119675],[-81.9278895,37.511961],[-81.927695,37.5120057],[-81.9268835,37.5127386],[-81.9261968,37.513513],[-81.9261217,37.5142193],[-81.9263899,37.5146363],[-81.9270346,37.5151252],[-81.9281422,37.5156856],[-81.9293261,37.5165641],[-81.9302045,37.5169882],[-81.9309683,37.517276],[-81.9318849,37.5178364],[-81.9321904,37.5181393],[-81.9324196,37.5184725],[-81.9327251,37.519245],[-81.9329924,37.5195024],[-81.9332789,37.5196388],[-81.9336417,37.5196691],[-81.9344628,37.5193813],[-81.9349402,37.5191541],[-81.9353221,37.5187603],[-81.9360287,37.5173517],[-81.9364297,37.5159431],[-81.9365442,37.5152464],[-81.9370216,37.5142467],[-81.9380146,37.5134742],[-81.9389885,37.5129592],[-81.9395423,37.5127472],[-81.9403061,37.512626],[-81.9417955,37.5125806],[-81.9425212,37.5126563],[-81.9433232,37.5128532],[-81.944278,37.5132773],[-81.9445453,37.5135348],[-81.9447554,37.5139438],[-81.944889,37.5144436],[-81.9450227,37.5160492],[-81.9449654,37.5166853],[-81.9447936,37.5171548],[-81.9443926,37.5178818],[-81.9436478,37.5189723],[-81.9433232,37.5196085],[-81.9432468,37.520184],[-81.9433232,37.5206081],[-81.943476,37.5210321],[-81.9437624,37.5215471],[-81.9442398,37.5221377],[-81.9457865,37.5233796],[-81.9467604,37.5242883],[-81.9470659,37.5247427],[-81.9474288,37.5258785],[-81.9473524,37.5267417],[-81.9471614,37.5271506],[-81.9465695,37.5280592],[-81.9462066,37.5284681],[-81.9455192,37.5290133],[-81.9441634,37.5296645],[-81.9437624,37.5299825],[-81.9436478,37.5304519],[-81.943686,37.5308608],[-81.944087,37.5313303],[-81.9447172,37.5316937],[-81.94508,37.5318451],[-81.9456529,37.5319511],[-81.9464549,37.5318906],[-81.9480971,37.5313454],[-81.9513243,37.5294828],[-81.9535375,37.5283826],[-81.9542974,37.5282935],[-81.9551615,37.5283578],[-81.9564477,37.5286935],[-81.9569844,37.5290645],[-81.9572815,37.5298195],[-81.9572947,37.5302907],[-81.9568824,37.5329276],[-81.9566229,37.5340502],[-81.9566806,37.5347397],[-81.9570212,37.5352355],[-81.957592,37.5355856],[-81.9583144,37.5357087],[-81.9592945,37.5356751],[-81.9605086,37.5353446],[-81.9656666,37.5333905],[-81.9666051,37.5331443],[-81.9674142,37.5330934],[-81.9679688,37.5332727],[-81.9684414,37.5336636],[-81.9688589,37.534643],[-81.9688653,37.5353227],[-81.9686171,37.5360572],[-81.967705,37.5377829],[-82.050888,37.480527],[-82.062809,37.470911],[-82.1115211,37.4366496],[-82.1129055,37.4356759],[-82.124854,37.427272],[-82.1308943,37.4231742],[-82.1366112,37.4192957],[-82.1553828,37.4065608],[-82.201745,37.375108],[-82.202688,37.374041],[-82.2192262,37.3624222],[-82.254352,37.337745],[-82.2864771,37.3154167],[-82.2904865,37.31263],[-82.2905658,37.3125748],[-82.2906512,37.3125155],[-82.291908,37.311642],[-82.2969509,37.3083076],[-82.2985697,37.3072372],[-82.3019276,37.3045944],[-82.308031,37.3003135],[-82.3084053,37.3000567],[-82.3141947,37.296076],[-82.31575,37.295029],[-82.316234,37.294654],[-82.316395,37.294086],[-82.316592,37.293795],[-82.317266,37.293521],[-82.317415,37.293058],[-82.317376,37.292562],[-82.31756,37.291003],[-82.31778,37.290423],[-82.318087,37.2899],[-82.318658,37.289558],[-82.318854,37.289244],[-82.318931,37.288759],[-82.318937,37.288367],[-82.319126,37.28773],[-82.31956,37.287032],[-82.320185,37.286505],[-82.320971,37.286068],[-82.321946,37.285651],[-82.322546,37.285309],[-82.323457,37.284639],[-82.323969,37.284194],[-82.324161,37.28373],[-82.324541,37.283218],[-82.324725,37.283042],[-82.325121,37.282959],[-82.325506,37.283032],[-82.327744,37.282898],[-82.330063,37.282498],[-82.331732,37.282083],[-82.332045,37.281837],[-82.332283,37.281488],[-82.333913,37.28127],[-82.334243,37.281173],[-82.334562,37.281204],[-82.335598,37.281584],[-82.335868,37.2816],[-82.336104,37.281559],[-82.33649,37.281377],[-82.336605,37.281259],[-82.336668,37.281118],[-82.336671,37.280952],[-82.336494,37.280267],[-82.336496,37.279866],[-82.336662,37.279698],[-82.336987,37.27961],[-82.337467,37.279612],[-82.338018,37.279694],[-82.338518,37.279832],[-82.339423,37.280169],[-82.339697,37.280329],[-82.339818,37.280446],[-82.339973,37.280835],[-82.340101,37.281015],[-82.340299,37.281169],[-82.340457,37.281225],[-82.340706,37.281215],[-82.341449,37.280946],[-82.34189,37.280895],[-82.342167,37.280918],[-82.342387,37.280991],[-82.342553,37.281098],[-82.342688,37.281256],[-82.343005,37.281182],[-82.343841,37.280739],[-82.34394,37.280566],[-82.343848,37.280068],[-82.343874,37.279421],[-82.343468,37.278664],[-82.343007,37.278111],[-82.342889,37.277882],[-82.342856,37.277573],[-82.342988,37.277135],[-82.34299,37.27683],[-82.342867,37.276495],[-82.342526,37.275941],[-82.342363,37.275547],[-82.342287,37.275],[-82.342123,37.274665],[-82.342072,37.27446],[-82.342087,37.274181],[-82.342171,37.273965],[-82.342333,37.273761],[-82.342558,37.273599],[-82.343614,37.273144],[-82.343911,37.273101],[-82.344409,37.273171],[-82.344624,37.273162],[-82.344829,37.273106],[-82.345285,37.272896],[-82.346084,37.272689],[-82.346504,37.272641],[-82.347272,37.27264],[-82.347694,37.27258],[-82.348251,37.272403],[-82.348961,37.272004],[-82.349235,37.271729],[-82.349321,37.271458],[-82.349289,37.271268],[-82.349014,37.270665],[-82.349002,37.270397],[-82.349126,37.270149],[-82.349434,37.269902],[-82.34892,37.269413],[-82.348916,37.269275],[-82.349109,37.268889],[-82.349116,37.268683],[-82.349038,37.268496],[-82.348944,37.268422],[-82.348754,37.268353],[-82.348726,37.268232],[-82.348865,37.268069],[-82.349064,37.267942],[-82.350032,37.267646],[-82.351144,37.267078],[-82.351707,37.266882],[-82.351966,37.26669],[-82.352218,37.266565],[-82.352664,37.266427],[-82.353524,37.26625],[-82.354539,37.265963],[-82.355434,37.265405],[-82.355962,37.265223],[-82.357811,37.26507],[-82.358357,37.264906],[-82.358686,37.264852],[-82.359797,37.264864],[-82.362333,37.264693],[-82.362794,37.264623],[-82.363881,37.264327],[-82.364665,37.264285],[-82.364932,37.264232],[-82.365239,37.264071],[-82.365607,37.263682],[-82.366217,37.263387],[-82.366821,37.263015],[-82.367215,37.262911],[-82.367749,37.262826],[-82.368477,37.262558],[-82.368857,37.262467],[-82.369224,37.26244],[-82.370007,37.262508],[-82.370521,37.262423],[-82.370858,37.262265],[-82.371332,37.261896],[-82.371566,37.261772],[-82.372457,37.261563],[-82.372903,37.261335],[-82.373468,37.261183],[-82.374198,37.260794],[-82.374862,37.260503],[-82.376619,37.259943],[-82.376904,37.259929],[-82.37758,37.260109],[-82.377993,37.260158],[-82.378315,37.26014],[-82.379151,37.259989],[-82.379663,37.25996],[-82.380104,37.259987],[-82.380848,37.260108],[-82.382333,37.260031],[-82.383544,37.260142],[-82.38368,37.260074],[-82.38378,37.259885],[-82.383876,37.259813],[-82.384584,37.259652],[-82.384955,37.25964],[-82.385446,37.259765],[-82.385734,37.25972],[-82.385948,37.259594],[-82.386358,37.259202],[-82.386759,37.259006],[-82.38723,37.25898],[-82.388397,37.259124],[-82.388601,37.259103],[-82.388748,37.259026],[-82.389405,37.258481],[-82.389987,37.258196],[-82.390242,37.258167],[-82.391083,37.258192],[-82.391741,37.258089],[-82.392483,37.258028],[-82.392716,37.257916],[-82.393075,37.257516],[-82.393373,37.257331],[-82.393569,37.25731],[-82.394231,37.257411],[-82.394533,37.257406],[-82.394915,37.257294],[-82.39542,37.257012],[-82.395961,37.257006],[-82.396265,37.256855],[-82.396601,37.256757],[-82.397018,37.256347],[-82.397302,37.256193],[-82.398022,37.255896],[-82.398282,37.255619],[-82.398474,37.25553],[-82.398927,37.2555],[-82.399555,37.25561],[-82.400036,37.255554],[-82.400549,37.255626],[-82.40087,37.255536],[-82.401395,37.255309],[-82.402488,37.255048],[-82.402848,37.254915],[-82.403852,37.254915],[-82.40405,37.254839],[-82.404372,37.254637],[-82.404671,37.254521],[-82.405019,37.254471],[-82.405393,37.254489],[-82.405559,37.254451],[-82.405952,37.254163],[-82.406611,37.253812],[-82.407282,37.253719],[-82.408018,37.253425],[-82.408385,37.25333],[-82.40956,37.253234],[-82.410561,37.253239],[-82.411018,37.253284],[-82.411513,37.253476],[-82.41187,37.253463],[-82.412189,37.253309],[-82.412479,37.253],[-82.412672,37.252872],[-82.413312,37.252666],[-82.414306,37.25227],[-82.415237,37.252057],[-82.416356,37.251973],[-82.416857,37.251896],[-82.417344,37.251778],[-82.418053,37.251531],[-82.418252,37.251396],[-82.418494,37.251018],[-82.418715,37.250869],[-82.420252,37.250449],[-82.422405,37.249637],[-82.423028,37.249226],[-82.423429,37.249055],[-82.42374,37.248982],[-82.425425,37.248759],[-82.426203,37.248766],[-82.426481,37.248713],[-82.426914,37.248474],[-82.427536,37.248027],[-82.427923,37.24782],[-82.428799,37.247486],[-82.429554,37.247137],[-82.430493,37.246859],[-82.432854,37.24649],[-82.433183,37.24647],[-82.433616,37.246527],[-82.434259,37.246759],[-82.434609,37.246821],[-82.4351,37.246782],[-82.435636,37.246606],[-82.435954,37.24661],[-82.436281,37.246735],[-82.436924,37.247197],[-82.437156,37.247277],[-82.437346,37.247266],[-82.437874,37.24712],[-82.43827,37.247073],[-82.43877,37.247075],[-82.439423,37.247164],[-82.439694,37.247123],[-82.439888,37.247024],[-82.440011,37.246903],[-82.440102,37.246736],[-82.44016,37.246432],[-82.440293,37.246278],[-82.440942,37.246062],[-82.44148,37.24583],[-82.442143,37.245452],[-82.442584,37.245115],[-82.442789,37.244763],[-82.442813,37.244194],[-82.442911,37.243877],[-82.443115,37.243594],[-82.443423,37.243366],[-82.44374,37.243256],[-82.444006,37.243227],[-82.444868,37.243352],[-82.445167,37.243539],[-82.44537,37.243859],[-82.445554,37.244057],[-82.44573,37.244186],[-82.445856,37.244215],[-82.446447,37.244005],[-82.447043,37.243919],[-82.447259,37.243988],[-82.447363,37.244164],[-82.447458,37.244227],[-82.447845,37.244198],[-82.448236,37.244086],[-82.448586,37.243859],[-82.448828,37.243837],[-82.449579,37.243602],[-82.450531,37.243201],[-82.451237,37.242777],[-82.451413,37.242726],[-82.451804,37.242692],[-82.452073,37.242581],[-82.452308,37.242375],[-82.452449,37.242175],[-82.452517,37.24195],[-82.452561,37.241482],[-82.452652,37.241308],[-82.452833,37.241114],[-82.453036,37.24098],[-82.453361,37.240852],[-82.454371,37.240569],[-82.454897,37.240541],[-82.455211,37.240426],[-82.455361,37.240305],[-82.455473,37.240144],[-82.455539,37.239924],[-82.455548,37.239653],[-82.455629,37.239528],[-82.455751,37.239455],[-82.456508,37.239215],[-82.456721,37.239113],[-82.456914,37.238925],[-82.457211,37.238423],[-82.457403,37.238291],[-82.458103,37.238157],[-82.45872,37.238169],[-82.45919,37.238279],[-82.460042,37.23865],[-82.460255,37.238694],[-82.460486,37.238662],[-82.460996,37.238482],[-82.461333,37.238428],[-82.461659,37.238429],[-82.462241,37.238548],[-82.462701,37.238506],[-82.462907,37.238426],[-82.4631,37.238267],[-82.463456,37.237586],[-82.464411,37.236389],[-82.464668,37.235975],[-82.464819,37.23584],[-82.465014,37.235749],[-82.46531,37.235709],[-82.466132,37.235786],[-82.466893,37.235942],[-82.467591,37.236208],[-82.46799,37.236219],[-82.46829,37.236129],[-82.468521,37.235985],[-82.468694,37.235795],[-82.469022,37.235274],[-82.469181,37.235164],[-82.469384,37.235121],[-82.469818,37.235143],[-82.470194,37.235395],[-82.470462,37.235465],[-82.470736,37.235439],[-82.471035,37.235334],[-82.471164,37.235336],[-82.471581,37.235626],[-82.47193,37.235747],[-82.472267,37.235758],[-82.472701,37.235678],[-82.473162,37.235555],[-82.473599,37.235385],[-82.474003,37.23517],[-82.474262,37.234982],[-82.474695,37.234795],[-82.475274,37.234634],[-82.476177,37.234511],[-82.476723,37.234387],[-82.47751,37.234099],[-82.478926,37.233492],[-82.480009,37.233164],[-82.480313,37.232988],[-82.480753,37.23258],[-82.481138,37.232395],[-82.482989,37.231921],[-82.483514,37.231859],[-82.484204,37.231847],[-82.484568,37.231785],[-82.484979,37.231647],[-82.485455,37.231374],[-82.485712,37.231269],[-82.486085,37.231198],[-82.486412,37.231218],[-82.48655,37.231188],[-82.486975,37.230803],[-82.487343,37.230567],[-82.48742,37.230452],[-82.487413,37.23035],[-82.487341,37.230256],[-82.487084,37.23008],[-82.486775,37.229946],[-82.486689,37.229772],[-82.486755,37.22963],[-82.487112,37.229351],[-82.487231,37.229147],[-82.487345,37.22865],[-82.487335,37.227978],[-82.487482,37.227682],[-82.487895,37.227319],[-82.488414,37.226995],[-82.488761,37.226927],[-82.489325,37.226956],[-82.489534,37.226904],[-82.489717,37.226808],[-82.49032,37.226191],[-82.490913,37.225371],[-82.491139,37.225197],[-82.49141,37.225071],[-82.491841,37.224987],[-82.492362,37.22499],[-82.492696,37.225037],[-82.493554,37.22526],[-82.493949,37.225287],[-82.494611,37.225249],[-82.494858,37.225289],[-82.495124,37.225386],[-82.495383,37.225556],[-82.49587,37.226944],[-82.496042,37.227268],[-82.496283,37.227521],[-82.496604,37.2276],[-82.496845,37.227546],[-82.497217,37.227329],[-82.497666,37.227167],[-82.49801,37.227107],[-82.498529,37.227088],[-82.498755,37.227029],[-82.499798,37.22632],[-82.50136,37.225601],[-82.502161,37.225419],[-82.502497,37.225195],[-82.50275,37.225076],[-82.503076,37.224993],[-82.503616,37.224974],[-82.503877,37.224906],[-82.504088,37.224765],[-82.504368,37.224443],[-82.504597,37.224292],[-82.50582,37.223888],[-82.506044,37.223764],[-82.506474,37.223423],[-82.507559,37.223116],[-82.507976,37.222914],[-82.50843,37.222625],[-82.508504,37.22252],[-82.508524,37.222401],[-82.508316,37.221496],[-82.508271,37.221077],[-82.508309,37.220946],[-82.508494,37.220722],[-82.509047,37.220421],[-82.509198,37.220292],[-82.509312,37.220056],[-82.5093,37.219701],[-82.509386,37.219467],[-82.510106,37.218823],[-82.510618,37.218461],[-82.511005,37.218257],[-82.51143,37.218109],[-82.512094,37.217982],[-82.512441,37.217844],[-82.512656,37.217698],[-82.513133,37.217268],[-82.513597,37.217002],[-82.51409,37.216845],[-82.514894,37.216734],[-82.51528,37.216568],[-82.515498,37.216394],[-82.515757,37.21606],[-82.516706,37.21508],[-82.517268,37.214437],[-82.517555,37.214276],[-82.518276,37.214054],[-82.519441,37.213303],[-82.519836,37.213188],[-82.520194,37.213012],[-82.520405,37.212864],[-82.52064,37.212468],[-82.520908,37.212173],[-82.521287,37.212091],[-82.521677,37.212127],[-82.521936,37.212224],[-82.522653,37.212623],[-82.523036,37.212969],[-82.523302,37.213378],[-82.523437,37.213827],[-82.523432,37.214288],[-82.523523,37.214444],[-82.523836,37.214603],[-82.524264,37.214706],[-82.524527,37.21492],[-82.52481,37.214995],[-82.525142,37.214942],[-82.525391,37.214758],[-82.526299,37.214596],[-82.528683,37.213882],[-82.529005,37.213751],[-82.529217,37.21359],[-82.529467,37.213467],[-82.530148,37.213326],[-82.530508,37.213199],[-82.531862,37.212433],[-82.532018,37.212303],[-82.532123,37.212124],[-82.532149,37.211943],[-82.532071,37.211666],[-82.532075,37.21152],[-82.532343,37.211028],[-82.532329,37.210845],[-82.532175,37.210513],[-82.532216,37.21014],[-82.532184,37.209832],[-82.532138,37.209682],[-82.531602,37.209095],[-82.530981,37.208498],[-82.530945,37.208393],[-82.531117,37.208192],[-82.531629,37.207905],[-82.532057,37.207585],[-82.532412,37.207212],[-82.532708,37.206798],[-82.532988,37.206626],[-82.533359,37.206567],[-82.533885,37.206548],[-82.534759,37.206612],[-82.535273,37.206708],[-82.535528,37.206826],[-82.535856,37.206898],[-82.536142,37.206917],[-82.536611,37.206869],[-82.536766,37.206885],[-82.536925,37.206961],[-82.537088,37.207152],[-82.537198,37.207181],[-82.537347,37.207124],[-82.537778,37.206577],[-82.537992,37.2065],[-82.538203,37.206485],[-82.538815,37.206633],[-82.53939,37.206945],[-82.539694,37.206966],[-82.540734,37.2067],[-82.541349,37.206618],[-82.541535,37.206543],[-82.54165,37.20644],[-82.541972,37.205943],[-82.542359,37.205617],[-82.542764,37.205448],[-82.543302,37.205408],[-82.543459,37.205342],[-82.543536,37.205242],[-82.543649,37.204862],[-82.54399,37.204477],[-82.544527,37.204115],[-82.545375,37.203425],[-82.545938,37.203089],[-82.546123,37.20307],[-82.546335,37.203119],[-82.546798,37.203485],[-82.547043,37.203606],[-82.547223,37.203647],[-82.547709,37.203523],[-82.548457,37.203159],[-82.549003,37.202823],[-82.54917,37.202813],[-82.549257,37.202873],[-82.549764,37.203677],[-82.549809,37.203906],[-82.549772,37.204244],[-82.54983,37.204404],[-82.550053,37.204588],[-82.550297,37.204617],[-82.55062,37.20456],[-82.550949,37.204432],[-82.551855,37.203846],[-82.552898,37.203298],[-82.553307,37.203154],[-82.5538,37.203056],[-82.553902,37.202942],[-82.5538303,37.2027697],[-82.5579562,37.1997712],[-82.558178,37.199606],[-82.565379,37.196099],[-82.565615,37.195939],[-82.565983,37.195489],[-82.56643,37.195434],[-82.566809,37.195284],[-82.5681,37.194321],[-82.568684,37.194176],[-82.568994,37.193954],[-82.569311,37.193849],[-82.56978,37.193565],[-82.57021,37.193058],[-82.57051,37.192788],[-82.571585,37.192398],[-82.572995,37.191746],[-82.573566,37.191322],[-82.574032,37.191114],[-82.574694,37.19054],[-82.575059,37.190425],[-82.575574,37.19018],[-82.57653,37.190007],[-82.577512,37.189516],[-82.578062,37.189024],[-82.579234,37.188453],[-82.581232,37.187782],[-82.581968,37.187312],[-82.582721,37.187095],[-82.583495,37.186705],[-82.58502,37.186183],[-82.585754,37.186127],[-82.586465,37.185798],[-82.587112,37.185277],[-82.587855,37.184766],[-82.589554,37.184355],[-82.590062,37.183948],[-82.59185,37.183256],[-82.592031,37.183112],[-82.592256,37.183039],[-82.592522,37.182828],[-82.592571,37.182699],[-82.592544,37.182478],[-82.592591,37.182378],[-82.592765,37.182281],[-82.593121,37.182289],[-82.593221,37.182217],[-82.593281,37.182077],[-82.593288,37.181951],[-82.593149,37.181662],[-82.593189,37.181241],[-82.593153,37.181032],[-82.592981,37.180682],[-82.592972,37.180557],[-82.593019,37.180464],[-82.593344,37.180173],[-82.593965,37.179745],[-82.594206,37.179453],[-82.594863,37.178878],[-82.595024,37.178652],[-82.595277,37.178443],[-82.595499,37.178338],[-82.596527,37.178073],[-82.596875,37.17784],[-82.597105,37.177596],[-82.597462,37.177045],[-82.597983,37.17681],[-82.599031,37.176689],[-82.599892,37.176547],[-82.600423,37.176322],[-82.601632,37.175639],[-82.602127,37.175419],[-82.602504,37.175397],[-82.602989,37.175494],[-82.603146,37.175475],[-82.603509,37.175059],[-82.604075,37.174556],[-82.604684,37.174201],[-82.605585,37.17405],[-82.606234,37.174112],[-82.606513,37.173989],[-82.60669,37.173661],[-82.606744,37.173258],[-82.607045,37.173005],[-82.607411,37.172929],[-82.607988,37.173004],[-82.608281,37.172939],[-82.608719,37.172473],[-82.609869,37.171883],[-82.610229,37.171515],[-82.611212,37.171007],[-82.611706,37.170138],[-82.612576,37.169727],[-82.613507,37.169678],[-82.614328,37.169542],[-82.614874,37.16918],[-82.615407,37.168951],[-82.616079,37.168825],[-82.616476,37.168685],[-82.617649,37.167994],[-82.61799,37.167761],[-82.618595,37.16725],[-82.619495,37.166749],[-82.619783,37.166647],[-82.620646,37.166438],[-82.620809,37.166278],[-82.621068,37.166123],[-82.621476,37.165728],[-82.622252,37.165239],[-82.622504,37.16492],[-82.622919,37.16469],[-82.623609,37.164438],[-82.623883,37.164016],[-82.62478,37.163121],[-82.62572,37.161992],[-82.626481,37.161255],[-82.627298,37.160796],[-82.627547,37.160567],[-82.628861,37.158989],[-82.630397,37.157348],[-82.630972,37.156844],[-82.632191,37.155948],[-82.6328996,37.1549179],[-82.63298,37.154801],[-82.633381,37.154418],[-82.633918,37.154179],[-82.635633,37.154174],[-82.637295,37.154045],[-82.639377,37.153637],[-82.640013,37.153645],[-82.640598,37.153263],[-82.641034,37.153097],[-82.641731,37.153008],[-82.642783,37.153003],[-82.64439,37.152385],[-82.644675,37.152181],[-82.644697,37.151684],[-82.644597,37.151458],[-82.644793,37.151121],[-82.644993,37.150959],[-82.645326,37.150792],[-82.645708,37.15078],[-82.646202,37.150862],[-82.646399,37.150802],[-82.646649,37.150486],[-82.647189,37.15016],[-82.647606,37.150136],[-82.648593,37.150332],[-82.648876,37.150516],[-82.649028,37.150821],[-82.649359,37.151151],[-82.64964,37.15136],[-82.649684,37.151627],[-82.649839,37.151865],[-82.650238,37.151943],[-82.651671,37.151783],[-82.65269,37.151303],[-82.653304,37.151188],[-82.653849,37.150749],[-82.654651,37.150494],[-82.65477,37.15031],[-82.655081,37.148609],[-82.655383,37.1474],[-82.655725,37.14691],[-82.656277,37.146627],[-82.656381,37.146473],[-82.656334,37.146284],[-82.655973,37.145674],[-82.656013,37.145421],[-82.656104,37.145258],[-82.656503,37.14498],[-82.656723,37.14472],[-82.657013,37.144728],[-82.657509,37.145053],[-82.657761,37.145017],[-82.658174,37.144739],[-82.658827,37.14468],[-82.660235,37.144189],[-82.660834,37.144085],[-82.661302,37.144143],[-82.661698,37.144297],[-82.66199,37.144251],[-82.662251,37.143991],[-82.66245,37.143854],[-82.663395,37.143792],[-82.663758,37.143401],[-82.663956,37.143008],[-82.663959,37.14261],[-82.664036,37.142446],[-82.665662,37.142614],[-82.666182,37.142441],[-82.667187,37.141948],[-82.66766,37.141894],[-82.668332,37.141405],[-82.669159,37.140573],[-82.67015,37.139438],[-82.670733,37.139122],[-82.671092,37.138821],[-82.67124,37.138604],[-82.671529,37.138345],[-82.672137,37.13804],[-82.672718,37.138045],[-82.673391,37.138165],[-82.6736,37.13815],[-82.67369,37.137998],[-82.67335,37.137544],[-82.673264,37.137309],[-82.673317,37.137],[-82.673603,37.136819],[-82.674123,37.136645],[-82.674324,37.136186],[-82.674457,37.136033],[-82.674578,37.13597],[-82.67502,37.13584],[-82.675793,37.135767],[-82.675961,37.135698],[-82.676303,37.135481],[-82.676695,37.134917],[-82.676828,37.134888],[-82.678091,37.134979],[-82.678695,37.135066],[-82.678853,37.135131],[-82.679156,37.135322],[-82.679363,37.135514],[-82.679612,37.135881],[-82.680173,37.136566],[-82.680607,37.137009],[-82.680696,37.13702],[-82.680888,37.136936],[-82.681142,37.136907],[-82.681904,37.137163],[-82.68211,37.137164],[-82.682892,37.136951],[-82.683108,37.136752],[-82.683062,37.136539],[-82.683104,37.136392],[-82.683211,37.136344],[-82.683588,37.13636],[-82.683702,37.136247],[-82.683786,37.135905],[-82.683938,37.135755],[-82.684215,37.135745],[-82.684532,37.135799],[-82.685034,37.135741],[-82.685166,37.135617],[-82.685325,37.135306],[-82.686494,37.13454],[-82.68716,37.134503],[-82.687342,37.134438],[-82.687487,37.134304],[-82.687857,37.133659],[-82.687993,37.13364],[-82.688538,37.13377],[-82.688722,37.133781],[-82.688994,37.133658],[-82.689449,37.133652],[-82.690507,37.133472],[-82.69097,37.133318],[-82.691379,37.133245],[-82.691915,37.133078],[-82.692635,37.132967],[-82.693829,37.13242],[-82.695003,37.132012],[-82.695296,37.131818],[-82.695517,37.1314],[-82.695786,37.131188],[-82.696672,37.130645],[-82.697055,37.130461],[-82.698002,37.130376],[-82.698217,37.130292],[-82.698838,37.129749],[-82.699229,37.129511],[-82.700023,37.129263],[-82.700713,37.128788],[-82.701369,37.128483],[-82.701927,37.1283],[-82.703658,37.128075],[-82.704344,37.128037],[-82.704672,37.127914],[-82.704853,37.127754],[-82.705325,37.126918],[-82.705634,37.126611],[-82.705949,37.126426],[-82.70657,37.126339],[-82.707422,37.125642],[-82.707901,37.125311],[-82.708331,37.125144],[-82.708528,37.125106],[-82.710067,37.125112],[-82.710879,37.124639],[-82.711333,37.124316],[-82.71223,37.124083],[-82.712776,37.123821],[-82.713564,37.123189],[-82.714275,37.122476],[-82.715149,37.121848],[-82.715363,37.121764],[-82.715491,37.121778],[-82.715884,37.121999],[-82.716292,37.122133],[-82.716981,37.122279],[-82.71808,37.12238],[-82.718211,37.122351],[-82.71888,37.121592],[-82.719166,37.121447],[-82.720114,37.121293],[-82.721034,37.121038],[-82.721413,37.12083],[-82.7219,37.120325],[-82.722361,37.119749],[-82.722474,37.119494],[-82.722628,37.11929],[-82.722823,37.119151],[-82.723066,37.119087],[-82.723218,37.118972],[-82.724117,37.117664],[-82.724347,37.117407],[-82.7251,37.116806],[-82.725985,37.115971],[-82.726172,37.115677],[-82.726273,37.115377],[-82.726234,37.115149],[-82.726321,37.115037],[-82.726599,37.114903],[-82.726688,37.114794],[-82.726482,37.114318],[-82.726557,37.11319],[-82.726502,37.112571],[-82.726253,37.111902],[-82.72601,37.111528],[-82.724867,37.110397],[-82.724319,37.109756],[-82.724119,37.109269],[-82.724076,37.109013],[-82.72323,37.107028],[-82.72295,37.10675],[-82.722562,37.106483],[-82.72239,37.10629],[-82.722135,37.105848],[-82.722026,37.10557],[-82.722012,37.105286],[-82.722094,37.10509],[-82.722371,37.104772],[-82.722661,37.104544],[-82.723173,37.103891],[-82.723403,37.103505],[-82.723433,37.103331],[-82.723366,37.103195],[-82.722711,37.102717],[-82.722001,37.101916],[-82.721775,37.101444],[-82.721679,37.101015],[-82.721689,37.100511],[-82.721913,37.09974],[-82.72189,37.09839],[-82.722019,37.097841],[-82.722275,37.097276],[-82.722452,37.096706],[-82.72249,37.096423],[-82.722389,37.096168],[-82.722153,37.095889],[-82.721927,37.095313],[-82.722056,37.094805],[-82.722376,37.09428],[-82.723037,37.093669],[-82.72376,37.093263],[-82.724357,37.092865],[-82.724685,37.092569],[-82.724914,37.092255],[-82.725017,37.091822],[-82.724953,37.091626],[-82.724819,37.091429],[-82.72375,37.090787],[-82.72326,37.090368],[-82.722762,37.089817],[-82.722728,37.089696],[-82.723138,37.089263],[-82.723394,37.088919],[-82.723498,37.088585],[-82.723525,37.088268],[-82.723466,37.088063],[-82.723285,37.087785],[-82.723139,37.087174],[-82.72296,37.085144],[-82.722844,37.084801],[-82.722554,37.084634],[-82.721896,37.084494],[-82.721796,37.084285],[-82.721673,37.084197],[-82.721194,37.084072],[-82.720899,37.083915],[-82.720741,37.08374],[-82.720654,37.083494],[-82.72074,37.082835],[-82.720902,37.082348],[-82.720841,37.082095],[-82.720551,37.081842],[-82.719953,37.081517],[-82.718471,37.080945],[-82.718156,37.080726],[-82.717828,37.080352],[-82.717645,37.079951],[-82.717456,37.079705],[-82.717305,37.079587],[-82.717181,37.079392],[-82.717052,37.078767],[-82.717053,37.078414],[-82.716991,37.078081],[-82.716655,37.077406],[-82.716685,37.077248],[-82.7168,37.077157],[-82.717381,37.076906],[-82.717567,37.076732],[-82.71783,37.076294],[-82.71786,37.076176],[-82.718078,37.075918],[-82.718372,37.075894],[-82.719714,37.076047],[-82.720219,37.075898],[-82.721313,37.075307],[-82.721765,37.075274],[-82.722771,37.075626],[-82.72316,37.075673],[-82.723596,37.075576],[-82.724016,37.075292],[-82.724458,37.074711],[-82.725232,37.074104],[-82.726012,37.073644],[-82.726486,37.073411],[-82.726669,37.073255],[-82.726737,37.073039],[-82.726683,37.072184],[-82.72629,37.071589],[-82.726129,37.071245],[-82.726213,37.070699],[-82.726157,37.070444],[-82.725668,37.069803],[-82.72561,37.069637],[-82.725663,37.068965],[-82.726083,37.066877],[-82.726035,37.066677],[-82.72587,37.066624],[-82.725781,37.066548],[-82.725721,37.066384],[-82.72563,37.066002],[-82.725624,37.065255],[-82.725548,37.065061],[-82.725223,37.064878],[-82.72507,37.064624],[-82.725017,37.064404],[-82.724734,37.063939],[-82.724239,37.063479],[-82.724076,37.063185],[-82.72405,37.062894],[-82.72392,37.062491],[-82.723717,37.062249],[-82.723443,37.06216],[-82.723016,37.062089],[-82.722888,37.062026],[-82.722829,37.061929],[-82.722952,37.061209],[-82.722749,37.06035],[-82.722892,37.059803],[-82.723075,37.059323],[-82.723079,37.059141],[-82.722924,37.058777],[-82.722759,37.058537],[-82.722332,37.058153],[-82.7222,37.057936],[-82.722375,37.057303],[-82.723156,37.055336],[-82.723102,37.054749],[-82.723229,37.05403],[-82.723079,37.053637],[-82.723075,37.053295],[-82.722858,37.052312],[-82.722881,37.051237],[-82.722948,37.050608],[-82.722807,37.049857],[-82.722783,37.049382],[-82.722835,37.048312],[-82.723071,37.047352],[-82.722953,37.04642],[-82.722837,37.046102],[-82.722366,37.045192],[-82.722368,37.045068],[-82.722433,37.044949],[-82.723373,37.044492],[-82.723629,37.044276],[-82.724206,37.042848],[-82.724685,37.042629],[-82.72502,37.042419],[-82.725824,37.042252],[-82.726371,37.042199],[-82.727065,37.042224],[-82.727331,37.042288],[-82.727855,37.042642],[-82.728208,37.042763],[-82.728547,37.042771],[-82.72896,37.042693],[-82.729569,37.042647],[-82.729849,37.042676],[-82.73012,37.042843],[-82.730368,37.043111],[-82.731132,37.043487],[-82.731383,37.043521],[-82.731938,37.043271],[-82.732294,37.04332],[-82.732556,37.043417],[-82.732891,37.043659],[-82.733304,37.044367],[-82.733506,37.044521],[-82.734177,37.044491],[-82.735437,37.044023],[-82.735946,37.043893],[-82.736885,37.043979],[-82.737623,37.043924],[-82.7391,37.043533],[-82.739445,37.043499],[-82.740064,37.043065],[-82.740527,37.042878],[-82.740909,37.042804],[-82.741697,37.042863],[-82.742003,37.042928],[-82.742513,37.042926],[-82.742759,37.042796],[-82.743236,37.041758],[-82.743467,37.041415],[-82.743724,37.040736],[-82.743848,37.038679],[-82.743647,37.037718],[-82.743737,37.036964],[-82.743895,37.036396],[-82.744518,37.035317],[-82.744651,37.034693],[-82.745064,37.034314],[-82.745418,37.034104],[-82.74562,37.033904],[-82.745771,37.03368],[-82.745793,37.033383],[-82.745621,37.03306],[-82.745288,37.031811],[-82.745296,37.031399],[-82.745422,37.030935],[-82.745402,37.030577],[-82.745472,37.030203],[-82.745928,37.029263],[-82.746792,37.028109],[-82.747273,37.027599],[-82.74767,37.026978],[-82.747881,37.026412],[-82.74799,37.025762],[-82.747982,37.025102],[-82.747908,37.024753],[-82.747813,37.024538],[-82.747862,37.024425],[-82.748342,37.024162],[-82.748744,37.024053],[-82.749176,37.023875],[-82.749883,37.023448],[-82.74994,37.023454],[-82.750049,37.023245],[-82.750121,37.023195],[-82.750352,37.023201],[-82.75058,37.023991],[-82.750715,37.02421],[-82.751289,37.024678],[-82.751584,37.025513],[-82.752352,37.026072],[-82.752581,37.026177],[-82.753752,37.026496],[-82.754198,37.026793],[-82.75461,37.026934],[-82.755216,37.02699],[-82.755817,37.027131],[-82.757053,37.02717],[-82.757545,37.027294],[-82.758343,37.027424],[-82.758976,37.027453],[-82.759479,37.027255],[-82.759873,37.02701],[-82.760058,37.0268],[-82.760355,37.026606],[-82.7608,37.026442],[-82.761179,37.02637],[-82.761779,37.025763],[-82.762278,37.024842],[-82.762681,37.024505],[-82.76389,37.02456],[-82.764409,37.024484],[-82.764819,37.024333],[-82.765205,37.023931],[-82.765314,37.023658],[-82.765606,37.023459],[-82.765983,37.023335],[-82.766409,37.023084],[-82.766536,37.022776],[-82.766772,37.021629],[-82.766945,37.021128],[-82.768708,37.019969],[-82.768998,37.019832],[-82.769255,37.019623],[-82.769404,37.018881],[-82.769908,37.017919],[-82.770201,37.017538],[-82.770456,37.017385],[-82.770735,37.017291],[-82.771099,37.017099],[-82.771415,37.016705],[-82.77169,37.016247],[-82.771853,37.015707],[-82.772166,37.015621],[-82.772895,37.01556],[-82.774326,37.01546],[-82.77486,37.01547],[-82.775392,37.015568],[-82.775869,37.015733],[-82.776203,37.015899],[-82.776924,37.01603],[-82.777165,37.016023],[-82.777324,37.015887],[-82.777458,37.014901],[-82.777643,37.01459],[-82.778284,37.014018],[-82.778402,37.013815],[-82.778287,37.013338],[-82.778288,37.01301],[-82.778344,37.012782],[-82.778545,37.012577],[-82.779007,37.012222],[-82.779546,37.011527],[-82.780441,37.010582],[-82.78091,37.010276],[-82.781467,37.009832],[-82.781599,37.009621],[-82.781479,37.009028],[-82.781689,37.008608],[-82.782268,37.008052],[-82.782863,37.007821],[-82.783483,37.007947],[-82.783889,37.008128],[-82.784329,37.008184],[-82.784797,37.008047],[-82.785102,37.008077],[-82.785547,37.008304],[-82.786213,37.008546],[-82.787063,37.008734],[-82.787885,37.00875],[-82.788498,37.008672],[-82.789036,37.008457],[-82.789973,37.007604],[-82.790321,37.007355],[-82.790569,37.006904],[-82.790893,37.006542],[-82.791368,37.006286],[-82.791961,37.00614],[-82.792589,37.006039],[-82.793061,37.005846],[-82.793247,37.005596],[-82.793435,37.005476],[-82.793665,37.005471],[-82.794697,37.005922],[-82.795377,37.006451],[-82.796109,37.007654],[-82.796256,37.008086],[-82.796598,37.008636],[-82.79692,37.009026],[-82.797263,37.009306],[-82.797625,37.009512],[-82.797885,37.009562],[-82.798184,37.009331],[-82.798936,37.008469],[-82.799461,37.008221],[-82.79991,37.008102],[-82.801532,37.007862],[-82.802633,37.007784],[-82.802982,37.007688],[-82.803945,37.007254],[-82.804986,37.007228],[-82.805757,37.007116],[-82.806768,37.007152],[-82.807111,37.007002],[-82.808104,37.006733],[-82.808405,37.006767],[-82.808839,37.007008],[-82.809091,37.00708],[-82.80941,37.007122],[-82.810241,37.007032],[-82.810693,37.006941],[-82.811012,37.006827],[-82.81134,37.006652],[-82.812066,37.006123],[-82.812461,37.005883],[-82.812965,37.005789],[-82.813455,37.005629],[-82.813633,37.005611],[-82.813804,37.005641],[-82.814683,37.006045],[-82.8149,37.006207],[-82.815207,37.006562],[-82.815592,37.006821],[-82.815865,37.007356],[-82.816112,37.007448],[-82.8165,37.00749],[-82.816862,37.007427],[-82.817087,37.007246],[-82.817097,37.007057],[-82.816898,37.006669],[-82.816929,37.006276],[-82.817173,37.006013],[-82.817421,37.005888],[-82.817698,37.005842],[-82.817865,37.005913],[-82.818016,37.006225],[-82.818235,37.006358],[-82.818615,37.006446],[-82.819191,37.006441],[-82.819966,37.006172],[-82.820641,37.005684],[-82.821052,37.005035],[-82.821718,37.00468],[-82.822253,37.004158],[-82.822525,37.004106],[-82.822806,37.004153],[-82.823249,37.004346],[-82.823528,37.004568],[-82.824319,37.005846],[-82.824657,37.006177],[-82.825138,37.006419],[-82.825538,37.006483],[-82.825984,37.006463],[-82.826856,37.00612],[-82.827542,37.005961],[-82.828333,37.005944],[-82.82872,37.005798],[-82.828846,37.005487],[-82.828925,37.004908],[-82.829369,37.004331],[-82.830086,37.003693],[-82.830289,37.002968],[-82.830354,37.001867],[-82.830586,37.001219],[-82.830569,37.000928],[-82.830343,37.000436],[-82.830155,37.000146],[-82.829522,36.99957],[-82.829305,36.999276],[-82.829111,36.998652],[-82.828989,36.997869],[-82.829145,36.997414],[-82.829409,36.997061],[-82.829516,36.996475],[-82.830005,36.995877],[-82.830126,36.995623],[-82.830066,36.994625],[-82.830179,36.994357],[-82.830478,36.993901],[-82.830842,36.993556],[-82.831915,36.993011],[-82.832258,36.992755],[-82.832525,36.992185],[-82.832696,36.992044],[-82.832881,36.992013],[-82.833034,36.99205],[-82.833645,36.992058],[-82.83438,36.991922],[-82.834878,36.991648],[-82.83506,36.991477],[-82.835528,36.99084],[-82.835692,36.990123],[-82.835821,36.989166],[-82.836029,36.988804],[-82.836238,36.988584],[-82.836613,36.987976],[-82.837275,36.98728],[-82.837683,36.987049],[-82.837911,36.987014],[-82.838841,36.98709],[-82.839874,36.987266],[-82.840518,36.987126],[-82.841004,36.987098],[-82.841257,36.986923],[-82.842008,36.986248],[-82.843124,36.985634],[-82.843392,36.985403],[-82.843652,36.985103],[-82.844026,36.984502],[-82.844446,36.984091],[-82.844952,36.983825],[-82.845242,36.983765],[-82.845521,36.983772],[-82.846167,36.984072],[-82.846706,36.984195],[-82.846974,36.984184],[-82.84761,36.984038],[-82.848341,36.983768],[-82.849081,36.983564],[-82.84961,36.983549],[-82.849802,36.983583],[-82.850701,36.984249],[-82.851011,36.984424],[-82.85165,36.984658],[-82.852697,36.985114],[-82.853423,36.985312],[-82.853577,36.985298],[-82.853759,36.985152],[-82.854947,36.983549],[-82.855355,36.983182],[-82.855576,36.983088],[-82.855851,36.982886],[-82.856502,36.982042],[-82.85652,36.981698],[-82.856389,36.981288],[-82.856381,36.981006],[-82.856531,36.980572],[-82.857053,36.979865],[-82.857018,36.979675],[-82.856804,36.979319],[-82.856806,36.979089],[-82.856981,36.978848],[-82.857676,36.978635],[-82.857893,36.97844],[-82.858127,36.97832],[-82.85846,36.97837],[-82.859187,36.978625],[-82.859508,36.978652],[-82.859812,36.978573],[-82.860105,36.978392],[-82.860414,36.978377],[-82.860682,36.978524],[-82.861253,36.97917],[-82.861922,36.980038],[-82.862308,36.980249],[-82.862586,36.980268],[-82.862861,36.98019],[-82.86476,36.979178],[-82.864916,36.979043],[-82.865213,36.978626],[-82.865472,36.978427],[-82.865754,36.978361],[-82.866133,36.978345],[-82.866381,36.97822],[-82.867082,36.978247],[-82.867307,36.978179],[-82.867467,36.978049],[-82.867623,36.977636],[-82.868108,36.976999],[-82.868716,36.976325],[-82.868799,36.976127],[-82.868776,36.975654],[-82.868693,36.975245],[-82.868735,36.974951],[-82.869192,36.974186],[-82.869607,36.973343],[-82.869636,36.972841],[-82.869491,36.97248],[-82.86879,36.971913],[-82.868641,36.97164],[-82.868629,36.971297],[-82.868846,36.970735],[-82.868879,36.970065],[-82.868967,36.969654],[-82.869169,36.969404],[-82.869612,36.96919],[-82.870613,36.968887],[-82.870954,36.968546],[-82.870989,36.96829],[-82.870684,36.967359],[-82.870557,36.967083],[-82.870376,36.966883],[-82.870206,36.966492],[-82.870277,36.965392],[-82.870108,36.964978],[-82.869927,36.964845],[-82.869544,36.964728],[-82.868791,36.964558],[-82.868271,36.964542],[-82.867709,36.964414],[-82.867438,36.964162],[-82.867201,36.963768],[-82.867227,36.96347],[-82.867412,36.963186],[-82.867367,36.962669],[-82.866824,36.961302],[-82.865621,36.960516],[-82.86558,36.960203],[-82.865827,36.959759],[-82.865978,36.958992],[-82.866144,36.958556],[-82.86594,36.958336],[-82.864956,36.957922],[-82.864498,36.957997],[-82.863688,36.958056],[-82.863195,36.958042],[-82.8628,36.957892],[-82.862522,36.957521],[-82.862405,36.957453],[-82.861647,36.9574],[-82.861357,36.957329],[-82.861178,36.95712],[-82.861083,36.956527],[-82.860782,36.95639],[-82.860354,36.956069],[-82.859125,36.955445],[-82.858884,36.955117],[-82.858667,36.954285],[-82.858424,36.953999],[-82.858165,36.953853],[-82.856753,36.953751],[-82.856446,36.954162],[-82.85613,36.954155],[-82.855877,36.95409],[-82.855768,36.953948],[-82.855735,36.953818],[-82.855877,36.953601],[-82.855912,36.953012],[-82.85633,36.952342],[-82.856571,36.952186],[-82.856791,36.952196],[-82.858276,36.950875],[-82.858878,36.950173],[-82.859349,36.94978],[-82.859882,36.949172],[-82.860238,36.948477],[-82.86016,36.94779],[-82.860406,36.94711],[-82.860707,36.94603],[-82.861001,36.945396],[-82.861668,36.944469],[-82.861778,36.944054],[-82.86177,36.943635],[-82.861584,36.942955],[-82.861684,36.94263],[-82.861791,36.941989],[-82.8623,36.941338],[-82.862231,36.941059],[-82.861912,36.940394],[-82.861687,36.939527],[-82.861355,36.939175],[-82.861032,36.938619],[-82.860554,36.938242],[-82.860538,36.937758],[-82.860345,36.937185],[-82.860432,36.937005],[-82.860351,36.936401],[-82.860348,36.935678],[-82.86007,36.934653],[-82.860113,36.933925],[-82.859974,36.933769],[-82.859576,36.933686],[-82.859114,36.933484],[-82.858637,36.933198],[-82.858186,36.932468],[-82.858288,36.931456],[-82.858241,36.930684],[-82.858015,36.929713],[-82.857644,36.92885],[-82.857665,36.928669],[-82.857807,36.928489],[-82.858689,36.927817],[-82.858988,36.927384],[-82.859474,36.926272],[-82.859725,36.926011],[-82.859916,36.925452],[-82.860056,36.925286],[-82.860807,36.924898],[-82.861385,36.924774],[-82.861779,36.924335],[-82.862196,36.924197],[-82.862798,36.923868],[-82.86319,36.923449],[-82.863519,36.922911],[-82.863493,36.922246],[-82.863549,36.92205],[-82.863753,36.921938],[-82.864458,36.921989],[-82.864661,36.921909],[-82.864883,36.921701],[-82.86545,36.920621],[-82.866065,36.919942],[-82.866594,36.919429],[-82.867128,36.91909],[-82.867278,36.918865],[-82.867329,36.918619],[-82.867216,36.918133],[-82.867198,36.917586],[-82.867345,36.917268],[-82.867594,36.917072],[-82.868,36.916922],[-82.869384,36.916702],[-82.869753,36.916496],[-82.870857,36.915449],[-82.870963,36.915272],[-82.870989,36.914519],[-82.871069,36.91422],[-82.871337,36.913885],[-82.871819,36.913501],[-82.872664,36.913406],[-82.873157,36.913097],[-82.873777,36.912299],[-82.874263,36.911519],[-82.874692,36.911155],[-82.875568,36.91062],[-82.87599,36.910419],[-82.876242,36.910135],[-82.877379,36.908471],[-82.877449,36.908067],[-82.877352,36.907881],[-82.876955,36.907475],[-82.876327,36.907167],[-82.875547,36.906976],[-82.874962,36.906615],[-82.874483,36.906261],[-82.874143,36.905758],[-82.873637,36.904768],[-82.873201,36.90405],[-82.872703,36.903521],[-82.872103,36.903194],[-82.871418,36.902949],[-82.870964,36.902659],[-82.870301,36.901922],[-82.86974,36.901619],[-82.869159,36.901463],[-82.868628,36.901396],[-82.868305,36.901173],[-82.868058,36.900684],[-82.867978,36.900048],[-82.868196,36.899635],[-82.868571,36.899261],[-82.869187,36.898921],[-82.869765,36.898478],[-82.870336,36.897892],[-82.870624,36.897697],[-82.871083,36.897601],[-82.87202,36.897529],[-82.872771,36.8974],[-82.875743,36.896526],[-82.876654,36.8961],[-82.877412,36.89551],[-82.877914,36.894986],[-82.878467,36.894218],[-82.878554,36.893739],[-82.878523,36.893346],[-82.8781968,36.8927311],[-82.8779389,36.8921304],[-82.8778099,36.8916026],[-82.8780678,36.890741],[-82.8783637,36.8899158],[-82.8787506,36.8893576],[-82.8793651,36.8890421],[-82.8800707,36.8889329],[-82.8811024,36.8889632],[-82.8816638,36.8889814],[-82.8827335,36.8888783],[-82.8835452,36.8887205],[-82.8843646,36.8885749],[-82.8848122,36.8883018],[-82.8852522,36.8879802],[-82.8856088,36.8878468],[-82.8863143,36.8875434],[-82.8868302,36.8872703],[-82.8872095,36.8871247],[-82.8876623,36.8870379],[-82.8879302,36.8866271],[-82.8881123,36.8862024],[-82.8883778,36.8859111],[-82.8885826,36.885456],[-82.8887192,36.8852376],[-82.889053,36.8848978],[-82.8895385,36.8845883],[-82.8900468,36.8843092],[-82.8903503,36.8840725],[-82.890593,36.8838905],[-82.8912303,36.8838662],[-82.891731,36.8837813],[-82.8921255,36.8835932],[-82.8927552,36.8834718],[-82.8933166,36.8835203],[-82.8937945,36.883575],[-82.8940525,36.8834839],[-82.8942725,36.883314],[-82.8944925,36.8829864],[-82.8950008,36.8824281],[-82.895228,36.882278],[-82.895947,36.882089],[-82.896458,36.881904],[-82.89706,36.881872],[-82.897621,36.881945],[-82.898182,36.881881],[-82.898743,36.88193],[-82.899205,36.881817],[-82.899907,36.881745],[-82.900709,36.881673],[-82.901311,36.881028],[-82.902084,36.880682],[-82.903618,36.880246],[-82.904922,36.879917],[-82.907559,36.87916],[-82.907942,36.878443],[-82.908002,36.878136],[-82.908113,36.877757],[-82.907425,36.875982],[-82.90748,36.875092],[-82.907664,36.8749],[-82.908114,36.874642],[-82.908784,36.874618],[-82.909384,36.874578],[-82.910035,36.874144],[-82.911135,36.874168],[-82.911411,36.874208],[-82.911788,36.874244],[-82.911798,36.874244],[-82.91187,36.874254],[-82.911881,36.874257],[-82.911921,36.874266],[-82.911931,36.874268],[-82.912017,36.874288],[-82.912235,36.874338],[-82.912373,36.874317],[-82.913196,36.874291],[-82.913996,36.874041],[-82.914516,36.873888],[-82.915246,36.873905],[-82.916277,36.873833],[-82.917348,36.87356],[-82.917578,36.873471],[-82.917768,36.873512],[-82.918318,36.873657],[-82.919249,36.873714],[-82.919929,36.87369],[-82.920459,36.873545],[-82.920789,36.873392],[-82.921439,36.873546],[-82.92213,36.873812],[-82.92281,36.873748],[-82.92335,36.873474],[-82.92388,36.873273],[-82.92416,36.873007],[-82.92444,36.87283],[-82.92485,36.872766],[-82.92514,36.872452],[-82.92529,36.87213],[-82.92578,36.871558],[-82.92612,36.871236],[-82.9263,36.871075],[-82.926571,36.871115],[-82.926981,36.871067],[-82.927261,36.870898],[-82.927681,36.870777],[-82.928271,36.870358],[-82.928591,36.870375],[-82.929051,36.870496],[-82.929741,36.870617],[-82.930332,36.870665],[-82.931032,36.870561],[-82.931862,36.870223],[-82.932052,36.870239],[-82.932602,36.870352],[-82.933212,36.870425],[-82.933762,36.870377],[-82.934583,36.870095],[-82.935113,36.869579],[-82.935303,36.86949],[-82.935933,36.869321],[-82.936583,36.869064],[-82.936753,36.868846],[-82.936723,36.868645],[-82.936683,36.868484],[-82.936663,36.868194],[-82.936813,36.867863],[-82.937133,36.867743],[-82.937373,36.867565],[-82.937743,36.867251],[-82.938563,36.867276],[-82.939793,36.86726],[-82.941093,36.867172],[-82.941774,36.867043],[-82.942174,36.866858],[-82.942403,36.866343],[-82.942603,36.866181],[-82.943184,36.866423],[-82.943904,36.866536],[-82.944714,36.866545],[-82.945664,36.866344],[-82.946344,36.865925],[-82.946524,36.865893],[-82.947464,36.866183],[-82.948655,36.866417],[-82.948975,36.866425],[-82.949315,36.866272],[-82.949426,36.866196],[-82.9495851,36.8661273],[-82.9498734,36.8659634],[-82.9501086,36.8659452],[-82.950761,36.8660484],[-82.9513755,36.8660969],[-82.95177,36.8659998],[-82.9521038,36.8657571],[-82.9527487,36.8652108],[-82.9529915,36.8649073],[-82.9532115,36.8644764],[-82.9535377,36.8642761],[-82.954008,36.864185],[-82.9545543,36.8641365],[-82.9547489,36.8640599],[-82.9552209,36.8637423],[-82.9556922,36.8634385],[-82.9561322,36.863226],[-82.956595,36.8631532],[-82.9572171,36.863226],[-82.9580364,36.863135],[-82.9586964,36.8628801],[-82.9594399,36.8626737],[-82.9599634,36.8625341],[-82.9607372,36.8624734],[-82.9613062,36.8623641],[-82.9618145,36.8621638],[-82.9623228,36.8618179],[-82.9625731,36.8615022],[-82.9629752,36.8613748],[-82.9634456,36.8612291],[-82.9639235,36.8609984],[-82.964189,36.8606949],[-82.9645228,36.8603915],[-82.9650766,36.8602458],[-82.9657746,36.8599908],[-82.9662146,36.8596266],[-82.9665408,36.8593656],[-82.9670036,36.8592746],[-82.9676181,36.8592442],[-82.9681719,36.8590561],[-82.9686195,36.8587526],[-82.9690064,36.8581698],[-82.9691885,36.8579695],[-82.969674,36.8578603],[-82.9702733,36.8576782],[-82.9706451,36.8576235],[-82.9712596,36.8576175],[-82.9716146,36.8576905],[-82.9719044,36.8578481],[-82.9722261,36.8581283],[-82.97261,36.8585644],[-82.9729817,36.8588497],[-82.9732472,36.8590257],[-82.9735659,36.8591471],[-82.9739907,36.8591593],[-82.9745293,36.85922],[-82.9749314,36.8593474],[-82.9753866,36.8595295],[-82.975857,36.8595599],[-82.9765473,36.8594992],[-82.9772832,36.8594688],[-82.9778598,36.8595235],[-82.9782922,36.8596995],[-82.9787095,36.8597602],[-82.9790926,36.8597164],[-82.9798702,36.8594931],[-82.9803633,36.8592746],[-82.980955,36.8591289],[-82.9816302,36.8588922],[-82.9820171,36.8588618],[-82.9825178,36.8589529],[-82.9828213,36.8589225],[-82.9833827,36.8586554],[-82.9837924,36.8585644],[-82.9843993,36.8586737],[-82.9852262,36.8588618],[-82.9859014,36.85888],[-82.9864249,36.8587101],[-82.9866828,36.8586615],[-82.9870545,36.8587101],[-82.9873201,36.858965],[-82.9876614,36.8590803],[-82.9882759,36.8591835],[-82.9888677,36.859135],[-82.9893987,36.8589893],[-82.9899677,36.858789],[-82.9903395,36.8585219],[-82.9910071,36.858273],[-82.991356,36.8581213],[-82.9916747,36.8578663],[-82.9920616,36.8577753],[-82.9925471,36.8578299],[-82.9930175,36.8578724],[-82.9936092,36.8577267],[-82.9940113,36.8574778],[-82.994421,36.8574293],[-82.9953541,36.8573382],[-82.995741,36.8572472],[-82.9962645,36.8570104],[-82.9968486,36.8568283],[-82.9975542,36.8567798],[-82.9984689,36.8566003],[-82.9988283,36.8561153],[-82.9991394,36.8557633],[-82.9997832,36.8552525],[-83.0001533,36.8550465],[-83.0006683,36.8548533],[-83.0009633,36.8546043],[-83.0013067,36.8542352],[-83.0014622,36.8539476],[-83.0019236,36.8534239],[-83.0024922,36.8531964],[-83.0028516,36.8529432],[-83.0031789,36.8525998],[-83.0037153,36.8518658],[-83.003887,36.8514193],[-83.0038923,36.8510029],[-83.0041284,36.850608],[-83.0045092,36.850329],[-83.0050135,36.8499255],[-83.005507,36.8492945],[-83.0059791,36.8486549],[-83.0062097,36.8480882],[-83.0064136,36.8478178],[-83.0066335,36.8477019],[-83.0072612,36.847616],[-83.0077171,36.8474443],[-83.0084038,36.8473542],[-83.0090207,36.8473713],[-83.0101901,36.8476246],[-83.0107856,36.8477748],[-83.011027,36.8477834],[-83.0113864,36.8476976],[-83.0118585,36.8474185],[-83.0121911,36.8471095],[-83.0124486,36.8469592],[-83.0126891,36.8469576],[-83.0130279,36.8471781],[-83.0133766,36.8472855],[-83.0137414,36.8475559],[-83.0146158,36.8481698],[-83.0152542,36.8486033],[-83.0155921,36.8488437],[-83.0161661,36.8489553],[-83.0169761,36.8491829],[-83.0178237,36.8494619],[-83.0187142,36.8496808],[-83.020007,36.8501144],[-83.0207259,36.8501401],[-83.0213589,36.8500843],[-83.0219329,36.8499641],[-83.0222762,36.8500199],[-83.0226121,36.8503208],[-83.0231735,36.8507215],[-83.0237031,36.8511832],[-83.0243798,36.8515653],[-83.0246984,36.8518203],[-83.0251157,36.852403],[-83.0256998,36.8534168],[-83.0259502,36.8539025],[-83.0260109,36.8543031],[-83.0260791,36.8547098],[-83.0261702,36.8550801],[-83.0263523,36.8554443],[-83.0266861,36.8555657],[-83.0275054,36.8555293],[-83.0283854,36.8553775],[-83.0291213,36.8553047],[-83.0301151,36.8553047],[-83.0310027,36.855068],[-83.0321635,36.8546552],[-83.0330586,36.8544284],[-83.0338552,36.854291],[-83.034758,36.8541817],[-83.0357746,36.8541271],[-83.0362222,36.8541878],[-83.0366546,36.8546977],[-83.0371174,36.854898],[-83.037785,36.8549466],[-83.0387485,36.8550376],[-83.0395526,36.8550255],[-83.0401444,36.8549405],[-83.0412824,36.854983],[-83.0422003,36.854643],[-83.0430121,36.8541756],[-83.0433369,36.8537845],[-83.043619,36.8534957],[-83.044279,36.8531194],[-83.0446204,36.8528098],[-83.045068,36.8525669],[-83.0457432,36.8523302],[-83.0464335,36.8520327],[-83.0472984,36.8518628],[-83.0478752,36.8516812],[-83.0483453,36.8517838],[-83.0488991,36.8519599],[-83.0497261,36.8520449],[-83.0509399,36.8520267],[-83.0519868,36.8519599],[-83.0528517,36.8520752],[-83.0537224,36.8522392],[-83.0543447,36.8523809],[-83.0548972,36.8525826],[-83.0553478,36.8527285],[-83.0563831,36.8530033],[-83.0575741,36.8532565],[-83.0583841,36.8533595],[-83.0591941,36.8535527],[-83.0599237,36.8537802],[-83.0604547,36.8538961],[-83.0607873,36.8538618],[-83.0613291,36.8534926],[-83.061989,36.852926],[-83.0625683,36.8524152],[-83.0629331,36.8520589],[-83.0632764,36.8517241],[-83.0640274,36.8516082],[-83.0646765,36.8516082],[-83.0652774,36.8517971],[-83.0661518,36.8518185],[-83.0669081,36.8519945],[-83.0674768,36.8522907],[-83.068158,36.8528831],[-83.0686677,36.8532608],[-83.0692738,36.8534196],[-83.0698478,36.8534196],[-83.070454,36.8534282],[-83.0707812,36.8535441],[-83.0715108,36.8540034],[-83.0719453,36.8543253],[-83.0723262,36.8545099],[-83.0727071,36.8545314],[-83.0730611,36.8542009],[-83.0734956,36.8536815],[-83.0739268,36.8531194],[-83.0744502,36.8524334],[-83.0750496,36.8517171],[-83.0755806,36.8511404],[-83.0759296,36.8506547],[-83.0754289,36.8499809],[-83.0751937,36.8495741],[-83.0751634,36.8491127],[-83.0751558,36.8486574],[-83.0750116,36.847935],[-83.0747992,36.8474129],[-83.0743744,36.8466176],[-83.0742378,36.8460894],[-83.0741999,36.8455309],[-83.0741316,36.8449238],[-83.0741695,36.8441406],[-83.0743432,36.8434734],[-83.0743432,36.8429153],[-83.0747187,36.8423829],[-83.0748751,36.8420642],[-83.0749889,36.8416817],[-83.0750193,36.8409572],[-83.0751937,36.8407346],[-83.0756261,36.8407164],[-83.0766048,36.8409532],[-83.0770676,36.8409835],[-83.0778338,36.8408864],[-83.0785621,36.8407285],[-83.0795483,36.8405039],[-83.0802159,36.8403885],[-83.0809746,36.8401274],[-83.0817408,36.8396174],[-83.0823022,36.8393017],[-83.0832581,36.8390649],[-83.0839563,36.8390128],[-83.0849701,36.8389226],[-83.0855066,36.8388239],[-83.0864561,36.8384933],[-83.0870676,36.8382743],[-83.0877489,36.8380811],[-83.0879957,36.8378364],[-83.0883122,36.8374114],[-83.0886769,36.8368232],[-83.0890632,36.836235],[-83.0895674,36.835591],[-83.0899376,36.8352604],[-83.0906725,36.8346636],[-83.0919171,36.8341698],[-83.0928451,36.833719],[-83.0941916,36.8333755],[-83.0956507,36.8330707],[-83.0967343,36.8327959],[-83.0975712,36.8323021],[-83.0983007,36.8320488],[-83.098923,36.8318856],[-83.0993682,36.8315851],[-83.1003928,36.8304988],[-83.1009722,36.8296701],[-83.1013316,36.8290088],[-83.1017929,36.8284034],[-83.1021953,36.827974],[-83.1020952,36.8272912],[-83.1019511,36.8269268],[-83.1015793,36.8263499],[-83.1006841,36.8256151],[-83.1002441,36.8252204],[-83.099622,36.8248439],[-83.0989923,36.8243702],[-83.0985144,36.8239877],[-83.098393,36.8237022],[-83.0985372,36.823429],[-83.0988861,36.8230646],[-83.0991061,36.8225545],[-83.0991972,36.8220322],[-83.099053,36.8216314],[-83.0990606,36.8212306],[-83.0991592,36.820605],[-83.0992199,36.819852],[-83.0991744,36.8192264],[-83.0989165,36.8184855],[-83.0989165,36.817945],[-83.0990682,36.8171615],[-83.099053,36.816706],[-83.0989089,36.8162991],[-83.0989999,36.8159165],[-83.0991061,36.8155582],[-83.0990455,36.8150662],[-83.098742,36.8144589],[-83.098431,36.8138819],[-83.0983703,36.8135235],[-83.0984841,36.8132867],[-83.0986889,36.8130012],[-83.0992958,36.8125457],[-83.0998041,36.8122541],[-83.1005172,36.8119261],[-83.1010559,36.8117682],[-83.1018524,36.8116893],[-83.1023759,36.8114645],[-83.1026035,36.8111973],[-83.1028159,36.8106628],[-83.1030359,36.8101587],[-83.1032863,36.8098064],[-83.103438,36.8092111],[-83.103438,36.8087313],[-83.1033849,36.8082818],[-83.1034152,36.8076683],[-83.1032939,36.807152],[-83.1034001,36.8067268],[-83.1034228,36.8063563],[-83.1035063,36.8059433],[-83.1036504,36.8052933],[-83.1039311,36.8046494],[-83.1041132,36.8043032],[-83.1043711,36.8039387],[-83.1047884,36.8036168],[-83.1052739,36.8033009],[-83.1055319,36.8028271],[-83.1059188,36.8025234],[-83.1066395,36.8021711],[-83.1073298,36.8020131],[-83.1081188,36.801837],[-83.1085133,36.8016851],[-83.109363,36.8012599],[-83.1099775,36.8009076],[-83.1106072,36.800452],[-83.1109486,36.800209],[-83.1114341,36.7994557],[-83.1118514,36.7990305],[-83.1123369,36.7984048],[-83.1128148,36.7980464],[-83.1133762,36.7973964],[-83.1137707,36.7969529],[-83.1142335,36.7966491],[-83.1145825,36.796236],[-83.114848,36.7956893],[-83.114977,36.7950636],[-83.1151439,36.7947173],[-83.1154625,36.7944074],[-83.1159935,36.7940429],[-83.1162894,36.7936906],[-83.1165853,36.7932532],[-83.1167901,36.7926882],[-83.1170556,36.7921718],[-83.1172984,36.7920077],[-83.1176398,36.7917222],[-83.1179053,36.7913577],[-83.1180722,36.7907866],[-83.1182164,36.7904281],[-83.1184288,36.7901183],[-83.1188081,36.7897659],[-83.1191798,36.789535],[-83.1197716,36.7893224],[-83.1204695,36.7890429],[-83.1207806,36.7888303],[-83.1210158,36.7884718],[-83.1211523,36.7880404],[-83.1214103,36.787925],[-83.1218806,36.7879189],[-83.1221158,36.7879311],[-83.1223206,36.7877853],[-83.1225255,36.7875605],[-83.1227682,36.7870866],[-83.1229427,36.7868618],[-83.1232007,36.7866673],[-83.1234965,36.7865337],[-83.1239441,36.7865276],[-83.1243718,36.7865353],[-83.1249228,36.7863392],[-83.1252186,36.7862967],[-83.1256207,36.7863696],[-83.126,36.7864668],[-83.1261973,36.7864121],[-83.1268194,36.786236],[-83.1271911,36.7861205],[-83.127487,36.7858896],[-83.1277298,36.7858653],[-83.1281015,36.7859261],[-83.1283291,36.7858471],[-83.1286325,36.7856223],[-83.129027,36.7854643],[-83.1292319,36.7855008],[-83.129505,36.785677],[-83.1297857,36.7857803],[-83.1300891,36.7857499],[-83.1305519,36.7855676],[-83.1309085,36.7854765],[-83.131303,36.7854522],[-83.1317582,36.7853064],[-83.1320388,36.7852031],[-83.132403,36.7849783],[-83.1328051,36.7847352],[-83.1331616,36.7845165],[-83.1331616,36.7842674],[-83.1331161,36.783994],[-83.1331161,36.7834957],[-83.1331465,36.7831494],[-83.133063,36.7827666],[-83.1328961,36.7823777],[-83.1326837,36.7820922],[-83.1321982,36.7816121],[-83.1319554,36.7812476],[-83.1316975,36.7806825],[-83.1314775,36.7801235],[-83.1313181,36.7798197],[-83.1311361,36.7794976],[-83.1311285,36.7792242],[-83.1311512,36.7789568],[-83.131083,36.7787259],[-83.1307492,36.7783188],[-83.1304002,36.7778934],[-83.1299829,36.777462],[-83.129505,36.7768361],[-83.1293608,36.7763561],[-83.1291029,36.7760523],[-83.1289512,36.7757424],[-83.1289739,36.7755661],[-83.1291257,36.7754567],[-83.1294822,36.7751529],[-83.1298009,36.7749038],[-83.1299526,36.7745878],[-83.1299602,36.7739254],[-83.1301119,36.7737492],[-83.1303395,36.7736823],[-83.1307947,36.7737249],[-83.1312574,36.773731],[-83.1316595,36.7735608],[-83.1318416,36.7733603],[-83.1319251,36.7728681],[-83.1322513,36.7724913],[-83.1327823,36.7719444],[-83.1329492,36.7716831],[-83.1329189,36.7715068],[-83.1327823,36.7714643],[-83.1324561,36.7714582],[-83.1319326,36.7714947],[-83.1315837,36.7714035],[-83.1311588,36.771203],[-83.1307719,36.771045],[-83.1302788,36.7709781],[-83.1299298,36.7707654],[-83.1296188,36.7703826],[-83.1294822,36.7700666],[-83.129467,36.7696776],[-83.1296415,36.7693556],[-83.1297326,36.7690395],[-83.1299071,36.7686931],[-83.1301195,36.7685108],[-83.1303319,36.7684197],[-83.130605,36.7684258],[-83.1308554,36.7683711],[-83.1310905,36.7681827],[-83.1312499,36.7679457],[-83.1312726,36.7676357],[-83.1312347,36.7672042],[-83.1311512,36.7666512],[-83.1310602,36.7662622],[-83.1311209,36.7660678],[-83.1312043,36.7659888],[-83.1314395,36.7659827],[-83.1318795,36.7659158],[-83.1321223,36.7657943],[-83.1322589,36.7656788],[-83.1323727,36.7653749],[-83.1323727,36.7650589],[-83.1324637,36.7648462],[-83.1325244,36.764439],[-83.1324713,36.7642628],[-83.132312,36.7641534],[-83.1318416,36.7641169],[-83.1314016,36.7640744],[-83.1311057,36.763971],[-83.1305595,36.7635942],[-83.1301802,36.7633268],[-83.1296415,36.7631566],[-83.1293077,36.7628528],[-83.1288829,36.7626704],[-83.1283974,36.7625367],[-83.1277525,36.7624152],[-83.1271153,36.7622085],[-83.1265614,36.7619958],[-83.126258,36.761935],[-83.1258711,36.7618743],[-83.1255524,36.7617466],[-83.1255221,36.7615825],[-83.1256435,36.7613941],[-83.125818,36.7612239],[-83.1262049,36.7610598],[-83.1265918,36.7609444],[-83.1268497,36.760835],[-83.1269408,36.7606344],[-83.1269787,36.7601846],[-83.1271184,36.75992],[-83.1275325,36.7596315],[-83.1278587,36.7595829],[-83.1282684,36.7596498],[-83.1285567,36.7596315],[-83.1285946,36.7595465],[-83.1285567,36.759358],[-83.1284353,36.7590177],[-83.1283518,36.7587077],[-83.1284353,36.7584463],[-83.1286325,36.7582336],[-83.128807,36.7579905],[-83.1288222,36.7577109],[-83.1287312,36.7574131],[-83.1283974,36.7567749],[-83.1282836,36.7564223],[-83.1283291,36.7561671],[-83.1285112,36.7558145],[-83.1286705,36.7556139],[-83.1286781,36.7553769],[-83.128625,36.7548055],[-83.1285567,36.754143],[-83.1286174,36.7537722],[-83.1288146,36.7533467],[-83.1289047,36.7530992],[-83.1289262,36.7528198],[-83.1287974,36.7524588],[-83.1285024,36.7522396],[-83.1280893,36.7518829],[-83.1278587,36.7515089],[-83.1277514,36.7512381],[-83.1277996,36.75089],[-83.1278908,36.7506536],[-83.1281591,36.7504301],[-83.1285614,36.750314],[-83.1291086,36.7502366],[-83.1296826,36.7502581],[-83.1297845,36.7501722],[-83.1297416,36.7499959],[-83.1297094,36.7498197],[-83.1298113,36.7496607],[-83.1300634,36.7495833],[-83.1303531,36.7495704],[-83.1307125,36.7496521],[-83.131088,36.7497552],[-83.1313831,36.7497681],[-83.1317049,36.7498455],[-83.1319678,36.7499873],[-83.1320751,36.7500002],[-83.132354,36.74991],[-83.1327242,36.7497982],[-83.1332231,36.7496951],[-83.1337273,36.7495489],[-83.1342262,36.7494716],[-83.1343228,36.7493813],[-83.1342745,36.7492652],[-83.1340599,36.7490933],[-83.1338936,36.7488053],[-83.1338668,36.7485259],[-83.1338883,36.7483583],[-83.134017,36.7482164],[-83.1340492,36.7481047],[-83.133958,36.7479027],[-83.1339151,36.7476405],[-83.1339687,36.7472751],[-83.1339365,36.7469398],[-83.1337917,36.7466862],[-83.1336039,36.7465487],[-83.1331694,36.7464111],[-83.1329495,36.7462693],[-83.1329334,36.7461489],[-83.132987,36.7459512],[-83.1331265,36.7456804],[-83.1332982,36.7455213],[-83.1336254,36.7453795],[-83.13362,36.7451731],[-83.1337649,36.7448765],[-83.1338614,36.744537],[-83.1339258,36.7441114],[-83.1341833,36.7438664],[-83.1344032,36.7437202],[-83.1345427,36.7435526],[-83.1345964,36.7432044],[-83.1346822,36.7428863],[-83.1351114,36.7425508],[-83.1359321,36.7427788],[-83.1364846,36.7428777],[-83.1369782,36.7430024],[-83.1372839,36.7430067],[-83.1376326,36.7429035],[-83.1379545,36.7427573],[-83.1381905,36.7426327],[-83.1385017,36.7425811],[-83.1389845,36.7425854],[-83.1395263,36.7426026],[-83.1399287,36.7426115],[-83.1402826,36.7425596],[-83.1408835,36.742379],[-83.1412053,36.7422157],[-83.1415165,36.7421168],[-83.1418866,36.7420695],[-83.1421387,36.741846],[-83.1424982,36.7417729],[-83.1429595,36.7417514],[-83.1434477,36.74176],[-83.1438875,36.7417299],[-83.1443435,36.7416483],[-83.1448585,36.7416268],[-83.1455183,36.7416827],[-83.1466824,36.7418589],[-83.1472725,36.7419922],[-83.1481069,36.7421191],[-83.148517,36.7421168],[-83.1488764,36.7419965],[-83.1491393,36.7419406],[-83.1494558,36.741932],[-83.1500673,36.7420223],[-83.1503785,36.7420867],[-83.1507272,36.7421254],[-83.1512582,36.7420996],[-83.1516123,36.7421727],[-83.1518001,36.7422931],[-83.1520415,36.742551],[-83.152197,36.7426413],[-83.152374,36.7426843],[-83.1526691,36.7426241],[-83.1528998,36.7424994],[-83.1531143,36.7422802],[-83.1531626,36.7418976],[-83.1532324,36.7417041],[-83.1534738,36.741558],[-83.153919,36.7415236],[-83.1543885,36.741572],[-83.1549499,36.7415842],[-83.155534,36.7415781],[-83.1561409,36.7416024],[-83.1567782,36.741651],[-83.1571484,36.7413731],[-83.1574541,36.7412356],[-83.1577867,36.7411625],[-83.1581354,36.7411238],[-83.1584251,36.741055],[-83.1585838,36.740958],[-83.1589455,36.7407928],[-83.1593263,36.7407111],[-83.1597501,36.7405779],[-83.1599647,36.7404532],[-83.1601256,36.7403113],[-83.1603348,36.7401308],[-83.1605226,36.7400018],[-83.1607104,36.7399288],[-83.1608445,36.7397955],[-83.1612843,36.7396579],[-83.1615633,36.7395677],[-83.161971,36.7394817],[-83.1622285,36.7394688],[-83.1625396,36.7394301],[-83.1628937,36.739314],[-83.1631941,36.7392925],[-83.1638915,36.7393269],[-83.1643957,36.7393527],[-83.1649643,36.7393656],[-83.1655222,36.7394172],[-83.165981,36.7394404],[-83.1664664,36.739357],[-83.1668687,36.7392968],[-83.1670779,36.7392667],[-83.1671262,36.7393312],[-83.1668151,36.7395591],[-83.1666434,36.7397912],[-83.1666219,36.7399674],[-83.1667936,36.7401179],[-83.1670243,36.7402512],[-83.1672013,36.7404274],[-83.1675607,36.7405134],[-83.1680006,36.7405951],[-83.1682903,36.7405994],[-83.1686443,36.7404833],[-83.1690788,36.7403414],[-83.1694919,36.7401738],[-83.1698513,36.7400018],[-83.1700713,36.7399288],[-83.1705755,36.7399159],[-83.1711012,36.7399459],[-83.1714231,36.7399417],[-83.171702,36.7398342],[-83.1719488,36.7398557],[-83.1722975,36.7400319],[-83.1725496,36.740019],[-83.1727535,36.7398815],[-83.1730753,36.7397568],[-83.1732631,36.7397439],[-83.1734616,36.739529],[-83.1736869,36.7394215],[-83.1741429,36.7394],[-83.1745452,36.7392968],[-83.1749368,36.7391421],[-83.1751299,36.7391507],[-83.1754786,36.7393742],[-83.1756932,36.7394602],[-83.1760687,36.7395677],[-83.1764603,36.7396106],[-83.1767231,36.7395891],[-83.1769055,36.7394774],[-83.1772649,36.7393312],[-83.1776405,36.7392796],[-83.1778979,36.7391851],[-83.1781662,36.7391894],[-83.1784505,36.7393183],[-83.1786329,36.739357],[-83.1789386,36.7393355],[-83.1792391,36.7393742],[-83.1794161,36.7394301],[-83.1797487,36.739443],[-83.179974,36.7393269],[-83.1802046,36.7392882],[-83.1804407,36.7393011],[-83.1807733,36.7393527],[-83.1811112,36.7393441],[-83.181476,36.739271],[-83.1817818,36.739228],[-83.1821305,36.7392366],[-83.182447,36.7393097],[-83.1829566,36.7394301],[-83.1833321,36.7395462],[-83.1836111,36.7396235],[-83.1839276,36.7396364],[-83.1843245,36.7395634],[-83.1845284,36.7394344],[-83.1848127,36.739357],[-83.1851667,36.7393355],[-83.1854993,36.7393699],[-83.1858051,36.7393871],[-83.1861806,36.7393785],[-83.1865615,36.7393527],[-83.1869638,36.7392624],[-83.1873983,36.7392409],[-83.1878919,36.7393054],[-83.1885034,36.7393441],[-83.1891364,36.7393699],[-83.1896568,36.7394129],[-83.190102,36.7394215],[-83.1905687,36.7393742],[-83.1910841,36.7392253],[-83.1912822,36.7391464],[-83.1916523,36.7391894],[-83.1919742,36.7393312],[-83.1922424,36.7393828],[-83.1926984,36.7393226],[-83.1929579,36.7392557],[-83.193267,36.7392194],[-83.1935781,36.7393011],[-83.1938893,36.7394344],[-83.1942058,36.7394817],[-83.1946027,36.7394301],[-83.1949836,36.7393269],[-83.1952787,36.7391851],[-83.1954825,36.7389056],[-83.195727,36.7386843],[-83.1959921,36.7385789],[-83.1963247,36.7385101],[-83.1967002,36.7385101],[-83.197006,36.7384714],[-83.1974673,36.7382823],[-83.1979801,36.7381371],[-83.1988406,36.7378266],[-83.1992483,36.7376245],[-83.1997419,36.7374139],[-83.2001978,36.7371947],[-83.2004875,36.7371173],[-83.201142,36.7369926],[-83.2019305,36.7368851],[-83.2025045,36.7368894],[-83.2030356,36.7369023],[-83.2034165,36.7367089],[-83.2037169,36.7365025],[-83.2040602,36.736352],[-83.204661,36.7362489],[-83.2049369,36.7361126],[-83.205294,36.7358792],[-83.2057929,36.7357588],[-83.2061128,36.7356627],[-83.206442,36.7356943],[-83.2068229,36.7357115],[-83.2070497,36.7356019],[-83.2072242,36.7354438],[-83.2074556,36.7352827],[-83.2078007,36.7350881],[-83.2082901,36.7349635],[-83.2086694,36.7349148],[-83.2091246,36.7348236],[-83.2095532,36.7346868],[-83.2101032,36.7344315],[-83.2103915,36.7343068],[-83.2108695,36.7342795],[-83.2112033,36.7342825],[-83.2115484,36.7343281],[-83.2116774,36.7343312],[-83.2117874,36.7342764],[-83.211905,36.7340576],[-83.2121288,36.7338782],[-83.2124209,36.7337262],[-83.2130392,36.7335529],[-83.213507,36.7334888],[-83.2139382,36.7334435],[-83.2141961,36.7333584],[-83.2144578,36.733252],[-83.2147879,36.7332429],[-83.215171,36.7333523],[-83.2156793,36.7333371],[-83.2161534,36.7333432],[-83.2166505,36.7332739],[-83.2170031,36.7331395],[-83.2173141,36.7329936],[-83.2174583,36.7328446],[-83.2175759,36.7325862],[-83.2177428,36.7323886],[-83.2179666,36.7322184],[-83.2185441,36.7319153],[-83.2190752,36.7317305],[-83.2194507,36.7315499],[-83.2198638,36.7314166],[-83.2202715,36.731365],[-83.2206202,36.731193],[-83.2210761,36.7310039],[-83.2215214,36.7308362],[-83.2220471,36.7307502],[-83.2225943,36.7307201],[-83.2229752,36.7306642],[-83.2232595,36.7305997],[-83.223415,36.730445],[-83.2235277,36.7303418],[-83.2238442,36.7302257],[-83.2242412,36.7301655],[-83.2247079,36.7301655],[-83.2250995,36.7301053],[-83.2253516,36.7301655],[-83.2256037,36.7302472],[-83.2259524,36.73023],[-83.2263869,36.7301268],[-83.2267463,36.7299032],[-83.2272291,36.7297055],[-83.2274813,36.7296496],[-83.2278299,36.729598],[-83.228184,36.7294776],[-83.2286346,36.7291809],[-83.2287928,36.7290369],[-83.228994,36.7289466],[-83.2292729,36.7289251],[-83.2295435,36.7289168],[-83.2298014,36.7288621],[-83.2299949,36.728701],[-83.2302831,36.728628],[-83.230689,36.7285854],[-83.2310759,36.7285094],[-83.2314211,36.7285155],[-83.2319066,36.7285338],[-83.2322442,36.728479],[-83.2325173,36.7282966],[-83.2328056,36.7280686],[-83.2330749,36.7279318],[-83.233477,36.7277859],[-83.2339739,36.7277403],[-83.234573,36.7276761],[-83.2351685,36.7274655],[-83.2355708,36.727272],[-83.2358444,36.7270742],[-83.2360858,36.7269753],[-83.2365525,36.7269108],[-83.2370353,36.7268893],[-83.2375717,36.7267732],[-83.2381189,36.7266614],[-83.2386983,36.7266313],[-83.2394654,36.726627],[-83.2399696,36.7266614],[-83.2401896,36.7265582],[-83.2405222,36.7264723],[-83.2407367,36.7263949],[-83.2409942,36.7261197],[-83.2412249,36.7259692],[-83.241477,36.7258703],[-83.2419491,36.7258832],[-83.2422871,36.7257972],[-83.2426626,36.7258746],[-83.2430059,36.7258961],[-83.2434404,36.7259735],[-83.2437247,36.7260036],[-83.2440788,36.7259477],[-83.2444436,36.725952],[-83.2448512,36.7260036],[-83.2451463,36.7260208],[-83.2455701,36.7259606],[-83.2458598,36.7257413],[-83.2460636,36.7255177],[-83.2464338,36.7253544],[-83.246879,36.725234],[-83.2473135,36.7252254],[-83.2476461,36.7252125],[-83.2479465,36.7251222],[-83.2482416,36.7249244],[-83.2483488,36.7247137],[-83.2486224,36.7244772],[-83.2489121,36.7243224],[-83.2493144,36.7242407],[-83.2497597,36.7241547],[-83.2500547,36.7240817],[-83.2503227,36.7239225],[-83.2507414,36.7237635],[-83.2511813,36.7236861],[-83.2517177,36.7236947],[-83.2521415,36.7236818],[-83.2526243,36.7237033],[-83.2529408,36.7237635],[-83.253209,36.7237936],[-83.2534719,36.723742],[-83.2538206,36.7235872],[-83.2540298,36.7234281],[-83.2542283,36.723183],[-83.2544589,36.7229508],[-83.2548505,36.7226842],[-83.255167,36.7224692],[-83.2554192,36.7222758],[-83.2556766,36.7221339],[-83.2559663,36.7220608],[-83.256374,36.722078],[-83.2566798,36.7221081],[-83.2570553,36.7220866],[-83.257522,36.7219791],[-83.2578331,36.7219318],[-83.2582247,36.7219834],[-83.2586968,36.7221511],[-83.258965,36.7222113],[-83.2593352,36.7222156],[-83.2597053,36.7220694],[-83.2600969,36.7218845],[-83.2603705,36.7217942],[-83.2608265,36.7216222],[-83.2612074,36.7215276],[-83.2617331,36.7213642],[-83.2622588,36.7212696],[-83.2628006,36.7210761],[-83.2633048,36.7209557],[-83.2636643,36.720917],[-83.2639218,36.7209815],[-83.2640666,36.7210288],[-83.2642114,36.7210331],[-83.2644528,36.7209084],[-83.2647425,36.7206719],[-83.2649946,36.7205257],[-83.2653326,36.7203666],[-83.2657081,36.7201989],[-83.2661373,36.7200484],[-83.2667113,36.7197775],[-83.2672799,36.7195668],[-83.2677251,36.7193862],[-83.2681865,36.7192529],[-83.2690877,36.7189734],[-83.2697421,36.7187283],[-83.2702303,36.7186122],[-83.2709116,36.7184961],[-83.2716304,36.7183542],[-83.2721615,36.7181994],[-83.2727409,36.7181134],[-83.2731486,36.7181392],[-83.2738369,36.7180414],[-83.2744521,36.7179629],[-83.2749456,36.7177436],[-83.2752997,36.7175716],[-83.2757771,36.7174555],[-83.2762438,36.7173136],[-83.2767045,36.7171049],[-83.2769948,36.7169051],[-83.2775098,36.7166256],[-83.2780194,36.7164665],[-83.278808,36.7163246],[-83.2794732,36.7161784],[-83.2798863,36.7160021],[-83.2805053,36.7158947],[-83.2809699,36.715929],[-83.2814151,36.715886],[-83.2820267,36.7158129],[-83.282606,36.7158387],[-83.2830244,36.7158301],[-83.2835448,36.7157527],[-83.2842475,36.7156968],[-83.2844997,36.7156495],[-83.2847303,36.7155161],[-83.2849342,36.7152925],[-83.2852936,36.7151592],[-83.2858032,36.7150603],[-83.2861144,36.7149227],[-83.2863289,36.7147077],[-83.2864684,36.7144626],[-83.2867044,36.7143207],[-83.2871497,36.7142175],[-83.287552,36.7141788],[-83.2878417,36.7140369],[-83.2881183,36.713751],[-83.2885015,36.713624],[-83.2890004,36.7135466],[-83.2893491,36.7134434],[-83.2898104,36.7134649],[-83.2903791,36.7133746],[-83.2907224,36.7132671],[-83.2910228,36.7131381],[-83.2914519,36.712979],[-83.2921493,36.7129747],[-83.2927609,36.7129274],[-83.2934153,36.7128887],[-83.2938713,36.7129059],[-83.294338,36.7130392],[-83.2949871,36.7131639],[-83.2954055,36.7133531],[-83.2957542,36.7135036],[-83.2962638,36.7135724],[-83.2966179,36.7135638],[-83.2968915,36.7135165],[-83.2969183,36.7133058],[-83.2971811,36.713151],[-83.2976157,36.7130048],[-83.2981969,36.7127263],[-83.2985115,36.7126049],[-83.2989997,36.7123812],[-83.299681,36.712192],[-83.3002818,36.7121318],[-83.3013064,36.7119598],[-83.3020842,36.7117964],[-83.3024061,36.711719],[-83.302626,36.71159],[-83.3027709,36.7113578],[-83.3029694,36.7111943],[-83.3032376,36.7111427],[-83.3039518,36.7111245],[-83.3044928,36.7109836],[-83.3050078,36.710975],[-83.3054584,36.7111384],[-83.3060968,36.7112072],[-83.306644,36.7111685],[-83.307331,36.7111146],[-83.307733,36.7109747],[-83.3082869,36.7108592],[-83.3094021,36.710701],[-83.3097283,36.7105977],[-83.310358,36.7103909],[-83.3110862,36.7100138],[-83.311549,36.7097462],[-83.3120649,36.7094664],[-83.3125353,36.7091259],[-83.3130435,36.7088522],[-83.3136125,36.7086332],[-83.3140981,36.7084508],[-83.314485,36.7083413],[-83.3153347,36.7081223],[-83.3160857,36.7080129],[-83.3168671,36.7079155],[-83.3175347,36.7078608],[-83.3182099,36.7076297],[-83.3188927,36.7074472],[-83.3193858,36.7072465],[-83.3199851,36.7069972],[-83.3204707,36.7067843],[-83.3209031,36.7066079],[-83.3212065,36.7065349],[-83.3216466,36.706468],[-83.3224659,36.7064741],[-83.3229742,36.7064072],[-83.3235204,36.7062187],[-83.3240211,36.7060301],[-83.3245749,36.705799],[-83.325068,36.705653],[-83.3259632,36.7054219],[-83.3266764,36.705282],[-83.3273971,36.7050874],[-83.3281254,36.7048076],[-83.3285881,36.7045643],[-83.3290964,36.7043757],[-83.3297034,36.7042845],[-83.3304392,36.7041507],[-83.3311068,36.7039682],[-83.3317896,36.7038952],[-83.33226,36.7037736],[-83.3327379,36.7035121],[-83.3334359,36.7032384],[-83.3340276,36.7029951],[-83.3348089,36.702764],[-83.3353007,36.7026403],[-83.3357245,36.7026274],[-83.3361375,36.7026575],[-83.3365399,36.702593],[-83.3371031,36.7024554],[-83.3375705,36.7022773],[-83.3379829,36.7020683],[-83.3385837,36.7019478],[-83.339265,36.7019651],[-83.3397961,36.7018962],[-83.3403593,36.7016855],[-83.3412659,36.7012511],[-83.3420996,36.7009878],[-83.3428592,36.7008468],[-83.3435887,36.7006576],[-83.3441252,36.7005499],[-83.3446348,36.700507],[-83.3450854,36.7004683],[-83.3455682,36.7004468],[-83.3462495,36.7004511],[-83.3466196,36.7004167],[-83.347081,36.7003049],[-83.3477837,36.7000339],[-83.3483736,36.6993881],[-83.3487908,36.6990779],[-83.3490943,36.6987008],[-83.3495191,36.6982689],[-83.3498833,36.6979283],[-83.3502288,36.6977099],[-83.3507709,36.6974599],[-83.3514612,36.6971983],[-83.3523716,36.6969185],[-83.3529558,36.696809],[-83.353631,36.6966265],[-83.354162,36.6963102],[-83.3546172,36.6959088],[-83.3549889,36.6956959],[-83.3554441,36.6955195],[-83.3564379,36.6949477],[-83.3567793,36.6946617],[-83.3575911,36.6941751],[-83.3579628,36.6938527],[-83.3582966,36.6936094],[-83.3587063,36.6934695],[-83.3591842,36.6933539],[-83.3595939,36.693287],[-83.3601932,36.6933417],[-83.3606408,36.6935911],[-83.3609533,36.6938272],[-83.3612108,36.6941283],[-83.3613503,36.694309],[-83.3615863,36.6944079],[-83.3618599,36.6944724],[-83.3622998,36.6944638],[-83.3628094,36.6944853],[-83.3633512,36.694524],[-83.3639199,36.6942961],[-83.3645797,36.6941455],[-83.3650088,36.6940337],[-83.3652878,36.6938874],[-83.365776,36.6935648],[-83.3661193,36.6933283],[-83.3666235,36.6931648],[-83.3671045,36.6928125],[-83.3679086,36.6924536],[-83.3684852,36.6922102],[-83.3690645,36.6918902],[-83.3695018,36.6916019],[-83.3698659,36.6914073],[-83.3703363,36.6910605],[-83.3705986,36.6909323],[-83.3711784,36.6907381],[-83.3714408,36.6907517],[-83.3716715,36.6907086],[-83.3720094,36.6903688],[-83.3722063,36.6903548],[-83.3725136,36.6905039],[-83.3726729,36.6904704],[-83.3731281,36.6902818],[-83.3734657,36.6902027],[-83.3737582,36.6901322],[-83.374182,36.690072],[-83.3745951,36.690158],[-83.3750081,36.6903344],[-83.3751744,36.6905796],[-83.3752495,36.6907301],[-83.3753354,36.6907431],[-83.3755937,36.6905252],[-83.3762765,36.6902149],[-83.3766785,36.6899533],[-83.3770427,36.6898073],[-83.3773234,36.6897952],[-83.3777255,36.6897222],[-83.378082,36.6894241],[-83.3783779,36.6892781],[-83.3787117,36.6891625],[-83.3792959,36.6883595],[-83.379789,36.6883412],[-83.3802442,36.688469],[-83.3805476,36.6884933],[-83.3806842,36.6884203],[-83.3807752,36.688104],[-83.380889,36.6877207],[-83.3810635,36.6874773],[-83.3813063,36.6873861],[-83.3818601,36.6874773],[-83.3822015,36.68738],[-83.3824215,36.6873435],[-83.3828463,36.6873922],[-83.3831422,36.68738],[-83.3834077,36.6871732],[-83.3835063,36.6868751],[-83.3836429,36.68665],[-83.3838705,36.6865648],[-83.3843333,36.6866621],[-83.3846746,36.6868203],[-83.3851222,36.6867716],[-83.385585,36.6866743],[-83.3861388,36.6867047],[-83.3865181,36.6866865],[-83.3868975,36.6864979],[-83.3874589,36.6861268],[-83.3879899,36.6858408],[-83.3886955,36.6855671],[-83.3893024,36.6852933],[-83.389712,36.6851169],[-83.3899396,36.6849526],[-83.3899396,36.6848066],[-83.3895224,36.684472],[-83.3891506,36.6840765],[-83.3891203,36.6838271],[-83.3893251,36.6836202],[-83.3899851,36.6833465],[-83.3906224,36.6829997],[-83.3912369,36.6827381],[-83.3915328,36.6825921],[-83.3919273,36.6824278],[-83.3924204,36.6821905],[-83.3927921,36.6819532],[-83.3929742,36.6817525],[-83.3929742,36.6814908],[-83.392868,36.6812049],[-83.3929818,36.6810163],[-83.3933687,36.6808094],[-83.3940742,36.6807242],[-83.3946129,36.6803957],[-83.3950756,36.6800672],[-83.3955763,36.6795865],[-83.3957899,36.6792871],[-83.3958113,36.6788741],[-83.3955324,36.6785901],[-83.39535,36.6783578],[-83.3951622,36.6780394],[-83.3950878,36.6777594],[-83.3954322,36.6774387],[-83.3958343,36.677171],[-83.3963907,36.6770112],[-83.3968681,36.6768735],[-83.3975172,36.6766541],[-83.3979035,36.6764605],[-83.3984024,36.6762325],[-83.3986974,36.6760604],[-83.3989447,36.6759541],[-83.3995342,36.6757549],[-83.4001243,36.6755183],[-83.400752,36.675316],[-83.4015727,36.6751267],[-83.402372,36.67486],[-83.4029048,36.6745973],[-83.4031249,36.6744026],[-83.40336,36.6743113],[-83.4037014,36.6742383],[-83.4040276,36.6740801],[-83.4045739,36.673928],[-83.4049532,36.673788],[-83.405287,36.6737089],[-83.405934,36.6735133],[-83.4063846,36.6733197],[-83.4070394,36.6731613],[-83.4076023,36.6729626],[-83.4079939,36.6726915],[-83.4086269,36.6724075],[-83.4096354,36.6719773],[-83.4102255,36.6718095],[-83.4107512,36.671504],[-83.4113145,36.6713319],[-83.4116368,36.6712263],[-83.4120996,36.6708734],[-83.412312,36.670776],[-83.4129948,36.6706726],[-83.4134879,36.6704718],[-83.4143186,36.6703724],[-83.4149218,36.6701249],[-83.4155135,36.6700397],[-83.4160977,36.669918],[-83.4167122,36.6696868],[-83.4172129,36.6695164],[-83.4177818,36.6692122],[-83.4181839,36.6688958],[-83.4186922,36.6686828],[-83.4194281,36.6685063],[-83.4204143,36.6682994],[-83.4211578,36.6681473],[-83.4219468,36.6680804],[-83.4226675,36.6678978],[-83.4235551,36.6676483],[-83.424162,36.6674597],[-83.4248145,36.6673015],[-83.4255276,36.6671798],[-83.4267187,36.6671128],[-83.427447,36.667058],[-83.4279401,36.6670946],[-83.4285318,36.6670094],[-83.4289567,36.666912],[-83.4295484,36.6669485],[-83.4301436,36.667042],[-83.4305138,36.666956],[-83.4312098,36.6667964],[-83.4317788,36.6666138],[-83.4323174,36.666553],[-83.4329775,36.6664921],[-83.4334782,36.6664313],[-83.4342596,36.6663887],[-83.4350561,36.6663461],[-83.4357996,36.6662852],[-83.4363383,36.6661696],[-83.4369831,36.6661939],[-83.4376735,36.6663217],[-83.4381211,36.6663522],[-83.4386521,36.6664008],[-83.4391528,36.6664739],[-83.4395701,36.6665469],[-83.4398735,36.6665956],[-83.4402301,36.6667781],[-83.4407915,36.6668816],[-83.4413984,36.6669546],[-83.4419936,36.6670291],[-83.4424757,36.6670702],[-83.4428778,36.6670702],[-83.4433329,36.6671858],[-83.443644,36.6671432],[-83.443993,36.6670276],[-83.4445095,36.6667924],[-83.4449868,36.6665773],[-83.4452978,36.6664252],[-83.4456696,36.6662609],[-83.4462385,36.6660296],[-83.4465724,36.6657923],[-83.4469289,36.6656463],[-83.4475131,36.6653663],[-83.4480289,36.6652629],[-83.4489545,36.6652811],[-83.4494931,36.6653116],[-83.450138,36.6653359],[-83.4506083,36.665342],[-83.4509649,36.6652507],[-83.4513139,36.6651594],[-83.451678,36.6651229],[-83.4523305,36.6651107],[-83.4529601,36.6649647],[-83.4535898,36.6647821],[-83.454265,36.6647517],[-83.4550236,36.6647882],[-83.4557443,36.6649099],[-83.4563209,36.6649221],[-83.4567837,36.6650195],[-83.4571099,36.6652142],[-83.4574209,36.6654211],[-83.4576334,36.6655246],[-83.4579672,36.6655793],[-83.4583313,36.6655611],[-83.4588017,36.6654028],[-83.4592796,36.6653298],[-83.4598334,36.6653116],[-83.4601976,36.6652081],[-83.4605541,36.6649647],[-83.4609107,36.6648369],[-83.4609799,36.6648255],[-83.466483,36.6647],[-83.48261,36.666185],[-83.48891,36.667685],[-83.493911,36.670085],[-83.498011,36.670485],[-83.499911,36.670185],[-83.501411,36.669085],[-83.506911,36.668685],[-83.5109464,36.6690213],[-83.511711,36.669085],[-83.5127919,36.6687079],[-83.516011,36.667585],[-83.527112,36.665985],[-83.529612,36.666184],[-83.5314938,36.6652022],[-83.531912,36.664984],[-83.5322787,36.6644173],[-83.5326757,36.6638037],[-83.533012,36.663284],[-83.533112,36.661884],[-83.541812,36.656584],[-83.547312,36.654484],[-83.554112,36.653784],[-83.562612,36.651284],[-83.565712,36.648384],[-83.569812,36.645684],[-83.577312,36.641784],[-83.584512,36.641384],[-83.600713,36.637084],[-83.603013,36.636883],[-83.604313,36.637683],[-83.605613,36.637783],[-83.607913,36.637083],[-83.6082148,36.6369412],[-83.614513,36.633983],[-83.616413,36.631383],[-83.6176189,36.6302116],[-83.6194047,36.6284767],[-83.619913,36.627983],[-83.625013,36.625183],[-83.628913,36.624083],[-83.635013,36.622883],[-83.639813,36.624783],[-83.645213,36.624183],[-83.648314,36.622683],[-83.649513,36.616683],[-83.657714,36.611782],[-83.663614,36.606782],[-83.665614,36.605782],[-83.673114,36.604682],[-83.674614,36.603082],[-83.6752896,36.6011518],[-83.6753671,36.6007706]]]}}]}