{"type":"FeatureCollection","licence":"Data © OpenStreetMap contributors, ODbL 1.0. http://osm.org/copyright","features":[{"type":"Feature","properties":{"place_id":339875376,"osm_type":"relation","osm_id":162068,"place_rank":8,"category":"boundary","type":"administrative","importance":0.7393623860600566,"addresstype":"state","name":"West Virginia","display_name":"West Virginia, United States"},"bbox":[-82.6447390,37.2014139,-77.7190290,40.6388010],"geometry":{"type":"Polygon","coordinates":[[[-82.644739,38.165487],[-82.638947,38.156742],[-82.638398,38.152157],[-82.638288,38.143491],[-82.637306,38.13905],[-82.636466,38.13786],[-82.6354727,38.1373225],[-82.6347753,38.1369452],[-82.634265,38.136669],[-82.6311253,38.1359566],[-82.6292397,38.1355288],[-82.626182,38.134835],[-82.6253791,38.1345538],[-82.622125,38.133414],[-82.6213799,38.1323112],[-82.621309,38.1322062],[-82.621167,38.131996],[-82.621164,38.123239],[-82.620351,38.121477],[-82.619452,38.120745],[-82.6167581,38.1203176],[-82.616149,38.120221],[-82.6144233,38.1203333],[-82.6142095,38.1203472],[-82.6133013,38.1204063],[-82.6120343,38.1204887],[-82.6099226,38.120609],[-82.60909,38.1208573],[-82.6081764,38.1208774],[-82.6077065,38.1208703],[-82.6072754,38.1207983],[-82.606589,38.120843],[-82.6064617,38.1207631],[-82.6064596,38.1207618],[-82.606367,38.1207037],[-82.6062382,38.1206228],[-82.606204,38.1206014],[-82.6027048,38.1184045],[-82.602618,38.11835],[-82.6026038,38.1183445],[-82.6006579,38.1175938],[-82.6002458,38.1174348],[-82.600127,38.117389],[-82.5999817,38.1172884],[-82.5983269,38.1161436],[-82.598011,38.115925],[-82.5949273,38.1123863],[-82.5946937,38.1121183],[-82.5943785,38.1117566],[-82.593605,38.110869],[-82.59178,38.109908],[-82.587782,38.108879],[-82.585696,38.107003],[-82.585142,38.098055],[-82.585488,38.094256],[-82.584184,38.0910225],[-82.584039,38.090663],[-82.5836373,38.090318],[-82.574075,38.082104],[-82.565736,38.08064],[-82.559598,38.072837],[-82.5536521,38.0713839],[-82.5516788,38.0709016],[-82.551259,38.070799],[-82.5509981,38.070454],[-82.5506895,38.070046],[-82.54958,38.068579],[-82.549407,38.063063],[-82.547284,38.061094],[-82.54485,38.058521],[-82.544779,38.054262],[-82.543916,38.052133],[-82.5432335,38.0511904],[-82.5431712,38.0511044],[-82.5429771,38.0508362],[-82.541245,38.048444],[-82.5406415,38.0479493],[-82.537293,38.045204],[-82.53747,38.042701],[-82.539071,38.039788],[-82.538639,38.037381],[-82.534976,38.03225],[-82.530371,38.028792],[-82.527068,38.027586],[-82.525817,38.026406],[-82.525831,38.019564],[-82.522591,38.012968],[-82.519665,38.008538],[-82.5176062,38.0072219],[-82.5173512,38.0051309],[-82.5177069,38.0030759],[-82.5178102,38.0024789],[-82.5173512,38.0012039],[-82.5159742,37.9999289],[-82.5132712,37.9996739],[-82.509812,38.001249],[-82.5085915,38.0013718],[-82.5081839,38.0014127],[-82.5078026,38.0014511],[-82.507197,38.001512],[-82.5037595,38.0004065],[-82.499874,37.999157],[-82.48978,37.998869],[-82.487732,37.99833],[-82.4875701,37.9980892],[-82.485967,37.995705],[-82.485675,37.989352],[-82.485128,37.98692],[-82.4840074,37.9847671],[-82.483871,37.984505],[-82.4832915,37.9842631],[-82.4830322,37.9841548],[-82.482695,37.984014],[-82.4811707,37.9844013],[-82.478006,37.9852055],[-82.4723026,37.9866548],[-82.471629,37.986826],[-82.4712616,37.9867266],[-82.4708951,37.9866275],[-82.4686885,37.9860307],[-82.467015,37.985578],[-82.4664866,37.9853045],[-82.4657899,37.984944],[-82.465473,37.98478],[-82.4649505,37.9841922],[-82.4644157,37.9835905],[-82.464257,37.983412],[-82.464067,37.980295],[-82.464987,37.976859],[-82.46938,37.973059],[-82.479963,37.973169],[-82.483836,37.971566],[-82.484413,37.969895],[-82.484758,37.965752],[-82.484265,37.963646],[-82.479031,37.962],[-82.472669,37.960721],[-82.471657,37.959988],[-82.471801,37.959119],[-82.475096,37.954906],[-82.48096,37.949136],[-82.48512,37.946044],[-82.487836,37.945288],[-82.495294,37.946612],[-82.496681,37.946405],[-82.4978001,37.9454949],[-82.497285,37.942903],[-82.496822,37.942262],[-82.493728,37.940455],[-82.489566,37.939107],[-82.489045,37.938718],[-82.48916,37.937963],[-82.489737,37.936635],[-82.491182,37.93581],[-82.4975498,37.9367238],[-82.4982616,37.9369761],[-82.4989855,37.9369761],[-82.4997094,37.9367565],[-82.5003336,37.9363837],[-82.5012693,37.9356218],[-82.5020135,37.9347715],[-82.5021967,37.9344142],[-82.5023148,37.9340324],[-82.5023005,37.9335821],[-82.5021677,37.9331196],[-82.5002298,37.930681],[-82.4993636,37.9293729],[-82.4982651,37.9281758],[-82.497052,37.9274144],[-82.4960782,37.927032],[-82.494759,37.9268882],[-82.4929894,37.9270709],[-82.4914793,37.9271952],[-82.4899321,37.9272025],[-82.4859575,37.9272098],[-82.4837286,37.9270981],[-82.4821844,37.9269394],[-82.4811861,37.9266672],[-82.4804681,37.9262598],[-82.4801898,37.9258269],[-82.4801137,37.9253784],[-82.4803314,37.924812],[-82.481001,37.924303],[-82.4827094,37.923307],[-82.4843763,37.9222342],[-82.487616,37.919905],[-82.4879301,37.9194992],[-82.4881942,37.919068],[-82.4882683,37.9185601],[-82.488191,37.9180688],[-82.4880182,37.9173431],[-82.4876023,37.91688],[-82.4868971,37.9166524],[-82.4853453,37.9164259],[-82.4835294,37.9161298],[-82.4815189,37.9157169],[-82.4802867,37.9153003],[-82.479093,37.9147758],[-82.4773637,37.9133998],[-82.475534,37.912038],[-82.4749669,37.9111549],[-82.4746791,37.9102433],[-82.4742451,37.9077439],[-82.4742332,37.9066167],[-82.474635,37.905902],[-82.475818,37.904048],[-82.475991,37.9024],[-82.474574,37.900295],[-82.472523,37.899243],[-82.471223,37.899358],[-82.469058,37.90222],[-82.468568,37.904005],[-82.468947,37.910962],[-82.468197,37.913847],[-82.464297,37.915038],[-82.462881,37.914832],[-82.461493,37.913093],[-82.460741,37.910736],[-82.459759,37.909569],[-82.45894,37.909208],[-82.458844,37.909193],[-82.458066,37.90914],[-82.456996,37.908978],[-82.455648,37.908957],[-82.454834,37.908957],[-82.454215,37.908879],[-82.45343,37.90888],[-82.452867,37.908818],[-82.452326,37.908703],[-82.451896,37.908551],[-82.451293,37.908172],[-82.450859,37.90783],[-82.449929,37.906926],[-82.449083,37.906146],[-82.44878,37.905733],[-82.448465,37.905252],[-82.448191,37.904796],[-82.447786,37.904271],[-82.447331,37.903857],[-82.446904,37.903679],[-82.446791,37.903647],[-82.446076,37.903417],[-82.44449,37.902784],[-82.443874,37.902489],[-82.44334,37.902239],[-82.442978,37.902103],[-82.438582,37.900256],[-82.4374207,37.8989318],[-82.4360389,37.8973563],[-82.435751,37.897028],[-82.4354507,37.8964404],[-82.433603,37.8928253],[-82.432113,37.88991],[-82.429023,37.888285],[-82.421835,37.8857746],[-82.421484,37.885652],[-82.419781,37.883821],[-82.419204,37.882081],[-82.419337,37.875095],[-82.4191272,37.874213],[-82.4188797,37.8731726],[-82.41869,37.872375],[-82.417679,37.870658],[-82.416323,37.869628],[-82.414417,37.869033],[-82.410288,37.868826],[-82.407459,37.867475],[-82.408441,37.866056],[-82.409799,37.865392],[-82.4215642,37.8640177],[-82.422127,37.863952],[-82.42409,37.863037],[-82.424264,37.861709],[-82.423513,37.860313],[-82.421983,37.859397],[-82.4156231,37.8566759],[-82.414651,37.85626],[-82.4147962,37.8558781],[-82.414841,37.8557602],[-82.4147125,37.8554097],[-82.41922,37.849008],[-82.420171,37.847925],[-82.420343,37.847714],[-82.420382,37.84765],[-82.420451,37.847517],[-82.420464,37.847483],[-82.420503,37.847272],[-82.420508,37.8472],[-82.42049,37.847059],[-82.420427,37.846778],[-82.420339,37.846613],[-82.420207,37.846425],[-82.420099,37.84631],[-82.419965,37.846213],[-82.41989,37.846172],[-82.419619,37.846044],[-82.419617,37.846043],[-82.419576,37.846024],[-82.419456,37.845973],[-82.419369,37.845948],[-82.419356,37.845944],[-82.418811,37.84579],[-82.417961,37.845645],[-82.4171,37.845545],[-82.4166,37.845497],[-82.415143,37.845371],[-82.414827,37.845329],[-82.414372,37.845282],[-82.414052,37.845263],[-82.413873,37.845233],[-82.413651,37.845188],[-82.413567,37.845161],[-82.413428,37.845144],[-82.413294,37.845117],[-82.41321,37.84509],[-82.413134,37.84505],[-82.413052,37.845017],[-82.412728,37.844851],[-82.41267,37.844821],[-82.412625,37.844791],[-82.412532,37.844728],[-82.412419,37.844615],[-82.412243,37.844407],[-82.412142,37.844242],[-82.412139,37.844238],[-82.411986,37.843988],[-82.411938,37.843895],[-82.411865,37.843757],[-82.411828,37.843657],[-82.411749,37.84345],[-82.411726,37.843326],[-82.41169,37.843132],[-82.411668,37.843063],[-82.411426,37.842488],[-82.411278,37.842076],[-82.411262,37.842],[-82.411238,37.84192],[-82.41123,37.841893],[-82.41118,37.841723],[-82.411048,37.841366],[-82.411048,37.841365],[-82.411004,37.841244],[-82.410996,37.841209],[-82.41096,37.841106],[-82.4107731,37.8406535],[-82.4098808,37.8379428],[-82.408941,37.836644],[-82.407874,37.835499],[-82.4059175,37.8341705],[-82.4055204,37.8339009],[-82.4040321,37.8328902],[-82.3999573,37.8301233],[-82.39968,37.829935],[-82.399598,37.8293855],[-82.398444,37.821648],[-82.402199,37.812678],[-82.402228,37.810984],[-82.401652,37.810091],[-82.4015038,37.8100252],[-82.39871,37.808785],[-82.396978,37.809014],[-82.3964241,37.8094688],[-82.3949822,37.8106529],[-82.393746,37.811668],[-82.389212,37.817206],[-82.387769,37.818212],[-82.3874086,37.818212],[-82.3868852,37.818212],[-82.386586,37.818212],[-82.385259,37.81741],[-82.3802702,37.8116974],[-82.37958,37.810907],[-82.378514,37.80832],[-82.3784309,37.8079265],[-82.377393,37.803009],[-82.374867,37.80216],[-82.369973,37.801749],[-82.36778,37.800628],[-82.367391,37.8002238],[-82.366387,37.7991805],[-82.365557,37.798318],[-82.3652783,37.7975785],[-82.364979,37.796784],[-82.363795,37.795435],[-82.361199,37.794429],[-82.356122,37.793859],[-82.3553979,37.793563],[-82.3547295,37.7932898],[-82.354275,37.793104],[-82.3540427,37.7928503],[-82.3513797,37.789942],[-82.3506708,37.7891676],[-82.348849,37.787178],[-82.340455,37.786058],[-82.339705,37.785509],[-82.338377,37.780428],[-82.339097,37.778276],[-82.338895,37.776857],[-82.337596,37.775369],[-82.3372211,37.7751673],[-82.3367068,37.7748905],[-82.335981,37.7745],[-82.332607,37.774249],[-82.329867,37.775897],[-82.32583,37.776172],[-82.323696,37.775028],[-82.323004,37.773907],[-82.323696,37.772534],[-82.331654,37.768161],[-82.333903,37.766306],[-82.333816,37.765391],[-82.331162,37.763125],[-82.32946,37.762393],[-82.327356,37.762233],[-82.317611,37.764889],[-82.3134779,37.7650082],[-82.312824,37.765027],[-82.3123362,37.7647245],[-82.3118568,37.7644272],[-82.311642,37.764294],[-82.310777,37.762692],[-82.310893,37.762005],[-82.312968,37.760677],[-82.317668,37.759624],[-82.3178005,37.7595524],[-82.319023,37.758892],[-82.3192306,37.7585313],[-82.3207541,37.7558832],[-82.321012,37.755435],[-82.321391,37.7515171],[-82.3214002,37.7514224],[-82.321415,37.751269],[-82.3216173,37.7511861],[-82.3238912,37.7502543],[-82.328221,37.74848],[-82.333581,37.743283],[-82.3331398,37.740855],[-82.326834,37.736257],[-82.319686,37.734404],[-82.318879,37.733763],[-82.318302,37.733053],[-82.317869,37.72772],[-82.316197,37.721541],[-82.311702,37.718771],[-82.311097,37.717329],[-82.310665,37.7133],[-82.3098574,37.7119741],[-82.3078636,37.708701],[-82.307235,37.707669],[-82.305679,37.706708],[-82.3029769,37.7063803],[-82.300954,37.706135],[-82.298074,37.704143],[-82.296634,37.702403],[-82.2970513,37.7008414],[-82.2973086,37.6998785],[-82.297325,37.699817],[-82.301964,37.696223],[-82.302886,37.693683],[-82.301504,37.690775],[-82.297788,37.687753],[-82.296262,37.687067],[-82.296118,37.686174],[-82.297126,37.684228],[-82.303867,37.678392],[-82.304501,37.677157],[-82.303953,37.67576],[-82.302312,37.675554],[-82.29814,37.6774332],[-82.2970853,37.6779083],[-82.296724,37.678071],[-82.295842,37.6783106],[-82.294737,37.678277],[-82.294392,37.677957],[-82.2942587,37.6778677],[-82.294134,37.673378],[-82.2946462,37.6723811],[-82.29471,37.672257],[-82.2944706,37.670891],[-82.2944306,37.6706628],[-82.2944178,37.6705893],[-82.294393,37.670448],[-82.291773,37.669143],[-82.288174,37.668227],[-82.2879789,37.6684415],[-82.2871277,37.6693775],[-82.286446,37.670127],[-82.284687,37.675277],[-82.283506,37.676078],[-82.282297,37.675826],[-82.2819278,37.6753393],[-82.2817729,37.6751351],[-82.2801295,37.6729686],[-82.277876,37.669998],[-82.2777258,37.6698385],[-82.2777026,37.6698139],[-82.2757637,37.6677555],[-82.272021,37.663782],[-82.267962,37.662407],[-82.2574697,37.6569361],[-82.257111,37.656749],[-82.256001,37.6567852],[-82.2530141,37.6568828],[-82.252273,37.656907],[-82.2498871,37.6580632],[-82.2498609,37.6580759],[-82.243911,37.660959],[-82.240773,37.661785],[-82.2404206,37.6617035],[-82.240059,37.6616198],[-82.23939,37.661465],[-82.226111,37.653092],[-82.225535,37.651947],[-82.224956,37.647003],[-82.223602,37.644554],[-82.21934,37.642931],[-82.216691,37.641329],[-82.21669,37.639956],[-82.219078,37.635903],[-82.220257,37.634781],[-82.2202,37.633912],[-82.214815,37.627572],[-82.215649,37.626244],[-82.21349,37.625408],[-82.209691,37.625103],[-82.204337,37.625811],[-82.203388,37.626132],[-82.202467,37.627483],[-82.201201,37.627895],[-82.192394,37.625606],[-82.187298,37.626935],[-82.186694,37.627576],[-82.1866053,37.6279832],[-82.18632,37.629292],[-82.1863339,37.6293857],[-82.1863398,37.629425],[-82.1870427,37.63415],[-82.1870831,37.6344218],[-82.187471,37.637029],[-82.187845,37.63854],[-82.189688,37.640394],[-82.191242,37.642867],[-82.191444,37.644378],[-82.187989,37.647582],[-82.185965,37.6486615],[-82.185456,37.648933],[-82.1834537,37.6489389],[-82.1827097,37.6489411],[-82.177625,37.648956],[-82.175264,37.647971],[-82.174631,37.647422],[-82.174688,37.646529],[-82.1747283,37.646456],[-82.1747602,37.646398],[-82.1758533,37.6444153],[-82.177338,37.641722],[-82.177511,37.640417],[-82.175956,37.637396],[-82.172762,37.634008],[-82.172446,37.632589],[-82.1726425,37.6322981],[-82.1731735,37.6315118],[-82.173482,37.631055],[-82.1743488,37.6305888],[-82.1767083,37.62932],[-82.1805616,37.6272478],[-82.181398,37.626798],[-82.1815625,37.6263508],[-82.1817357,37.6258801],[-82.1822812,37.6243972],[-82.182438,37.623971],[-82.1822329,37.6235377],[-82.1817473,37.6225122],[-82.18143,37.621842],[-82.1808276,37.6213802],[-82.1795508,37.6204013],[-82.1777778,37.6190421],[-82.1772937,37.6186709],[-82.1769034,37.6183717],[-82.176682,37.618202],[-82.1764282,37.6183073],[-82.1744966,37.6191087],[-82.17271,37.61985],[-82.169515,37.621978],[-82.167126,37.621818],[-82.1650436,37.6206643],[-82.164191,37.620192],[-82.1645826,37.6189002],[-82.164767,37.618292],[-82.1679048,37.614566],[-82.1689739,37.6132965],[-82.1690541,37.6132012],[-82.1692,37.613028],[-82.169057,37.609869],[-82.168137,37.608495],[-82.164454,37.608014],[-82.158554,37.609546],[-82.1568682,37.6092261],[-82.156741,37.609202],[-82.1567195,37.609057],[-82.15611,37.604945],[-82.1575344,37.5971795],[-82.157609,37.596773],[-82.156718,37.59279],[-82.148434,37.59091],[-82.146419,37.59265],[-82.141555,37.595166],[-82.1327259,37.5936644],[-82.131977,37.593537],[-82.1303411,37.5917376],[-82.130165,37.591544],[-82.127321,37.586667],[-82.1264823,37.5829385],[-82.125601,37.579021],[-82.125061,37.578514],[-82.124307,37.577806],[-82.124372,37.57641],[-82.127303,37.572681],[-82.129604,37.571972],[-82.141828,37.570946],[-82.143468,37.570375],[-82.144648,37.568315],[-82.144563,37.566941],[-82.143183,37.565773],[-82.1368,37.564421],[-82.133954,37.562245],[-82.133495,37.560711],[-82.134705,37.557278],[-82.134506,37.554439],[-82.133299,37.552996],[-82.1330832,37.5529148],[-82.131776,37.552423],[-82.127089,37.551345],[-82.123824,37.551389],[-82.121985,37.552763],[-82.1208099,37.5563806],[-82.120609,37.556999],[-82.1168959,37.5593874],[-82.116584,37.559588],[-82.1081902,37.5599055],[-82.1032866,37.560091],[-82.103127,37.560097],[-82.102263,37.559456],[-82.101946,37.558106],[-82.104303,37.555655],[-82.1047187,37.5548326],[-82.105028,37.5542206],[-82.105136,37.554007],[-82.104532,37.553275],[-82.102893,37.553046],[-82.098924,37.5533],[-82.0977772,37.5536182],[-82.0907812,37.5555592],[-82.089178,37.556004],[-82.084605,37.55541],[-82.0827342,37.5554909],[-82.0793226,37.5556384],[-82.0753992,37.555808],[-82.07503,37.555824],[-82.073246,37.555023],[-82.0729232,37.5546388],[-82.06543,37.5457205],[-82.0652627,37.5455214],[-82.065149,37.5453861],[-82.064418,37.544516],[-82.0641638,37.5436358],[-82.063757,37.5422268],[-82.063671,37.541929],[-82.063757,37.5417059],[-82.0647188,37.5390956],[-82.0647825,37.5389226],[-82.0648868,37.5383982],[-82.0648305,37.5376774],[-82.064418,37.53687],[-82.0637366,37.5361757],[-82.0627109,37.5359209],[-82.0615806,37.5358571],[-82.0609064,37.535936],[-82.0597415,37.536201],[-82.0575077,37.5367719],[-82.0562661,37.5368975],[-82.0560566,37.5368775],[-82.054787,37.536756],[-82.0521415,37.5360874],[-82.0498895,37.5353053],[-82.0491053,37.5348155],[-82.0485107,37.5341967],[-82.0482841,37.5336268],[-82.0482555,37.5327031],[-82.0485419,37.531484],[-82.0486852,37.5302347],[-82.0483673,37.5291764],[-82.0480168,37.5287582],[-82.0475394,37.528372],[-82.0467676,37.5281551],[-82.0459067,37.5281146],[-82.0450621,37.5283172],[-82.0444488,37.5287368],[-82.0439725,37.5293577],[-82.0432238,37.5308177],[-82.0427767,37.5323385],[-82.0424256,37.5335374],[-82.0421771,37.5342539],[-82.0421099,37.5351032],[-82.0422337,37.5358684],[-82.04481,37.541814],[-82.0451836,37.5443722],[-82.0451908,37.5449094],[-82.0450479,37.5459098],[-82.04478,37.546713],[-82.0445248,37.5470853],[-82.0440449,37.5475417],[-82.0433256,37.547939],[-82.0430541,37.5479976],[-82.0427788,37.5480888],[-82.0417513,37.5482158],[-82.040875,37.5482306],[-82.0400062,37.5481549],[-82.0393078,37.5479639],[-82.0388765,37.5477973],[-82.0385402,37.5475208],[-82.0382286,37.5470401],[-82.0380717,37.5465773],[-82.0378197,37.5447029],[-82.0375715,37.5436128],[-82.0372946,37.5430753],[-82.036932,37.542729],[-82.036483,37.5422804],[-82.0358624,37.5419473],[-82.034984,37.5416747],[-82.0343443,37.541599],[-82.0339147,37.5416066],[-82.0335614,37.541493],[-82.032387,37.5405467],[-82.0308498,37.5389947],[-82.0291411,37.5378336],[-82.0285297,37.5375638],[-82.0277563,37.5374957],[-82.0269161,37.5375865],[-82.0261045,37.5377531],[-82.0254042,37.5381626],[-82.0243955,37.5386313],[-82.0230301,37.5392824],[-82.0220372,37.5399865],[-82.0208341,37.540526],[-82.0200035,37.5406754],[-82.0191835,37.5406553],[-82.0183899,37.5403953],[-82.0176356,37.5397972],[-82.016925,37.538556],[-82.0166235,37.5377682],[-82.0164803,37.5365871],[-82.0165376,37.5354287],[-82.016216,37.5345709],[-82.0155542,37.5339296],[-82.0144911,37.5336094],[-82.013129,37.5332709],[-82.0118592,37.5331422],[-82.0095473,37.5330916],[-82.0085652,37.5331346],[-82.0078226,37.5332984],[-82.0070184,37.5338161],[-82.0062546,37.5342855],[-82.0051662,37.5353985],[-82.0043546,37.5367688],[-82.0037053,37.5378515],[-82.0020727,37.5401303],[-82.0012706,37.5413189],[-82.0002641,37.5423519],[-81.999256,37.5430828],[-81.9983966,37.543347],[-81.9977188,37.5433932],[-81.99706,37.5432872],[-81.9967115,37.5430957],[-81.996552,37.5428317],[-81.9963767,37.542307],[-81.9961816,37.5414325],[-81.9965349,37.5402439],[-81.9966877,37.5389114],[-81.9965366,37.5385039],[-81.9961148,37.5382376],[-81.995456,37.5379726],[-81.9944913,37.5379451],[-81.9937947,37.5380635],[-81.9930882,37.5383587],[-81.9921864,37.5388832],[-81.99157,37.5395322],[-81.9909781,37.5403196],[-81.9902715,37.5415536],[-81.9895598,37.5425216],[-81.9891163,37.542833],[-81.9885529,37.5430677],[-81.9876065,37.543206],[-81.9863378,37.5431661],[-81.9848006,37.5428179],[-81.983483,37.5423939],[-81.9821926,37.5422461],[-81.9814589,37.5423712],[-81.98065,37.5427582],[-81.9789478,37.5438853],[-81.9767011,37.5458499],[-81.9760739,37.5462548],[-81.975081,37.5465727],[-81.9727499,37.5468849],[-81.9711877,37.5468976],[-81.9699842,37.5467766],[-81.9695337,37.5466711],[-81.9681492,37.5459066],[-81.9670321,37.5450738],[-81.9664879,37.5445742],[-81.9659628,37.5441276],[-81.9651035,37.5438777],[-81.964607,37.5435749],[-81.9645413,37.5432531],[-81.9645974,37.5427497],[-81.9646834,37.5418867],[-81.9651528,37.541012],[-81.967705,37.5377829],[-81.9686171,37.5360572],[-81.9688653,37.5353227],[-81.9688589,37.534643],[-81.9684414,37.5336636],[-81.9679688,37.5332727],[-81.9674142,37.5330934],[-81.9666051,37.5331443],[-81.9656666,37.5333905],[-81.9605086,37.5353446],[-81.9592945,37.5356751],[-81.9583144,37.5357087],[-81.957592,37.5355856],[-81.9570212,37.5352355],[-81.9566806,37.5347397],[-81.9566229,37.5340502],[-81.9568824,37.5329276],[-81.9572947,37.5302907],[-81.9572815,37.5298195],[-81.9569844,37.5290645],[-81.9564477,37.5286935],[-81.9551615,37.5283578],[-81.9542974,37.5282935],[-81.9535375,37.5283826],[-81.9513243,37.5294828],[-81.9480971,37.5313454],[-81.9464549,37.5318906],[-81.9456529,37.5319511],[-81.94508,37.5318451],[-81.9447172,37.5316937],[-81.944087,37.5313303],[-81.943686,37.5308608],[-81.9436478,37.5304519],[-81.9437624,37.5299825],[-81.9441634,37.5296645],[-81.9455192,37.5290133],[-81.9462066,37.5284681],[-81.9465695,37.5280592],[-81.9471614,37.5271506],[-81.9473524,37.5267417],[-81.9474288,37.5258785],[-81.9470659,37.5247427],[-81.9467604,37.5242883],[-81.9457865,37.5233796],[-81.9442398,37.5221377],[-81.9437624,37.5215471],[-81.943476,37.5210321],[-81.9433232,37.5206081],[-81.9432468,37.520184],[-81.9433232,37.5196085],[-81.9436478,37.5189723],[-81.9443926,37.5178818],[-81.9447936,37.5171548],[-81.9449654,37.5166853],[-81.9450227,37.5160492],[-81.944889,37.5144436],[-81.9447554,37.5139438],[-81.9445453,37.5135348],[-81.944278,37.5132773],[-81.9433232,37.5128532],[-81.9425212,37.5126563],[-81.9417955,37.5125806],[-81.9403061,37.512626],[-81.9395423,37.5127472],[-81.9389885,37.5129592],[-81.9380146,37.5134742],[-81.9370216,37.5142467],[-81.9365442,37.5152464],[-81.9364297,37.5159431],[-81.9360287,37.5173517],[-81.9353221,37.5187603],[-81.9349402,37.5191541],[-81.9344628,37.5193813],[-81.9336417,37.5196691],[-81.9332789,37.5196388],[-81.9329924,37.5195024],[-81.9327251,37.519245],[-81.9324196,37.5184725],[-81.9321904,37.5181393],[-81.9318849,37.5178364],[-81.9309683,37.517276],[-81.9302045,37.5169882],[-81.9293261,37.5165641],[-81.9281422,37.5156856],[-81.9270346,37.5151252],[-81.9263899,37.5146363],[-81.9261217,37.5142193],[-81.9261968,37.513513],[-81.9268835,37.5127386],[-81.927695,37.5120057],[-81.9278895,37.511961],[-81.9281596,37.5119675],[-81.9290895,37.5120548],[-81.9319149,37.512204],[-81.932426,37.5119941],[-81.9328011,37.5117588],[-81.9330682,37.5115244],[-81.9340544,37.5109316],[-81.9344305,37.5107738],[-81.9351948,37.5105784],[-81.9359937,37.5105549],[-81.937288,37.5104156],[-81.9383427,37.5101147],[-81.9390732,37.5098077],[-81.9399199,37.5092848],[-81.9401569,37.5092399],[-81.9404814,37.5092803],[-81.9410234,37.5094395],[-81.9412285,37.5094292],[-81.9418201,37.5092438],[-81.9428408,37.5088227],[-81.9431082,37.5086141],[-81.9435228,37.5080946],[-81.9437442,37.5076626],[-81.9440947,37.5071953],[-81.9441775,37.5069107],[-81.9441846,37.5066181],[-81.9439797,37.5057852],[-81.9438622,37.5050291],[-81.943889,37.5045815],[-81.9437976,37.5033261],[-81.9438606,37.503188],[-81.9443424,37.5028572],[-81.9449436,37.502577],[-81.9457139,37.5020031],[-81.9460158,37.5019662],[-81.9470645,37.502061],[-81.9478435,37.5021752],[-81.9488615,37.502408],[-81.9496066,37.502402],[-81.9501343,37.5022945],[-81.9510299,37.5022356],[-81.9518316,37.50205],[-81.9526106,37.5017067],[-81.9529634,37.5014285],[-81.9535466,37.5005807],[-81.9538469,37.499904],[-81.9540429,37.4996376],[-81.9538513,37.4992049],[-81.9537663,37.4987926],[-81.954,37.4983565],[-81.9539678,37.4979119],[-81.9540055,37.4977421],[-81.9542288,37.4975285],[-81.9543561,37.4970827],[-81.954246,37.496787],[-81.9542416,37.4964481],[-81.9543619,37.4954516],[-81.9539982,37.4950733],[-81.9531923,37.4944125],[-81.9531641,37.4942857],[-81.9526571,37.4941415],[-81.9526022,37.4940042],[-81.9526512,37.4936755],[-81.9526201,37.4933157],[-81.952746,37.4927639],[-81.9526846,37.4921184],[-81.9527889,37.4919587],[-81.9534611,37.4915084],[-81.9537665,37.4914848],[-81.9543673,37.4916917],[-81.954633,37.491679],[-81.9549902,37.491549],[-81.955867,37.4915101],[-81.9570352,37.4913948],[-81.9580489,37.4916725],[-81.9584883,37.4917325],[-81.9589026,37.4919091],[-81.9595327,37.4923277],[-81.96008,37.4925139],[-81.9609303,37.4924858],[-81.9621849,37.4928886],[-81.9629603,37.4932318],[-81.9639465,37.4934355],[-81.9643193,37.4934854],[-81.9647446,37.493482],[-81.9659088,37.4930488],[-81.9660653,37.4928145],[-81.9664733,37.492504],[-81.9666431,37.4922696],[-81.9666541,37.4920895],[-81.9665008,37.49154],[-81.9667333,37.4910192],[-81.9670753,37.490741],[-81.9672454,37.4905278],[-81.9676425,37.4903974],[-81.9686932,37.4904524],[-81.9692904,37.4903839],[-81.9704677,37.48994],[-81.9705992,37.489833],[-81.9708076,37.489503],[-81.9707202,37.4889106],[-81.970598,37.4887104],[-81.9705676,37.4884141],[-81.9706865,37.4883601],[-81.9716183,37.488469],[-81.9720981,37.4885709],[-81.9722573,37.4885484],[-81.972836,37.4880777],[-81.973034,37.4879701],[-81.9733917,37.4878824],[-81.9748799,37.487849],[-81.9756352,37.4876733],[-81.97587,37.4873324],[-81.975973,37.4870774],[-81.9760581,37.4864624],[-81.9765046,37.4860456],[-81.9764206,37.485718],[-81.9765488,37.4853569],[-81.9767188,37.4851436],[-81.9774181,37.4847566],[-81.9775394,37.4845902],[-81.9776406,37.48449],[-81.9778128,37.4844462],[-81.9781866,37.4845702],[-81.9789976,37.4845952],[-81.9792912,37.4846881],[-81.9800962,37.4852639],[-81.9802968,37.4853576],[-81.9805631,37.4853977],[-81.9808024,37.4854063],[-81.9820206,37.4850573],[-81.9830972,37.4850589],[-81.983667,37.4849271],[-81.984172,37.4849229],[-81.9847769,37.4854474],[-81.9851503,37.4855396],[-81.9855093,37.4855577],[-81.9862654,37.4854455],[-81.98657,37.4853582],[-81.9870981,37.4850891],[-81.9881609,37.485059],[-81.9894345,37.4848789],[-81.9897126,37.4848024],[-81.9901342,37.4845235],[-81.9909687,37.4843152],[-81.9911646,37.4840488],[-81.9913446,37.4835919],[-81.9915012,37.4833682],[-81.991765,37.4832177],[-81.9926005,37.4830836],[-81.9927712,37.4829233],[-81.9928846,37.4824563],[-81.9928151,37.4822239],[-81.9925185,37.4819086],[-81.9924749,37.4816231],[-81.9927457,37.4809959],[-81.9931259,37.4806008],[-81.9931099,37.4803997],[-81.9929032,37.4798402],[-81.992941,37.479681],[-81.9943738,37.4784933],[-81.9955342,37.4778057],[-81.9958069,37.4773268],[-81.9965312,37.4768229],[-81.9965829,37.4767166],[-81.9965414,37.4765898],[-81.9959081,37.4759385],[-81.9957566,37.4755373],[-81.9957273,37.4753258],[-81.9958791,37.4747526],[-81.9958202,37.4743188],[-81.99545,37.4734535],[-81.9954923,37.4726376],[-81.9954242,37.4725111],[-81.9951965,37.4723753],[-81.9952338,37.4721844],[-81.9957255,37.4721802],[-81.9958438,37.4720839],[-81.9960013,37.4719343],[-81.9960635,37.4716161],[-81.9955594,37.4696716],[-81.9955182,37.4695766],[-81.9946929,37.469467],[-81.9932492,37.468812],[-81.9930874,37.4686333],[-81.9930176,37.4683797],[-81.9930246,37.467903],[-81.9933022,37.4667886],[-81.9932153,37.4662492],[-81.9932967,37.4653695],[-81.993495,37.4642875],[-81.9931257,37.4634857],[-81.9928955,37.4631593],[-81.9926035,37.4621768],[-81.9922785,37.4617135],[-81.9922209,37.4613751],[-81.9922286,37.4609514],[-81.9921732,37.4607824],[-81.9916421,37.460808],[-81.991218,37.4608857],[-81.9907783,37.4607941],[-81.990257,37.4605549],[-81.9900044,37.4605464],[-81.9895007,37.4606354],[-81.9892037,37.4602778],[-81.9886117,37.4597108],[-81.9883168,37.4595121],[-81.9880715,37.4590481],[-81.9875892,37.458745],[-81.987534,37.4585866],[-81.9878049,37.4569533],[-81.9879471,37.4566556],[-81.9878894,37.4563065],[-81.98759,37.4557689],[-81.9873824,37.4551352],[-81.9863378,37.4544978],[-81.9857779,37.4543542],[-81.9854057,37.4543362],[-81.9850059,37.4542442],[-81.9847668,37.4542462],[-81.9845313,37.4545235],[-81.9837798,37.454964],[-81.9831847,37.4551702],[-81.9826309,37.4554925],[-81.9819565,37.4557312],[-81.981495,37.4559998],[-81.9806677,37.4567632],[-81.9803243,37.4568992],[-81.9799825,37.4571774],[-81.9797436,37.4572005],[-81.9793697,37.4570553],[-81.9791573,37.4570677],[-81.9782832,37.4572762],[-81.9779776,37.4572787],[-81.9771919,37.4571369],[-81.9763423,37.4571863],[-81.9760089,37.4570938],[-81.975673,37.4568],[-81.9750194,37.4566042],[-81.9748722,37.4565207],[-81.974804,37.4563835],[-81.9748133,37.4560763],[-81.9747057,37.4559713],[-81.9744657,37.4559097],[-81.973856,37.4560207],[-81.9734307,37.456003],[-81.973201,37.4557083],[-81.9729326,37.4554987],[-81.9732484,37.4552631],[-81.9735234,37.4549537],[-81.9734674,37.4547318],[-81.9727628,37.4536679],[-81.9726377,37.4532453],[-81.9724904,37.4531512],[-81.9717544,37.4530413],[-81.9708887,37.4525712],[-81.9707402,37.4523924],[-81.9701261,37.4521539],[-81.9698583,37.4519972],[-81.9696432,37.4517977],[-81.9693889,37.4516515],[-81.9688025,37.4515081],[-81.9687212,37.4513817],[-81.968782,37.4509469],[-81.9691867,37.4503929],[-81.9693153,37.4500635],[-81.9698646,37.4493917],[-81.9700691,37.4487652],[-81.9704628,37.4483912],[-81.9703478,37.4477144],[-81.9701199,37.4475574],[-81.9690929,37.4472375],[-81.9684366,37.4468192],[-81.9681025,37.4466631],[-81.9678369,37.4466653],[-81.96679,37.4468645],[-81.966564,37.4468557],[-81.9661371,37.446711],[-81.9658191,37.4467771],[-81.965661,37.4468737],[-81.9652245,37.4470256],[-81.9647117,37.4474322],[-81.9634519,37.4476014],[-81.9631882,37.4477624],[-81.9628966,37.4478071],[-81.9625367,37.4477148],[-81.9620691,37.4475067],[-81.9618296,37.4474769],[-81.9616573,37.4475101],[-81.96134,37.4476292],[-81.960682,37.4481111],[-81.960523,37.4481442],[-81.9598154,37.447864],[-81.9592304,37.4478264],[-81.9588988,37.4478715],[-81.9585422,37.4480332],[-81.9580318,37.4486305],[-81.9575454,37.4490369],[-81.9574394,37.4490589],[-81.9573582,37.4489431],[-81.9573551,37.4486995],[-81.9573004,37.4485729],[-81.9568428,37.4481106],[-81.9564811,37.4478699],[-81.9558803,37.4476312],[-81.955478,37.4473379],[-81.9552086,37.4470435],[-81.9540558,37.4462267],[-81.9534827,37.4460725],[-81.9528981,37.4460666],[-81.9521126,37.4459247],[-81.9517135,37.4458855],[-81.9508502,37.4458925],[-81.9503314,37.4458331],[-81.9492383,37.4455348],[-81.9490637,37.4453773],[-81.9489916,37.444933],[-81.9488564,37.4447435],[-81.9483336,37.4443664],[-81.947929,37.4438825],[-81.947638,37.4429316],[-81.9473129,37.4424258],[-81.9468825,37.4420056],[-81.946642,37.4418911],[-81.9461896,37.4418311],[-81.9460556,37.4417369],[-81.9458643,37.4413148],[-81.9457729,37.4403835],[-81.9455572,37.440131],[-81.9450241,37.439987],[-81.9444119,37.4398966],[-81.9441207,37.4399731],[-81.9434696,37.4399571],[-81.943072,37.4400238],[-81.9428725,37.4400042],[-81.942512,37.4398588],[-81.942286,37.4398395],[-81.9419695,37.440022],[-81.9416018,37.4403639],[-81.9410327,37.4405273],[-81.9387738,37.4404605],[-81.9382112,37.4400837],[-81.9377278,37.4396639],[-81.9371822,37.4395835],[-81.9369679,37.439437],[-81.9364203,37.4391977],[-81.9358032,37.4387048],[-81.9356818,37.4385575],[-81.9354824,37.4374788],[-81.9352631,37.4369298],[-81.9352328,37.4366335],[-81.9355601,37.4362496],[-81.9359702,37.4361192],[-81.9364214,37.4360839],[-81.9367391,37.4359966],[-81.9368032,37.4358161],[-81.9368114,37.435403],[-81.9371282,37.4341825],[-81.9370994,37.4340026],[-81.9365874,37.4334136],[-81.9364247,37.4331501],[-81.93625,37.432982],[-81.9360632,37.43292],[-81.9356997,37.4325204],[-81.9355377,37.4323098],[-81.9354948,37.4320666],[-81.9356927,37.4319591],[-81.9361181,37.4319875],[-81.9369041,37.4321825],[-81.9375146,37.4321459],[-81.9377786,37.4320167],[-81.9381996,37.4316956],[-81.938291,37.4315678],[-81.9385475,37.430835],[-81.9387835,37.4305895],[-81.9391519,37.4303112],[-81.9395488,37.4301915],[-81.9400849,37.42952],[-81.9404525,37.4291782],[-81.9405428,37.4289656],[-81.9403522,37.4285859],[-81.9401102,37.4283548],[-81.9400151,37.4281861],[-81.9399028,37.4276998],[-81.9391378,37.4259901],[-81.9390802,37.4256305],[-81.9391014,37.4252067],[-81.9389919,37.4249427],[-81.9387619,37.4246057],[-81.9381563,37.4239644],[-81.9386533,37.4233462],[-81.9389133,37.4228993],[-81.9389242,37.4227085],[-81.938826,37.4222857],[-81.9388621,37.4219888],[-81.9387276,37.4218522],[-81.9382354,37.421782],[-81.9379005,37.4215517],[-81.9377525,37.421394],[-81.9377155,37.4205575],[-81.937882,37.420069],[-81.9378539,37.4199422],[-81.9376823,37.4200283],[-81.9375233,37.4200507],[-81.9363394,37.4198906],[-81.9355054,37.4200985],[-81.935133,37.4200485],[-81.9349329,37.4199759],[-81.9348097,37.4196803],[-81.9343167,37.4174071],[-81.9342489,37.4172912],[-81.9337006,37.4169778],[-81.932846,37.4155229],[-81.9325097,37.4151761],[-81.9323094,37.4150823],[-81.9314573,37.4148984],[-81.9308032,37.4146176],[-81.9303653,37.4146423],[-81.9299511,37.4144337],[-81.9297116,37.4143932],[-81.9289972,37.4146107],[-81.928612,37.4146031],[-81.9283855,37.4145413],[-81.9280371,37.4142793],[-81.927803,37.4136033],[-81.9274669,37.413267],[-81.9262104,37.4125884],[-81.9259255,37.4120929],[-81.9256442,37.4118939],[-81.9253377,37.4118009],[-81.9250721,37.411803],[-81.9245524,37.4116482],[-81.9242318,37.4114919],[-81.9236995,37.4113901],[-81.922969,37.4113747],[-81.922941,37.4112584],[-81.9233827,37.4104606],[-81.9242688,37.4101783],[-81.9245054,37.4099858],[-81.9243868,37.4094309],[-81.9244302,37.4092662],[-81.9243457,37.4088749],[-81.9246456,37.4084278],[-81.9246831,37.4082368],[-81.9242735,37.4073186],[-81.9244059,37.4072858],[-81.9247252,37.4073363],[-81.9249502,37.4072815],[-81.9255178,37.4070123],[-81.9257281,37.4068412],[-81.9259797,37.4067863],[-81.9274411,37.4068595],[-81.9283384,37.4064076],[-81.928522,37.4062262],[-81.928544,37.4058553],[-81.9286477,37.4056532],[-81.9290438,37.4054701],[-81.9299186,37.4053573],[-81.9300761,37.4052078],[-81.9302048,37.4048784],[-81.930173,37.404455],[-81.9300186,37.4037784],[-81.9300431,37.4036087],[-81.9302591,37.4028233],[-81.9304652,37.4023133],[-81.9308551,37.4016324],[-81.9307866,37.4014635],[-81.9306114,37.401253],[-81.9300738,37.4007171],[-81.9297807,37.4006347],[-81.9290637,37.4006297],[-81.9288507,37.4005784],[-81.9287169,37.4004948],[-81.9288445,37.4000807],[-81.9286922,37.3995735],[-81.927864,37.3991564],[-81.9277296,37.3990198],[-81.9276611,37.3988508],[-81.928131,37.3982011],[-81.9281819,37.3980206],[-81.9283664,37.3979133],[-81.9287781,37.3979206],[-81.9291358,37.3978648],[-81.9298216,37.3974994],[-81.9299399,37.3974031],[-81.9300039,37.397212],[-81.9300128,37.3968518],[-81.9297936,37.3963028],[-81.9296322,37.3961346],[-81.9291638,37.3958311],[-81.9289351,37.3955787],[-81.9288795,37.3953779],[-81.928957,37.3952079],[-81.9293503,37.3948023],[-81.9294401,37.3945474],[-81.9289575,37.3941699],[-81.9288094,37.3940016],[-81.9287914,37.3936205],[-81.9292146,37.39349],[-81.9295303,37.3932546],[-81.9297788,37.392956],[-81.9299498,37.3928276],[-81.930836,37.3925664],[-81.9311781,37.3923201],[-81.931706,37.3920724],[-81.932238,37.3921529],[-81.9325561,37.3921186],[-81.9327269,37.391969],[-81.9327111,37.3917679],[-81.9327629,37.3916616],[-81.9336183,37.3910617],[-81.9338009,37.3908061],[-81.933904,37.3905511],[-81.9338324,37.390128],[-81.9336249,37.3894518],[-81.9336228,37.3892823],[-81.9337274,37.3891544],[-81.9337263,37.3890697],[-81.9333107,37.3887341],[-81.9331868,37.3883749],[-81.9331834,37.3880996],[-81.9329416,37.3878685],[-81.932488,37.3876814],[-81.9318485,37.3874958],[-81.9316855,37.38719],[-81.9315479,37.3867992],[-81.9315317,37.3865663],[-81.9317047,37.385527],[-81.9318887,37.3853773],[-81.9324183,37.3852672],[-81.9328539,37.3850731],[-81.9332987,37.3845506],[-81.9338109,37.3841123],[-81.9349874,37.3837217],[-81.9356303,37.3831235],[-81.935839,37.3828253],[-81.9359888,37.3820616],[-81.9362053,37.381329],[-81.9366625,37.3807323],[-81.9359472,37.3787151],[-81.9356001,37.3785483],[-81.935108,37.3784675],[-81.9347299,37.3779409],[-81.9345294,37.377826],[-81.9341042,37.377787],[-81.9332689,37.3778572],[-81.9330821,37.3777739],[-81.9328271,37.3775429],[-81.9320933,37.377231],[-81.931718,37.3769374],[-81.931484,37.3762614],[-81.931159,37.3757344],[-81.9309843,37.3755557],[-81.9310853,37.3751419],[-81.9312254,37.3749178],[-81.931409,37.3747534],[-81.9318592,37.3743794],[-81.9320531,37.3742964],[-81.9325717,37.374196],[-81.933126,37.3739768],[-81.9333747,37.3738267],[-81.9337135,37.3734462],[-81.9339594,37.3730665],[-81.9339744,37.3727774],[-81.9338148,37.3726305],[-81.9331149,37.3723323],[-81.9329088,37.3721784],[-81.9328948,37.3718007],[-81.9331107,37.3712434],[-81.9332358,37.3706641],[-81.9331808,37.3701539],[-81.9332493,37.369694],[-81.9334226,37.3694482],[-81.9334676,37.3693293],[-81.9334295,37.3692555],[-81.9326366,37.3689358],[-81.931917,37.3685415],[-81.9318118,37.368283],[-81.9312848,37.367702],[-81.9311413,37.3673549],[-81.9307103,37.3670324],[-81.930418,37.3666569],[-81.9297659,37.366462],[-81.9290872,37.366371],[-81.9289463,37.3662388],[-81.9288229,37.3660101],[-81.9285057,37.3658792],[-81.9276778,37.3657302],[-81.9269345,37.3656693],[-81.9260778,37.365439],[-81.9259931,37.3653434],[-81.9260194,37.3652172],[-81.9261655,37.3650235],[-81.9263959,37.3648883],[-81.9267066,37.3644933],[-81.9269921,37.3643132],[-81.9271569,37.3641267],[-81.9272376,37.3638964],[-81.9272517,37.3635333],[-81.9274592,37.3630502],[-81.9276984,37.3621223],[-81.9283072,37.3610656],[-81.9284227,37.3606424],[-81.9283806,37.3602427],[-81.9281177,37.3599929],[-81.9279964,37.359942],[-81.9277921,37.3599362],[-81.9275587,37.3598195],[-81.9268346,37.3590474],[-81.9266174,37.3587453],[-81.9261213,37.3576454],[-81.9259799,37.3574687],[-81.9253323,37.3568738],[-81.925137,37.3568383],[-81.9249889,37.356869],[-81.9248044,37.3569594],[-81.9245298,37.3572727],[-81.9243584,37.357674],[-81.9241664,37.3579126],[-81.9239819,37.3580029],[-81.9237503,37.3580344],[-81.9235362,37.3579842],[-81.923386,37.3578446],[-81.9232437,37.3575939],[-81.9221896,37.3571502],[-81.9218146,37.356842],[-81.921645,37.3566285],[-81.921624,37.3564286],[-81.9209107,37.3557749],[-81.9208554,37.3550493],[-81.9207108,37.354606],[-81.9206874,37.3542061],[-81.9205418,37.3536887],[-81.9202593,37.3533501],[-81.9200254,37.3531964],[-81.9190873,37.3531296],[-81.9188447,37.3530204],[-81.9185728,37.3527854],[-81.9182304,37.3521065],[-81.9182399,37.3513583],[-81.918154,37.3511663],[-81.917444,37.3507718],[-81.9174785,37.3505567],[-81.9178198,37.349628],[-81.9177701,37.3493543],[-81.9175913,37.3491557],[-81.917312,37.3490764],[-81.9167387,37.3492438],[-81.9165452,37.3493564],[-81.916174,37.3493593],[-81.9154573,37.3491797],[-81.9152823,37.3492847],[-81.9150532,37.3495236],[-81.914409,37.3495534],[-81.9139767,37.3495171],[-81.9138276,37.3494664],[-81.9135365,37.3491797],[-81.913378,37.3491217],[-81.9122833,37.349145],[-81.9119022,37.3490886],[-81.9114987,37.3487139],[-81.9112569,37.3486713],[-81.9110065,37.3486881],[-81.9103408,37.3488858],[-81.9101637,37.3488205],[-81.9098814,37.3484967],[-81.9097003,37.3480981],[-81.9095242,37.3458104],[-81.9096686,37.3454685],[-81.9096006,37.3452171],[-81.9094238,37.3451741],[-81.9090434,37.345177],[-81.9082098,37.3453019],[-81.9079396,37.3452151],[-81.9078892,37.3448821],[-81.9084873,37.3444627],[-81.9086794,37.3442316],[-81.9087418,37.3440162],[-81.9086467,37.3438318],[-81.9080588,37.3435548],[-81.9076468,37.3432394],[-81.9075614,37.3430845],[-81.9075934,37.342662],[-81.9073785,37.3425377],[-81.9070251,37.3424663],[-81.9067191,37.3424835],[-81.9059799,37.342741],[-81.9053565,37.3425977],[-81.9050781,37.3425924],[-81.9039342,37.3431493],[-81.9037207,37.3431436],[-81.9034098,37.3427459],[-81.9030027,37.3420749],[-81.9026842,37.341818],[-81.902183,37.341807],[-81.9008399,37.3420025],[-81.900543,37.3419973],[-81.9002453,37.3419329],[-81.8999088,37.3417281],[-81.8994675,37.3412944],[-81.8994196,37.3411614],[-81.899605,37.3403747],[-81.8998674,37.3398097],[-81.8998373,37.3396247],[-81.8996034,37.3394561],[-81.8989714,37.339372],[-81.8987012,37.3392704],[-81.8985321,37.3391013],[-81.8982666,37.3386218],[-81.8980222,37.3383495],[-81.8978113,37.3377807],[-81.8971309,37.3367414],[-81.8967582,37.3358256],[-81.8965253,37.334968],[-81.8964836,37.3345831],[-81.8965564,37.3344566],[-81.8968687,37.334195],[-81.8974031,37.3338872],[-81.8979112,37.3336981],[-81.8979657,37.3336014],[-81.8975571,37.3327896],[-81.8966932,37.331922],[-81.8964883,37.3318495],[-81.8961543,37.331852],[-81.8957379,37.3319441],[-81.8952681,37.3322217],[-81.8950831,37.3322676],[-81.8949341,37.3322243],[-81.8948181,37.3318325],[-81.8948407,37.3313879],[-81.8947632,37.3311144],[-81.894088,37.3304972],[-81.8936899,37.329789],[-81.8935406,37.3297087],[-81.8934014,37.3297097],[-81.8928209,37.3300401],[-81.8924537,37.3303688],[-81.8919061,37.331136],[-81.8911978,37.3316525],[-81.8907728,37.3317964],[-81.8903281,37.3318516],[-81.8899379,37.3318027],[-81.8895002,37.3316652],[-81.8887583,37.3316856],[-81.88846,37.3315694],[-81.8881597,37.3312753],[-81.8878419,37.3310777],[-81.8874245,37.3310808],[-81.8871357,37.3309793],[-81.8869845,37.3307433],[-81.8866747,37.3304345],[-81.8863391,37.3302963],[-81.8854765,37.3303102],[-81.8850973,37.3304093],[-81.8848205,37.3305373],[-81.884374,37.3304369],[-81.8842046,37.3302308],[-81.8840191,37.3302322],[-81.8834042,37.3300145],[-81.883155,37.3301201],[-81.8829234,37.3301515],[-81.8821762,37.3301538],[-81.8816648,37.3304127],[-81.8807919,37.3311378],[-81.88023,37.3314828],[-81.8796508,37.331939],[-81.8793372,37.3320969],[-81.8788895,37.3318928],[-81.8785523,37.3316138],[-81.877876,37.3316929],[-81.8773812,37.3314299],[-81.8774426,37.3311257],[-81.8779017,37.3307148],[-81.8781986,37.32992],[-81.8783537,37.3288965],[-81.8782234,37.3288604],[-81.8777876,37.3288785],[-81.8776373,37.3287166],[-81.8774462,37.3282439],[-81.8772479,37.3279417],[-81.8767378,37.3277009],[-81.876221,37.3273863],[-81.8759252,37.3274774],[-81.8754477,37.3279032],[-81.875281,37.3279266],[-81.8748172,37.3279301],[-81.8743962,37.3278255],[-81.8739922,37.3275399],[-81.8739511,37.3273985],[-81.8741231,37.3269303],[-81.8741199,37.3266523],[-81.8740321,37.3264483],[-81.8736718,37.3259735],[-81.8736739,37.3255853],[-81.8732663,37.3249954],[-81.8730876,37.3248866],[-81.8730005,37.3247403],[-81.8725219,37.3242507],[-81.8724191,37.3238841],[-81.872416,37.3236218],[-81.8725124,37.3234323],[-81.872935,37.3230514],[-81.8729861,37.3229251],[-81.8728527,37.3227477],[-81.8721829,37.322207],[-81.8717622,37.3221891],[-81.8712441,37.3222664],[-81.8710857,37.3222046],[-81.8708827,37.3216867],[-81.8704564,37.3211861],[-81.8702601,37.3206839],[-81.8699628,37.3205392],[-81.8696073,37.3204684],[-81.8688198,37.3205424],[-81.8678507,37.3208171],[-81.8675875,37.3207875],[-81.8671715,37.3206017],[-81.8669975,37.3203196],[-81.8670639,37.3198155],[-81.8668794,37.3197644],[-81.8664902,37.319757],[-81.8661749,37.3196226],[-81.865808,37.3197145],[-81.8656305,37.3197053],[-81.8655312,37.3196326],[-81.865518,37.3190556],[-81.8654371,37.3188778],[-81.8651253,37.3186125],[-81.8647942,37.3183788],[-81.8640245,37.31829],[-81.8637409,37.3181871],[-81.8633422,37.3177913],[-81.8626267,37.3172666],[-81.8622731,37.3167918],[-81.862115,37.3161738],[-81.8619417,37.31596],[-81.8617238,37.3158619],[-81.860952,37.3161508],[-81.8607212,37.3160791],[-81.860304,37.315783],[-81.8599924,37.3149511],[-81.8599535,37.3144267],[-81.8597653,37.3140503],[-81.8598947,37.3138763],[-81.8599729,37.3138232],[-81.8611257,37.3135263],[-81.8613272,37.3133359],[-81.8615595,37.3129775],[-81.8620323,37.3129583],[-81.8622548,37.3128832],[-81.8629212,37.3125688],[-81.8635688,37.3123332],[-81.8637121,37.3122301],[-81.8638605,37.3119953],[-81.8646272,37.3112552],[-81.8651906,37.3105532],[-81.8655564,37.3098003],[-81.8657016,37.3092851],[-81.8656863,37.3090963],[-81.8655594,37.3089136],[-81.8650354,37.3084715],[-81.8649151,37.308294],[-81.8646582,37.3082224],[-81.8645907,37.3080707],[-81.8641713,37.3075806],[-81.8639158,37.3070631],[-81.8633071,37.3066793],[-81.8628187,37.306473],[-81.8625999,37.306291],[-81.8620207,37.3056131],[-81.8618692,37.3055723],[-81.861186,37.3055667],[-81.8606267,37.3054764],[-81.8600656,37.3052286],[-81.8597194,37.3048272],[-81.8595406,37.3046973],[-81.859324,37.3047094],[-81.8583217,37.3055194],[-81.8575264,37.3060446],[-81.856198,37.3064896],[-81.8558642,37.3065918],[-81.855274,37.3066747],[-81.8549587,37.3066718],[-81.8546825,37.3066423],[-81.8544178,37.3064658],[-81.8543109,37.3063092],[-81.8543846,37.3058574],[-81.8541352,37.3052926],[-81.8541653,37.305051],[-81.8543001,37.3047772],[-81.8543841,37.3040736],[-81.8545325,37.3038312],[-81.854488,37.3033855],[-81.8541365,37.3025067],[-81.854093,37.3021397],[-81.8539456,37.3018837],[-81.8539085,37.3015062],[-81.853657,37.3013401],[-81.8535702,37.3012148],[-81.8535174,37.3006066],[-81.8536071,37.3004118],[-81.8539726,37.3002046],[-81.8542069,37.300014],[-81.8549905,37.2996201],[-81.8551194,37.2993988],[-81.8547966,37.2987296],[-81.8547896,37.2981105],[-81.8547018,37.2979013],[-81.8544844,37.2978452],[-81.8540836,37.2978271],[-81.8538807,37.2978862],[-81.8535806,37.2980668],[-81.8534232,37.2980837],[-81.8529158,37.2979299],[-81.8526247,37.2977432],[-81.8524377,37.2974717],[-81.8523635,37.2972938],[-81.8523557,37.2966013],[-81.8524056,37.2963701],[-81.8528717,37.2957686],[-81.8532243,37.2950106],[-81.85335,37.2945113],[-81.8535736,37.2939535],[-81.8536413,37.2935543],[-81.8538586,37.293028],[-81.8541309,37.2921341],[-81.8542441,37.2916874],[-81.8541493,37.2908591],[-81.8542441,37.2899455],[-81.8540147,37.2894067],[-81.8537673,37.289015],[-81.8534894,37.2876687],[-81.8534093,37.2875486],[-81.8529369,37.2875887],[-81.8523875,37.2877815],[-81.8522038,37.2877986],[-81.8517275,37.2874872],[-81.8512138,37.2873545],[-81.8509842,37.2873719],[-81.8508017,37.2874939],[-81.8501257,37.287525],[-81.8499937,37.2874682],[-81.8498336,37.287249],[-81.8497532,37.2865203],[-81.8502386,37.2858925],[-81.8502283,37.2855568],[-81.850035,37.2853011],[-81.8498367,37.2851818],[-81.8491158,37.2853129],[-81.8487746,37.2853311],[-81.8485442,37.2852856],[-81.8483662,37.2852186],[-81.8480716,37.2847118],[-81.8475672,37.2848256],[-81.8469869,37.2846042],[-81.846823,37.2846263],[-81.8467192,37.2847425],[-81.8465599,37.2851739],[-81.8464626,37.2852795],[-81.846282,37.2853424],[-81.8459905,37.2853458],[-81.8455822,37.2852386],[-81.8451712,37.28489],[-81.8450266,37.2848753],[-81.8448372,37.2849711],[-81.8444793,37.285257],[-81.8442702,37.2853529],[-81.8438703,37.2854135],[-81.8432467,37.2854284],[-81.843031,37.2855244],[-81.8427491,37.2855579],[-81.8424858,37.2855073],[-81.8421804,37.2852052],[-81.842009,37.2851434],[-81.8417857,37.285145],[-81.8416027,37.2852198],[-81.8411281,37.2856429],[-81.8404557,37.2860044],[-81.8400889,37.2860857],[-81.8396671,37.2859471],[-81.8394374,37.2859592],[-81.8387259,37.2863367],[-81.8383316,37.2863133],[-81.8379349,37.2860643],[-81.8372306,37.2859171],[-81.8369073,37.2857778],[-81.8364566,37.2853979],[-81.8362387,37.2852893],[-81.8359622,37.2852283],[-81.8356933,37.2852617],[-81.835223,37.2854854],[-81.8349935,37.285508],[-81.8344406,37.2853912],[-81.8338605,37.2851907],[-81.8336416,37.2849876],[-81.8334878,37.2847368],[-81.8334388,37.2844644],[-81.8334602,37.2840235],[-81.8336144,37.2837129],[-81.8339454,37.283359],[-81.8342845,37.2831467],[-81.8344337,37.282983],[-81.8345871,37.2826042],[-81.8346609,37.2821525],[-81.8344604,37.2818391],[-81.8339322,37.2815752],[-81.8337087,37.2815506],[-81.8329284,37.2816505],[-81.8325534,37.2815797],[-81.8319374,37.281689],[-81.8318513,37.2816266],[-81.8316289,37.2811035],[-81.831503,37.2809995],[-81.8309105,37.2808567],[-81.8306673,37.2808375],[-81.83034,37.280929],[-81.8301648,37.2811138],[-81.8298772,37.2812365],[-81.829312,37.2811933],[-81.8289787,37.2813373],[-81.8288686,37.2814692],[-81.8287443,37.281512],[-81.8285538,37.2815029],[-81.8282887,37.2812844],[-81.8280552,37.280945],[-81.8278761,37.2807836],[-81.8271313,37.2805265],[-81.8265676,37.2806144],[-81.8263765,37.2805527],[-81.8260338,37.2798311],[-81.8258295,37.279161],[-81.8257297,37.2790462],[-81.8255914,37.2790105],[-81.8254476,37.2790692],[-81.8250248,37.2794289],[-81.8241865,37.2796289],[-81.823648,37.2796221],[-81.8234449,37.2796603],[-81.8229288,37.2799052],[-81.8224493,37.2798823],[-81.8214804,37.279548],[-81.8198298,37.2793129],[-81.8193441,37.279332],[-81.8189261,37.2795343],[-81.8187505,37.2796929],[-81.818628,37.2798931],[-81.8184711,37.2799624],[-81.8183334,37.2799791],[-81.8180285,37.2797136],[-81.8178504,37.2796414],[-81.8172332,37.2796352],[-81.816299,37.2800771],[-81.8161494,37.2802093],[-81.8159753,37.2804991],[-81.8155375,37.2807015],[-81.8147892,37.2807171],[-81.813296,37.2810842],[-81.8130871,37.2811905],[-81.812854,37.2814964],[-81.8128774,37.2818478],[-81.8128064,37.2819532],[-81.8126827,37.2820538],[-81.8118918,37.282395],[-81.8110627,37.2828414],[-81.8107482,37.2829065],[-81.8103869,37.2828932],[-81.8096564,37.2827408],[-81.809021,37.2828816],[-81.8087575,37.2827995],[-81.8084563,37.282875],[-81.8082349,37.2830549],[-81.8079144,37.2831725],[-81.8073883,37.2830974],[-81.807135,37.2833562],[-81.8071055,37.283666],[-81.8068401,37.2840298],[-81.8058941,37.2845976],[-81.8057383,37.2847718],[-81.8054392,37.2856605],[-81.80525,37.2857773],[-81.8047982,37.2858958],[-81.8044243,37.285935],[-81.803623,37.2859143],[-81.8031887,37.2858333],[-81.8029304,37.2856251],[-81.8024295,37.2854554],[-81.8023429,37.2853353],[-81.8020391,37.2851695],[-81.8018611,37.2851025],[-81.8015062,37.2850734],[-81.8013034,37.285143],[-81.8006978,37.2856298],[-81.8004291,37.2856736],[-81.8001462,37.285623],[-81.7999018,37.2854883],[-81.7992108,37.2847269],[-81.7989738,37.2846656],[-81.7984714,37.2849733],[-81.7979543,37.2851289],[-81.7972721,37.2851965],[-81.796588,37.2850857],[-81.795977,37.2850531],[-81.795733,37.284955],[-81.7955276,37.284778],[-81.7951124,37.2846392],[-81.7945151,37.2846589],[-81.7943191,37.2847599],[-81.7940634,37.2847931],[-81.7938792,37.2847629],[-81.7936272,37.2845285],[-81.7931025,37.2833305],[-81.7933091,37.2829986],[-81.793536,37.2820999],[-81.7935356,37.2814283],[-81.7932701,37.2811573],[-81.7927395,37.2812815],[-81.7919483,37.2815964],[-81.7918314,37.2817231],[-81.7917924,37.2823791],[-81.7915062,37.2826381],[-81.7907094,37.2830475],[-81.7904889,37.2833165],[-81.7902267,37.2839898],[-81.7899389,37.2840967],[-81.789434,37.284163],[-81.7891807,37.2844271],[-81.7890629,37.2844646],[-81.7886477,37.2843204],[-81.7880437,37.284335],[-81.787754,37.2842529],[-81.7876471,37.2840858],[-81.7874955,37.2840238],[-81.7870155,37.2839641],[-81.786882,37.2837551],[-81.7868119,37.2833253],[-81.7866664,37.2832318],[-81.7854445,37.283177],[-81.7852455,37.2829842],[-81.7851397,37.2825978],[-81.784903,37.2822467],[-81.7847445,37.2821638],[-81.7843174,37.2821352],[-81.7841471,37.282173],[-81.7836453,37.2825384],[-81.7835142,37.2825602],[-81.7828298,37.2824178],[-81.7822492,37.2821489],[-81.7820902,37.2820135],[-81.7819032,37.2817052],[-81.7817261,37.2810925],[-81.7814403,37.2807586],[-81.7812022,37.2805923],[-81.7804275,37.2806027],[-81.7802104,37.2805674],[-81.7798346,37.2804124],[-81.7795628,37.2801624],[-81.7791925,37.2792729],[-81.7791973,37.2784649],[-81.7794047,37.2775716],[-81.7793571,37.2774145],[-81.779178,37.2772373],[-81.7788878,37.277108],[-81.7778738,37.2768262],[-81.777629,37.2766494],[-81.7771672,37.275792],[-81.7769755,37.2756673],[-81.7760548,37.2755212],[-81.7758625,37.2753388],[-81.7757953,37.2751924],[-81.7756367,37.2750885],[-81.7753278,37.275059],[-81.775123,37.2749344],[-81.774873,37.2748836],[-81.7744064,37.2748394],[-81.7741229,37.2747259],[-81.7739442,37.2745906],[-81.7738241,37.2744025],[-81.7737692,37.274172],[-81.773643,37.2740312],[-81.7733725,37.2739018],[-81.7731234,37.2739349],[-81.7726741,37.2743051],[-81.7722087,37.2743711],[-81.7713791,37.2741509],[-81.7707943,37.274097],[-81.7705901,37.2740354],[-81.7695918,37.2733598],[-81.7693942,37.2732929],[-81.7689476,37.2732853],[-81.7687842,37.2733494],[-81.7685793,37.2738649],[-81.7682267,37.274056],[-81.7679781,37.2741416],[-81.7674908,37.2739979],[-81.7672282,37.2739996],[-81.7668154,37.2740862],[-81.765588,37.2747657],[-81.7652164,37.2750305],[-81.7643362,37.2749889],[-81.763052,37.2752491],[-81.762776,37.2753911],[-81.7627787,37.2754922],[-81.7625186,37.2757404],[-81.7622891,37.2757734],[-81.7615726,37.2756888],[-81.761361,37.275538],[-81.7607739,37.2752742],[-81.7600232,37.2750482],[-81.759658,37.2752919],[-81.758846,37.2761576],[-81.7585841,37.2762327],[-81.7580303,37.2760107],[-81.7578595,37.2760013],[-81.7575056,37.2760665],[-81.7572951,37.2760259],[-81.7570826,37.2757806],[-81.7569483,37.2754824],[-81.7569133,37.2752675],[-81.7569947,37.2748735],[-81.757533,37.2742142],[-81.7575842,37.2740775],[-81.7575606,37.2736946],[-81.7576691,37.2733844],[-81.7577424,37.272833],[-81.7577802,37.2720248],[-81.7578705,37.2718616],[-81.7579073,37.2716042],[-81.7578765,37.271148],[-81.7577835,37.2710384],[-81.7575576,37.2701164],[-81.7575331,37.2696391],[-81.7574657,37.2694717],[-81.7576297,37.2687991],[-81.7575288,37.2685636],[-81.7574231,37.2684908],[-81.7569755,37.268373],[-81.7566716,37.2681861],[-81.7558962,37.2674565],[-81.7557255,37.2674524],[-81.7553526,37.2675912],[-81.7550045,37.2675724],[-81.7542141,37.2673099],[-81.753559,37.2667946],[-81.7529204,37.2666098],[-81.7528452,37.2663112],[-81.7527068,37.2662596],[-81.752326,37.2655957],[-81.7519433,37.265404],[-81.7514276,37.2650348],[-81.7510253,37.2648537],[-81.7508615,37.2648862],[-81.7506075,37.265082],[-81.750548,37.2650456],[-81.7503845,37.2644433],[-81.7501727,37.2642663],[-81.7499352,37.2641576],[-81.7491845,37.2640142],[-81.7483157,37.2642461],[-81.7478909,37.2642544],[-81.7478329,37.2641189],[-81.7474391,37.2636912],[-81.7461293,37.2637221],[-81.7460437,37.2636661],[-81.7460341,37.2634058],[-81.7461363,37.2629976],[-81.7464531,37.2620955],[-81.7463103,37.2619776],[-81.7457698,37.2617433],[-81.7453533,37.2611572],[-81.7453162,37.2609876],[-81.7455464,37.259922],[-81.7455418,37.2594522],[-81.7456927,37.2582399],[-81.745627,37.2580365],[-81.7454699,37.2579073],[-81.7448818,37.2578771],[-81.7440661,37.2577407],[-81.7439023,37.2576455],[-81.7436298,37.2572963],[-81.7436126,37.2569851],[-81.7436529,37.2567641],[-81.743931,37.2562415],[-81.7439216,37.2560039],[-81.7436783,37.255745],[-81.7432652,37.2555099],[-81.7427436,37.2550263],[-81.7423245,37.2548931],[-81.7416628,37.2547844],[-81.741174,37.2545607],[-81.741031,37.2544201],[-81.7409512,37.2542168],[-81.7409416,37.2539622],[-81.7410229,37.2535881],[-81.7414747,37.2527305],[-81.7420039,37.2510913],[-81.742115,37.2508755],[-81.7422974,37.2506989],[-81.7424565,37.2503186],[-81.7429836,37.2498693],[-81.7432119,37.2496073],[-81.7432295,37.2486355],[-81.7435681,37.2478516],[-81.7436247,37.2473844],[-81.7434258,37.2464954],[-81.7434129,37.2458658],[-81.743855,37.245255],[-81.7439572,37.2445921],[-81.7441434,37.2441946],[-81.7443189,37.243401],[-81.7442957,37.2431134],[-81.7441216,37.2426639],[-81.7437996,37.2423674],[-81.7434181,37.2422395],[-81.7417585,37.2419405],[-81.7411725,37.2417271],[-81.7410493,37.2416355],[-81.7409107,37.2413433],[-81.7408672,37.2410613],[-81.7406248,37.2405742],[-81.7406078,37.2402269],[-81.7408731,37.2395793],[-81.740897,37.239248],[-81.7408202,37.2390313],[-81.7402624,37.2382205],[-81.7401362,37.2378142],[-81.7400737,37.237573],[-81.7387566,37.2383295],[-81.7377884,37.2378847],[-81.7361114,37.2386332],[-81.7348849,37.2380444],[-81.7336194,37.2378419],[-81.7310266,37.239976],[-81.7301262,37.2398169],[-81.7291657,37.2398965],[-81.7288046,37.23969],[-81.7283258,37.2396764],[-81.7271144,37.2399813],[-81.7261799,37.2404762],[-81.7239705,37.2404832],[-81.722845,37.2402693],[-81.7224782,37.2398333],[-81.7221711,37.2385463],[-81.7205861,37.2386755],[-81.7195633,37.2383388],[-81.7194904,37.2375849],[-81.7185087,37.2361266],[-81.7183709,37.235416],[-81.7174073,37.2352496],[-81.7167133,37.2347972],[-81.7159343,37.2336564],[-81.7158781,37.2332074],[-81.7162266,37.2321634],[-81.7162912,37.2313316],[-81.7159835,37.2310703],[-81.7157146,37.2310243],[-81.7154419,37.2305396],[-81.7156896,37.2286604],[-81.7129081,37.2281454],[-81.7115689,37.2275119],[-81.7111089,37.2266322],[-81.7106032,37.2263347],[-81.7099996,37.2253907],[-81.7087565,37.2254482],[-81.7085293,37.2253358],[-81.7078604,37.2238126],[-81.7071009,37.2238214],[-81.7065503,37.2241239],[-81.7060586,37.224241],[-81.7052286,37.2235522],[-81.7039064,37.2231405],[-81.7039717,37.2217099],[-81.7029494,37.220736],[-81.701957,37.2206145],[-81.700963,37.2207749],[-81.7006344,37.2199301],[-81.6991595,37.2197626],[-81.6989942,37.2184865],[-81.6987475,37.2180012],[-81.6958747,37.2169437],[-81.6963135,37.2155772],[-81.6957784,37.214551],[-81.6950068,37.2142164],[-81.6948941,37.2133035],[-81.6912348,37.2131002],[-81.6882814,37.2134617],[-81.6866964,37.2130509],[-81.6861656,37.2118025],[-81.6856789,37.2114244],[-81.6848001,37.2115874],[-81.6844914,37.2117381],[-81.6836224,37.211607],[-81.6833523,37.2112678],[-81.6837821,37.2110013],[-81.6838019,37.2094505],[-81.6829104,37.207204],[-81.6833662,37.2060623],[-81.6832724,37.205631],[-81.6810482,37.2032911],[-81.6781813,37.2021797],[-81.6781083,37.2014139],[-81.5743488,37.2060285],[-81.5605798,37.2067149],[-81.5598604,37.2071747],[-81.5587037,37.2075189],[-81.5584996,37.2073275],[-81.5579217,37.2074203],[-81.5576815,37.207126],[-81.5561024,37.2073496],[-81.554604,37.2079072],[-81.5537036,37.2085031],[-81.5530666,37.2102274],[-81.5518478,37.2111738],[-81.5487911,37.2144925],[-81.5472526,37.2156958],[-81.5463975,37.2181262],[-81.5459271,37.218848],[-81.5457781,37.2197761],[-81.5456024,37.2200431],[-81.544891,37.2202486],[-81.5445226,37.2206315],[-81.5439324,37.2207899],[-81.5427713,37.2201042],[-81.541175,37.2199068],[-81.5398751,37.2213298],[-81.5391064,37.2218684],[-81.53856,37.221632],[-81.5374968,37.221713],[-81.5366929,37.222676],[-81.5360039,37.2231588],[-81.5345627,37.2233246],[-81.5341636,37.2235699],[-81.5334242,37.2233562],[-81.5330754,37.223396],[-81.5323867,37.2240748],[-81.5302664,37.2255009],[-81.5287576,37.2254484],[-81.5268029,37.2259774],[-81.525591,37.2268135],[-81.5247424,37.227676],[-81.5243704,37.227836],[-81.5228566,37.2277501],[-81.5223979,37.2276187],[-81.5217323,37.2269706],[-81.5207344,37.226896],[-81.519755,37.2275784],[-81.5192081,37.2284159],[-81.5184686,37.2287211],[-81.5162791,37.2287616],[-81.5154708,37.2298473],[-81.5145592,37.2306244],[-81.5132827,37.2312294],[-81.5097069,37.2321724],[-81.5075922,37.2336605],[-81.5068287,37.2347146],[-81.506103,37.2389642],[-81.5062413,37.2404694],[-81.50608,37.2410072],[-81.5065408,37.2424625],[-81.5063713,37.2452585],[-81.504285,37.2487251],[-81.5041497,37.2499343],[-81.5031714,37.2521203],[-81.5030708,37.2530782],[-81.5016985,37.2543619],[-81.5007157,37.2559862],[-81.4993261,37.2572882],[-81.4988991,37.2580325],[-81.4984554,37.258072],[-81.4977794,37.257881],[-81.4977774,37.257172],[-81.4984502,37.2566485],[-81.4980645,37.2547154],[-81.4972329,37.2540638],[-81.4958393,37.2523353],[-81.4949192,37.2522727],[-81.4933795,37.2515962],[-81.4927172,37.2515987],[-81.4924634,37.2509577],[-81.4910942,37.2509671],[-81.4904969,37.2508034],[-81.4896062,37.2508044],[-81.4881576,37.2518609],[-81.4861832,37.2517355],[-81.48558,37.2511962],[-81.4847832,37.2511948],[-81.4837613,37.2505945],[-81.4830322,37.2506058],[-81.4814139,37.2511082],[-81.4804799,37.2510316],[-81.4802052,37.2512175],[-81.4803403,37.2519583],[-81.4799235,37.2524697],[-81.4787898,37.2527774],[-81.4781249,37.2535098],[-81.4766715,37.2541612],[-81.4761576,37.2554259],[-81.4752316,37.2553932],[-81.4746411,37.2557532],[-81.4736787,37.255969],[-81.473565,37.2561508],[-81.4735848,37.2566548],[-81.4731762,37.256962],[-81.471673,37.2567566],[-81.4699439,37.2575193],[-81.4692109,37.2574339],[-81.4678861,37.2584619],[-81.4672259,37.2585215],[-81.4666865,37.258009],[-81.4659054,37.2581789],[-81.4657791,37.2586115],[-81.4648312,37.2590933],[-81.4645306,37.2596447],[-81.4622788,37.2597549],[-81.4618404,37.260181],[-81.4618838,37.2605269],[-81.4623287,37.2609129],[-81.4622325,37.2610834],[-81.4615634,37.2612577],[-81.4612736,37.2616299],[-81.4611379,37.2625063],[-81.4591479,37.2625598],[-81.4588774,37.262855],[-81.4598784,37.263884],[-81.4605852,37.2654183],[-81.4595328,37.2654089],[-81.4587869,37.2664795],[-81.4581357,37.2664279],[-81.4551445,37.2669822],[-81.4543747,37.2668727],[-81.4535683,37.2669716],[-81.4525952,37.2683712],[-81.451094,37.2690975],[-81.4497145,37.2693108],[-81.4491538,37.2695693],[-81.4482596,37.2705319],[-81.4484284,37.2718177],[-81.4478996,37.2721291],[-81.4466259,37.2719015],[-81.4456728,37.2722383],[-81.4451579,37.2722392],[-81.4443649,37.2714212],[-81.4434588,37.2714348],[-81.4426701,37.2717795],[-81.4417855,37.2713871],[-81.4410007,37.2713529],[-81.4402412,37.2708202],[-81.4397804,37.2707721],[-81.4393726,37.2711251],[-81.4392376,37.2718739],[-81.4370323,37.2740666],[-81.4354404,37.2740048],[-81.4349735,37.2734141],[-81.4336182,37.2736774],[-81.4332877,37.2735275],[-81.4331878,37.2727816],[-81.4328705,37.2725838],[-81.4312022,37.2723777],[-81.4294308,37.271244],[-81.4278054,37.2708937],[-81.4270395,37.271345],[-81.425347,37.2716672],[-81.4250087,37.2716994],[-81.424026,37.2710827],[-81.423619,37.2710749],[-81.4228895,37.271409],[-81.4224124,37.2720947],[-81.4217464,37.2723348],[-81.4191588,37.2726671],[-81.4186376,37.2731779],[-81.416395,37.2731707],[-81.4159051,37.2736211],[-81.4157136,37.2743623],[-81.4160334,37.276655],[-81.4167504,37.277201],[-81.4167304,37.2775006],[-81.4156935,37.2789574],[-81.4147426,37.2791657],[-81.4139361,37.2795375],[-81.4128162,37.2793296],[-81.4114164,37.2803778],[-81.4113458,37.2816074],[-81.4096129,37.2836334],[-81.4097404,37.2846172],[-81.4091287,37.2855893],[-81.4090964,37.28703],[-81.4074348,37.2884039],[-81.4071064,37.289161],[-81.4072338,37.290159],[-81.4068564,37.2906305],[-81.4060564,37.292394],[-81.4059613,37.2933538],[-81.4040309,37.2936189],[-81.4039244,37.294437],[-81.4026926,37.2952082],[-81.4022427,37.2959319],[-81.4025265,37.2963214],[-81.4032244,37.296347],[-81.4037593,37.2966459],[-81.4040435,37.297435],[-81.4043472,37.2975677],[-81.405094,37.298739],[-81.404001,37.299237],[-81.4034748,37.3001116],[-81.4023876,37.3009552],[-81.4023926,37.3013755],[-81.4020849,37.3016246],[-81.3991564,37.302769],[-81.3983626,37.3027595],[-81.3980677,37.3036314],[-81.3969263,37.3042318],[-81.3968214,37.304481],[-81.3974394,37.305511],[-81.3973614,37.306341],[-81.3988549,37.3076998],[-81.398174,37.3093086],[-81.3981464,37.309571],[-81.3987633,37.3098786],[-81.3985524,37.310618],[-81.3980594,37.310981],[-81.3964664,37.311258],[-81.3951904,37.3126794],[-81.3953454,37.314443],[-81.3949206,37.3146956],[-81.3941074,37.3163613],[-81.3925939,37.3162225],[-81.3921027,37.3167503],[-81.3908534,37.316884],[-81.3903294,37.3174287],[-81.3898978,37.3174661],[-81.3895854,37.317853],[-81.3896684,37.3187827],[-81.3890226,37.3194167],[-81.3888233,37.319821],[-81.387919,37.3198968],[-81.3864933,37.3205875],[-81.3858401,37.3205682],[-81.3856288,37.319753],[-81.3848917,37.3185823],[-81.3836515,37.3186412],[-81.382923,37.3183346],[-81.3814713,37.3181696],[-81.3806036,37.3179713],[-81.3797342,37.3174728],[-81.3789353,37.3175901],[-81.3784524,37.3179474],[-81.3776363,37.3179025],[-81.3771028,37.3185814],[-81.3754507,37.3186183],[-81.3739174,37.3193172],[-81.3732127,37.3200096],[-81.3728552,37.3200091],[-81.3724063,37.3203778],[-81.3711157,37.3243269],[-81.370096,37.3244113],[-81.3687581,37.3253198],[-81.3675472,37.3272877],[-81.3682392,37.3295786],[-81.3692208,37.3305154],[-81.36939,37.3315614],[-81.3690773,37.3323711],[-81.367637,37.3326708],[-81.3672683,37.3329504],[-81.3674461,37.3341674],[-81.3667928,37.3345839],[-81.3664453,37.3361284],[-81.3652762,37.3377501],[-81.3625627,37.3380353],[-81.362092,37.3377545],[-81.3353456,37.3132273],[-81.3347765,37.3127081],[-81.320105,37.299323],[-81.3177992,37.2977587],[-81.3162431,37.2967031],[-81.2958327,37.2828584],[-81.2918823,37.2801766],[-81.2889105,37.2781612],[-81.2832346,37.27431],[-81.2744229,37.2683321],[-81.265448,37.2622435],[-81.2633599,37.2608544],[-81.2609533,37.2593019],[-81.2594632,37.2582133],[-81.258319,37.2575245],[-81.2568669,37.2564922],[-81.2520954,37.2532977],[-81.2497603,37.2516736],[-81.2488789,37.2510263],[-81.2468419,37.2497797],[-81.2447399,37.2483856],[-81.2429185,37.2471161],[-81.241352,37.2460851],[-81.2388727,37.2443598],[-81.2377761,37.2435478],[-81.237214,37.243206],[-81.2354917,37.2420351],[-81.2300369,37.2382498],[-81.2268562,37.2360872],[-81.225097,37.2348697],[-81.2185461,37.2374994],[-81.204774,37.243013],[-81.1850367,37.2541083],[-81.178151,37.257979],[-81.1766376,37.258646],[-81.1757946,37.2590176],[-81.167029,37.262881],[-81.1605485,37.2648906],[-81.158964,37.265382],[-81.142404,37.269165],[-81.1236735,37.275029],[-81.112596,37.278497],[-81.09482,37.28264],[-81.084012,37.284401],[-81.0574196,37.2877236],[-81.0528599,37.2882933],[-81.037191,37.290251],[-81.021937,37.294143],[-81.008457,37.296073],[-81.000576,37.297868],[-80.996013,37.299545],[-80.979589,37.302279],[-80.979106,37.300581],[-80.982173,37.296023],[-80.981322,37.293465],[-80.9801489,37.2927448],[-80.9744332,37.291557],[-80.973889,37.291444],[-80.966556,37.292158],[-80.947896,37.295872],[-80.938135,37.300278],[-80.931118,37.302872],[-80.92704,37.303683],[-80.919259,37.306163],[-80.900535,37.315],[-80.9004043,37.315089],[-80.880103,37.328903],[-80.869266,37.3383294],[-80.868986,37.338573],[-80.8684012,37.3388841],[-80.8658567,37.340238],[-80.865321,37.340523],[-80.849451,37.346909],[-80.8683544,37.3676173],[-80.8766245,37.3766771],[-80.883248,37.383933],[-80.862761,37.411829],[-80.864455,37.41418],[-80.865174,37.416996],[-80.865148,37.419927],[-80.863142,37.424644],[-80.859556,37.429568],[-80.8587914,37.428673],[-80.85836,37.428168],[-80.856997,37.427052],[-80.853163,37.426902],[-80.850656,37.426062],[-80.846324,37.423394],[-80.844213,37.423555],[-80.841672,37.425971],[-80.837678,37.425658],[-80.836671,37.424593],[-80.836446,37.424355],[-80.8313544,37.4208969],[-80.811639,37.407507],[-80.808769,37.406271],[-80.806358,37.404119],[-80.8070146,37.4017743],[-80.807134,37.401348],[-80.8066786,37.3998644],[-80.8062084,37.3983326],[-80.806129,37.398074],[-80.8017665,37.3979997],[-80.8012515,37.3971005],[-80.8009458,37.3960606],[-80.8003289,37.3956216],[-80.7997146,37.3954277],[-80.7982501,37.3955066],[-80.7966864,37.395221],[-80.795812,37.3951123],[-80.7947794,37.3945903],[-80.7938084,37.3951464],[-80.7934248,37.3951336],[-80.7926872,37.3949696],[-80.791837,37.395302],[-80.7913166,37.3954938],[-80.7908446,37.3956003],[-80.790317,37.395668],[-80.7896242,37.395513],[-80.7893908,37.3953574],[-80.7886398,37.3946414],[-80.7876527,37.394326],[-80.7872772,37.3948886],[-80.7859576,37.3947437],[-80.7855713,37.3953063],[-80.784188,37.394587],[-80.783324,37.392793],[-80.783382,37.390649],[-80.782295,37.389016],[-80.776766,37.384131],[-80.776649,37.383679],[-80.770082,37.372363],[-80.7670212,37.3731926],[-80.7641888,37.3736445],[-80.7623756,37.3744885],[-80.760641,37.374779],[-80.759886,37.374882],[-80.7541466,37.3774641],[-80.7514644,37.3778477],[-80.748604,37.3798113],[-80.7451515,37.3798638],[-80.7439113,37.3794335],[-80.7430315,37.3797234],[-80.7425702,37.3805418],[-80.7408106,37.3815137],[-80.7380936,37.3821037],[-80.7373238,37.3831249],[-80.7343626,37.3832784],[-80.732367,37.3837814],[-80.7309238,37.3848549],[-80.7276249,37.3862621],[-80.7256508,37.385367],[-80.7245511,37.3859594],[-80.7242131,37.3862195],[-80.7236496,37.3879371],[-80.7193744,37.3895355],[-80.7174111,37.3885978],[-80.7162094,37.3885041],[-80.7155657,37.3902856],[-80.7146851,37.3909201],[-80.7120863,37.3919982],[-80.7091674,37.3931092],[-80.705203,37.394618],[-80.7019678,37.3963276],[-80.701155,37.3967572],[-80.7008562,37.3969151],[-80.6939578,37.3999004],[-80.6907327,37.402043],[-80.6899667,37.4025127],[-80.6880033,37.4031476],[-80.6872147,37.4032797],[-80.6862277,37.4039189],[-80.685069,37.4039914],[-80.684179,37.4047578],[-80.6829608,37.4053635],[-80.6781542,37.4077498],[-80.6752253,37.408994],[-80.6746888,37.4096502],[-80.6729508,37.4102723],[-80.664971,37.414215],[-80.664112,37.41422],[-80.6601784,37.4161753],[-80.656687,37.417585],[-80.653589,37.419514],[-80.6527479,37.4203388],[-80.6502164,37.421529],[-80.647974,37.4216568],[-80.645893,37.422147],[-80.6423092,37.4243152],[-80.6399596,37.4254484],[-80.6371159,37.4274238],[-80.637554,37.428556],[-80.6375885,37.4293421],[-80.6370679,37.4299513],[-80.63439,37.431227],[-80.6320002,37.4322443],[-80.6305182,37.4324518],[-80.6286621,37.4321536],[-80.6273747,37.4330566],[-80.6262792,37.4333876],[-80.6252182,37.4329459],[-80.6229215,37.433307],[-80.622117,37.435969],[-80.6215489,37.4366432],[-80.6169784,37.4395566],[-80.6154931,37.4397667],[-80.6099832,37.4420866],[-80.6079555,37.443441],[-80.6051231,37.4447784],[-80.6014807,37.4458493],[-80.591377,37.45144],[-80.59024,37.453296],[-80.585856,37.456654],[-80.566297,37.466575],[-80.5651742,37.4672563],[-80.564929,37.4670919],[-80.5643848,37.4675106],[-80.561442,37.469775],[-80.552036,37.473563],[-80.544836,37.474695],[-80.539786,37.474527],[-80.533449,37.476406],[-80.532372,37.477124],[-80.528349,37.477368],[-80.523481,37.476905],[-80.515139,37.478566],[-80.513409,37.479446],[-80.511391,37.4816738],[-80.492981,37.457749],[-80.4967055,37.4461774],[-80.4967162,37.4461455],[-80.4971942,37.4447705],[-80.494867,37.43507],[-80.4918775,37.4331893],[-80.4836006,37.4279821],[-80.475601,37.422949],[-80.4727818,37.4237304],[-80.46482,37.426144],[-80.457313,37.432267],[-80.451367,37.434039],[-80.443025,37.438126],[-80.4298353,37.4470271],[-80.425656,37.449876],[-80.402816,37.460322],[-80.39988,37.462314],[-80.382535,37.470367],[-80.378308,37.471381],[-80.371952,37.474069],[-80.369449,37.476599],[-80.36317,37.480001],[-80.366838,37.484879],[-80.343789,37.492148],[-80.332038,37.493744],[-80.327103,37.495376],[-80.320627,37.49888],[-80.3148004,37.5009405],[-80.309331,37.50288],[-80.309833,37.503827],[-80.299789,37.508271],[-80.282385,37.533517],[-80.291644,37.536505],[-80.309346,37.527381],[-80.330306,37.536244],[-80.327489,37.540022],[-80.324384,37.541052],[-80.321249,37.541419],[-80.314464,37.54412],[-80.312393,37.546239],[-80.3282429,37.5640221],[-80.328504,37.564315],[-80.3119016,37.5714528],[-80.294882,37.57877],[-80.28244,37.585481],[-80.2763398,37.588339],[-80.2734364,37.5896993],[-80.270342,37.591149],[-80.2673527,37.5921297],[-80.26356,37.593374],[-80.258919,37.595499],[-80.24978,37.602117],[-80.240272,37.606961],[-80.226017,37.620059],[-80.223386,37.623185],[-80.220894,37.6277174],[-80.2208626,37.6277744],[-80.2394493,37.6378281],[-80.2672926,37.6460507],[-80.2789835,37.6565272],[-80.2895348,37.6712472],[-80.306957,37.689701],[-80.3065883,37.6897482],[-80.3063116,37.6897692],[-80.3060412,37.6897349],[-80.3044167,37.6891716],[-80.3038785,37.6891909],[-80.302931,37.6894636],[-80.3021981,37.6897601],[-80.300909,37.6904831],[-80.293348,37.6924351],[-80.291895,37.6929351],[-80.2889201,37.6943092],[-80.288709,37.6944442],[-80.288601,37.69455],[-80.2884648,37.6949255],[-80.2884349,37.6956841],[-80.2883554,37.6958448],[-80.2879374,37.6962687],[-80.2874361,37.6965716],[-80.2870743,37.6973473],[-80.2866151,37.6980684],[-80.2862913,37.6984247],[-80.2861753,37.6984702],[-80.286057,37.6984611],[-80.2858122,37.6983278],[-80.285177,37.6975077],[-80.2848602,37.6972708],[-80.2844409,37.6970847],[-80.2839707,37.6970976],[-80.2831067,37.697374],[-80.2823285,37.6977974],[-80.2820228,37.6980327],[-80.2813046,37.698928],[-80.280846,37.6997262],[-80.2804846,37.7002203],[-80.2790946,37.7016669],[-80.278581,37.7024327],[-80.2778209,37.7030319],[-80.2775509,37.7033052],[-80.277211,37.7041453],[-80.2763658,37.7059095],[-80.2751235,37.7075383],[-80.2745671,37.7085354],[-80.2723482,37.7111919],[-80.2721858,37.7113424],[-80.2717471,37.7115357],[-80.2703822,37.7116771],[-80.2698182,37.7118449],[-80.268147,37.7127815],[-80.2680533,37.7129313],[-80.2679172,37.7135817],[-80.2673116,37.7143046],[-80.2672457,37.714454],[-80.2671347,37.7149992],[-80.2672115,37.7153388],[-80.2670279,37.715759],[-80.2666844,37.7161597],[-80.2654317,37.7172825],[-80.2649398,37.7181193],[-80.2645061,37.7186698],[-80.2641396,37.7189441],[-80.2638525,37.7190803],[-80.2624473,37.7193239],[-80.2613157,37.719736],[-80.2594725,37.7199627],[-80.2585226,37.7203544],[-80.2582771,37.7205061],[-80.2578909,37.720836],[-80.2546906,37.7244487],[-80.2531248,37.7257846],[-80.2522779,37.727],[-80.2521083,37.7274366],[-80.2519834,37.7280155],[-80.2519699,37.7285871],[-80.2518856,37.7291403],[-80.2517964,37.7294823],[-80.2521597,37.7298941],[-80.2524266,37.7300828],[-80.2532372,37.7305871],[-80.2544195,37.7311629],[-80.2553123,37.7314683],[-80.256558,37.7318012],[-80.2588097,37.7325482],[-80.2594523,37.73283],[-80.2597627,37.7330724],[-80.260222,37.7334612],[-80.2606268,37.7339223],[-80.2610627,37.7348167],[-80.2612064,37.7353472],[-80.2611675,37.7360511],[-80.2612113,37.7367149],[-80.2612862,37.736961],[-80.2614726,37.7372607],[-80.2624103,37.7379888],[-80.2626079,37.7381641],[-80.2627161,37.7383439],[-80.2627048,37.7384757],[-80.2626118,37.7386255],[-80.2623283,37.7388935],[-80.2621549,37.7395003],[-80.2616826,37.7399908],[-80.2616239,37.7401177],[-80.2616172,37.7404422],[-80.2619596,37.7411789],[-80.2619919,37.7413537],[-80.2619545,37.7415574],[-80.261849,37.7417516],[-80.2611597,37.7424487],[-80.2600613,37.7436901],[-80.2593001,37.7448435],[-80.2590394,37.7455178],[-80.2590031,37.7457491],[-80.259058,37.7469403],[-80.2591376,37.7473566],[-80.259062,37.7479701],[-80.2591493,37.7484636],[-80.2593758,37.749092],[-80.2595528,37.749413],[-80.2597997,37.7496292],[-80.2601772,37.7497662],[-80.2602311,37.7498358],[-80.2602152,37.7499417],[-80.2601233,37.7501236],[-80.2590351,37.7508953],[-80.258812,37.7511406],[-80.2589016,37.7516944],[-80.2590459,37.7519499],[-80.2590705,37.7524001],[-80.2589033,37.752661],[-80.2582321,37.7532371],[-80.2577484,37.7538537],[-80.2575597,37.7543561],[-80.2576495,37.754951],[-80.2573268,37.755648],[-80.2574079,37.7561302],[-80.2570726,37.7563111],[-80.2563622,37.7564041],[-80.2558969,37.7563122],[-80.2555184,37.7561363],[-80.2550445,37.755984],[-80.2548998,37.7559809],[-80.2539286,37.7561815],[-80.2537208,37.756179],[-80.2530964,37.7561058],[-80.2522235,37.755778],[-80.2513582,37.7557472],[-80.2509783,37.7554947],[-80.2508059,37.7554969],[-80.250755,37.755547],[-80.2505944,37.7564887],[-80.2504255,37.7567057],[-80.2499902,37.7570195],[-80.2493236,37.757271],[-80.2491947,37.7573829],[-80.2492062,37.7575773],[-80.2493447,37.7578502],[-80.2500898,37.758331],[-80.2506851,37.7588992],[-80.2507786,37.7590519],[-80.2508272,37.7593694],[-80.2507945,37.7597274],[-80.2502599,37.7617346],[-80.2502632,37.7621796],[-80.2503023,37.7623827],[-80.2504592,37.7625831],[-80.2514635,37.7631894],[-80.2515982,37.7633412],[-80.2503616,37.7657872],[-80.2501475,37.7661255],[-80.2497909,37.7664415],[-80.2496394,37.7664732],[-80.2488405,37.7670923],[-80.2485913,37.7673871],[-80.2482527,37.768315],[-80.2481107,37.76846],[-80.2474356,37.7685576],[-80.2471446,37.7685563],[-80.24688,37.768478],[-80.2467131,37.7678596],[-80.2464741,37.7677037],[-80.2453878,37.7674173],[-80.2446693,37.7668843],[-80.2443059,37.7670324],[-80.244084,37.7672941],[-80.2438585,37.7674183],[-80.2435972,37.7674988],[-80.2421344,37.7676686],[-80.2417913,37.7677729],[-80.2415049,37.7679524],[-80.2413724,37.7682129],[-80.2413217,37.7684498],[-80.2412849,37.7707355],[-80.2410913,37.7716232],[-80.2410655,37.7720021],[-80.2410148,37.772168],[-80.2408047,37.7723796],[-80.240484,37.772582],[-80.2399419,37.7727824],[-80.2380944,37.7728038],[-80.2368645,37.7728713],[-80.2362158,37.7729415],[-80.2358387,37.7731114],[-80.2356301,37.7733782],[-80.2353194,37.7742674],[-80.2351841,37.7744451],[-80.2349561,37.774465],[-80.2343178,37.7743533],[-80.2339519,37.7743971],[-80.2331911,37.775018],[-80.2327036,37.7752176],[-80.2326614,37.775174],[-80.2324013,37.7752765],[-80.2321479,37.775418],[-80.231883,37.775641],[-80.2313943,37.7766484],[-80.2310806,37.7768503],[-80.2308518,37.7771508],[-80.2308349,37.7776176],[-80.2307857,37.7778494],[-80.2306985,37.7779767],[-80.2305216,37.7781277],[-80.2299276,37.7784714],[-80.2293271,37.7785435],[-80.2287384,37.7785053],[-80.228533,37.778607],[-80.2280989,37.778718],[-80.2275615,37.7787916],[-80.2270964,37.7787435],[-80.226803,37.778638],[-80.2266204,37.7785196],[-80.2256839,37.7775333],[-80.225667,37.777385],[-80.2253578,37.7770174],[-80.2247145,37.7769157],[-80.2239072,37.7770101],[-80.2235539,37.7769988],[-80.2232232,37.7770693],[-80.2226114,37.7775396],[-80.2224818,37.7779263],[-80.2222711,37.7781159],[-80.2219354,37.7782522],[-80.2217271,37.7782227],[-80.2211496,37.7780662],[-80.2207722,37.7779122],[-80.2204835,37.7776912],[-80.2197253,37.7772406],[-80.2192461,37.7771151],[-80.2179322,37.7769369],[-80.2175133,37.776751],[-80.2171465,37.7764653],[-80.2169471,37.7761935],[-80.2167571,37.7757675],[-80.2165753,37.7757156],[-80.2165004,37.7757489],[-80.2164445,37.7762077],[-80.2162975,37.7767503],[-80.2156945,37.7773969],[-80.2155371,37.7776556],[-80.2155483,37.7783384],[-80.2153949,37.7786391],[-80.215456,37.7787474],[-80.2162626,37.778973],[-80.2163605,37.7792126],[-80.2157069,37.7816983],[-80.2157891,37.7819307],[-80.2161607,37.7820553],[-80.2170855,37.7822614],[-80.2175629,37.782557],[-80.2181988,37.7830969],[-80.2184161,37.7832257],[-80.2186743,37.7833096],[-80.2191383,37.7833251],[-80.219407,37.783288],[-80.2199147,37.7830666],[-80.2202486,37.7828311],[-80.2211697,37.7819719],[-80.2215601,37.7817683],[-80.2218623,37.7817089],[-80.2220019,37.7817289],[-80.2228347,37.7821124],[-80.2238468,37.7827956],[-80.2240808,37.7830281],[-80.2243856,37.7839466],[-80.2244205,37.7842815],[-80.2243636,37.7851064],[-80.224221,37.7855093],[-80.223935,37.7857058],[-80.2232111,37.7858317],[-80.223021,37.7860214],[-80.2229015,37.7862482],[-80.2230312,37.7867459],[-80.2234069,37.7871309],[-80.2236177,37.7872703],[-80.2241818,37.7874272],[-80.2244196,37.7875555],[-80.2251686,37.7878132],[-80.2254454,37.7878867],[-80.225632,37.787952],[-80.2258083,37.7880136],[-80.2260261,37.7881587],[-80.226139,37.7883153],[-80.2261905,37.7883868],[-80.2261834,37.7884817],[-80.2261748,37.7885956],[-80.2261544,37.7886477],[-80.2260502,37.7889109],[-80.2259574,37.7890933],[-80.2258859,37.789281],[-80.2258595,37.7893636],[-80.2258213,37.7894856],[-80.225804,37.7896506],[-80.2258836,37.7897756],[-80.2260247,37.7899219],[-80.226247,37.7900125],[-80.2264375,37.7900969],[-80.2266409,37.7901985],[-80.2268741,37.7903662],[-80.2269223,37.7904106],[-80.2269788,37.7904627],[-80.2271411,37.790659],[-80.2272214,37.7907561],[-80.22728,37.7909198],[-80.2273476,37.7911112],[-80.227375,37.7912054],[-80.2274013,37.7912961],[-80.227542,37.7914657],[-80.2276477,37.7915351],[-80.2278006,37.7916065],[-80.2278999,37.7916528],[-80.2282145,37.7917799],[-80.2284385,37.7918805],[-80.2285187,37.7918982],[-80.2286772,37.7919322],[-80.2289531,37.7920163],[-80.2291114,37.7920945],[-80.229189,37.7921328],[-80.2294155,37.7922677],[-80.2295304,37.7924144],[-80.2295548,37.7924627],[-80.2296104,37.7925726],[-80.2296762,37.7927308],[-80.2296942,37.7929117],[-80.2296637,37.793107],[-80.2296553,37.7932001],[-80.2296445,37.7933193],[-80.2296243,37.7934842],[-80.2295932,37.7935918],[-80.2295028,37.7939087],[-80.229482,37.7939679],[-80.2294355,37.7941006],[-80.2293507,37.7943378],[-80.2292787,37.7945332],[-80.2291529,37.7948709],[-80.2290338,37.79519],[-80.22884,37.7956086],[-80.2287702,37.7957601],[-80.228747,37.7958022],[-80.2284778,37.7962916],[-80.2282804,37.7966873],[-80.2282458,37.7967565],[-80.22788,37.7973935],[-80.2277159,37.7977633],[-80.2276961,37.797808],[-80.2275161,37.7981184],[-80.2273613,37.7983292],[-80.2270787,37.7986687],[-80.2263729,37.7992995],[-80.2261353,37.7995228],[-80.2258061,37.7997733],[-80.2255838,37.7999532],[-80.225237,37.8003331],[-80.2252438,37.8004691],[-80.22538,37.8007097],[-80.2253536,37.8008974],[-80.2252037,37.8011749],[-80.2248405,37.8015676],[-80.2244759,37.8020834],[-80.2244007,37.8022513],[-80.2241519,37.8026189],[-80.222581,37.8043693],[-80.2222741,37.8048439],[-80.2219827,37.804921],[-80.2179831,37.8102358],[-80.2177032,37.8101487],[-80.2174776,37.8100582],[-80.2172482,37.8099662],[-80.2165427,37.8098246],[-80.2158269,37.8097854],[-80.2157397,37.809902],[-80.2154461,37.8100924],[-80.215358,37.8101496],[-80.2148694,37.8104367],[-80.2144763,37.8106676],[-80.2143468,37.8107575],[-80.2139188,37.8109956],[-80.2133273,37.811283],[-80.2126514,37.8116773],[-80.2122129,37.8119144],[-80.2114807,37.8122655],[-80.2109884,37.8125529],[-80.2107536,37.8127195],[-80.2104432,37.8129396],[-80.2100824,37.8132144],[-80.2096526,37.8135061],[-80.2091635,37.8139126],[-80.2090071,37.8140426],[-80.2085577,37.814373],[-80.2079708,37.8147386],[-80.2074464,37.815103],[-80.2069344,37.8154347],[-80.2064935,37.8158272],[-80.206439,37.8158758],[-80.2063012,37.8160929],[-80.2060974,37.8164138],[-80.2059329,37.8167895],[-80.2058213,37.8173346],[-80.2056915,37.8174822],[-80.2054642,37.8177026],[-80.2058115,37.8176257],[-80.205814,37.817839],[-80.2059149,37.818623],[-80.2058063,37.8188489],[-80.2053823,37.8195586],[-80.2046497,37.8208718],[-80.2041936,37.8215229],[-80.2033794,37.8230284],[-80.2031671,37.8235823],[-80.202892,37.8241051],[-80.2020224,37.8252392],[-80.2010893,37.8262045],[-80.2000921,37.8270463],[-80.1992365,37.8276299],[-80.197861,37.8287152],[-80.1963364,37.8299874],[-80.1960639,37.8302705],[-80.1955777,37.8306753],[-80.1953707,37.8309329],[-80.1951883,37.8311843],[-80.1949735,37.8314095],[-80.1946443,37.831647],[-80.1943643,37.8318653],[-80.1941334,37.8320645],[-80.1939188,37.8322768],[-80.19372,37.8325345],[-80.193565,37.8328336],[-80.193509,37.8329362],[-80.193402,37.8331084],[-80.1932971,37.8333459],[-80.1932682,37.8334468],[-80.1932321,37.8335725],[-80.193208,37.8336991],[-80.1931698,37.8338808],[-80.1931474,37.8341116],[-80.1931374,37.8341733],[-80.1931109,37.8343372],[-80.1930825,37.8344053],[-80.1930256,37.8345423],[-80.1928774,37.8347091],[-80.1927131,37.8347992],[-80.192506,37.834835],[-80.1922919,37.8348657],[-80.1920356,37.8348526],[-80.1916467,37.8348252],[-80.1912372,37.8347925],[-80.19101,37.8347794],[-80.1905508,37.8347529],[-80.1904683,37.8347596],[-80.1903447,37.8347656],[-80.19015,37.8347755],[-80.1898824,37.8348835],[-80.1897189,37.8350283],[-80.1895836,37.8351896],[-80.1894702,37.8353617],[-80.1892877,37.8355565],[-80.1890976,37.8357293],[-80.1889422,37.8358355],[-80.1888593,37.8358921],[-80.1884828,37.8360371],[-80.1882131,37.8361378],[-80.1879108,37.8362354],[-80.1877531,37.8363472],[-80.1876181,37.836443],[-80.1868535,37.8371375],[-80.1865311,37.8374303],[-80.1862609,37.8377146],[-80.186092,37.8377612],[-80.1854692,37.8379512],[-80.1847242,37.8381144],[-80.184029,37.8382003],[-80.1829255,37.8382769],[-80.1818061,37.8383209],[-80.1812746,37.8383756],[-80.1806916,37.838663],[-80.1797709,37.8392007],[-80.1795483,37.8393805],[-80.1793911,37.8395673],[-80.1793158,37.8397287],[-80.1792975,37.8399034],[-80.1793447,37.8400722],[-80.1794322,37.84028],[-80.1802969,37.8411216],[-80.1806275,37.8415061],[-80.1808115,37.8418571],[-80.1811521,37.8428181],[-80.1814295,37.8435844],[-80.1816137,37.843916],[-80.1819267,37.8444169],[-80.1821533,37.8446128],[-80.1824674,37.8450166],[-80.1827493,37.8453748],[-80.1830805,37.8457139],[-80.1835073,37.8470123],[-80.1835097,37.8475305],[-80.1833828,37.8479625],[-80.1831538,37.8483185],[-80.1829841,37.8485308],[-80.1829571,37.8487574],[-80.1829549,37.8504414],[-80.1829601,37.8506585],[-80.1829394,37.8506635],[-80.1828447,37.8509019],[-80.1826372,37.8511618],[-80.1823713,37.8515746],[-80.1822202,37.851871],[-80.1819547,37.8522387],[-80.1817699,37.8525078],[-80.1815745,37.8527047],[-80.1813682,37.8528565],[-80.1811064,37.8528907],[-80.1809132,37.8528804],[-80.1806977,37.8528428],[-80.1805388,37.8528147],[-80.1803463,37.8527502],[-80.1803351,37.8527321],[-80.1803128,37.8526959],[-80.1800984,37.8525502],[-80.1798833,37.8524766],[-80.1794864,37.8523928],[-80.179179,37.8524357],[-80.1785754,37.8525396],[-80.1778802,37.852697],[-80.1775503,37.8527218],[-80.1767098,37.8526618],[-80.176662,37.8528688],[-80.1766261,37.8530308],[-80.1766365,37.853121],[-80.1765994,37.8533911],[-80.1766052,37.8538959],[-80.176592,37.854058],[-80.1765101,37.8542648],[-80.1763803,37.8548539],[-80.1762398,37.855065],[-80.1760089,37.8553879],[-80.1755952,37.8557816],[-80.1752518,37.8559955],[-80.1748741,37.8562272],[-80.1745663,37.8563062],[-80.1742242,37.8564029],[-80.1739502,37.8565091],[-80.1738129,37.8565893],[-80.1737997,37.8566016],[-80.1737677,37.8566899],[-80.1735498,37.8567407],[-80.1735415,37.856746],[-80.1733551,37.8568655],[-80.1732053,37.8570447],[-80.1729969,37.8573857],[-80.1728232,37.8576729],[-80.1726041,37.8579508],[-80.1722482,37.8582638],[-80.1722039,37.8583002],[-80.1720417,37.8584336],[-80.1718804,37.8586217],[-80.1717191,37.8588189],[-80.1716016,37.8591605],[-80.1716898,37.8594045],[-80.1718692,37.8596221],[-80.1719575,37.859866],[-80.1719884,37.8601457],[-80.1720304,37.8604614],[-80.1720485,37.8608761],[-80.1720221,37.8612004],[-80.1720185,37.8615249],[-80.1720089,37.8617145],[-80.1719898,37.8619339],[-80.1718753,37.8622363],[-80.1717894,37.8623724],[-80.1717666,37.862402],[-80.1717276,37.8624138],[-80.1716706,37.8625005],[-80.1716549,37.8625228],[-80.1712763,37.8628356],[-80.1711609,37.862988],[-80.171068,37.8631586],[-80.1709725,37.8635635],[-80.1709443,37.8636498],[-80.1708195,37.8640311],[-80.1707145,37.8642737],[-80.1703,37.8647395],[-80.1698748,37.8651421],[-80.1697452,37.8653012],[-80.1696558,37.8654109],[-80.1696222,37.8654656],[-80.16954,37.8655994],[-80.1695247,37.8656397],[-80.1693522,37.8660935],[-80.169294,37.8662466],[-80.1692496,37.8664468],[-80.1692461,37.8664625],[-80.1691641,37.8666783],[-80.1690246,37.8669477],[-80.1688168,37.8672346],[-80.1685888,37.8674854],[-80.1684829,37.8676018],[-80.1682191,37.8678073],[-80.167922,37.8679404],[-80.1674087,37.86809],[-80.1671694,37.8681423],[-80.1664634,37.868239],[-80.1662926,37.8682623],[-80.1656767,37.8684382],[-80.1652885,37.8685797],[-80.1652656,37.8685947],[-80.1650709,37.8687224],[-80.1649671,37.8688478],[-80.1649312,37.8690098],[-80.1649979,37.8691455],[-80.1653788,37.8696439],[-80.1654345,37.8697524],[-80.1654443,37.8698877],[-80.1654769,37.8700231],[-80.1654976,37.8702035],[-80.1654613,37.8704016],[-80.1653903,37.8706444],[-80.1652742,37.8708599],[-80.1652145,37.8709486],[-80.1651354,37.8710662],[-80.164708,37.871658],[-80.1646078,37.8718202],[-80.1644417,37.8720888],[-80.1641882,37.8723763],[-80.1637967,37.8728233],[-80.1635666,37.873056],[-80.1634826,37.8731057],[-80.1632805,37.8732252],[-80.162903,37.8734208],[-80.1626513,37.8735632],[-80.1625474,37.8736977],[-80.1623847,37.874012],[-80.1622082,37.8745335],[-80.1619176,37.8751368],[-80.1619274,37.8752211],[-80.161916,37.8752344],[-80.1618357,37.8752969],[-80.161629,37.8754757],[-80.161354,37.8756631],[-80.1610105,37.8758769],[-80.1603803,37.8763051],[-80.1598537,37.8766168],[-80.1593383,37.8769376],[-80.1587999,37.8772943],[-80.1583648,37.8775525],[-80.158101,37.8777579],[-80.157837,37.8779724],[-80.1575957,37.878196],[-80.157354,37.8784466],[-80.1571809,37.8786707],[-80.1569854,37.8788676],[-80.1565944,37.8792523],[-80.1560304,37.8798432],[-80.1555703,37.8803086],[-80.154893,37.8808625],[-80.1542962,37.8813449],[-80.1537343,37.8817555],[-80.1534016,37.8820145],[-80.1531267,37.8821838],[-80.1527838,37.8823435],[-80.1524869,37.8824496],[-80.1518821,37.8826345],[-80.1512997,37.8828466],[-80.1507976,37.8829962],[-80.150581,37.8830397],[-80.1501363,37.8831447],[-80.1498619,37.8832779],[-80.1497694,37.8834124],[-80.1497558,37.8836016],[-80.1497647,37.883818],[-80.1498072,37.8840796],[-80.1499019,37.8847473],[-80.1498537,37.8849813],[-80.1497949,37.8851521],[-80.1496679,37.8853134],[-80.1495184,37.8854656],[-80.1494036,37.8855549],[-80.1491394,37.8857873],[-80.149,37.8860387],[-80.1489632,37.8862727],[-80.1489259,37.8865519],[-80.1489124,37.886732],[-80.1488888,37.886813],[-80.1488085,37.8868665],[-80.148706,37.8868837],[-80.1485586,37.8868466],[-80.1484458,37.8867647],[-80.1482205,37.8865828],[-80.1475569,37.8859381],[-80.1473444,37.8856301],[-80.1471756,37.8854757],[-80.1467935,37.8850764],[-80.14667,37.8849403],[-80.1464901,37.8847587],[-80.1463442,37.8845954],[-80.1463107,37.8845411],[-80.1461755,37.884432],[-80.1461124,37.8844014],[-80.1460223,37.8844014],[-80.1459709,37.8844215],[-80.1459597,37.8843823],[-80.1459079,37.8843246],[-80.145844,37.8842849],[-80.1458097,37.8842533],[-80.1457358,37.8842174],[-80.1455511,37.8841375],[-80.1454749,37.884099],[-80.1454056,37.884088],[-80.1453501,37.8840825],[-80.1453016,37.8840825],[-80.1451907,37.884077],[-80.1451422,37.884088],[-80.1450798,37.8841099],[-80.1450313,37.8841209],[-80.1449273,37.8841319],[-80.1448303,37.8841539],[-80.1447333,37.8841813],[-80.1446504,37.8842105],[-80.1445738,37.8842307],[-80.1444768,37.8842472],[-80.1443867,37.8842582],[-80.1442897,37.8842651],[-80.1439938,37.884281],[-80.1437554,37.8842522],[-80.1434603,37.884196],[-80.1430973,37.8841212],[-80.1428256,37.8840111],[-80.1427132,37.8839021],[-80.1426469,37.8837304],[-80.1426041,37.8835048],[-80.1426065,37.8832975],[-80.142528,37.8831978],[-80.142404,37.8831067],[-80.1422575,37.8829885],[-80.1420774,37.882834],[-80.1419429,37.8826617],[-80.1418082,37.8825075],[-80.1417295,37.8824349],[-80.1416501,37.8824163],[-80.1414679,37.882433],[-80.141365,37.8824863],[-80.1412846,37.8825578],[-80.141192,37.8826923],[-80.1410987,37.8828989],[-80.1409359,37.8832042],[-80.1407388,37.8835272],[-80.1404622,37.8838497],[-80.1401979,37.8840821],[-80.1398995,37.8843143],[-80.1395903,37.8845013],[-80.1393155,37.8846615],[-80.1390053,37.8849386],[-80.1387746,37.8852164],[-80.138555,37.8855212],[-80.1383474,37.885772],[-80.1381515,37.8859869],[-80.137922,37.8861655],[-80.1376246,37.8863166],[-80.1373163,37.8864225],[-80.136974,37.8865191],[-80.1367003,37.8865892],[-80.1364032,37.8867042],[-80.1360827,37.8868821],[-80.1356933,37.8871226],[-80.135372,37.8873636],[-80.1352451,37.8875159],[-80.135198,37.8876597],[-80.1351507,37.8878126],[-80.1351029,37.8880105],[-80.1350217,37.8881451],[-80.1349651,37.8882624],[-80.1348281,37.8882878],[-80.1347249,37.8882683],[-80.1345548,37.8882584],[-80.1342924,37.8882206],[-80.1339637,37.8882186],[-80.133735,37.8882526],[-80.1335642,37.8883062],[-80.1333578,37.8884397],[-80.1328764,37.8888324],[-80.1326223,37.8890647],[-80.1324975,37.889172],[-80.1322325,37.8893054],[-80.1321209,37.8893514],[-80.1320162,37.8893944],[-80.1317875,37.8894907],[-80.1316396,37.8895803],[-80.131454,37.8898041],[-80.1313615,37.8899578],[-80.1312228,37.8901548],[-80.1310841,37.890414],[-80.1309769,37.8906928],[-80.1308835,37.8909812],[-80.130754,37.8913222],[-80.1306293,37.8917855],[-80.1305872,37.8919248],[-80.1305401,37.8920962],[-80.1304015,37.8922749],[-80.1301951,37.8924364],[-80.1300002,37.89257],[-80.1298854,37.8926858],[-80.1298846,37.8927675],[-80.1298937,37.8928578],[-80.1299391,37.8929286],[-80.1300291,37.8930013],[-80.1301984,37.8930843],[-80.1303908,37.8931857],[-80.1304692,37.8932937],[-80.1304552,37.8934376],[-80.1303866,37.8935639],[-80.1303181,37.8936706],[-80.1300638,37.8938504],[-80.1297874,37.8940199],[-80.1295833,37.894126],[-80.1294016,37.8941601],[-80.1290598,37.8942117],[-80.1285478,37.8942797],[-80.1281251,37.8943772],[-80.1278055,37.8944551],[-80.1276444,37.894504],[-80.1274845,37.8945525],[-80.127121,37.8947201],[-80.126823,37.894881],[-80.1264209,37.8952108],[-80.12634,37.8952828],[-80.1261551,37.8955066],[-80.1260279,37.8956852],[-80.1259123,37.8958212],[-80.1257852,37.8959999],[-80.1256003,37.8962231],[-80.1253707,37.8963926],[-80.125175,37.8965181],[-80.1249586,37.8966333],[-80.1247876,37.8968992],[-80.1245511,37.8969741],[-80.1244467,37.8971177],[-80.1243373,37.8972685],[-80.1242562,37.8973941],[-80.1241867,37.8975017],[-80.1241507,37.8975496],[-80.1241058,37.8976093],[-80.1240182,37.8977114],[-80.1239674,37.8977705],[-80.1238978,37.8978872],[-80.1238178,37.8979226],[-80.1236465,37.8979754],[-80.1233388,37.8980272],[-80.1232136,37.8980353],[-80.1230892,37.8979803],[-80.1229317,37.8978259],[-80.1226722,37.8976527],[-80.1224019,37.8974254],[-80.1222558,37.8972801],[-80.122097,37.8972429],[-80.121949,37.8972508],[-80.1217674,37.8972224],[-80.1217043,37.8971912],[-80.1215639,37.8971217],[-80.1213377,37.8970119],[-80.120998,37.8968832],[-80.1207372,37.8968181],[-80.1205292,37.8968336],[-80.120407,37.8968427],[-80.1201445,37.8969219],[-80.1199043,37.8970372],[-80.1197102,37.8970989],[-80.1193457,37.8971412],[-80.118993,37.8971476],[-80.1188112,37.8971372],[-80.1186857,37.8971724],[-80.1185595,37.8972615],[-80.1182612,37.8974756],[-80.1179288,37.8976894],[-80.117802,37.8978327],[-80.1177206,37.8979853],[-80.1175809,37.8982547],[-80.1175334,37.8984165],[-80.1175092,37.8985425],[-80.1174628,37.8986143],[-80.1174276,37.8987042],[-80.1174375,37.8988139],[-80.1174692,37.8989941],[-80.1174689,37.899056],[-80.1174556,37.8992181],[-80.1174638,37.8994885],[-80.1174707,37.8998581],[-80.1174335,37.9001192],[-80.1174539,37.9003177],[-80.1174648,37.9003538],[-80.1174975,37.9004385],[-80.117531,37.9005255],[-80.1176206,37.9006434],[-80.1177552,37.9008066],[-80.1178677,37.9009066],[-80.1178828,37.9009155],[-80.1180371,37.901007],[-80.1183538,37.9011626],[-80.1185752,37.9012928],[-80.1187265,37.9013817],[-80.1190756,37.9016817],[-80.1191868,37.9018899],[-80.1192191,37.9020433],[-80.1192395,37.9022418],[-80.1191909,37.9025028],[-80.1190933,37.9029411],[-80.1189866,37.9034206],[-80.1188114,37.9038068],[-80.1187307,37.9038963],[-80.1186279,37.9039316],[-80.1184682,37.9039665],[-80.1181719,37.9040183],[-80.1178642,37.9040611],[-80.1176824,37.9040507],[-80.1175347,37.9040316],[-80.1172718,37.9041378],[-80.1172134,37.9042635],[-80.1171779,37.9043804],[-80.1171659,37.9044344],[-80.1171178,37.9046504],[-80.1170445,37.9050734],[-80.1169939,37.9055057],[-80.1169571,37.9057307],[-80.116907,37.9061089],[-80.1167674,37.9063692],[-80.1166523,37.9064855],[-80.1164235,37.906592],[-80.116265,37.906627],[-80.1159901,37.9066879],[-80.11526,37.9068626],[-80.1141931,37.9071212],[-80.1141419,37.9071336],[-80.11396,37.9071323],[-80.1137651,37.907257],[-80.1136043,37.907382],[-80.1133616,37.9077046],[-80.113268,37.9079202],[-80.1131852,37.908181],[-80.1130903,37.9085047],[-80.1129625,37.9087291],[-80.1128116,37.9089803],[-80.1126488,37.9092765],[-80.1124738,37.909516],[-80.1123018,37.9097516],[-80.1120399,37.9100985],[-80.1120244,37.910119],[-80.111771,37.9103785],[-80.1114727,37.9105925],[-80.1110383,37.9107695],[-80.1106607,37.9109469],[-80.1100897,37.9111319],[-80.1097247,37.9112103],[-80.1096105,37.9112455],[-80.1094728,37.9113436],[-80.1093683,37.911523],[-80.109194,37.9118281],[-80.1090672,37.9119624],[-80.1089409,37.9120606],[-80.108701,37.9121399],[-80.1083023,37.9121909],[-80.1079485,37.9122784],[-80.1078897,37.9122864],[-80.1075725,37.9123296],[-80.1072985,37.9124087],[-80.107205,37.9126153],[-80.1071926,37.9127053],[-80.1072023,37.9128406],[-80.1072112,37.9130479],[-80.1072647,37.9133277],[-80.107261,37.9136341],[-80.1072001,37.9139672],[-80.1071056,37.9142549],[-80.1070349,37.9144526],[-80.1069075,37.9146409],[-80.106769,37.9148111],[-80.1064354,37.915115],[-80.1062788,37.9152708],[-80.1060669,37.9154817],[-80.1057449,37.9157677],[-80.1055276,37.9158562],[-80.105037,37.9159787],[-80.1042616,37.916126],[-80.1039416,37.9162407],[-80.1037352,37.9163744],[-80.1036539,37.9165089],[-80.1035483,37.9167785],[-80.1034741,37.9169784],[-80.1033248,37.9173807],[-80.1030727,37.9184693],[-80.1029433,37.9188198],[-80.1028395,37.9189362],[-80.1027366,37.9189805],[-80.1026842,37.9189919],[-80.1025768,37.9190153],[-80.1020876,37.9190206],[-80.1015185,37.9190343],[-80.1010978,37.9190131],[-80.1006885,37.9189919],[-80.1003712,37.9188904],[-80.100179,37.9187898],[-80.0999301,37.9186707],[-80.0995796,37.9184968],[-80.0990933,37.9182587],[-80.0986399,37.9181201],[-80.0984142,37.9180891],[-80.0980833,37.9180437],[-80.0974805,37.9180301],[-80.096911,37.9180798],[-80.0966711,37.9181591],[-80.0964417,37.9183119],[-80.0964303,37.9183195],[-80.0962347,37.9184982],[-80.0961573,37.918636],[-80.0960835,37.9187674],[-80.0959783,37.918992],[-80.0958741,37.9191444],[-80.0957126,37.9193234],[-80.0955974,37.9194397],[-80.0954591,37.9195828],[-80.0953095,37.9197259],[-80.0952282,37.9198605],[-80.0951699,37.9199772],[-80.0951223,37.9201481],[-80.095097,37.9203552],[-80.0950719,37.9205442],[-80.0950473,37.9206973],[-80.0949991,37.9209132],[-80.0949058,37.9211018],[-80.0947675,37.9212449],[-80.0945371,37.9214775],[-80.0941691,37.9217991],[-80.0936954,37.9221671],[-80.0936751,37.9221829],[-80.093227,37.9225399],[-80.0929734,37.9228084],[-80.0928922,37.9229339],[-80.0926855,37.9230946],[-80.0924099,37.9232997],[-80.0921913,37.9234963],[-80.0919716,37.9237831],[-80.0918548,37.9240255],[-80.0917928,37.9244396],[-80.0918337,37.9248185],[-80.0918598,37.9248888],[-80.0919108,37.9250264],[-80.0919893,37.9251171],[-80.0920787,37.925253],[-80.0920647,37.9254692],[-80.0919943,37.9256399],[-80.0918901,37.9257833],[-80.091706,37.9259531],[-80.091567,37.9261503],[-80.0914278,37.9263656],[-80.0912525,37.9267428],[-80.0911715,37.9268503],[-80.0910222,37.9269663],[-80.090793,37.9270997],[-80.0905648,37.9271521],[-80.0903362,37.9272314],[-80.090073,37.9273556],[-80.0895933,37.9275051],[-80.0890783,37.9277444],[-80.0888488,37.9278959],[-80.0886648,37.9280567],[-80.0886084,37.928115],[-80.0884573,37.9282714],[-80.0882163,37.9284408],[-80.0879632,37.9286641],[-80.0877104,37.9288605],[-80.0874807,37.929039],[-80.0872848,37.9292357],[-80.0871354,37.9293517],[-80.0870199,37.929495],[-80.0869608,37.9296748],[-80.0866504,37.9308531],[-80.0866239,37.9311503],[-80.086564,37.9313932],[-80.0864933,37.931591],[-80.0863554,37.931698],[-80.0862067,37.93176],[-80.0858753,37.9318746],[-80.0855448,37.9319171],[-80.0853733,37.9319788],[-80.085224,37.9320949],[-80.0850396,37.9322827],[-80.0847736,37.9326231],[-80.0847034,37.9327848],[-80.0846789,37.9329198],[-80.0846884,37.9330731],[-80.0846633,37.9332622],[-80.0845936,37.9333788],[-80.0844901,37.9334681],[-80.0843524,37.9335572],[-80.0841233,37.9336816],[-80.0839748,37.9337255],[-80.0838946,37.9337699],[-80.0836088,37.9338759],[-80.0832769,37.9340265],[-80.0829899,37.9342316],[-80.0822338,37.9346403],[-80.0816956,37.9349065],[-80.0814089,37.9350845],[-80.0811789,37.935281],[-80.0810175,37.935442],[-80.0808452,37.9355758],[-80.0806026,37.9358623],[-80.0803491,37.9361217],[-80.0799091,37.9367222],[-80.0797593,37.9368742],[-80.0793117,37.9371771],[-80.0790712,37.9373014],[-80.0788427,37.9373718],[-80.0786025,37.937469],[-80.0775599,37.9380287],[-80.0769521,37.9384025],[-80.0764697,37.9387592],[-80.0759407,37.9391967],[-80.0756179,37.9395276],[-80.075444,37.9397876],[-80.0752682,37.9401918],[-80.0752085,37.9404167],[-80.0749814,37.9408985],[-80.0749209,37.9415681],[-80.0748509,37.9417117],[-80.0748151,37.9418376],[-80.0747569,37.9419453],[-80.0746533,37.9420346],[-80.0745157,37.9421237],[-80.0735432,37.9425306],[-80.0733254,37.9426551],[-80.0729691,37.9429317],[-80.072671,37.9431096],[-80.0724647,37.9432252],[-80.0721788,37.9433311],[-80.0715159,37.9435512],[-80.0712763,37.9436034],[-80.07098,37.9436371],[-80.0705934,37.943607],[-80.0703776,37.9435692],[-80.070218,37.943595],[-80.0701373,37.9436755],[-80.0700561,37.943792],[-80.0698923,37.9441512],[-80.0697974,37.9444569],[-80.0697451,37.9449973],[-80.0696269,37.9453388],[-80.0695349,37.9454192],[-80.0692026,37.9455969],[-80.0687449,37.9457915],[-80.0686184,37.9458897],[-80.0683881,37.9461042],[-80.0682388,37.9462111],[-80.0678609,37.9463974],[-80.0675526,37.9464761],[-80.0673465,37.9465736],[-80.0672652,37.9466991],[-80.0671502,37.9467974],[-80.0666687,37.947073],[-80.0663254,37.9472144],[-80.0658795,37.9473731],[-80.0654684,37.947487],[-80.0652629,37.9475305],[-80.0650926,37.9475021],[-80.0643297,37.9475231],[-80.0638962,37.9476008],[-80.0637813,37.94769],[-80.0634538,37.9483814],[-80.0633155,37.9485245],[-80.0630853,37.9487209],[-80.0628559,37.9488633],[-80.0626154,37.9489785],[-80.0622382,37.9491017],[-80.0619637,37.9492077],[-80.0612071,37.9496343],[-80.060713,37.9499999],[-80.0604954,37.9501063],[-80.0598894,37.9503268],[-80.0593293,37.9505116],[-80.0591689,37.9505914],[-80.0574918,37.9517948],[-80.0572168,37.9519765],[-80.0560555,37.9519586],[-80.0556339,37.9527981],[-80.0551411,37.953556],[-80.0546606,37.9542068],[-80.0544507,37.9543636],[-80.0536136,37.954629],[-80.0529236,37.9552472],[-80.05282,37.9553426],[-80.052197,37.9557384],[-80.0515079,37.9562541],[-80.0510445,37.9568521],[-80.0503221,37.9570841],[-80.0496545,37.9571972],[-80.0484128,37.9574811],[-80.0476359,37.95826],[-80.047095,37.9598807],[-80.0468723,37.9600553],[-80.0462423,37.9599649],[-80.0455229,37.9598978],[-80.044477,37.9600805],[-80.0443688,37.9607024],[-80.0440695,37.9616171],[-80.0437087,37.9620324],[-80.0431887,37.9624249],[-80.0418787,37.9634739],[-80.0413124,37.9635982],[-80.0408907,37.9637462],[-80.0404367,37.9644462],[-80.0404211,37.9656197],[-80.0369085,37.9659069],[-80.0367558,37.966421],[-80.0365973,37.967158],[-80.0362316,37.9679222],[-80.0359833,37.9682446],[-80.0347101,37.968935],[-80.0340256,37.9695097],[-80.0333414,37.9700881],[-80.0326865,37.9706387],[-80.0321502,37.9709565],[-80.0314961,37.971544],[-80.0309423,37.9721731],[-80.0303937,37.9725568],[-80.0302638,37.9726476],[-80.0298432,37.9731696],[-80.0294837,37.9737966],[-80.0291876,37.9740523],[-80.0278335,37.9741784],[-80.0272511,37.9742652],[-80.027179,37.974539],[-80.0270577,37.974862],[-80.0267162,37.9749883],[-80.0263228,37.9750511],[-80.0262057,37.9758011],[-80.0259798,37.976258],[-80.0255763,37.9763975],[-80.0246228,37.9762504],[-80.0241713,37.9769058],[-80.0230546,37.9772933],[-80.0227504,37.9776327],[-80.0221418,37.9780195],[-80.0221299,37.9783822],[-80.0220328,37.9788737],[-80.0219946,37.9790711],[-80.0216444,37.9793677],[-80.0210649,37.9796266],[-80.020888,37.9803012],[-80.0206362,37.9807461],[-80.0201629,37.9809807],[-80.0186988,37.9812355],[-80.0179427,37.9812702],[-80.0174151,37.9816679],[-80.0171725,37.9821652],[-80.0166972,37.9823437],[-80.0161407,37.9825165],[-80.015934,37.98309],[-80.0143321,37.9839192],[-80.0131464,37.9842544],[-80.0131296,37.9850443],[-80.0125534,37.9860004],[-80.012891,37.9874431],[-80.012605,37.9881954],[-80.0122001,37.9886287],[-80.0116848,37.9889137],[-80.0109708,37.9890677],[-80.0102541,37.9893388],[-80.0096881,37.989768],[-80.0091183,37.9906688],[-80.0088955,37.9908287],[-80.008484,37.9907993],[-80.0079535,37.9906421],[-80.0076509,37.9906105],[-80.0072785,37.9909488],[-80.0067311,37.9914054],[-80.0062242,37.9915794],[-80.0052208,37.9917268],[-80.0045443,37.9919512],[-80.0045208,37.9919662],[-80.0039828,37.9923225],[-80.0025079,37.9927678],[-80.0022855,37.9931559],[-80.0019939,37.9938369],[-80.0016434,37.9943692],[-80.000985,37.99471],[-79.9997788,37.9947813],[-79.9996081,37.994899],[-79.9994886,37.994891],[-79.9993839,37.9949072],[-79.9992722,37.9950874],[-79.9992415,37.9951888],[-79.9993127,37.9954586],[-79.9993552,37.9957673],[-79.9993833,37.9958429],[-79.9993834,37.9961012],[-79.9994139,37.9962219],[-79.9993755,37.9964013],[-79.9993854,37.9965507],[-79.9993064,37.9967599],[-79.9992761,37.9969408],[-79.999167,37.9971265],[-79.999143,37.9972529],[-79.9990043,37.997347],[-79.9988315,37.9975111],[-79.9986604,37.9976048],[-79.9985573,37.9977291],[-79.9987691,37.9981513],[-79.9988107,37.9984114],[-79.998808,37.9986997],[-79.9987905,37.9987585],[-79.9988207,37.9989227],[-79.9988333,37.9992622],[-79.9988832,37.9994738],[-79.9988841,37.9995677],[-79.9988543,37.999712],[-79.9987518,37.9998429],[-79.9985798,37.9999613],[-79.9984437,37.9999384],[-79.9982182,38.0000261],[-79.9971356,38.0001244],[-79.9967223,38.0003551],[-79.9963941,38.0006061],[-79.9961355,38.0009936],[-79.995788,38.0022229],[-79.9956032,38.0028752],[-79.9953962,38.0033177],[-79.9951127,38.0037919],[-79.9949054,38.0040762],[-79.995122,38.0043791],[-79.9956905,38.0050461],[-79.9958487,38.0053544],[-79.9959015,38.0057924],[-79.9957683,38.0064884],[-79.9954889,38.0071266],[-79.994976,38.0078679],[-79.9943214,38.0087127],[-79.9936999,38.0093482],[-79.9927362,38.0100118],[-79.9919113,38.0105274],[-79.991494,38.0111399],[-79.9912586,38.0115403],[-79.9907871,38.012106],[-79.9901142,38.0132466],[-79.989533,38.0136115],[-79.9883942,38.013918],[-79.986944,38.0139832],[-79.9861405,38.0141842],[-79.9860436,38.0144098],[-79.9861604,38.0148368],[-79.9861381,38.0154267],[-79.9858851,38.0158814],[-79.985501,38.0160254],[-79.9849908,38.0162487],[-79.9848412,38.0166104],[-79.985007,38.0169328],[-79.9857891,38.0180875],[-79.9857851,38.0184607],[-79.9856177,38.0191627],[-79.9850865,38.0199346],[-79.98437,38.0203907],[-79.9839903,38.0207349],[-79.983878,38.0211909],[-79.983819,38.0216709],[-79.9833037,38.0228011],[-79.9829889,38.0232409],[-79.9828476,38.0234436],[-79.9820865,38.0242251],[-79.9818875,38.0246795],[-79.9811154,38.0257185],[-79.9807796,38.0261099],[-79.9805628,38.0265551],[-79.9804372,38.0271046],[-79.9802881,38.027598],[-79.9800085,38.027942],[-79.9794604,38.0283447],[-79.9789896,38.0287232],[-79.9784286,38.0290818],[-79.9780363,38.0291344],[-79.9777759,38.0289548],[-79.9773306,38.028712],[-79.9769567,38.0288046],[-79.9768897,38.0290098],[-79.9767314,38.0292788],[-79.9761397,38.0296021],[-79.9755956,38.0298315],[-79.9752685,38.030075],[-79.9752617,38.0304094],[-79.9754208,38.0311074],[-79.9754068,38.031392],[-79.9749346,38.0318586],[-79.9742718,38.032195],[-79.9738721,38.0323102],[-79.9737,38.032559],[-79.9736211,38.0330652],[-79.9738198,38.0333501],[-79.9741374,38.0339633],[-79.9741719,38.0340688],[-79.9740845,38.0343942],[-79.973861,38.0345659],[-79.9731281,38.0347139],[-79.9721032,38.0349732],[-79.9716019,38.0352327],[-79.9715255,38.0354511],[-79.9716749,38.0356616],[-79.9719667,38.0358758],[-79.9721589,38.0360914],[-79.9732437,38.0377503],[-79.9737754,38.0387409],[-79.9739685,38.0393209],[-79.9738955,38.040003],[-79.9736736,38.040453],[-79.9729915,38.0413557],[-79.972686,38.0421705],[-79.9726111,38.0424245],[-79.9722738,38.0429418],[-79.9713943,38.0438772],[-79.9712323,38.0443282],[-79.9711429,38.0446497],[-79.9708305,38.0450389],[-79.9702092,38.0456235],[-79.9700973,38.0457306],[-79.9697908,38.0460768],[-79.969505,38.0465359],[-79.9691949,38.0468894],[-79.9685881,38.0473236],[-79.9681904,38.0477079],[-79.9681461,38.0478977],[-79.9681376,38.0482029],[-79.9680737,38.0484671],[-79.9678391,38.0488617],[-79.9671442,38.0494865],[-79.9660813,38.0508207],[-79.9659521,38.0512101],[-79.9659033,38.0520383],[-79.9656203,38.0527705],[-79.9653169,38.0534095],[-79.9645763,38.0540485],[-79.9642848,38.0545196],[-79.9639827,38.0552904],[-79.9637862,38.0566212],[-79.9635532,38.0570329],[-79.9631216,38.057386],[-79.9626724,38.057668],[-79.9624738,38.0579097],[-79.9623805,38.0581811],[-79.9623209,38.0584897],[-79.9623311,38.0590721],[-79.9622522,38.0594919],[-79.9621678,38.0597352],[-79.9619036,38.0601892],[-79.961488,38.0606679],[-79.961261,38.060993],[-79.9609235,38.0616387],[-79.9606778,38.0618681],[-79.9604399,38.0621504],[-79.9601635,38.0625464],[-79.9599732,38.0631389],[-79.959862,38.0634172],[-79.959844,38.0636978],[-79.9595657,38.0639257],[-79.9594961,38.064299],[-79.9596897,38.0645154],[-79.9599103,38.0645379],[-79.9603212,38.0648776],[-79.9618106,38.0658846],[-79.961804,38.0661219],[-79.9615698,38.0664636],[-79.961648,38.0674153],[-79.9611593,38.0679958],[-79.9600942,38.0686775],[-79.9591497,38.0701002],[-79.9591323,38.0703998],[-79.9593688,38.0707654],[-79.9593506,38.0711685],[-79.9591632,38.0712894],[-79.9590214,38.0713545],[-79.9582169,38.0717192],[-79.9578717,38.0719304],[-79.9577593,38.0720504],[-79.9576795,38.0722865],[-79.957616,38.0726196],[-79.9575099,38.0729378],[-79.9565032,38.074967],[-79.9564153,38.0752108],[-79.9562722,38.0753906],[-79.9561043,38.0754859],[-79.9559191,38.0757245],[-79.9557664,38.0761092],[-79.9557458,38.0765587],[-79.9556367,38.0769061],[-79.955668,38.0773286],[-79.9556444,38.0775001],[-79.9555519,38.0776165],[-79.9545046,38.078212],[-79.954193,38.078524],[-79.9541274,38.0787618],[-79.954221,38.079032],[-79.9545349,38.0797409],[-79.9545292,38.0801004],[-79.9543694,38.0804],[-79.9535105,38.0814872],[-79.9514553,38.0825028],[-79.9511103,38.0829078],[-79.9499229,38.0838174],[-79.9490995,38.0842455],[-79.948305,38.0846105],[-79.9479745,38.0848013],[-79.9475984,38.0849129],[-79.9472904,38.0850471],[-79.9471298,38.0852866],[-79.9470074,38.0862292],[-79.9466074,38.0869535],[-79.9451379,38.0885553],[-79.9443344,38.089517],[-79.9440281,38.08981],[-79.9435664,38.0900149],[-79.9432451,38.090461],[-79.9429013,38.09089],[-79.9426543,38.0912958],[-79.9423602,38.0915911],[-79.9418501,38.0918583],[-79.9413384,38.0920857],[-79.9398687,38.0930866],[-79.9382731,38.0947452],[-79.9363474,38.0955902],[-79.9354511,38.0962593],[-79.9351021,38.0965395],[-79.9348957,38.0969835],[-79.9346081,38.0973074],[-79.9342505,38.097666],[-79.9339934,38.0985306],[-79.9339101,38.099171],[-79.9338536,38.0991984],[-79.9316899,38.1011381],[-79.9311324,38.1013967],[-79.9310323,38.1014034],[-79.9309284,38.1016714],[-79.9304783,38.1022366],[-79.9297376,38.10275],[-79.9293153,38.1029857],[-79.9286929,38.1038269],[-79.9278734,38.104451],[-79.9273189,38.1053738],[-79.9267837,38.1061778],[-79.9263924,38.1065492],[-79.9262959,38.1068063],[-79.9263267,38.1071514],[-79.9288673,38.1088644],[-79.9296881,38.1091988],[-79.930449,38.1092812],[-79.9308846,38.109253],[-79.9315854,38.1093589],[-79.9320509,38.1096557],[-79.9324653,38.1097264],[-79.9326899,38.1096474],[-79.9331621,38.1095804],[-79.9343631,38.1097166],[-79.934684,38.110084],[-79.9347253,38.1105446],[-79.9352009,38.1109168],[-79.9356677,38.1111542],[-79.936142,38.1111389],[-79.9365181,38.1111982],[-79.936856,38.1112037],[-79.9372484,38.1110024],[-79.9376667,38.1108186],[-79.9380459,38.1107596],[-79.9384057,38.1109829],[-79.9389482,38.111615],[-79.9390727,38.1126513],[-79.9397097,38.1135648],[-79.9395591,38.1139425],[-79.9395879,38.114344],[-79.9400705,38.1151899],[-79.9403637,38.1159024],[-79.9409514,38.1168729],[-79.9414641,38.1173675],[-79.9414496,38.1176576],[-79.9410226,38.1180109],[-79.9407701,38.1185184],[-79.9407154,38.1190088],[-79.9410091,38.1196598],[-79.9409206,38.1200622],[-79.9407276,38.1204705],[-79.9406665,38.1208658],[-79.9409939,38.1213238],[-79.9416683,38.1217141],[-79.9421364,38.1220834],[-79.9424752,38.1225051],[-79.943085,38.1230092],[-79.9432321,38.1232241],[-79.9432048,38.1233988],[-79.9430805,38.1236551],[-79.9419692,38.1242947],[-79.9412262,38.1245804],[-79.9411143,38.1247782],[-79.941173,38.1251208],[-79.9411752,38.125267],[-79.941294,38.1254795],[-79.9419862,38.1263693],[-79.9425175,38.1268714],[-79.9426578,38.1271474],[-79.9428063,38.1272842],[-79.9435169,38.1279488],[-79.9438539,38.1283104],[-79.9441027,38.1286428],[-79.9442619,38.128979],[-79.9443322,38.129171],[-79.9444009,38.1294602],[-79.9444121,38.1297256],[-79.9442912,38.1301589],[-79.9443287,38.1303863],[-79.9445121,38.1308283],[-79.9446178,38.131172],[-79.9448402,38.1315833],[-79.9450323,38.1317731],[-79.9451864,38.1319859],[-79.9452404,38.1321265],[-79.9452569,38.1322396],[-79.9452147,38.1323851],[-79.9450915,38.1324546],[-79.94472,38.1324716],[-79.9444804,38.1325074],[-79.9443237,38.1326053],[-79.9436674,38.1331461],[-79.9435428,38.13322],[-79.9432061,38.1332829],[-79.9431213,38.1333942],[-79.9429421,38.1335284],[-79.9429003,38.1337111],[-79.9429729,38.1340772],[-79.942851,38.1342455],[-79.9427466,38.1343318],[-79.9411326,38.134442],[-79.9399583,38.1349883],[-79.9393927,38.1351065],[-79.9378875,38.1348864],[-79.9371887,38.1347844],[-79.9356301,38.1349009],[-79.9342646,38.1351312],[-79.9338313,38.1353794],[-79.9337572,38.1355021],[-79.9327467,38.1361592],[-79.9325768,38.1363306],[-79.932079,38.1370996],[-79.9319002,38.1373339],[-79.9305194,38.1381552],[-79.9298771,38.1387196],[-79.9290343,38.1397721],[-79.9289481,38.1399753],[-79.9288878,38.1402381],[-79.9287739,38.1418669],[-79.9286965,38.1426767],[-79.9286702,38.1433565],[-79.9287471,38.1444364],[-79.9287006,38.1445588],[-79.9286853,38.1449233],[-79.9284219,38.145168],[-79.9279133,38.1454072],[-79.9274949,38.1457042],[-79.9272673,38.1460264],[-79.9270748,38.1464841],[-79.9267911,38.1469639],[-79.9263547,38.1473158],[-79.9262265,38.1475306],[-79.9261934,38.1476941],[-79.9262968,38.1485601],[-79.9262284,38.1487313],[-79.9261959,38.1488851],[-79.9261963,38.1492267],[-79.9262249,38.1494052],[-79.9261446,38.149556],[-79.9259927,38.1497578],[-79.9257372,38.1499644],[-79.9255122,38.1502394],[-79.9252492,38.1504687],[-79.924937,38.1506107],[-79.9234128,38.1507842],[-79.9231206,38.1508745],[-79.9230332,38.1509563],[-79.9229373,38.1511302],[-79.9228382,38.1514714],[-79.9227317,38.1516509],[-79.9224933,38.1518382],[-79.9216133,38.1521597],[-79.9213442,38.1523725],[-79.9208809,38.152908],[-79.9205112,38.1532214],[-79.9196986,38.153522],[-79.9195483,38.1536424],[-79.9194063,38.1537887],[-79.9192032,38.1540936],[-79.9187925,38.1545985],[-79.918668,38.1547798],[-79.9185808,38.1550417],[-79.9186014,38.1552696],[-79.9190066,38.1558653],[-79.9190417,38.1560225],[-79.9190159,38.156156],[-79.9185108,38.1571586],[-79.9185042,38.1572395],[-79.9184668,38.157575],[-79.9185649,38.1580597],[-79.9186642,38.1582217],[-79.9187811,38.1582792],[-79.9195727,38.1583624],[-79.9197894,38.158511],[-79.9198466,38.1587011],[-79.9197996,38.1588103],[-79.9193002,38.1595536],[-79.9190771,38.1600986],[-79.9190965,38.1605377],[-79.9190972,38.161107],[-79.9194847,38.1621745],[-79.9195466,38.1624215],[-79.9195178,38.1626456],[-79.9193874,38.1628519],[-79.9190492,38.1630246],[-79.9187228,38.163147],[-79.918476,38.1631452],[-79.9179117,38.1630908],[-79.9166561,38.1630057],[-79.9163841,38.1630207],[-79.9162084,38.1630922],[-79.9161184,38.1631936],[-79.9160113,38.1633621],[-79.9159393,38.1636499],[-79.9159799,38.1640808],[-79.9161708,38.1645377],[-79.9162286,38.1649861],[-79.9160881,38.1654104],[-79.9160529,38.1655308],[-79.9158195,38.1658873],[-79.9156896,38.1660394],[-79.9154416,38.1662718],[-79.915304,38.16647],[-79.9152433,38.1666461],[-79.9153046,38.1669123],[-79.9152452,38.1670885],[-79.9151894,38.1672045],[-79.9150167,38.1673406],[-79.9148872,38.1675209],[-79.9148613,38.1677216],[-79.9149242,38.1679107],[-79.9150644,38.1680832],[-79.9160668,38.1684265],[-79.9175983,38.1683594],[-79.9179261,38.1684004],[-79.9181565,38.1686012],[-79.9181977,38.1687451],[-79.9180415,38.1694407],[-79.9181028,38.1696158],[-79.9182573,38.1698023],[-79.9186893,38.1699793],[-79.9188211,38.1701127],[-79.9189097,38.1704632],[-79.9188796,38.1707744],[-79.9189155,38.171014],[-79.9190112,38.1714615],[-79.9189902,38.1717265],[-79.918949,38.1718909],[-79.9186952,38.1725116],[-79.9184524,38.1730808],[-79.9180615,38.1738164],[-79.9169963,38.1750665],[-79.9168544,38.1752976],[-79.9167672,38.1755063],[-79.9167696,38.1755915],[-79.9167942,38.1759175],[-79.9167087,38.1761772],[-79.9165314,38.1765757],[-79.9164526,38.1768177],[-79.9165562,38.1776815],[-79.9166196,38.1779928],[-79.9171356,38.1784776],[-79.9174292,38.1786225],[-79.9181211,38.1787093],[-79.9187532,38.1788127],[-79.9191057,38.1789087],[-79.9193411,38.1790938],[-79.9194995,38.1793052],[-79.9197917,38.1794075],[-79.920085,38.1795597],[-79.9206538,38.1797263],[-79.9210286,38.1799534],[-79.9211941,38.1803802],[-79.9211857,38.1807778],[-79.9210395,38.1811083],[-79.9208151,38.1813759],[-79.9203309,38.1820878],[-79.9200765,38.1825289],[-79.9198185,38.1827353],[-79.9190517,38.183192],[-79.9183216,38.1834784],[-79.9177973,38.1836088],[-79.9170682,38.1837357],[-79.9163517,38.184215],[-79.9161701,38.1843848],[-79.9161466,38.1849704],[-79.9161836,38.1852773],[-79.916347,38.1857475],[-79.9163864,38.1860072],[-79.9163432,38.1862826],[-79.9161508,38.1865486],[-79.9152346,38.1875352],[-79.9148762,38.187898],[-79.9146141,38.1882328],[-79.9144139,38.1884187],[-79.9141879,38.1884832],[-79.9139324,38.1884788],[-79.9130718,38.1881473],[-79.9124029,38.1877115],[-79.9120821,38.1876179],[-79.9117324,38.1876484],[-79.9109523,38.1879238],[-79.9100325,38.1881859],[-79.9094906,38.1882162],[-79.9083327,38.1881096],[-79.907621,38.187947],[-79.9073859,38.1879718],[-79.9071693,38.1880612],[-79.9069514,38.1882073],[-79.9063914,38.188748],[-79.9060841,38.1890011],[-79.9056824,38.1892347],[-79.9050935,38.189459],[-79.9036142,38.1904149],[-79.9032462,38.1906259],[-79.9029217,38.1907495],[-79.9026258,38.1908286],[-79.9017829,38.1909255],[-79.9015653,38.1910223],[-79.9012824,38.1911686],[-79.9007302,38.1917425],[-79.9005264,38.1919135],[-79.9002664,38.1920952],[-79.8996439,38.1924594],[-79.8989976,38.1927868],[-79.8984308,38.1930463],[-79.8978195,38.1931339],[-79.8973351,38.1933801],[-79.89713,38.1937341],[-79.8970133,38.1942088],[-79.8970064,38.1945271],[-79.8970497,38.1946867],[-79.8973155,38.1951264],[-79.8974061,38.1953453],[-79.897467,38.1956166],[-79.8973938,38.1958501],[-79.897133,38.1962494],[-79.8968815,38.1964583],[-79.8957983,38.1975369],[-79.8951689,38.1982407],[-79.8949776,38.1983983],[-79.8944591,38.1985038],[-79.8943481,38.1986385],[-79.8943752,38.1987509],[-79.8943231,38.1991486],[-79.8942653,38.1992657],[-79.8941396,38.1993448],[-79.8934297,38.1994507],[-79.8931828,38.1995562],[-79.892916,38.199869],[-79.8927717,38.2001777],[-79.8926906,38.200734],[-79.8926444,38.2014546],[-79.8925617,38.2018595],[-79.8923497,38.2023896],[-79.8922604,38.2025353],[-79.8919992,38.2033783],[-79.8918833,38.2035443],[-79.8918426,38.2043162],[-79.8917168,38.204513],[-79.8915946,38.2046527],[-79.8909888,38.2048368],[-79.8907526,38.2050482],[-79.8906856,38.2054306],[-79.8905102,38.2056876],[-79.8903239,38.2058582],[-79.8891963,38.2064654],[-79.8885453,38.2070392],[-79.8881036,38.2073246],[-79.8875895,38.2076255],[-79.8864144,38.2079533],[-79.8856542,38.2079365],[-79.8850176,38.2079655],[-79.884543,38.2079559],[-79.8842326,38.2078677],[-79.8838706,38.2075801],[-79.8833203,38.2068451],[-79.8831056,38.206884],[-79.8829548,38.2069418],[-79.8825248,38.2074539],[-79.8820627,38.2081129],[-79.881705,38.2087923],[-79.8815816,38.2089464],[-79.8813776,38.2091042],[-79.88085,38.209271],[-79.8805643,38.2094385],[-79.8802374,38.2094295],[-79.880049,38.2095819],[-79.8799003,38.2097907],[-79.8795775,38.2103109],[-79.879346,38.2107187],[-79.8792492,38.2109199],[-79.8790874,38.2110157],[-79.8786161,38.2111194],[-79.8785201,38.2111777],[-79.8784209,38.211247],[-79.8779221,38.2113204],[-79.8771036,38.2117008],[-79.8757123,38.2123123],[-79.8747752,38.2129486],[-79.8745912,38.2129774],[-79.8743302,38.2137063],[-79.8740724,38.2146173],[-79.8739438,38.2152099],[-79.8739347,38.2153872],[-79.8737757,38.2155088],[-79.8736353,38.2155791],[-79.8732064,38.2159115],[-79.870266,38.2183678],[-79.8699048,38.2185556],[-79.8694606,38.2187253],[-79.8679977,38.219441],[-79.8677898,38.2196358],[-79.8674,38.2204343],[-79.8671347,38.2208397],[-79.8667976,38.2211922],[-79.8642747,38.223522],[-79.8638994,38.2237955],[-79.8636259,38.2239435],[-79.8631896,38.2240007],[-79.86248,38.2242041],[-79.8617391,38.224633],[-79.8608805,38.2252439],[-79.8605284,38.2256858],[-79.8604031,38.2261345],[-79.860385,38.2264968],[-79.8605189,38.2268442],[-79.8604357,38.2271236],[-79.8603003,38.2273307],[-79.8598715,38.2278517],[-79.8584701,38.2292837],[-79.857858,38.2300156],[-79.8574192,38.2306102],[-79.8569624,38.2310776],[-79.8558988,38.2315569],[-79.8547572,38.231887],[-79.8545954,38.2319191],[-79.8534177,38.2321575],[-79.8527524,38.2324558],[-79.851715,38.2328643],[-79.8510455,38.2330564],[-79.8503254,38.2333288],[-79.8500996,38.2335593],[-79.8498337,38.234144],[-79.8496637,38.2345939],[-79.8495547,38.2347972],[-79.8489211,38.2355504],[-79.8483981,38.2363633],[-79.8477601,38.2374215],[-79.8471513,38.2383224],[-79.8467735,38.2391355],[-79.84652,38.2396036],[-79.846446,38.2400039],[-79.8462635,38.2402679],[-79.8457819,38.2406627],[-79.8452073,38.2410852],[-79.8449529,38.2412007],[-79.844305,38.2413267],[-79.8439889,38.2414577],[-79.8429845,38.2415942],[-79.8415147,38.2415433],[-79.8396651,38.2413126],[-79.8382905,38.2412277],[-79.8374996,38.2412761],[-79.836113,38.2415244],[-79.8351229,38.2418914],[-79.8345699,38.2423274],[-79.8341697,38.2429015],[-79.8340383,38.2435315],[-79.8340313,38.2449584],[-79.8339277,38.2452343],[-79.8336743,38.2455168],[-79.8332827,38.2462659],[-79.8331507,38.2469984],[-79.8329681,38.2475561],[-79.832576,38.2479981],[-79.8320252,38.2485568],[-79.8315167,38.2490076],[-79.8313952,38.2491833],[-79.831271,38.2493628],[-79.8311941,38.2494756],[-79.8308837,38.2496878],[-79.8307106,38.2497118],[-79.8296004,38.2495227],[-79.8292415,38.2495053],[-79.8289192,38.2495622],[-79.8282964,38.2498285],[-79.827337,38.249826],[-79.8268819,38.2498798],[-79.82612,38.2503051],[-79.8256031,38.2504376],[-79.8252851,38.2504895],[-79.824968,38.2503856],[-79.8243968,38.2501392],[-79.823526,38.2497282],[-79.8229312,38.2493932],[-79.822024,38.2488331],[-79.8210067,38.2482749],[-79.8204405,38.2480987],[-79.8200412,38.2481158],[-79.8198467,38.248158],[-79.8196239,38.2482322],[-79.819068,38.2486368],[-79.8188598,38.2487195],[-79.8182019,38.2490603],[-79.8175303,38.2493162],[-79.8171488,38.2495119],[-79.8167769,38.2498319],[-79.8163174,38.2501228],[-79.8157556,38.2506772],[-79.8150101,38.2513661],[-79.8148632,38.2515669],[-79.8151446,38.2523492],[-79.8157177,38.2536509],[-79.8157087,38.2550656],[-79.8146302,38.2566598],[-79.8146182,38.2574433],[-79.8142058,38.2581715],[-79.8136467,38.2588516],[-79.8119888,38.2604015],[-79.8106869,38.2603656],[-79.8064934,38.259204],[-79.8063366,38.2591935],[-79.8050702,38.260013],[-79.8022007,38.2608161],[-79.8012728,38.2614751],[-79.7995348,38.2642418],[-79.798295,38.2659581],[-79.7980266,38.2660967],[-79.7978824,38.2661336],[-79.7976003,38.2661638],[-79.7971545,38.2661499],[-79.7960268,38.2656036],[-79.7956608,38.2658055],[-79.7953723,38.2659738],[-79.7953715,38.2659743],[-79.7951412,38.2661246],[-79.794819,38.2662565],[-79.7946009,38.2663083],[-79.7942684,38.266368],[-79.7939929,38.2664372],[-79.7939011,38.2664668],[-79.7936942,38.2665333],[-79.7934758,38.2666032],[-79.7931999,38.2666995],[-79.7929472,38.266769],[-79.7928116,38.2668433],[-79.7927857,38.2668574],[-79.7925542,38.2670353],[-79.7923572,38.2671955],[-79.7922189,38.2672661],[-79.792001,38.267309],[-79.7916686,38.2673596],[-79.791405,38.267402],[-79.7910265,38.2674792],[-79.7907169,38.2675391],[-79.790453,38.2675994],[-79.7901781,38.2676326],[-79.7899145,38.267675],[-79.7896951,38.2678079],[-79.7894179,38.2679763],[-79.7892558,38.2681008],[-79.7891054,38.2682074],[-79.7890113,38.2683686],[-79.788928,38.268566],[-79.7888674,38.2687727],[-79.7888312,38.2688895],[-79.7888306,38.2689248],[-79.7888299,38.2689706],[-79.7887573,38.2692131],[-79.7886843,38.2694737],[-79.7886571,38.2697348],[-79.7886182,38.2700138],[-79.7885796,38.2702747],[-79.7885401,38.2705897],[-79.7884879,38.2709767],[-79.7884248,38.2713365],[-79.7883623,38.2716603],[-79.7883554,38.2716839],[-79.7882895,38.2719119],[-79.7880903,38.2722072],[-79.7879836,38.2724314],[-79.7878414,38.2727364],[-79.7876873,38.2729783],[-79.7876418,38.2730497],[-79.7874191,38.2733809],[-79.7872546,38.2736495],[-79.7870327,38.2739356],[-79.7867526,38.2742752],[-79.7866005,38.2744899],[-79.7865638,38.2746337],[-79.786583,38.2748502],[-79.7866388,38.2749319],[-79.786707,38.2749596],[-79.7867977,38.2750056],[-79.7868992,38.2750878],[-79.7870236,38.2751702],[-79.787137,38.2752254],[-79.7872963,38.2752721],[-79.7875011,38.2753283],[-79.7877287,38.2753937],[-79.7878988,38.2754766],[-79.7880338,38.2756042],[-79.7882252,38.2757864],[-79.7884163,38.2759776],[-79.7886755,38.2762056],[-79.788935,38.2764155],[-79.789098,38.276564],[-79.7892954,38.2767437],[-79.7894257,38.2768627],[-79.7896445,38.2770627],[-79.7899367,38.2773631],[-79.7901828,38.2776901],[-79.7902596,38.2778891],[-79.790301,38.2781509],[-79.790307,38.2784754],[-79.7902908,38.2787636],[-79.790181,38.279177],[-79.7901072,38.2794917],[-79.7900573,38.2797435],[-79.7900291,38.2800676],[-79.7899089,38.2804179],[-79.7898586,38.2806967],[-79.7898327,38.2808767],[-79.7898643,38.2810392],[-79.7898904,38.2811319],[-79.7899075,38.2811929],[-79.789937,38.2812508],[-79.7900183,38.2814103],[-79.7902069,38.2817547],[-79.7903745,38.2819907],[-79.7905407,38.2823079],[-79.7907068,38.282634],[-79.7909062,38.2830236],[-79.7910616,38.2833045],[-79.7912399,38.2835858],[-79.7913717,38.2839115],[-79.7914923,38.2842192],[-79.7916245,38.284527],[-79.7917128,38.2847171],[-79.7918462,38.2849438],[-79.7920356,38.2852431],[-79.7921729,38.2854312],[-79.7922145,38.2854883],[-79.7924059,38.2856705],[-79.7926424,38.2858892],[-79.7928569,38.2860536],[-79.7930826,38.2862362],[-79.7932626,38.2864093],[-79.7935202,38.2867364],[-79.7937664,38.2870633],[-79.7939558,38.2873626],[-79.7942922,38.2877626],[-79.7945168,38.2880083],[-79.7946616,38.2882441],[-79.7947728,38.2884344],[-79.7948379,38.2886424],[-79.7948685,38.288868],[-79.7949453,38.2890671],[-79.7950556,38.2893115],[-79.7952211,38.2896737],[-79.7953429,38.2899183],[-79.7954636,38.2902259],[-79.7955758,38.2903532],[-79.7957333,38.290508],[-79.795903,38.2906179],[-79.7960836,38.290764],[-79.7961846,38.2908574],[-79.7962413,38.2909098],[-79.7964668,38.2911013],[-79.796726,38.2913293],[-79.7969969,38.2915483],[-79.7973695,38.2918315],[-79.7976754,38.2920059],[-79.7978003,38.2920612],[-79.7980401,38.2920817],[-79.7982881,38.2920686],[-79.798555,38.29206],[-79.7989318,38.2920908],[-79.7991951,38.2920755],[-79.7994466,38.2920781],[-79.7995728,38.2920523],[-79.7996872,38.2920535],[-79.7999274,38.292047],[-79.8002478,38.2920322],[-79.8005225,38.292017],[-79.8008314,38.2920111],[-79.8010949,38.2919778],[-79.8014615,38.2919365],[-79.8017479,38.2919033],[-79.8020113,38.291879],[-79.8022629,38.2918815],[-79.8023995,38.291919],[-79.8026042,38.2919842],[-79.8027288,38.2920575],[-79.8028406,38.2922119],[-79.8028954,38.2923566],[-79.8029925,38.2927091],[-79.8030584,38.2928843],[-79.8030911,38.2929714],[-79.8031552,38.2932514],[-79.8032302,38.2935586],[-79.8033047,38.2938928],[-79.8033459,38.2941726],[-79.8033625,38.2945513],[-79.8033909,38.294912],[-79.8034056,38.2953191],[-79.8034067,38.2953448],[-79.8034031,38.295561],[-79.8034228,38.2957595],[-79.8034211,38.2958586],[-79.8034525,38.2960392],[-79.8034601,38.2962736],[-79.8034892,38.2965893],[-79.8035642,38.2968964],[-79.8036509,38.2971857],[-79.8037381,38.2974479],[-79.8038476,38.2977465],[-79.8039342,38.2980447],[-79.8040224,38.2982439],[-79.804076,38.2984607],[-79.8041987,38.2986512],[-79.8043898,38.2988514],[-79.8047283,38.2991342],[-79.8050771,38.2994803],[-79.8054041,38.2997629],[-79.8057537,38.3000639],[-79.8062835,38.3005379],[-79.8066552,38.3008841],[-79.8068012,38.3010478],[-79.8070834,38.301276],[-79.8073085,38.3014946],[-79.8075337,38.3017131],[-79.8077915,38.3020312],[-79.8081052,38.3024309],[-79.8084303,38.3028307],[-79.8087996,38.3033301],[-79.8088887,38.3034369],[-79.8090576,38.3036391],[-79.8093266,38.3039753],[-79.809607,38.3043116],[-79.8099672,38.3046667],[-79.8100908,38.3048031],[-79.8101346,38.3049207],[-79.8101664,38.3050743],[-79.8101789,38.3051591],[-79.8102076,38.3053541],[-79.8102275,38.3062374],[-79.8101862,38.3067126],[-79.8101852,38.3067236],[-79.8101483,38.3068855],[-79.8101235,38.3070024],[-79.8100423,38.3070737],[-79.8099251,38.3072437],[-79.8097599,38.3075574],[-79.8096181,38.3078354],[-79.8093934,38.3082837],[-79.8091448,38.3088039],[-79.8088848,38.3093149],[-79.8086741,38.3096102],[-79.808488,38.3097975],[-79.8082559,38.3100025],[-79.8080127,38.3101892],[-79.807699,38.3104834],[-79.8074788,38.3106614],[-79.8072352,38.3108662],[-79.8069223,38.3111154],[-79.8066097,38.3113465],[-79.8065046,38.3114323],[-79.8062388,38.3116492],[-79.8058902,38.3119791],[-79.8055644,38.3123182],[-79.805296,38.3126399],[-79.8051322,38.3128635],[-79.8048997,38.3130955],[-79.8046664,38.3133725],[-79.8044913,38.313587],[-79.8043279,38.3137836],[-79.8041769,38.3139262],[-79.8040143,38.3140778],[-79.8038626,38.3142565],[-79.8036642,38.3144978],[-79.8034192,38.3147927],[-79.8031615,38.3151595],[-79.8028572,38.31558],[-79.8026341,38.3159292],[-79.8024124,38.3161973],[-79.8022502,38.3163218],[-79.802077,38.3164191],[-79.8019387,38.3164808],[-79.8016974,38.3165505],[-79.8015864,38.3165888],[-79.8015708,38.3165942],[-79.8013877,38.3166014],[-79.8012164,38.3165816],[-79.8010214,38.3166156],[-79.8008378,38.3166498],[-79.800574,38.3166922],[-79.8003324,38.3167798],[-79.8001024,38.3168496],[-79.7999527,38.3169111],[-79.7998138,38.3170088],[-79.7996974,38.3171338],[-79.7995455,38.3173305],[-79.7993942,38.3174822],[-79.799231,38.3176698],[-79.799021,38.31792],[-79.798891,38.318171],[-79.7987141,38.3184936],[-79.7985143,38.318816],[-79.7983965,38.319022],[-79.7983367,38.3191836],[-79.7982997,38.3193455],[-79.7982734,38.3195525],[-79.7982583,38.3197776],[-79.798233,38.3199215],[-79.7981506,38.3200649],[-79.7981139,38.3202087],[-79.7981137,38.3202094],[-79.798065,38.3203975],[-79.7979591,38.3205766],[-79.7978062,38.3208274],[-79.7976304,38.3210869],[-79.7973853,38.3213818],[-79.7972092,38.3216504],[-79.7970793,38.3219014],[-79.7970308,38.3220631],[-79.7970044,38.3222791],[-79.7969659,38.322531],[-79.7968338,38.3229082],[-79.7967257,38.3232225],[-79.7965847,38.3234463],[-79.796492,38.3235175],[-79.7964339,38.323571],[-79.7962493,38.3236682],[-79.7960881,38.3237296],[-79.7959269,38.3237911],[-79.7956508,38.3238874],[-79.7953859,38.3239928],[-79.7950746,38.3241428],[-79.7947751,38.3242659],[-79.7945096,38.3244074],[-79.7943012,38.3245584],[-79.794116,38.3246917],[-79.7939187,38.3248609],[-79.7936406,38.3250743],[-79.7934438,38.3252165],[-79.7932581,38.3253768],[-79.7930383,38.3255187],[-79.7928067,38.3256876],[-79.7925869,38.3258385],[-79.7922627,38.3260695],[-79.7919851,38.3262559],[-79.7915444,38.3266118],[-79.7912547,38.3268341],[-79.7911501,38.3269322],[-79.7910878,38.3269753],[-79.7910344,38.3270121],[-79.7908725,38.3271186],[-79.7906871,38.3272609],[-79.7905358,38.3274125],[-79.7904078,38.3275464],[-79.7903023,38.3276985],[-79.7902424,38.3278601],[-79.7901819,38.3280577],[-79.7900765,38.3282008],[-79.7900038,38.3282634],[-79.7899038,38.3282711],[-79.7897554,38.3282516],[-79.7895729,38.3282137],[-79.7893559,38.3281934],[-79.7891164,38.3281459],[-79.7888996,38.3281166],[-79.7886711,38.3280962],[-79.7884542,38.3280669],[-79.7882485,38.3280558],[-79.7881339,38.3280636],[-79.7879732,38.328098],[-79.7878582,38.3281329],[-79.7877313,38.3281946],[-79.7875927,38.3282743],[-79.7874542,38.328345],[-79.7871654,38.3285132],[-79.7870151,38.3286108],[-79.7869224,38.3286819],[-79.7868279,38.3288612],[-79.7866975,38.3291302],[-79.7865323,38.3294349],[-79.7863777,38.3297848],[-79.7862466,38.3300988],[-79.786127,38.330413],[-79.7860317,38.3306373],[-79.7859836,38.330781],[-79.7859035,38.3308882],[-79.7858899,38.3309062],[-79.7858084,38.3309955],[-79.7857271,38.3310668],[-79.7855767,38.3311643],[-79.7853918,38.3312796],[-79.7851032,38.3314298],[-79.7847915,38.3315978],[-79.7841697,38.3318347],[-79.7840209,38.3318421],[-79.7837344,38.3318662],[-79.7833914,38.3318536],[-79.7831054,38.3318507],[-79.7829456,38.331831],[-79.7825463,38.3317638],[-79.7821358,38.3316784],[-79.7816226,38.331583],[-79.7811212,38.3314606],[-79.780847,38.3314397],[-79.7802404,38.3314515],[-79.7799195,38.3314842],[-79.7796215,38.3315171],[-79.7793228,38.3315861],[-79.7790006,38.3316999],[-79.7786668,38.3318494],[-79.778412,38.3320002],[-79.7781104,38.3322494],[-79.7778202,38.3324987],[-79.7774372,38.3328191],[-79.7771357,38.3330593],[-79.7769273,38.3332103],[-79.7766381,38.3333477],[-79.7764659,38.3334308],[-79.7761779,38.333545],[-79.7757867,38.3336761],[-79.7754295,38.3338256],[-79.7751069,38.3339574],[-79.7748759,38.3340901],[-79.7744125,38.3344278],[-79.7742491,38.3346243],[-79.7740979,38.3347669],[-79.7739353,38.3349094],[-79.7737041,38.3350512],[-79.7735186,38.3351934],[-79.7733091,38.3354075],[-79.7731113,38.3356037],[-79.7730407,38.3357202],[-79.7729828,38.3359098],[-79.7729199,38.3360974],[-79.7728581,38.3363671],[-79.7727577,38.3367321],[-79.7727361,38.3368164],[-79.7726649,38.3369689],[-79.7725824,38.3371122],[-79.7724648,38.3373002],[-79.772405,38.3374528],[-79.7723204,38.3377223],[-79.7722818,38.3379742],[-79.7722199,38.3382529],[-79.7721685,38.3384123],[-79.7721475,38.3384775],[-79.7720755,38.338675],[-79.7719231,38.3388897],[-79.7719113,38.3389009],[-79.771737,38.3390679],[-79.7715168,38.3392369],[-79.7710089,38.339527],[-79.7708351,38.3396263],[-79.7706958,38.3397419],[-79.7706016,38.3399032],[-79.7704594,38.3401901],[-79.7703385,38.3405763],[-79.7702067,38.3409264],[-79.7701692,38.3411152],[-79.7701088,38.3413039],[-79.770083,38.3414748],[-79.7700104,38.3417084],[-79.7699858,38.3417422],[-79.7698933,38.3418693],[-79.7697416,38.342039],[-79.7695668,38.3422264],[-79.7694381,38.3423963],[-79.7692749,38.3425748],[-79.768741,38.3430198],[-79.7684388,38.343296],[-79.768101,38.3436439],[-79.767855,38.3439838],[-79.7677828,38.3441903],[-79.7677677,38.3444064],[-79.7677856,38.344704],[-79.7677915,38.3450285],[-79.7678211,38.3453082],[-79.7678957,38.3456334],[-79.7680403,38.3458782],[-79.7681975,38.3460601],[-79.7683856,38.3461883],[-79.7684124,38.3462065],[-79.7686618,38.3463443],[-79.7689122,38.3464281],[-79.7691165,38.3465293],[-79.7692181,38.3466115],[-79.7695903,38.3469308],[-79.7698503,38.3471228],[-79.7700309,38.3472689],[-79.7700613,38.3473045],[-79.7701319,38.3473871],[-79.7703444,38.3476777],[-79.7704117,38.3477595],[-79.7704448,38.347832],[-79.7703395,38.347966],[-79.7702233,38.348073],[-79.7700157,38.3481699],[-79.7697505,38.3482843],[-79.7696708,38.3483208],[-79.7694622,38.3484164],[-79.7692074,38.348594],[-79.768953,38.3487536],[-79.7688018,38.3488962],[-79.7686393,38.3490296],[-79.7684893,38.3491002],[-79.768327,38.3492246],[-79.7681412,38.3493849],[-79.7679557,38.3495271],[-79.7677806,38.3497326],[-79.7673375,38.3502145],[-79.7671395,38.3504197],[-79.766676,38.3507573],[-79.7661317,38.3511391],[-79.7660034,38.3512819],[-79.7659432,38.3514525],[-79.7659289,38.3516236],[-79.7659603,38.3517952],[-79.7660026,38.3520029],[-79.7660682,38.3521838],[-79.7661463,38.3523018],[-79.7662586,38.3524291],[-79.7664847,38.3525937],[-79.7666426,38.3527306],[-79.7671506,38.3531414],[-79.7672632,38.3532508],[-79.7672962,38.3533322],[-79.7671662,38.3535742],[-79.7670257,38.3537619],[-79.7669092,38.3538779],[-79.766793,38.3539848],[-79.7666078,38.354109],[-79.7664337,38.3542514],[-79.7662018,38.3544292],[-79.7659929,38.3545982],[-79.7658295,38.3547857],[-79.7656662,38.3549642],[-79.7655024,38.3551788],[-79.7653274,38.3553752],[-79.765118,38.3555713],[-79.7649889,38.3557592],[-79.7649066,38.3558935],[-79.764812,38.3560727],[-79.764788,38.3561609],[-79.7647753,38.3562075],[-79.7646473,38.3563323],[-79.7645544,38.3564125],[-79.7644618,38.3564746],[-79.7643743,38.3565053],[-79.7643121,38.3565271],[-79.7641397,38.3565703],[-79.7639104,38.3565949],[-79.7636353,38.3566191],[-79.7633375,38.356634],[-79.7626388,38.3566626],[-79.762169,38.3566937],[-79.7619278,38.3567453],[-79.7616867,38.3567878],[-79.7614918,38.3568128],[-79.7612508,38.3568463],[-79.7607914,38.3569405],[-79.7604927,38.3570095],[-79.7598499,38.3571198],[-79.7595737,38.3571968],[-79.7595049,38.3572153],[-79.7593215,38.3572314],[-79.7590459,38.3572826],[-79.7587934,38.357325],[-79.7585295,38.3573672],[-79.7583111,38.357419],[-79.7577949,38.3574856],[-79.7576802,38.3575024],[-79.7575313,38.3575099],[-79.7571422,38.3575057],[-79.7568673,38.3575209],[-79.7563752,38.3575156],[-79.7558952,38.3574745],[-79.7556897,38.3574453],[-79.7555759,38.357408],[-79.7555196,38.3573534],[-79.7554862,38.3572989],[-79.7553407,38.3571082],[-79.755262,38.3570262],[-79.7551604,38.356944],[-79.7550019,38.3568432],[-79.7548316,38.3567603],[-79.7546845,38.3566596],[-79.7545712,38.3565953],[-79.754481,38.3565133],[-79.7543794,38.3564311],[-79.7541299,38.3563023],[-79.753766,38.3561632],[-79.753561,38.356107],[-79.7532758,38.3560499],[-79.753036,38.3560203],[-79.752933,38.3560091],[-79.7528532,38.3560003],[-79.7526018,38.3559796],[-79.7523502,38.355968],[-79.7520617,38.3559439],[-79.751813,38.3559262],[-79.7515957,38.3559149],[-79.7513553,38.3559213],[-79.7511266,38.3559099],[-79.7508406,38.3558978],[-79.7506127,38.3558413],[-79.7499521,38.3556541],[-79.7497803,38.3556612],[-79.7496422,38.3557048],[-79.7494247,38.3557115],[-79.7492074,38.3557002],[-79.7490021,38.355662],[-79.7488201,38.3555969],[-79.7486584,38.3555009],[-79.7486501,38.355496],[-79.7485045,38.3553142],[-79.7483366,38.3550961],[-79.7482359,38.3549599],[-79.7481001,38.3548683],[-79.7479412,38.3547945],[-79.7476449,38.3547193],[-79.7472568,38.354661],[-79.7469255,38.3546341],[-79.7464911,38.3545988],[-79.7461481,38.3545771],[-79.7458404,38.3545017],[-79.7456808,38.354464],[-79.7454192,38.3543711],[-79.7452148,38.3542788],[-79.74493,38.3542036],[-79.7446795,38.3541288],[-79.7442343,38.354061],[-79.7439721,38.3540041],[-79.7437559,38.3539297],[-79.7435946,38.35385],[-79.7434949,38.3538007],[-79.7431778,38.3536081],[-79.7428381,38.3533972],[-79.7428008,38.3533837],[-79.7424514,38.3532579],[-79.742189,38.35321],[-79.7419713,38.3532257],[-79.7416732,38.3532585],[-79.7414542,38.3533463],[-79.7412919,38.3534707],[-79.7411869,38.3535868],[-79.7411276,38.3537033],[-79.7409878,38.353846],[-79.7408369,38.3539705],[-79.740617,38.3541123],[-79.740282,38.354289],[-79.7399938,38.3544121],[-79.7396364,38.3545614],[-79.7390615,38.3547174],[-79.7383028,38.3549076],[-79.7374755,38.3550969],[-79.7372461,38.3551305],[-79.7371434,38.3551114],[-79.7370979,38.3550928],[-79.7368244,38.3550268],[-79.736528,38.3549605],[-79.7363565,38.3549497],[-79.7360811,38.3549918],[-79.7360129,38.3550066],[-79.735725,38.3550691],[-79.7354026,38.3551827],[-79.7351604,38.3552883],[-79.7349063,38.3554207],[-79.7347673,38.3555183],[-79.7346483,38.3557784],[-79.7346229,38.3559223],[-79.7346201,38.3560845],[-79.7345811,38.3563544],[-79.7344826,38.3567499],[-79.7344227,38.3569024],[-79.7343169,38.3570635],[-79.734165,38.3572421],[-79.7338274,38.3575719],[-79.7335466,38.357787],[-79.7334562,38.3578563],[-79.7330968,38.3581227],[-79.7328069,38.3583359],[-79.7325865,38.3585047],[-79.732412,38.3586651],[-79.73226,38.3588527],[-79.7322117,38.3589963],[-79.7321971,38.3591764],[-79.7322056,38.3593477],[-79.7322029,38.3595009],[-79.7321548,38.3596356],[-79.7321427,38.3596654],[-79.7320711,38.3598419],[-79.7319888,38.3599672],[-79.731837,38.3601368],[-79.7316161,38.3603327],[-79.7314191,38.3604747],[-79.731199,38.3606255],[-79.7310021,38.3607586],[-79.730793,38.3609366],[-79.7301317,38.3614431],[-79.7298307,38.3616381],[-79.7294496,38.3618322],[-79.7291844,38.3619465],[-79.7289312,38.3620248],[-79.7286442,38.3620758],[-79.7282542,38.3621257],[-79.7276826,38.3620834],[-79.7273376,38.3621788],[-79.7270605,38.362311],[-79.7269563,38.3623819],[-79.7268282,38.3625067],[-79.7265719,38.3627653],[-79.7262226,38.3631039],[-79.7258609,38.3634965],[-79.7257317,38.3636844],[-79.7255894,38.3639622],[-79.7255634,38.3641421],[-79.7255606,38.3643043],[-79.7255574,38.3644845],[-79.7255895,38.364611],[-79.7256444,38.3647468],[-79.7257445,38.3649101],[-79.7257994,38.3650459],[-79.7258598,38.3655151],[-79.7258805,38.3656415],[-79.7258437,38.3657853],[-79.7257315,38.3663068],[-79.7257175,38.3664508],[-79.7257376,38.3666133],[-79.7257703,38.3667037],[-79.7258926,38.3669123],[-79.7260026,38.3671659],[-79.7262907,38.3677097],[-79.7263605,38.367873],[-79.7264996,38.3681986],[-79.7266176,38.3686505],[-79.7266434,38.3691374],[-79.7266101,38.3697318],[-79.7266016,38.3702183],[-79.7266311,38.370498],[-79.7266941,38.3708231],[-79.7267583,38.3710762],[-79.7268353,38.3712572],[-79.727026,38.3714756],[-79.7271941,38.3716847],[-79.7274095,38.3718042],[-79.7277276,38.3719428],[-79.7280584,38.3720095],[-79.7286982,38.3720795],[-79.7299324,38.372201],[-79.7304346,38.3722875],[-79.730608,38.3723409],[-79.7307079,38.3723716],[-79.7309155,38.3724788],[-79.7309575,38.3725005],[-79.7312969,38.3727294],[-79.7314432,38.3728752],[-79.7315885,38.373075],[-79.7317098,38.3733377],[-79.7317619,38.3736356],[-79.7317348,38.3738787],[-79.7316966,38.3740945],[-79.7316239,38.374328],[-79.7314558,38.3747768],[-79.7311635,38.3751251],[-79.7310467,38.375259],[-79.7310091,38.3754479],[-79.7310056,38.3756461],[-79.731047,38.3758989],[-79.7311117,38.3761249],[-79.7311307,38.3763504],[-79.7311373,38.3766298],[-79.7310952,38.3770709],[-79.7309015,38.3776726],[-79.7307185,38.3783195],[-79.7305498,38.3788043],[-79.7304196,38.3790462],[-79.7303141,38.3791892],[-79.7301512,38.3793407],[-79.7300463,38.3794477],[-79.7300221,38.3795195],[-79.7300085,38.3796455],[-79.7300279,38.379844],[-79.7300418,38.3799061],[-79.7300704,38.3800337],[-79.7301335,38.3803498],[-79.730118,38.3805839],[-79.7300491,38.380837],[-79.7300446,38.3808535],[-79.7299613,38.3810328],[-79.7297173,38.3812375],[-79.729555,38.3813529],[-79.7293471,38.3814588],[-79.7290234,38.3816355],[-79.728688,38.3818301],[-79.7284669,38.382035],[-79.7284251,38.3820806],[-79.7283035,38.3822134],[-79.7281511,38.3824191],[-79.7280096,38.3826518],[-79.7279145,38.3828491],[-79.7277513,38.3830185],[-79.727368,38.3833298],[-79.7272048,38.3834992],[-79.7271226,38.3836155],[-79.727086,38.3837412],[-79.7270611,38.3838581],[-79.7270785,38.3841737],[-79.7271992,38.3844724],[-79.7272685,38.3845854],[-79.7275109,38.3849805],[-79.727564,38.3852154],[-79.727574,38.3852966],[-79.7275613,38.3853685],[-79.7274901,38.3855119],[-79.7272442,38.3858247],[-79.7269751,38.3861552],[-79.7268345,38.3863339],[-79.7267754,38.3864414],[-79.7266165,38.3870164],[-79.7265206,38.3872587],[-79.7264706,38.3873265],[-79.7263456,38.3874461],[-79.7261602,38.3875702],[-79.7257553,38.3878091],[-79.7252012,38.3880644],[-79.7250662,38.3881293],[-79.7248895,38.3882143],[-79.7246244,38.3883105],[-79.7240379,38.3884573],[-79.7236118,38.3885969],[-79.7233929,38.3886756],[-79.723265,38.3887823],[-79.7230207,38.389005],[-79.7228574,38.3891744],[-79.7227401,38.3893354],[-79.7226687,38.3894878],[-79.7225342,38.389973],[-79.7224474,38.3903505],[-79.7223754,38.390539],[-79.7223043,38.3906734],[-79.7222441,38.3908439],[-79.7221945,38.3910597],[-79.7221586,38.3912267],[-79.7220823,38.3915811],[-79.7219022,38.3920568],[-79.72176,38.3923256],[-79.7214693,38.3927488],[-79.7212551,38.393041],[-79.7211768,38.3931745],[-79.7211134,38.3932828],[-79.7210764,38.3934356],[-79.7210738,38.3935798],[-79.7210823,38.3937511],[-79.7211357,38.3939679],[-79.7212224,38.3942483],[-79.7212592,38.3943825],[-79.7212869,38.3944833],[-79.7212957,38.3946366],[-79.7212354,38.3948071],[-79.7211645,38.3949063],[-79.7211297,38.3949592],[-79.7207416,38.3954239],[-79.7205331,38.3956736],[-79.7203724,38.3958523],[-79.7200192,38.3962447],[-79.719785,38.3965396],[-79.7196794,38.3966826],[-79.7195961,38.3968619],[-79.7195132,38.3970142],[-79.7194164,38.3973106],[-79.7192747,38.3975523],[-79.7191334,38.3977761],[-79.7190494,38.3979914],[-79.7189888,38.39818],[-79.7189413,38.3982786],[-79.7188123,38.3984485],[-79.7185412,38.3988871],[-79.7184122,38.3990569],[-79.7183415,38.3991733],[-79.7182087,38.3995593],[-79.7181136,38.3997565],[-79.7180548,38.399846],[-79.7177504,38.4002212],[-79.71762,38.4004721],[-79.7175836,38.4005888],[-79.7175934,38.4006791],[-79.7176493,38.4007608],[-79.7176923,38.4009144],[-79.7176921,38.4009264],[-79.7176874,38.4011937],[-79.7176618,38.4013467],[-79.7175793,38.4014809],[-79.7174971,38.4015972],[-79.7173229,38.4017305],[-79.7169855,38.4020332],[-79.7165796,38.4023171],[-79.7161393,38.4026097],[-79.7161035,38.4026279],[-79.7158968,38.4027331],[-79.7154806,38.4029449],[-79.7152606,38.4030777],[-79.7150749,38.4032198],[-79.7150393,38.4032915],[-79.7149456,38.4034077],[-79.71485,38.4036319],[-79.714731,38.4038829],[-79.7145674,38.4040704],[-79.7145635,38.4040738],[-79.7142765,38.4043285],[-79.713975,38.4045415],[-79.713686,38.4046915],[-79.7132353,38.4049209],[-79.7131545,38.4049561],[-79.7130481,38.4051441],[-79.7129404,38.4054043],[-79.7127394,38.4057626],[-79.7125833,38.4061664],[-79.7125235,38.4063099],[-79.7124979,38.4064628],[-79.7125021,38.4065175],[-79.7125259,38.4068236],[-79.7125643,38.4072386],[-79.7125403,38.4073014],[-79.7125344,38.4073036],[-79.7124711,38.4073277],[-79.7122151,38.4073409],[-79.7121845,38.4073425],[-79.7118399,38.4074018],[-79.7114601,38.4075072],[-79.7114025,38.4075232],[-79.710976,38.4076807],[-79.7106181,38.407839],[-79.7103054,38.4080338],[-79.7100737,38.4081845],[-79.7099334,38.4083451],[-79.7098745,38.4084346],[-79.7098259,38.4085963],[-79.7097411,38.4088567],[-79.709624,38.4089996],[-79.7095419,38.4091068],[-79.7091702,38.4094001],[-79.7089491,38.4095959],[-79.7088896,38.4097214],[-79.7088304,38.4098289],[-79.7088283,38.4099461],[-79.7088603,38.4100816],[-79.7090237,38.410552],[-79.7092893,38.4110776],[-79.7093769,38.4113039],[-79.7093785,38.4113127],[-79.7094082,38.4114754],[-79.7094156,38.4117008],[-79.7093552,38.4118804],[-79.7092729,38.4119966],[-79.709098,38.4121749],[-79.7088541,38.4123615],[-79.7086225,38.4125031],[-79.7084358,38.4126993],[-79.7082716,38.4129138],[-79.7080594,38.4132539],[-79.7078638,38.4136104],[-79.707799,38.4137286],[-79.7076111,38.4139879],[-79.7075283,38.4141312],[-79.7073842,38.4145081],[-79.7073108,38.4147686],[-79.7072465,38.414952],[-79.7072384,38.4149751],[-79.7071438,38.4151453],[-79.7070138,38.4153691],[-79.7068866,38.4155201],[-79.7068031,38.4156191],[-79.7066396,38.4157789],[-79.7065933,38.4158241],[-79.705895,38.4164472],[-79.705887,38.4164538],[-79.7054067,38.4168473],[-79.7051056,38.4170333],[-79.7048401,38.4171475],[-79.7046723,38.417223],[-79.7045861,38.4172618],[-79.7044248,38.4173141],[-79.7043208,38.417367],[-79.7042509,38.4174294],[-79.7042149,38.4175191],[-79.703884,38.4180922],[-79.7037206,38.4182616],[-79.7036153,38.4183866],[-79.703323,38.4187168],[-79.7029128,38.4192349],[-79.7026443,38.4195203],[-79.7025159,38.4196541],[-79.7023999,38.4197339],[-79.7022846,38.4197777],[-79.7021459,38.4198482],[-79.701892,38.4199536],[-79.7016811,38.42001],[-79.701374,38.420092],[-79.7008557,38.4202485],[-79.700752,38.4202834],[-79.7005668,38.4203895],[-79.7004931,38.420454],[-79.7003225,38.4206031],[-79.7002518,38.4207104],[-79.7002278,38.4207732],[-79.7001907,38.420926],[-79.7001866,38.4211513],[-79.7001381,38.4213039],[-79.7000434,38.4214741],[-79.6999145,38.4216349],[-79.699705,38.4218218],[-79.6993343,38.422052],[-79.6992834,38.4220801],[-79.6989988,38.4222375],[-79.6987593,38.4223593],[-79.6986519,38.4224139],[-79.6982133,38.4225983],[-79.69735,38.422832],[-79.6968891,38.4229801],[-79.6962684,38.4230993],[-79.6958545,38.4231849],[-79.6957157,38.4232554],[-79.6956231,38.4233084],[-79.6955647,38.4233709],[-79.6955289,38.4234516],[-79.6954813,38.4235502],[-79.6954776,38.4237574],[-79.6954442,38.4243428],[-79.6954659,38.4244061],[-79.6954856,38.4245866],[-79.6955758,38.4250927],[-79.6956083,38.425408],[-79.6956854,38.4255801],[-79.6957859,38.4257254],[-79.6959206,38.4258801],[-79.69609,38.4260171],[-79.6964172,38.4262911],[-79.69679,38.4265836],[-79.6968799,38.4266838],[-79.69689,38.426756],[-79.6968433,38.4268095],[-79.6967737,38.4268538],[-79.6965201,38.4269411],[-79.6961076,38.4271005],[-79.6958626,38.4271951],[-79.6954352,38.4273886],[-79.6951815,38.427485],[-79.6950542,38.4275556],[-79.6948223,38.4277062],[-79.6943362,38.4280773],[-79.693708,38.4285139],[-79.6930457,38.4290851],[-79.6928119,38.4292879],[-79.692451,38.4296083],[-79.6920672,38.4299285],[-79.6917421,38.4301682],[-79.6915544,38.4302837],[-79.691325,38.4304248],[-79.6909901,38.4305743],[-79.6901811,38.4309618],[-79.6899846,38.4310587],[-79.6898684,38.4311475],[-79.6898204,38.4312732],[-79.6898069,38.4313811],[-79.6897924,38.4315522],[-79.6897675,38.4316601],[-79.6897424,38.4317859],[-79.6897154,38.4320109],[-79.6896987,38.4322991],[-79.6897388,38.432615],[-79.689803,38.432868],[-79.6898696,38.4329859],[-79.6900704,38.4332855],[-79.6903164,38.4336217],[-79.6904371,38.4339205],[-79.6905811,38.4341924],[-79.6906245,38.4343281],[-79.6906774,38.434572],[-79.6907878,38.4347985],[-79.6908533,38.4349795],[-79.6908957,38.4351692],[-79.6909272,38.4353317],[-79.690957,38.4355844],[-79.6910215,38.4358194],[-79.6911105,38.4359646],[-79.6912225,38.43611],[-79.6913789,38.4363281],[-79.6914678,38.4364823],[-79.6915446,38.4366724],[-79.6915873,38.4368441],[-79.6916067,38.4370425],[-79.6916021,38.4372948],[-79.6915742,38.4375739],[-79.6915092,38.4379967],[-79.6914196,38.4385184],[-79.691368,38.4388422],[-79.6912927,38.4392018],[-79.6912654,38.4394448],[-79.691216,38.4396425],[-79.6911439,38.439831],[-79.6910256,38.4400369],[-79.6909197,38.4401889],[-79.6907572,38.4403043],[-79.6905478,38.4404822],[-79.6903386,38.4406421],[-79.6900256,38.4408458],[-79.6898047,38.4410236],[-79.6895941,38.4412645],[-79.6894762,38.4414435],[-79.6893925,38.4416408],[-79.6893084,38.4418561],[-79.6892932,38.4420632],[-79.6893136,38.4421986],[-79.6893335,38.4423701],[-79.689421,38.4425963],[-79.689442,38.4427047],[-79.6895297,38.442922],[-79.6896509,38.4431937],[-79.6902662,38.4440206],[-79.6903987,38.4442278],[-79.6906785,38.444665],[-79.6911116,38.4454269],[-79.6912207,38.4457345],[-79.6912789,38.4458687],[-79.6913153,38.4459525],[-79.6913307,38.445988],[-79.6914307,38.4461604],[-79.6914949,38.4464134],[-79.6915033,38.4465847],[-79.6914777,38.4467286],[-79.6914182,38.4468541],[-79.6913009,38.447006],[-79.6911023,38.4472111],[-79.6906945,38.447585],[-79.6901829,38.4479938],[-79.6899268,38.4482162],[-79.6897983,38.44835],[-79.6896571,38.4485557],[-79.6894223,38.4488685],[-79.6892108,38.4491545],[-79.6889879,38.4494403],[-79.6888833,38.4495203],[-79.6887771,38.4496903],[-79.6885315,38.4499669],[-79.6882024,38.4504228],[-79.6881078,38.450584],[-79.688114,38.4508724],[-79.6882018,38.4517205],[-79.6882804,38.4524423],[-79.6883157,38.4530285],[-79.6882962,38.4534698],[-79.6882643,38.4539651],[-79.6882568,38.4543795],[-79.6882056,38.4546764],[-79.6882194,38.4551812],[-79.6882653,38.4558125],[-79.6884061,38.4568955],[-79.688442,38.4574456],[-79.6885046,38.4577887],[-79.6885915,38.458051],[-79.6887006,38.4583586],[-79.6888104,38.4586212],[-79.6890116,38.4589028],[-79.6893672,38.4595196],[-79.689556,38.4598551],[-79.6897772,38.4602992],[-79.6899665,38.4606077],[-79.690066,38.460807],[-79.6901541,38.4610063],[-79.6903989,38.4614145],[-79.6905981,38.4618043],[-79.6907079,38.4620758],[-79.6907738,38.4622298],[-79.6908158,38.4624465],[-79.6908757,38.4629338],[-79.690913,38.4634118],[-79.6909542,38.4636646],[-79.6910091,38.4638004],[-79.6911325,38.463946],[-79.6913017,38.4641011],[-79.6915055,38.4642385],[-79.6917324,38.4643672],[-79.6919822,38.4644962],[-79.6923112,38.4646891],[-79.6926949,38.4650178],[-79.693214,38.4654741],[-79.6935283,38.4658381],[-79.6937702,38.4661535],[-79.6938169,38.4662145],[-79.6938419,38.4662471],[-79.6939976,38.4665102],[-79.6942203,38.4668731],[-79.6945741,38.467598],[-79.6948818,38.4683314],[-79.6950035,38.468576],[-79.6952619,38.4688673],[-79.6954983,38.4691042],[-79.6957358,38.4692871],[-79.6961109,38.4694625],[-79.6963386,38.4695461],[-79.6967833,38.4696772],[-79.6970696,38.4697469],[-79.6971714,38.4697717],[-79.6974914,38.4698203],[-79.6982252,38.4698104],[-79.6986714,38.4698604],[-79.698877,38.4698988],[-79.699058,38.4700359],[-79.6991251,38.4701268],[-79.6991353,38.470199],[-79.6991101,38.4703249],[-79.6990741,38.4704146],[-79.6989787,38.4706208],[-79.698871,38.4708719],[-79.698752,38.4711139],[-79.6986678,38.4713383],[-79.6986521,38.4715724],[-79.6986828,38.47178],[-79.698725,38.4719788],[-79.6987917,38.4720966],[-79.6989036,38.4722511],[-79.6990592,38.4725232],[-79.6994606,38.4731494],[-79.699533,38.4733552],[-79.6995369,38.4733665],[-79.6995397,38.4737254],[-79.699536,38.47391],[-79.6994798,38.474151],[-79.6994531,38.4743264],[-79.6994255,38.4744647],[-79.6992799,38.474779],[-79.6991637,38.4750025],[-79.6990472,38.4751026],[-79.6989774,38.4751626],[-79.6988269,38.4752421],[-79.698515,38.4753738],[-79.6980272,38.4757288],[-79.6974807,38.4761553],[-79.6969804,38.4765643],[-79.6966312,38.4768578],[-79.6963511,38.477134],[-79.6960011,38.4774726],[-79.6955826,38.4777924],[-79.6953405,38.4778708],[-79.6947741,38.4781258],[-79.6945659,38.4782316],[-79.6944146,38.4783561],[-79.6943092,38.4784811],[-79.6942383,38.4785974],[-79.6941028,38.4791186],[-79.6940316,38.479253],[-79.6939255,38.479414],[-79.69376,38.4795965],[-79.6936915,38.4796727],[-79.6935861,38.4797977],[-79.693527,38.4798962],[-79.6935018,38.4800221],[-79.6934994,38.4800413],[-79.6934617,38.480337],[-79.693407,38.4808321],[-79.6934031,38.4810483],[-79.693447,38.4811569],[-79.6935264,38.4812029],[-79.693686,38.4812497],[-79.6940982,38.4812813],[-79.6943728,38.4813114],[-79.6950244,38.4814178],[-79.6951049,38.4814428],[-79.695355,38.4815206],[-79.6955022,38.4816214],[-79.6956142,38.4817668],[-79.6956588,38.4818394],[-79.6957807,38.4820751],[-79.6959576,38.4824375],[-79.6960676,38.482691],[-79.6962544,38.4831364],[-79.6962765,38.483189],[-79.6964203,38.483479],[-79.6966418,38.483914],[-79.697247,38.4853265],[-79.6974403,38.4860496],[-79.6975677,38.4866188],[-79.6976284,38.48707],[-79.6976251,38.4872502],[-79.6976004,38.4873491],[-79.6974834,38.4874829],[-79.697298,38.487589],[-79.6970435,38.4877123],[-79.6968818,38.4877826],[-79.6966387,38.4879061],[-79.6964531,38.4880302],[-79.6964445,38.4880392],[-79.6963596,38.4881283],[-79.6963185,38.488208],[-79.6962764,38.4882896],[-79.6962268,38.4884963],[-79.696178,38.4886579],[-79.6961254,38.4890358],[-79.6960696,38.4902248],[-79.6959952,38.4911701],[-79.6959108,38.4914035],[-79.6958045,38.4915735],[-79.6956751,38.4917523],[-79.6954994,38.4919576],[-79.6953572,38.4922174],[-79.6952391,38.4924053],[-79.6951314,38.4926564],[-79.6950461,38.4929349],[-79.6949579,38.4933754],[-79.6948599,38.4937258],[-79.6947634,38.4939861],[-79.6946681,38.4941833],[-79.6945281,38.4943169],[-79.6943657,38.4944232],[-79.6942381,38.4945029],[-79.6940535,38.4945639],[-79.693811,38.4946603],[-79.693499,38.494792],[-79.6932432,38.4949874],[-79.6931031,38.4951301],[-79.6929966,38.4953091],[-79.6928771,38.4955781],[-79.6927227,38.4958738],[-79.6925331,38.4962141],[-79.692322,38.4964731],[-79.6921356,38.4966332],[-79.6919502,38.4967393],[-79.6917657,38.4968003],[-79.6915816,38.4968343],[-79.6913634,38.4968499],[-79.6910768,38.4968467],[-79.6907564,38.496807],[-79.6905166,38.4967503],[-79.6903574,38.4966764],[-79.6901635,38.4966202],[-79.6899922,38.4965822],[-79.6897865,38.4965439],[-79.6895688,38.4965324],[-79.6893977,38.4964855],[-79.6888952,38.4963717],[-79.6884956,38.4962771],[-79.6870228,38.4976072],[-79.6863167,38.498245],[-79.6856617,38.4988365],[-79.6854916,38.4989901],[-79.6849748,38.4994548],[-79.6842748,38.5001138],[-79.6841339,38.5002924],[-79.6839917,38.5005432],[-79.683909,38.5006774],[-79.6837447,38.5008828],[-79.683663,38.500963],[-79.6835238,38.5010516],[-79.6833376,38.5012027],[-79.6831741,38.501363],[-79.6831035,38.5014614],[-79.6829951,38.5017485],[-79.6828521,38.5020443],[-79.6827774,38.5023679],[-79.6827269,38.5026196],[-79.6827464,38.5028091],[-79.6828134,38.502909],[-79.6829374,38.5030275],[-79.6830165,38.5030915],[-79.6831857,38.5032466],[-79.6833203,38.5034103],[-79.6834199,38.5036097],[-79.6834254,38.503672],[-79.6834294,38.5037179],[-79.6833474,38.5038161],[-79.6832663,38.5038603],[-79.6831854,38.5038954],[-79.6830237,38.5039567],[-79.6829202,38.5039938],[-79.6828044,38.5040353],[-79.6824692,38.5041757],[-79.6822029,38.5043169],[-79.6818563,38.5044486],[-79.6815908,38.5045534],[-79.6814281,38.5046687],[-79.6813428,38.5049471],[-79.6813515,38.5051004],[-79.6813372,38.5052534],[-79.6813107,38.5054514],[-79.6813205,38.5055416],[-79.6813619,38.5057854],[-79.6814153,38.5060022],[-79.6814487,38.5060921],[-79.6815028,38.5062375],[-79.6816027,38.5064189],[-79.6816359,38.5064823],[-79.6817614,38.5071506],[-79.6817684,38.507394],[-79.6817525,38.5076371],[-79.6817283,38.5077089],[-79.6816673,38.5079065],[-79.6815594,38.5081666],[-79.6815097,38.5083733],[-79.6814024,38.5085974],[-79.6812488,38.508848],[-79.6811435,38.5090133],[-79.6810835,38.5091075],[-79.6809551,38.5093566],[-79.6807979,38.509672],[-79.6806898,38.5099411],[-79.6806169,38.5101656],[-79.6805442,38.5103811],[-79.6805408,38.5103907],[-79.6804716,38.5105875],[-79.6804128,38.5106679],[-79.6802856,38.5107206],[-79.6801364,38.5107279],[-79.6799996,38.5106813],[-79.679962,38.5106596],[-79.6799326,38.5106425],[-79.6799202,38.5106354],[-79.6798406,38.5105984],[-79.6797149,38.51057],[-79.6791673,38.5104106],[-79.6789047,38.5103446],[-79.6786081,38.5102601],[-79.6782651,38.5102022],[-79.6777379,38.5101782],[-79.6772797,38.510146],[-79.6767246,38.5101974],[-79.6764181,38.5102264],[-79.6763835,38.510235],[-79.676211,38.5102601],[-79.6757725,38.5104083],[-79.6756109,38.5104606],[-79.6754436,38.5104806],[-79.6754041,38.5104853],[-79.6752199,38.5105192],[-79.6750591,38.5105354],[-79.6748525,38.5105421],[-79.6746577,38.5105309],[-79.6745669,38.5105161],[-79.6743604,38.5104825],[-79.6741439,38.5104373],[-79.6741319,38.5104348],[-79.6739383,38.5103606],[-79.6737792,38.5102777],[-79.6735178,38.5101485],[-79.6730631,38.5099119],[-79.6728018,38.5097759],[-79.6727566,38.5097524],[-79.6726107,38.5095795],[-79.672545,38.5094076],[-79.672491,38.5092267],[-79.6724368,38.5090549],[-79.6723592,38.5089098],[-79.6722352,38.5087913],[-79.6721217,38.5087269],[-79.6719399,38.5086347],[-79.6718072,38.5085393],[-79.6717361,38.5084883],[-79.6715445,38.5083059],[-79.6714204,38.5081963],[-79.6712848,38.5080866],[-79.67108,38.5079942],[-79.670851,38.5079736],[-79.6705885,38.5079075],[-79.6704394,38.5079058],[-79.6703355,38.5079407],[-79.6702541,38.5080028],[-79.6702187,38.5080565],[-79.670135,38.5082448],[-79.6700978,38.5083976],[-79.6700487,38.5085682],[-79.6700125,38.508667],[-79.6699745,38.5088648],[-79.6699487,38.5090177],[-79.6699454,38.5091979],[-79.6699316,38.5093239],[-79.669923,38.5093418],[-79.669884,38.5094225],[-79.669812,38.5095929],[-79.6697268,38.5098622],[-79.6696405,38.5101857],[-79.6694493,38.5106071],[-79.6693095,38.5108534],[-79.6692014,38.5109917],[-79.6691354,38.5110917],[-79.669048,38.5112243],[-79.6688823,38.5115018],[-79.6687276,38.5118064],[-79.6686439,38.5119947],[-79.668582,38.5122373],[-79.6684899,38.5123838],[-79.6684639,38.5124252],[-79.668337,38.5125359],[-79.6683007,38.5125675],[-79.6681382,38.5126738],[-79.6680104,38.5127625],[-79.6679691,38.5127808],[-79.6678716,38.512824],[-79.6676763,38.5128398],[-79.6674306,38.5129621],[-79.6673754,38.5129896],[-79.666692,38.5133513],[-79.666649,38.5133697],[-79.6661642,38.513578],[-79.6658989,38.513692],[-79.6658133,38.5137288],[-79.6654785,38.5138511],[-79.6650864,38.5139638],[-79.6647648,38.5139872],[-79.6645586,38.5139758],[-79.6644097,38.5139651],[-79.6641685,38.5139804],[-79.6639849,38.5139873],[-79.6637085,38.5140472],[-79.6634657,38.5141526],[-79.663419,38.5141971],[-79.6632787,38.5143397],[-79.66329,38.5143488],[-79.6631853,38.5144287],[-79.662929,38.5146421],[-79.6627783,38.5147305],[-79.6624766,38.5149163],[-79.6622672,38.5150761],[-79.6621605,38.5152641],[-79.6621579,38.5154083],[-79.6622356,38.5155443],[-79.6623365,38.5156716],[-79.6624364,38.515853],[-79.6625368,38.5160074],[-79.6626936,38.5162074],[-79.6627826,38.5163616],[-79.6628487,38.5165066],[-79.6629478,38.516733],[-79.6629561,38.5169043],[-79.662961,38.5169272],[-79.6630089,38.5171482],[-79.6630026,38.5174906],[-79.663023,38.5177398],[-79.6630307,38.5178333],[-79.6630416,38.5178605],[-79.6630284,38.517955],[-79.6630152,38.5180494],[-79.6630132,38.5181575],[-79.6630117,38.5182386],[-79.6630351,38.5183993],[-79.6630524,38.5185184],[-79.6631513,38.5187539],[-79.6633629,38.5190987],[-79.6634629,38.5192711],[-79.66379,38.5195722],[-79.663925,38.5197179],[-79.6641392,38.5199186],[-79.6643526,38.5201644],[-79.6644531,38.5203097],[-79.6645979,38.5205456],[-79.6646973,38.520754],[-79.6648226,38.5209722],[-79.664864,38.5210443],[-79.664941,38.5212254],[-79.6651401,38.5216242],[-79.6653081,38.5218424],[-79.6654512,38.5221684],[-79.6656628,38.5225133],[-79.6658397,38.5228757],[-79.6660739,38.5232389],[-79.6662516,38.5235563],[-79.6663968,38.5237652],[-79.6664864,38.5238834],[-79.6665264,38.5239287],[-79.6665426,38.5239471],[-79.6666553,38.5240565],[-79.6666663,38.5240837],[-79.6668242,38.5242297],[-79.6670722,38.5244668],[-79.667276,38.5246133],[-79.667458,38.5246965],[-79.6676624,38.5248069],[-79.6679921,38.5249729],[-79.668078,38.5250186],[-79.6683556,38.5251662],[-79.6686729,38.5253771],[-79.6688197,38.5255049],[-79.6690429,38.5258409],[-79.6691086,38.5260129],[-79.6691083,38.5260309],[-79.6692408,38.5263117],[-79.6694516,38.5267016],[-79.6695744,38.5268833],[-79.6697212,38.5270111],[-79.6698529,38.5270446],[-79.6700182,38.5270775],[-79.6703381,38.5271533],[-79.6707957,38.5272215],[-79.6709672,38.5272505],[-79.671173,38.5272889],[-79.6713324,38.5273538],[-79.6714913,38.5274457],[-79.6716268,38.5275644],[-79.6717498,38.527737],[-79.671839,38.5278822],[-79.6719276,38.5280544],[-79.6720042,38.5282535],[-79.6721164,38.52839],[-79.6722185,38.5284542],[-79.672355,38.5285189],[-79.6724145,38.5285352],[-79.6726746,38.5286036],[-79.6727281,38.528622],[-79.6728912,38.5286781],[-79.6730164,38.5287336],[-79.6730829,38.5288605],[-79.6730705,38.5289145],[-79.6730465,38.5289682],[-79.6729993,38.5290398],[-79.6729759,38.5290666],[-79.6729636,38.5291115],[-79.6728689,38.5292726],[-79.6727748,38.5293977],[-79.6727374,38.5295595],[-79.672712,38.5296944],[-79.6726749,38.5298382],[-79.6726271,38.5299458],[-79.6725913,38.5300174],[-79.6723915,38.5302765],[-79.6722039,38.5304997],[-79.6716411,38.5311601],[-79.6713238,38.5315711],[-79.6711015,38.5318028],[-79.6709383,38.5319452],[-79.6708449,38.5320342],[-79.6706787,38.532208],[-79.6705992,38.5322928],[-79.6705045,38.5324539],[-79.6703181,38.532605],[-79.670306,38.5326409],[-79.670176,38.5328467],[-79.6700218,38.5331243],[-79.6698555,38.5334288],[-79.6697497,38.5335718],[-79.6695979,38.5337142],[-79.6694463,38.5338477],[-79.6693758,38.533937],[-79.6692342,38.5341517],[-79.6690101,38.5344826],[-79.668728,38.5348488],[-79.6685041,38.5351707],[-79.6682559,38.5355644],[-79.6680662,38.5358956],[-79.6679701,38.5361288],[-79.6679585,38.5363338],[-79.6679532,38.536426],[-79.667901,38.5367679],[-79.6679233,38.5368042],[-79.6679231,38.5368132],[-79.6678489,38.5371183],[-79.6678096,38.5373706],[-79.6677511,38.537433],[-79.6676693,38.5375132],[-79.6675872,38.5376114],[-79.6674111,38.5377804],[-79.6672483,38.537941],[-79.6671193,38.5380927],[-79.6670578,38.5381561],[-79.6669205,38.5382977],[-79.6669295,38.538433],[-79.6670078,38.538542],[-79.667143,38.5386787],[-79.6672765,38.5389055],[-79.6675016,38.5391424],[-79.6677839,38.5393889],[-79.6679651,38.5395171],[-79.6681352,38.5396272],[-79.6683393,38.5397557],[-79.668487,38.5398384],[-79.6686577,38.5399125],[-79.6688745,38.539978],[-79.6689166,38.5399905],[-79.6691598,38.5400624],[-79.6694449,38.5401557],[-79.6699248,38.5402693],[-79.6702342,38.5402908],[-79.6705429,38.5403484],[-79.6707251,38.5404226],[-79.6708033,38.5405406],[-79.6708094,38.5405505],[-79.6708367,38.5405951],[-79.6709032,38.540722],[-79.6709238,38.5408484],[-79.6709316,38.5410467],[-79.6709044,38.5412807],[-79.6709362,38.5414252],[-79.6709402,38.5418308],[-79.6708528,38.5422173],[-79.6707799,38.5424328],[-79.6706742,38.5425667],[-79.6705805,38.5426738],[-79.6704177,38.5427891],[-79.6702664,38.5429045],[-79.6700338,38.5430731],[-79.669906,38.5431618],[-79.6698233,38.543287],[-79.6698207,38.5434312],[-79.6698385,38.5437107],[-79.6698237,38.5438908],[-79.6698448,38.5439901],[-79.6698535,38.5441434],[-79.6698306,38.5443141],[-79.6698136,38.5444404],[-79.6697531,38.5446109],[-79.6696721,38.5447156],[-79.6696355,38.5447627],[-79.6695065,38.5449145],[-79.6693777,38.5450572],[-79.669236,38.5452719],[-79.6692108,38.5453977],[-79.6692086,38.5455149],[-79.6692753,38.5456328],[-79.6693647,38.5457599],[-79.6694655,38.5458963],[-79.6695885,38.5460689],[-79.669593,38.5460766],[-79.6696998,38.5462594],[-79.6697525,38.5465123],[-79.6697261,38.5467012],[-79.6696546,38.5468446],[-79.6695725,38.5469428],[-79.6695018,38.5470411],[-79.6694074,38.5471842],[-79.6693587,38.5473369],[-79.6692865,38.5475163],[-79.669166,38.5478303],[-79.669103,38.548136],[-79.6690476,38.548649],[-79.6690526,38.5490005],[-79.6691526,38.5491819],[-79.6692199,38.5492638],[-79.6693033,38.5493798],[-79.6693765,38.5494818],[-79.669534,38.5496548],[-79.6697031,38.5498189],[-79.6698712,38.5500371],[-79.6700385,38.5503004],[-79.6700701,38.5504539],[-79.6700444,38.5506068],[-79.6699958,38.5507505],[-79.6699247,38.5508758],[-79.6698963,38.5508998],[-79.6698197,38.5509647],[-79.6696924,38.5510264],[-79.6695417,38.5511058],[-79.6694149,38.5511404],[-79.6693108,38.5511842],[-79.669149,38.5512455],[-79.6689752,38.5513336],[-79.6687662,38.5514664],[-79.6685918,38.5515906],[-79.6682446,38.5517489],[-79.6681392,38.5518648],[-79.6679989,38.5520635],[-79.6679624,38.5521151],[-79.6677854,38.5523834],[-79.6676548,38.5526163],[-79.6674867,38.5530199],[-79.6673758,38.5534331],[-79.66736,38.5536672],[-79.6673338,38.5539654],[-79.6673316,38.5539906],[-79.6673165,38.5541624],[-79.6673324,38.554541],[-79.6673313,38.5546028],[-79.6673294,38.5547032],[-79.6673273,38.5548203],[-79.667357,38.555073],[-79.6673625,38.5553975],[-79.6673354,38.5556225],[-79.667217,38.5558194],[-79.6671229,38.5559444],[-79.6670478,38.5560373],[-79.667029,38.5560605],[-79.6670175,38.5560604],[-79.6668429,38.5561936],[-79.6666561,38.5563627],[-79.6665001,38.55651],[-79.6664109,38.5565942],[-79.666383,38.5566523],[-79.6663034,38.5568182],[-79.6662547,38.5569709],[-79.6662042,38.5572226],[-79.6661406,38.5575553],[-79.6660735,38.558109],[-79.666073,38.5581133],[-79.6660449,38.5583923],[-79.6660074,38.5585541],[-79.6659471,38.5587156],[-79.6658616,38.558994],[-79.6657407,38.559326],[-79.6656462,38.5594691],[-79.6655614,38.5597115],[-79.6654989,38.5599901],[-79.6654944,38.5602334],[-79.6655105,38.560603],[-79.6654716,38.5608459],[-79.6654706,38.5609],[-79.6654011,38.5609352],[-79.6653321,38.5609434],[-79.6653074,38.5609399],[-79.6651947,38.5609238],[-79.6650685,38.5609224],[-79.6649654,38.5609122],[-79.664702,38.5608822],[-79.6642674,38.5607961],[-79.6638217,38.5606919],[-79.6635416,38.5606357],[-79.6631236,38.5605848],[-79.6626177,38.5606331],[-79.6622134,38.5607727],[-79.6619939,38.5608513],[-79.6616124,38.5610001],[-79.6614796,38.5610606],[-79.6610915,38.5612375],[-79.6606586,38.5614848],[-79.6605811,38.561529],[-79.6602448,38.5617144],[-79.6599771,38.5619186],[-79.6597554,38.5621143],[-79.6594967,38.5624448],[-79.6593657,38.5627046],[-79.6593848,38.5629121],[-79.6594395,38.5630569],[-79.6595061,38.5631748],[-79.6595944,38.5633651],[-79.659693,38.5636185],[-79.6598021,38.5638173],[-79.6598374,38.5638815],[-79.6599465,38.5640264],[-79.6600312,38.564139],[-79.6601859,38.564273],[-79.6603095,38.5644186],[-79.6604308,38.5645466],[-79.6605684,38.5646919],[-79.660591,38.5647102],[-79.660669,38.5648372],[-79.6607129,38.5649459],[-79.6607102,38.56509],[-79.6606847,38.5652249],[-79.6606585,38.5654048],[-79.6606212,38.5655576],[-79.6606178,38.5657378],[-79.6605789,38.5659806],[-79.6606171,38.5663956],[-79.6606489,38.5665401],[-79.6607373,38.5667214],[-79.6608376,38.5668847],[-79.6609392,38.566976],[-79.661041,38.5670583],[-79.6611772,38.5671409],[-79.6612023,38.5671598],[-79.6613357,38.5672599],[-79.6615261,38.5673652],[-79.6618015,38.5675175],[-79.6619825,38.5676638],[-79.6621523,38.5677919],[-79.6622189,38.5678919],[-79.6622975,38.5680098],[-79.6624077,38.5682544],[-79.6624506,38.5684171],[-79.6624586,38.5686064],[-79.6624787,38.5687598],[-79.6625298,38.5691029],[-79.6626398,38.5693564],[-79.6626954,38.5694562],[-79.662796,38.5696015],[-79.662862,38.5697555],[-79.6629849,38.5699371],[-79.6630508,38.5701001],[-79.6630356,38.5702981],[-79.6629643,38.5704325],[-79.6628814,38.5705667],[-79.6628226,38.5706472],[-79.6626709,38.5707806],[-79.6625079,38.5709049],[-79.6623804,38.5709665],[-79.6622993,38.5710107],[-79.6621885,38.5710901],[-79.6619037,38.5712945],[-79.6618224,38.5713476],[-79.6615664,38.571534],[-79.6613763,38.5718832],[-79.6612706,38.5720082],[-79.6611426,38.5721058],[-79.6610612,38.572159],[-79.6608844,38.572281],[-79.660817,38.5723274],[-79.6606888,38.5724341],[-79.6605384,38.5724954],[-79.6604233,38.5725121],[-79.6601936,38.5725208],[-79.6600557,38.572526],[-79.6598028,38.5725501],[-79.659377,38.5726083],[-79.6590085,38.5726672],[-79.6589971,38.572667],[-79.6588241,38.5727101],[-79.6585932,38.5727796],[-79.6585115,38.5728507],[-79.6583841,38.5729123],[-79.6582564,38.572992],[-79.6581397,38.5730898],[-79.6580098,38.5732865],[-79.6579381,38.5734389],[-79.6579359,38.573556],[-79.657956,38.5737095],[-79.6579881,38.573836],[-79.6580319,38.5739536],[-79.6580761,38.5740442],[-79.658106,38.5742879],[-79.6581025,38.5744771],[-79.6580758,38.574675],[-79.6579807,38.5748542],[-79.6578523,38.5749699],[-79.657736,38.5750496],[-79.6574796,38.575254],[-79.6571178,38.5755742],[-79.656998,38.5756629],[-79.6567104,38.5758759],[-79.6563953,38.5761517],[-79.6563701,38.5761812],[-79.6562428,38.5763302],[-79.656136,38.5765182],[-79.6560752,38.5766977],[-79.6560683,38.5767323],[-79.6560373,38.5768865],[-79.6558863,38.5775967],[-79.6558483,38.5777855],[-79.6557756,38.5779919],[-79.6557022,38.5782344],[-79.6555635,38.5788996],[-79.6555615,38.5789521],[-79.6555415,38.5794671],[-79.6555479,38.5797375],[-79.6555908,38.5799002],[-79.6556798,38.5800544],[-79.6557237,38.5801631],[-79.6557906,38.580272],[-79.6558569,38.5804079],[-79.6559234,38.5805348],[-79.6559996,38.580761],[-79.6560195,38.5809234],[-79.6560499,38.58114],[-79.6560359,38.581275],[-79.656001,38.5814023],[-79.6559743,38.5814996],[-79.6558898,38.5817239],[-79.6557934,38.5819661],[-79.6556969,38.5822173],[-79.6555994,38.5825226],[-79.6555275,38.582684],[-79.6554681,38.5827915],[-79.65535,38.5829703],[-79.6552676,38.5830775],[-79.6551685,38.5832761],[-79.6550887,38.5834359],[-79.6548396,38.5838656],[-79.6545329,38.5843036],[-79.6543687,38.584491],[-79.6541687,38.58475],[-79.6540094,38.5849403],[-79.6540043,38.5849464],[-79.6538404,38.5851157],[-79.6536887,38.5852491],[-79.6535256,38.5853734],[-79.6531489,38.585669],[-79.6531295,38.5856843],[-79.6527559,38.5860134],[-79.6522546,38.5864222],[-79.6520684,38.5865552],[-79.6517889,38.5867682],[-79.6515551,38.5869908],[-79.6513208,38.5872405],[-79.6511677,38.5874459],[-79.651003,38.5876603],[-79.6508725,38.5878841],[-79.6507896,38.5880183],[-79.6506321,38.5884581],[-79.650594,38.5886559],[-79.6505322,38.5888895],[-79.650494,38.5890873],[-79.6503575,38.5896354],[-79.6503085,38.589797],[-79.6502263,38.5898952],[-79.6501791,38.5899668],[-79.6500499,38.5901185],[-79.6500027,38.59019],[-79.6498968,38.590324],[-79.649803,38.590431],[-79.6497319,38.5905473],[-79.6497169,38.5905663],[-79.6496789,38.5906144],[-79.6496261,38.5906813],[-79.6495086,38.5908241],[-79.6494494,38.590963],[-79.6494362,38.5909939],[-79.6494245,38.5910214],[-79.6493531,38.5911558],[-79.6493052,38.5912633],[-79.6492004,38.5915278],[-79.5732212,38.5635185],[-79.5719641,38.5630583],[-79.5710833,38.5629413],[-79.5686171,38.5628989],[-79.5668986,38.5626428],[-79.5656074,38.5622896],[-79.5641755,38.5617924],[-79.5629709,38.5611092],[-79.5626337,38.5609871],[-79.5623172,38.5608966],[-79.5617409,38.5608209],[-79.560507,38.560898],[-79.5595328,38.5608746],[-79.5586987,38.5608053],[-79.5572946,38.5603955],[-79.5558011,38.5602247],[-79.5550687,38.5599779],[-79.5544137,38.5596627],[-79.5501491,38.5571079],[-79.548908,38.5561891],[-79.5479123,38.5557247],[-79.5462218,38.555011],[-79.5457013,38.5543997],[-79.5450034,38.5541398],[-79.5443197,38.5540209],[-79.5421569,38.5529066],[-79.5413716,38.5523704],[-79.5408253,38.5521978],[-79.539781,38.5521331],[-79.5389226,38.5519722],[-79.5383666,38.5517625],[-79.5375969,38.5512926],[-79.5373206,38.5510974],[-79.5369176,38.5507386],[-79.5365389,38.5500977],[-79.5361528,38.5488318],[-79.5358709,38.5484335],[-79.5351284,38.5476737],[-79.5343681,38.5471259],[-79.5337526,38.5467441],[-79.5335961,38.5464856],[-79.5335417,38.5461876],[-79.5338041,38.545732],[-79.5338464,38.5455445],[-79.533805,38.5453591],[-79.533535,38.5449995],[-79.5329501,38.5444737],[-79.5327098,38.5441794],[-79.5323621,38.5436956],[-79.5321076,38.5432289],[-79.5320097,38.5427504],[-79.5320799,38.5424887],[-79.5320589,38.5422366],[-79.5316125,38.5420827],[-79.5301714,38.541845],[-79.5298363,38.5415545],[-79.5285025,38.5404578],[-79.5284055,38.5400551],[-79.5284419,38.5393801],[-79.5283282,38.5390951],[-79.5274815,38.5383995],[-79.5271748,38.5380761],[-79.5270068,38.5373633],[-79.5268017,38.5369934],[-79.5265149,38.5367669],[-79.5250438,38.5362558],[-79.5246543,38.5360516],[-79.5244164,38.5357646],[-79.524321,38.5353509],[-79.5240733,38.5351442],[-79.5222179,38.5345565],[-79.5216605,38.534089],[-79.5211257,38.5331375],[-79.5183468,38.5285144],[-79.5161497,38.5249411],[-79.5131329,38.5198343],[-79.5036417,38.5040809],[-79.4997931,38.4977593],[-79.4989314,38.4962554],[-79.4765736,38.4571272],[-79.4020536,38.4362159],[-79.3907782,38.4329907],[-79.3688168,38.426983],[-79.312277,38.411876],[-79.3118356,38.4119254],[-79.3105228,38.4126806],[-79.3089242,38.4129269],[-79.3079084,38.4134337],[-79.3063632,38.4151286],[-79.3047783,38.4155305],[-79.3028012,38.4154231],[-79.3014688,38.4149882],[-79.300081,38.414888],[-79.297758,38.416438],[-79.295712,38.418129],[-79.2941907,38.4185213],[-79.2931719,38.4193723],[-79.2923065,38.4197615],[-79.2910654,38.421026],[-79.2902631,38.4211441],[-79.288432,38.42096],[-79.286874,38.420555],[-79.285613,38.419249],[-79.282971,38.418095],[-79.280149,38.42076],[-79.279678,38.424173],[-79.2802262,38.425475],[-79.280581,38.426833],[-79.28247,38.429168],[-79.282663,38.431021],[-79.282762,38.431647],[-79.282225,38.432078],[-79.2810392,38.4322377],[-79.2790868,38.4328469],[-79.2782615,38.4338524],[-79.2778983,38.4343337],[-79.2753892,38.4350622],[-79.274529,38.436337],[-79.272064,38.437376],[-79.2710664,38.4375064],[-79.2690926,38.437323],[-79.267414,38.438322],[-79.2652308,38.4418055],[-79.2644436,38.4432354],[-79.263376,38.443762],[-79.2628389,38.4446231],[-79.2626639,38.4456734],[-79.2620216,38.4463994],[-79.261107,38.448082],[-79.254435,38.455949],[-79.253067,38.455818],[-79.2516379,38.4548702],[-79.2494828,38.4545103],[-79.24802,38.4535405],[-79.247342,38.453294],[-79.2459853,38.4534704],[-79.242641,38.454168],[-79.2425663,38.4544419],[-79.242279,38.4548044],[-79.241854,38.457055],[-79.242024,38.464332],[-79.240059,38.469841],[-79.239899,38.4699308],[-79.2395327,38.470531],[-79.2366407,38.4716242],[-79.234408,38.473011],[-79.2315489,38.4740534],[-79.225669,38.476471],[-79.2243518,38.4776827],[-79.2209683,38.4806601],[-79.2209428,38.4819718],[-79.221406,38.484837],[-79.219067,38.487441],[-79.215212,38.489261],[-79.210591,38.492913],[-79.2101688,38.493898],[-79.2100981,38.4940355],[-79.210026,38.494231],[-79.210008,38.494283],[-79.209703,38.495574],[-79.2079592,38.500004],[-79.207884,38.500428],[-79.206959,38.503522],[-79.210959,38.507422],[-79.205859,38.524521],[-79.201459,38.527821],[-79.196959,38.536721],[-79.193458,38.542421],[-79.188958,38.54742],[-79.184058,38.55152],[-79.180858,38.55992],[-79.176658,38.56552],[-79.174881,38.566314],[-79.174512,38.566531],[-79.170958,38.56812],[-79.170658,38.56922],[-79.170662,38.5692295],[-79.171658,38.57162],[-79.170858,38.574119],[-79.1683152,38.5782057],[-79.1682309,38.5783411],[-79.168058,38.578619],[-79.1672819,38.5793782],[-79.163458,38.583119],[-79.158657,38.592319],[-79.158257,38.593919],[-79.158957,38.594519],[-79.159158,38.601219],[-79.154357,38.606518],[-79.155557,38.609218],[-79.155355,38.611225],[-79.151257,38.620618],[-79.146974,38.625641],[-79.146741,38.625819],[-79.142657,38.634417],[-79.139657,38.637217],[-79.137557,38.638017],[-79.137012,38.640655],[-79.1363618,38.6423828],[-79.135546,38.643715],[-79.135472,38.644057],[-79.133557,38.646017],[-79.131057,38.653217],[-79.129757,38.655017],[-79.122256,38.659817],[-79.120256,38.660216],[-79.111556,38.659717],[-79.1064828,38.6563024],[-79.106356,38.656217],[-79.1062215,38.6562501],[-79.092955,38.659517],[-79.0927931,38.6621875],[-79.092755,38.662816],[-79.0923768,38.664262],[-79.091055,38.669316],[-79.087855,38.673816],[-79.084355,38.686516],[-79.085555,38.688816],[-79.088055,38.690115],[-79.090755,38.692515],[-79.092271,38.699208],[-79.092555,38.700149],[-79.092755,38.702315],[-79.086555,38.716015],[-79.087255,38.720114],[-79.085455,38.724614],[-79.081955,38.729714],[-79.079655,38.734714],[-79.076555,38.739214],[-79.073855,38.742114],[-79.072755,38.744614],[-79.072555,38.747513],[-79.064854,38.754413],[-79.060954,38.756713],[-79.057554,38.760213],[-79.057253,38.761413],[-79.056754,38.766513],[-79.055654,38.770913],[-79.053754,38.772313],[-79.051554,38.772613],[-79.051254,38.773913],[-79.051654,38.778013],[-79.052454,38.779213],[-79.054354,38.780613],[-79.055654,38.783013],[-79.054954,38.785713],[-79.048954,38.790713],[-79.046554,38.792113],[-79.033153,38.791013],[-79.029253,38.791013],[-79.027253,38.792113],[-79.023053,38.798613],[-79.023453,38.802612],[-79.024453,38.803712],[-79.024053,38.809212],[-79.019553,38.817912],[-79.016752,38.820012],[-79.011952,38.820412],[-79.007952,38.822312],[-79.006552,38.823712],[-79.006152,38.824512],[-79.006352,38.826112],[-79.005152,38.829912],[-79.002352,38.836512],[-78.999014,38.840074],[-78.998863,38.840962],[-79.000252,38.845412],[-78.998171,38.847353],[-78.9948267,38.8495555],[-78.993997,38.850102],[-78.9914711,38.8483378],[-78.9912857,38.8482083],[-78.869615,38.7627861],[-78.865905,38.767034],[-78.863684,38.7718],[-78.848187,38.794978],[-78.835191,38.811499],[-78.832267,38.814388],[-78.827262,38.82161],[-78.821167,38.830982],[-78.8153735,38.8411424],[-78.815116,38.841594],[-78.810943,38.849616],[-78.8083532,38.8557661],[-78.808181,38.856175],[-78.8057627,38.8598992],[-78.796213,38.874606],[-78.79161,38.877593],[-78.790078,38.880076],[-78.788031,38.885123],[-78.786025,38.887187],[-78.779198,38.892298],[-78.772793,38.893742],[-78.759085,38.900529],[-78.757278,38.903203],[-78.754516,38.905728],[-78.754658,38.907582],[-78.750517,38.916029],[-78.7391194,38.9270904],[-78.7390406,38.9271669],[-78.738921,38.927283],[-78.726222,38.930932],[-78.7248412,38.9310083],[-78.7234215,38.9312163],[-78.7224859,38.9314572],[-78.718482,38.934267],[-78.717076,38.936028],[-78.71962,38.92651],[-78.720095,38.923863],[-78.719806,38.922638],[-78.719755,38.922135],[-78.719451,38.92026],[-78.7209,38.909844],[-78.71981,38.905907],[-78.718647,38.904561],[-78.717178,38.904296],[-78.716168,38.90483],[-78.712622,38.908665],[-78.704323,38.915231],[-78.69738,38.915602],[-78.69145,38.922195],[-78.688266,38.92478],[-78.681617,38.92584],[-78.680456,38.925313],[-78.670679,38.9338],[-78.666594,38.9392],[-78.665886,38.941579],[-78.662083,38.945702],[-78.65905,38.947375],[-78.6588351,38.9477177],[-78.655043,38.953766],[-78.652352,38.960677],[-78.646589,38.968138],[-78.638423,38.966819],[-78.632471,38.974739],[-78.632452,38.976983],[-78.630846,38.979586],[-78.629553,38.980866],[-78.625672,38.982575],[-78.620453,38.982601],[-78.619914,38.981288],[-78.619982,38.977338],[-78.618676,38.974082],[-78.614312,38.97585],[-78.611184,38.976134],[-78.608369,38.969743],[-78.601655,38.964603],[-78.601399,38.96653],[-78.598894,38.969546],[-78.596015,38.970192],[-78.593261,38.971918],[-78.588704,38.978579],[-78.582928,38.985416],[-78.581981,38.988398],[-78.580465,38.990567],[-78.570462,39.001552],[-78.561711,39.009007],[-78.5594,39.011877],[-78.554919,39.015124],[-78.552321,39.016374],[-78.550467,39.018065],[-78.55738,39.021393],[-78.55964,39.024456],[-78.563294,39.026328],[-78.565073,39.025935],[-78.565837,39.026303],[-78.571901,39.031995],[-78.559997,39.041573],[-78.556748,39.044527],[-78.554263,39.048058],[-78.547734,39.054069],[-78.545679,39.055052],[-78.544137,39.0565444],[-78.540216,39.060631],[-78.531695,39.066519],[-78.526543,39.068221],[-78.522714,39.071062],[-78.516789,39.077569],[-78.515955,39.080046],[-78.516479,39.081802],[-78.512103,39.084878],[-78.5113814,39.0855598],[-78.508132,39.08863],[-78.504384,39.091398],[-78.495984,39.09898],[-78.49516,39.100992],[-78.484283,39.107372],[-78.478426,39.109843],[-78.4778204,39.1095974],[-78.47732,39.109398],[-78.475376,39.107469],[-78.473209,39.108143],[-78.470261,39.110063],[-78.46953,39.111204],[-78.466662,39.112858],[-78.459869,39.113351],[-78.439429,39.132146],[-78.437771,39.135426],[-78.436658,39.141691],[-78.427294,39.152726],[-78.413943,39.158415],[-78.412599,39.160038],[-78.403697,39.167451],[-78.406966,39.170903],[-78.411972,39.172734],[-78.426315,39.182762],[-78.428697,39.187217],[-78.424292,39.192156],[-78.424905,39.193301],[-78.430846,39.196227],[-78.436662,39.196658],[-78.438651,39.198049],[-78.437053,39.199766],[-78.43213,39.204717],[-78.431167,39.205744],[-78.429803,39.207014],[-78.427911,39.208611],[-78.423968,39.212049],[-78.41789,39.217504],[-78.405585,39.231176],[-78.40498,39.238006],[-78.404214,39.241214],[-78.399669,39.243874],[-78.399785,39.244129],[-78.409116,39.252564],[-78.414631,39.255733],[-78.4155972,39.2555234],[-78.41612,39.25541],[-78.418584,39.256065],[-78.419422,39.257476],[-78.4149787,39.2629548],[-78.414204,39.26391],[-78.402783,39.275471],[-78.401813,39.276754],[-78.402275,39.277238],[-78.398682,39.281332],[-78.3936225,39.2829096],[-78.393371,39.282988],[-78.3919945,39.284664],[-78.3913297,39.2854736],[-78.388785,39.288572],[-78.387194,39.291444],[-78.387242,39.29343],[-78.385888,39.294888],[-78.374728,39.305136],[-78.371604,39.307692],[-78.367242,39.310148],[-78.364686,39.317312],[-78.3615647,39.3180334],[-78.360035,39.317771],[-78.3589307,39.3194786],[-78.3585712,39.3197989],[-78.346301,39.339108],[-78.34546,39.341024],[-78.347634,39.34272],[-78.347409,39.343402],[-78.343685,39.346713],[-78.342514,39.346769],[-78.341308,39.345555],[-78.339284,39.348605],[-78.338958,39.349889],[-78.34048,39.353492],[-78.348698,39.354744],[-78.362267,39.357784],[-78.366867,39.35929],[-78.362632,39.362888],[-78.354837,39.371616],[-78.343214,39.388807],[-78.350014,39.392861],[-78.349436,39.397252],[-78.357949,39.404192],[-78.359918,39.409028],[-78.359352,39.412534],[-78.356627,39.415902],[-78.351236,39.420595],[-78.348354,39.424431],[-78.346718,39.427618],[-78.347942,39.430879],[-78.353227,39.436792],[-78.347773,39.440583],[-78.346546,39.442616],[-78.346061,39.445613],[-78.347333,39.447659],[-78.346962,39.450679],[-78.345823,39.453499],[-78.345143,39.459484],[-78.349476,39.462205],[-78.347087,39.466012],[-78.3416746,39.4626009],[-78.3074984,39.441058],[-78.2879794,39.4287537],[-78.274343,39.4209436],[-78.262785,39.414323],[-78.229912,39.392891],[-78.2247681,39.3891498],[-78.206405,39.375791],[-78.205401,39.375099],[-78.18737,39.363989],[-78.1587145,39.3437594],[-78.158194,39.343392],[-78.1484696,39.3379612],[-78.1481186,39.3377652],[-78.14092,39.333745],[-78.108746,39.31246],[-78.108357,39.3122137],[-78.0813624,39.2951229],[-78.0800389,39.294285],[-78.0798561,39.2941692],[-78.0329703,39.2644849],[-78.0067732,39.2475826],[-77.9193866,39.1911946],[-77.8609243,39.1534724],[-77.8608805,39.1534441],[-77.8603127,39.1530778],[-77.8542089,39.1491166],[-77.8490971,39.145799],[-77.8403449,39.1401184],[-77.838958,39.1392182],[-77.8281485,39.1322818],[-77.8280755,39.1338622],[-77.8272768,39.135289],[-77.8257794,39.1360103],[-77.8249834,39.1365822],[-77.8240206,39.1380934],[-77.8222328,39.1398879],[-77.82222,39.142921],[-77.8231681,39.1456383],[-77.8223848,39.1469529],[-77.8229406,39.1478431],[-77.8215608,39.1505229],[-77.8215363,39.1523198],[-77.8201318,39.1535758],[-77.818737,39.1549984],[-77.8176334,39.1571564],[-77.8163016,39.1590749],[-77.8157859,39.161094],[-77.8150141,39.1616954],[-77.8137709,39.1645136],[-77.8124446,39.1655593],[-77.8114051,39.1675904],[-77.8096765,39.1681629],[-77.8080607,39.1704144],[-77.806049,39.171737],[-77.8059858,39.1731203],[-77.8052046,39.1741404],[-77.805208,39.1765428],[-77.804414,39.1778486],[-77.8048185,39.1793397],[-77.8035987,39.1811004],[-77.802834,39.182983],[-77.800919,39.187485],[-77.7998436,39.1895661],[-77.7991462,39.1916533],[-77.7981162,39.1926843],[-77.7977877,39.1942305],[-77.7983737,39.1962015],[-77.79821,39.197403],[-77.7985346,39.1995357],[-77.7979982,39.2010322],[-77.795772,39.2041778],[-77.7928269,39.2087889],[-77.7936852,39.210119],[-77.791931,39.212166],[-77.7891335,39.2147492],[-77.7880204,39.2170351],[-77.7860785,39.2194456],[-77.7866128,39.2205523],[-77.786336,39.2216732],[-77.7840473,39.223611],[-77.781347,39.2268096],[-77.7815988,39.2277762],[-77.7804015,39.2287881],[-77.7787399,39.2289123],[-77.777809,39.229598],[-77.7763912,39.2315624],[-77.7740955,39.2334308],[-77.7732176,39.2351959],[-77.7714439,39.2366274],[-77.7711052,39.2380525],[-77.770976,39.238234],[-77.7704826,39.2393896],[-77.7698887,39.2431307],[-77.7686261,39.2456117],[-77.7671635,39.2495284],[-77.7709877,39.2493368],[-77.7707362,39.251431],[-77.7706711,39.2533979],[-77.7707891,39.2545379],[-77.7701196,39.2561709],[-77.7685154,39.2567148],[-77.7677643,39.2578197],[-77.766434,39.2574542],[-77.7637839,39.2580108],[-77.7625179,39.2586172],[-77.7627218,39.2594313],[-77.7627495,39.2603369],[-77.7621027,39.2611825],[-77.7618061,39.2627019],[-77.7612212,39.2637674],[-77.7595997,39.2639752],[-77.757596,39.2649452],[-77.7583444,39.2662512],[-77.7581406,39.2674307],[-77.7587188,39.2683213],[-77.7583766,39.2693577],[-77.7581835,39.2713844],[-77.7569528,39.2739892],[-77.7536774,39.2762016],[-77.7530122,39.2771982],[-77.7532029,39.2790802],[-77.7531171,39.2805445],[-77.7529961,39.2826088],[-77.7520261,39.2844401],[-77.7511603,39.2867844],[-77.749634,39.290909],[-77.7480876,39.2940057],[-77.7471525,39.2955003],[-77.7436245,39.2995105],[-77.7411455,39.3031383],[-77.74025,39.305183],[-77.7385604,39.3080532],[-77.7373688,39.309261],[-77.7367507,39.3100701],[-77.7348869,39.3126267],[-77.7326314,39.3138653],[-77.7306157,39.3155282],[-77.7293015,39.3159806],[-77.7258039,39.3175162],[-77.7246988,39.3175328],[-77.7231002,39.3179893],[-77.7205145,39.319309],[-77.719707,39.3202108],[-77.719103,39.3210252],[-77.719029,39.321125],[-77.7199994,39.3212533],[-77.720779,39.321202],[-77.7221723,39.3212149],[-77.7237315,39.3212277],[-77.7247433,39.3213303],[-77.7256888,39.32151],[-77.7262528,39.3216896],[-77.7265165,39.32182],[-77.726767,39.321818],[-77.7285674,39.323332],[-77.7300259,39.3242956],[-77.7311094,39.3250281],[-77.7320917,39.3256848],[-77.7340635,39.3267584],[-77.7351768,39.3271943],[-77.7360227,39.3273996],[-77.7378971,39.3277846],[-77.7384777,39.3278616],[-77.7387762,39.3280155],[-77.7390582,39.3281823],[-77.7395227,39.3282978],[-77.7400037,39.3285416],[-77.7404018,39.3286314],[-77.7409492,39.3287084],[-77.7414634,39.3288495],[-77.7422264,39.3291575],[-77.7474183,39.3314669],[-77.7478993,39.3317235],[-77.748596,39.3321598],[-77.749077,39.3322239],[-77.7497073,39.3324933],[-77.750404,39.3328397],[-77.7510841,39.3330835],[-77.7517641,39.3332375],[-77.7525272,39.3333145],[-77.7535888,39.3333016],[-77.7542025,39.333276],[-77.754371,39.3333268],[-77.7548826,39.3334812],[-77.75559,39.3338862],[-77.7563423,39.3342895],[-77.757155,39.334931],[-77.7576195,39.3352902],[-77.7580342,39.3354313],[-77.7581503,39.3356494],[-77.7583327,39.3360856],[-77.7587143,39.3363551],[-77.7590958,39.3368939],[-77.7596482,39.3376004],[-77.7602071,39.3387156],[-77.7607335,39.3399623],[-77.7609038,39.3410119],[-77.7608449,39.3416794],[-77.7606859,39.3425112],[-77.7603066,39.3432056],[-77.7599042,39.3439658],[-77.7595104,39.3447193],[-77.7590496,39.3450831],[-77.7580673,39.3458353],[-77.7571882,39.3464125],[-77.7559442,39.3470026],[-77.7547333,39.3474002],[-77.7534229,39.3478107],[-77.7519466,39.3484007],[-77.7507191,39.3489266],[-77.7499889,39.3493474],[-77.7484799,39.3503632],[-77.7470368,39.3517742],[-77.74593,39.353221],[-77.7451624,39.3548012],[-77.7445486,39.3558913],[-77.7439681,39.3574689],[-77.7434759,39.3595494],[-77.7432714,39.3615344],[-77.7432051,39.3620987],[-77.7433544,39.3631247],[-77.7434041,39.3640993],[-77.7437293,39.3650492],[-77.7450297,39.3669847],[-77.746705,39.3692673],[-77.7470036,39.3699854],[-77.747468,39.3703701],[-77.7479822,39.3710369],[-77.7489775,39.3724346],[-77.7492097,39.373345],[-77.7498732,39.3744733],[-77.7505864,39.3755504],[-77.7515153,39.3766531],[-77.7522286,39.377307],[-77.75271,39.3782431],[-77.7530078,39.3791753],[-77.753058,39.3798328],[-77.7531907,39.3801277],[-77.752975,39.3811278],[-77.7528423,39.3812688],[-77.7529419,39.3814483],[-77.7527255,39.3820684],[-77.7522422,39.3827382],[-77.7512334,39.3834355],[-77.7500799,39.3838889],[-77.7493922,39.3842176],[-77.748314,39.3844612],[-77.7468377,39.3846022],[-77.7437193,39.3849227],[-77.7410967,39.3851782],[-77.7399893,39.3853301],[-77.7387274,39.3856124],[-77.7379181,39.3859931],[-77.7372485,39.386411],[-77.73672,39.38687],[-77.7363335,39.3872646],[-77.7361014,39.3877825],[-77.7359503,39.3882937],[-77.7356984,39.3890555],[-77.7356562,39.3898317],[-77.7358659,39.3903222],[-77.7358403,39.3909737],[-77.7360497,39.3915891],[-77.7360891,39.3920248],[-77.7363592,39.3926968],[-77.7367858,39.3938836],[-77.7370821,39.3949758],[-77.7375488,39.3963447],[-77.7376981,39.3967293],[-77.7377976,39.3972805],[-77.7380796,39.3978957],[-77.7382952,39.3985494],[-77.738627,39.3992288],[-77.7390748,39.4002029],[-77.7396363,39.4012145],[-77.7399457,39.4017709],[-77.7403223,39.4023212],[-77.740634,39.4028177],[-77.7406066,39.4029619],[-77.7406549,39.4030255],[-77.7408199,39.4030555],[-77.7409155,39.4031955],[-77.7408952,39.4033118],[-77.7414515,39.4039791],[-77.7419165,39.4045181],[-77.7442581,39.4071101],[-77.7447065,39.4075848],[-77.7451217,39.4078671],[-77.7456033,39.4083675],[-77.7462343,39.4089064],[-77.7465,39.4093427],[-77.746882,39.4098816],[-77.7475278,39.4107889],[-77.7477788,39.4113186],[-77.7482105,39.4117164],[-77.7481939,39.4119345],[-77.7487918,39.4133202],[-77.7491073,39.4137051],[-77.74929,39.4142055],[-77.7495723,39.4150138],[-77.7503196,39.4165277],[-77.7519637,39.4190038],[-77.752246,39.4195811],[-77.7525305,39.4200072],[-77.7528439,39.420415],[-77.7530099,39.4207742],[-77.7530431,39.4212103],[-77.7528605,39.4219416],[-77.7527608,39.4224291],[-77.7527737,39.4227914],[-77.7532062,39.4232492],[-77.753724,39.42393],[-77.7544485,39.4243116],[-77.7561652,39.4253283],[-77.7584709,39.4267074],[-77.7602837,39.4275218],[-77.7612469,39.4278297],[-77.7621105,39.427958],[-77.763356,39.4280221],[-77.7636464,39.4279977],[-77.7636939,39.428073],[-77.7635433,39.4281267],[-77.763468,39.4281982],[-77.7635604,39.428251],[-77.7636968,39.4282832],[-77.7638387,39.4281938],[-77.7639198,39.4281267],[-77.7640067,39.4281446],[-77.764053,39.4282609],[-77.7641746,39.428234],[-77.7643071,39.4281185],[-77.7653122,39.4281827],[-77.767422,39.4281955],[-77.7680035,39.4281314],[-77.7680533,39.4282982],[-77.7683523,39.428157],[-77.7689504,39.4281057],[-77.7703957,39.4279646],[-77.7707114,39.42808],[-77.7710602,39.4279902],[-77.7713759,39.4279004],[-77.7724391,39.4278362],[-77.7738678,39.4277079],[-77.7747503,39.4277808],[-77.7756952,39.4279902],[-77.7771737,39.4284778],[-77.7775392,39.428619],[-77.7779379,39.428619],[-77.7787021,39.4286703],[-77.779532,39.4287222],[-77.779587,39.4287894],[-77.7794712,39.4288431],[-77.779419,39.4289102],[-77.7795291,39.4289639],[-77.7811821,39.4289126],[-77.7813981,39.4290024],[-77.7813981,39.4291564],[-77.7816472,39.4290537],[-77.7830594,39.4290794],[-77.7843552,39.4290409],[-77.7855513,39.4288484],[-77.7864982,39.4288099],[-77.7873158,39.4289372],[-77.7885749,39.4292975],[-77.7892394,39.4295029],[-77.7899704,39.4297595],[-77.7909505,39.4299391],[-77.7919971,39.4302471],[-77.7929836,39.430593],[-77.7938246,39.4307604],[-77.794772,39.431082],[-77.795002,39.431161],[-77.796118,39.431513],[-77.796361,39.431594],[-77.796786,39.431792],[-77.797062,39.432023],[-77.797557,39.432281],[-77.79801,39.432555],[-77.798484,39.432918],[-77.798909,39.433175],[-77.799567,39.433543],[-77.800077,39.433823],[-77.801174,39.434641],[-77.801216,39.434773],[-77.801273,39.434817],[-77.802726,39.436178],[-77.80283,39.436343],[-77.803205,39.437111],[-77.803209,39.437137],[-77.803294,39.4378431],[-77.8031777,39.4382922],[-77.8028328,39.4388744],[-77.8019649,39.4397805],[-77.8012174,39.4403964],[-77.800561,39.4407127],[-77.7989248,39.4412688],[-77.7970973,39.4415511],[-77.7957018,39.441705],[-77.7939741,39.441782],[-77.7935422,39.4418718],[-77.7923959,39.4419873],[-77.7914323,39.4421156],[-77.7908176,39.442231],[-77.7896713,39.4425133],[-77.7888092,39.4426879],[-77.7880931,39.4428982],[-77.7869634,39.4434113],[-77.7861018,39.4440829],[-77.7856344,39.4445403],[-77.7852976,39.4450976],[-77.7852024,39.4457463],[-77.7853353,39.4464134],[-77.7857008,39.4468752],[-77.7861266,39.4473381],[-77.7871295,39.4481196],[-77.7883091,39.4487738],[-77.789472,39.4494794],[-77.7905684,39.4500182],[-77.7915818,39.4506083],[-77.7922297,39.450929],[-77.7928674,39.4513419],[-77.7940073,39.452045],[-77.7942242,39.4523455],[-77.7945341,39.452589],[-77.7949271,39.4528962],[-77.7951868,39.4530841],[-77.7968481,39.4545592],[-77.7979114,39.4555962],[-77.7984098,39.4562652],[-77.7986922,39.4569194],[-77.799078,39.4582547],[-77.7990743,39.4589974],[-77.7988085,39.4596002],[-77.7981856,39.460452],[-77.797629,39.460947],[-77.7964286,39.4614655],[-77.7950705,39.461832],[-77.7940904,39.4619217],[-77.7924426,39.4619522],[-77.7905518,39.4616909],[-77.7870797,39.4609854],[-77.7837882,39.4601884],[-77.7831424,39.4598824],[-77.7820293,39.4597285],[-77.780687,39.4597516],[-77.7798364,39.4599209],[-77.7789694,39.4603407],[-77.7780422,39.4611137],[-77.7776489,39.4617188],[-77.7776601,39.4623322],[-77.777815,39.4628288],[-77.7784555,39.4635347],[-77.7794543,39.4640252],[-77.7800192,39.4644484],[-77.7808,39.4647178],[-77.7815642,39.4649486],[-77.7827603,39.4652693],[-77.7848203,39.4657438],[-77.7858171,39.4660901],[-77.7886579,39.4672187],[-77.7897115,39.4676988],[-77.7924955,39.469245],[-77.7943064,39.4703223],[-77.7956174,39.4713231],[-77.7966387,39.472448],[-77.7974296,39.4737592],[-77.7977951,39.4745799],[-77.7981678,39.4757446],[-77.798227,39.4769009],[-77.7980941,39.4776447],[-77.7978535,39.4783753],[-77.7978117,39.4790167],[-77.7974462,39.4795296],[-77.7971638,39.4800682],[-77.796695,39.480498],[-77.796515,39.4807854],[-77.795436,39.4815813],[-77.7943396,39.4822608],[-77.7886851,39.4849967],[-77.7876612,39.4854022],[-77.7870132,39.4855176],[-77.7860165,39.485851],[-77.7843718,39.4862484],[-77.7828434,39.4867228],[-77.78176,39.487128],[-77.7809163,39.4873896],[-77.778308,39.4879152],[-77.776763,39.4881845],[-77.7751516,39.488505],[-77.772753,39.488989],[-77.7709319,39.4895179],[-77.769125,39.490281],[-77.7679478,39.49085],[-77.7669375,39.491333],[-77.7663143,39.4920048],[-77.7657316,39.4928261],[-77.765551,39.493025],[-77.7655342,39.4931804],[-77.7654467,39.4939917],[-77.7654695,39.4943073],[-77.7653831,39.494505],[-77.7657652,39.4949665],[-77.7656655,39.4950947],[-77.765993,39.495724],[-77.7668617,39.4966459],[-77.7676923,39.4972741],[-77.7681879,39.4975575],[-77.7687742,39.4978832],[-77.7694222,39.4983214],[-77.7703685,39.4987665],[-77.7711977,39.4989022],[-77.7714469,39.4988124],[-77.7717625,39.4987227],[-77.772643,39.498774],[-77.7739056,39.4991457],[-77.7743055,39.4992341],[-77.7748059,39.499218],[-77.7759063,39.4992695],[-77.7772614,39.4992739],[-77.7789892,39.4992355],[-77.7806264,39.4991258],[-77.781608,39.499067],[-77.7821967,39.4989045],[-77.7828766,39.4987099],[-77.7834197,39.4984239],[-77.7843922,39.4980225],[-77.7855015,39.4973254],[-77.7859334,39.4968126],[-77.7862898,39.496598],[-77.7871129,39.495646],[-77.7881429,39.494223],[-77.7888241,39.4932102],[-77.7896573,39.4922455],[-77.7908005,39.4913179],[-77.7912869,39.4909624],[-77.791765,39.490789],[-77.7923299,39.49054],[-77.7929099,39.4903746],[-77.7934851,39.4902134],[-77.7944725,39.4899538],[-77.795631,39.489623],[-77.7968286,39.4893915],[-77.7980111,39.4893512],[-77.799843,39.4893759],[-77.8016971,39.4893309],[-77.802845,39.489339],[-77.8037924,39.4894281],[-77.8062502,39.4898231],[-77.8068159,39.4900435],[-77.8075552,39.4900487],[-77.8091567,39.4904852],[-77.8102382,39.4907871],[-77.8111021,39.4909923],[-77.8122061,39.4913368],[-77.81381,39.4919794],[-77.8150726,39.4924923],[-77.8156208,39.4926076],[-77.8162853,39.4926846],[-77.8164515,39.4927999],[-77.8175479,39.4930307],[-77.8188438,39.4933128],[-77.8195747,39.4934666],[-77.8199236,39.4936204],[-77.8200897,39.4937102],[-77.8208207,39.493723],[-77.821668,39.4938256],[-77.8223159,39.4938768],[-77.8237114,39.4937999],[-77.823894,39.4937418],[-77.8239984,39.4935181],[-77.8240679,39.4934957],[-77.8241317,39.4935136],[-77.8241085,39.4935941],[-77.8240969,39.4936612],[-77.8241781,39.4936657],[-77.8243346,39.4936478],[-77.8244738,39.4934912],[-77.8245376,39.4935046],[-77.8246071,39.4935449],[-77.8247405,39.4935136],[-77.8248275,39.493442],[-77.8251314,39.493305],[-77.8259046,39.493151],[-77.8264866,39.4930227],[-77.8270187,39.4929201],[-77.8277337,39.4930227],[-77.827767,39.4931639],[-77.8278834,39.4932922],[-77.8282825,39.4933949],[-77.8294631,39.4936002],[-77.8306437,39.4939466],[-77.831776,39.4943205],[-77.8331546,39.4947165],[-77.8342188,39.4950117],[-77.835998,39.4955634],[-77.8375112,39.4959484],[-77.838326,39.496128],[-77.8387583,39.496205],[-77.8394567,39.4964488],[-77.8407039,39.4968979],[-77.8411861,39.4971289],[-77.8414023,39.4973085],[-77.8416683,39.4973855],[-77.8420508,39.4974112],[-77.8423501,39.4974882],[-77.8426826,39.4975395],[-77.8431316,39.497732],[-77.8433644,39.4977705],[-77.8437635,39.4977191],[-77.8444785,39.4978603],[-77.8448152,39.4980213],[-77.8451935,39.4980912],[-77.8453999,39.4980121],[-77.8454596,39.4983094],[-77.8455926,39.4984377],[-77.8459751,39.4986045],[-77.8463908,39.4990407],[-77.8467947,39.4996173],[-77.8471889,39.5001827],[-77.8475108,39.5005945],[-77.8476545,39.500991],[-77.8478042,39.5014529],[-77.8477961,39.5019134],[-77.8477377,39.5022997],[-77.847588,39.502813],[-77.8473449,39.5033382],[-77.8468397,39.5041216],[-77.8463741,39.5045707],[-77.845709,39.5050711],[-77.8449533,39.5056141],[-77.8422503,39.5070982],[-77.8402549,39.508086],[-77.8391574,39.5085607],[-77.8365634,39.5100874],[-77.8350003,39.5110239],[-77.8338197,39.5118193],[-77.8324396,39.5126018],[-77.8312257,39.5132817],[-77.8301449,39.5137692],[-77.8288953,39.5142839],[-77.8278501,39.5147826],[-77.8271517,39.5152829],[-77.8260875,39.5161039],[-77.8257716,39.5165016],[-77.8255336,39.5169078],[-77.8251065,39.5176176],[-77.8247905,39.5187336],[-77.824142,39.5206192],[-77.8237429,39.5222225],[-77.8235268,39.5233128],[-77.823422,39.5240257],[-77.8234935,39.5249674],[-77.8236622,39.525907],[-77.8240256,39.5270837],[-77.8244247,39.5279302],[-77.8250086,39.528684],[-77.8254069,39.5290487],[-77.8258764,39.5294589],[-77.8265649,39.5299227],[-77.8271547,39.5301887],[-77.8280404,39.5306152],[-77.8290308,39.5310468],[-77.8306936,39.5316239],[-77.8320904,39.5320215],[-77.8331099,39.5321535],[-77.8341855,39.5322908],[-77.8351001,39.5322395],[-77.8358816,39.5321369],[-77.8367355,39.5318879],[-77.837744,39.5313546],[-77.8382795,39.5310144],[-77.8389246,39.5304055],[-77.8395066,39.5297258],[-77.8400205,39.528901],[-77.8403713,39.5279687],[-77.8405832,39.527105],[-77.8406706,39.5260576],[-77.8406207,39.5250572],[-77.8405376,39.5245313],[-77.8405376,39.5240824],[-77.8405542,39.5234282],[-77.8404212,39.5227741],[-77.8404046,39.5219404],[-77.840518,39.5211975],[-77.840787,39.5203113],[-77.8411695,39.5196443],[-77.8416351,39.5190671],[-77.8421694,39.5183546],[-77.8425829,39.5180922],[-77.8429487,39.517887],[-77.8434642,39.5174123],[-77.8444785,39.5168351],[-77.8451527,39.516614],[-77.8460416,39.5164246],[-77.8465737,39.5163733],[-77.8474217,39.5160398],[-77.8481169,39.5157053],[-77.8485026,39.515578],[-77.8491241,39.5155029],[-77.8497663,39.5152701],[-77.8501602,39.515197],[-77.8505811,39.5152316],[-77.8516453,39.5150905],[-77.8525599,39.5149494],[-77.8534612,39.5149143],[-77.8548047,39.5148211],[-77.855686,39.51468],[-77.8562015,39.5145004],[-77.856826,39.5144574],[-77.857565,39.5143465],[-77.8583299,39.5141669],[-77.8590948,39.5140514],[-77.8598265,39.5140642],[-77.8601784,39.5141197],[-77.86119,39.5142054],[-77.8622043,39.5143465],[-77.8628528,39.5145517],[-77.8633097,39.5148043],[-77.8638962,39.5151603],[-77.8646487,39.5156934],[-77.8648815,39.5160013],[-77.865081,39.5163476],[-77.8656124,39.5171204],[-77.8658659,39.5177123],[-77.8660476,39.518268],[-77.8661951,39.5189773],[-77.8662339,39.5195058],[-77.8663018,39.5202571],[-77.8663444,39.5210011],[-77.8662949,39.5219404],[-77.8661565,39.5229867],[-77.8659956,39.5239028],[-77.8659385,39.5245987],[-77.8657295,39.5255574],[-77.8654052,39.5266156],[-77.865081,39.5275198],[-77.8650447,39.527931],[-77.8648815,39.5287767],[-77.8648322,39.5296736],[-77.8647875,39.5303984],[-77.8646653,39.5316111],[-77.8646487,39.5324191],[-77.8645872,39.5334915],[-77.8644314,39.5347361],[-77.86443,39.535261],[-77.8644839,39.5359444],[-77.8647786,39.5371963],[-77.8650004,39.5376997],[-77.8651681,39.5382399],[-77.8656661,39.5388502],[-77.8668769,39.5399725],[-77.8680076,39.5410497],[-77.8697536,39.5426525],[-77.8703023,39.5432552],[-77.8709176,39.5437297],[-77.871663,39.5442395],[-77.8722479,39.5445503],[-77.8729296,39.5447683],[-77.8736114,39.5450504],[-77.8740105,39.5453325],[-77.8748253,39.5457941],[-77.875507,39.546089],[-77.8763384,39.5464224],[-77.8771865,39.5469096],[-77.8777519,39.5472943],[-77.8786498,39.5478713],[-77.8794646,39.5484739],[-77.8799967,39.5487304],[-77.8807283,39.5491022],[-77.8821916,39.5497946],[-77.8836882,39.5504357],[-77.8844531,39.5507562],[-77.8850516,39.5509784],[-77.8857501,39.5514486],[-77.886436,39.551947],[-77.8873797,39.5528332],[-77.8880116,39.5537435],[-77.8882444,39.5543589],[-77.8884938,39.555],[-77.8887122,39.5552705],[-77.8887266,39.5559487],[-77.8888263,39.5565513],[-77.8888097,39.5569359],[-77.8885316,39.557913],[-77.8884771,39.5581794],[-77.8879846,39.558698],[-77.887854,39.559054],[-77.887599,39.559405],[-77.886918,39.55997],[-77.886776,39.560047],[-77.886215,39.56031],[-77.885123,39.56087],[-77.88457,39.561111],[-77.884357,39.561193],[-77.883194,39.561533],[-77.882385,39.561961],[-77.88213,39.562169],[-77.881889,39.562158],[-77.881846,39.56218],[-77.881832,39.562268],[-77.881747,39.562345],[-77.881364,39.56246],[-77.881158,39.56257],[-77.880973,39.562734],[-77.880817,39.562833],[-77.880746,39.562855],[-77.880562,39.562811],[-77.880392,39.562811],[-77.879895,39.563019],[-77.879214,39.563227],[-77.878548,39.563408],[-77.877952,39.563529],[-77.877668,39.563561],[-77.877314,39.563638],[-77.876519,39.563748],[-77.876023,39.563863],[-77.875484,39.563928],[-77.875257,39.563983],[-77.875058,39.564005],[-77.874707,39.564007],[-77.874231,39.564072],[-77.873266,39.564007],[-77.872699,39.564035],[-77.870167,39.563943],[-77.86899,39.563845],[-77.8666607,39.5636149],[-77.865601,39.5635983],[-77.8642164,39.5637303],[-77.8621378,39.5638585],[-77.8615059,39.5640252],[-77.8602754,39.5642174],[-77.8592944,39.5643456],[-77.8581969,39.5643841],[-77.856562,39.5645173],[-77.8547715,39.5645123],[-77.8532583,39.5644995],[-77.8523799,39.5644186],[-77.8515456,39.5642815],[-77.8510134,39.5642559],[-77.8505146,39.5643456],[-77.8494005,39.5643072],[-77.8484028,39.5642687],[-77.8472222,39.5642174],[-77.8457392,39.5643021],[-77.8451104,39.5644225],[-77.8445284,39.5644354],[-77.8435639,39.5643713],[-77.8425398,39.5643715],[-77.8415519,39.5644738],[-77.8408369,39.5646276],[-77.8400478,39.5649881],[-77.8389246,39.565384],[-77.8378438,39.5656403],[-77.8370456,39.5658967],[-77.8366261,39.5661069],[-77.8362635,39.5663828],[-77.8359707,39.566627],[-77.8354826,39.5672683],[-77.8346411,39.5685399],[-77.8342489,39.5692285],[-77.8338031,39.5701524],[-77.8337532,39.5705754],[-77.8335163,39.5704648],[-77.8333209,39.5709599],[-77.8333042,39.5712803],[-77.8334705,39.5715111],[-77.8333708,39.572498],[-77.8331047,39.5736259],[-77.8327293,39.5748907],[-77.8324063,39.5759843],[-77.8321901,39.5770609],[-77.8317079,39.578586],[-77.8312756,39.5799446],[-77.8310594,39.5805469],[-77.8308083,39.5809986],[-77.8307767,39.5813928],[-77.831076,39.5817388],[-77.8310262,39.5820592],[-77.8304841,39.5841133],[-77.8300783,39.5854809],[-77.8298455,39.5864036],[-77.8297641,39.5871727],[-77.8297125,39.5892228],[-77.8296699,39.5907809],[-77.8297624,39.5920675],[-77.8298455,39.5922469],[-77.8298622,39.5926185],[-77.8298289,39.5928235],[-77.830095,39.5933873],[-77.8300783,39.5935539],[-77.8305273,39.5944893],[-77.8305606,39.5948096],[-77.8305273,39.595335],[-77.8307102,39.5959884],[-77.8311592,39.5966675],[-77.8312756,39.597116],[-77.8316081,39.5996529],[-77.8316984,39.6000789],[-77.8317461,39.6003041],[-77.831946,39.6008231],[-77.8322522,39.6014295],[-77.8328885,39.6020744],[-77.833456,39.6026827],[-77.8340003,39.6031154],[-77.8349338,39.603804],[-77.8367297,39.6049442],[-77.8369791,39.6052389],[-77.8373449,39.6055848],[-77.8379249,39.6058303],[-77.8400554,39.6064432],[-77.8413856,39.6068275],[-77.8422861,39.6069219],[-77.8433145,39.60693],[-77.8447279,39.6067891],[-77.845576,39.6067122],[-77.8462079,39.6068147],[-77.8468511,39.6067921],[-77.8475381,39.6068659],[-77.8480037,39.6069172],[-77.8482531,39.6069812],[-77.848752,39.6070197],[-77.8489848,39.6069172],[-77.8497996,39.6068915],[-77.8507973,39.60693],[-77.8513576,39.6069374],[-77.8520444,39.606994],[-77.8524549,39.6070658],[-77.8527761,39.606994],[-77.8532583,39.6069556],[-77.8539733,39.6070068],[-77.8545851,39.6071327],[-77.8558523,39.6074424],[-77.8564509,39.6076218],[-77.8569747,39.6076915],[-77.8577667,39.6078159],[-77.8585137,39.6079479],[-77.8598764,39.6082111],[-77.8608741,39.6082751],[-77.8622708,39.6084289],[-77.8639337,39.6086979],[-77.8652141,39.609095],[-77.8663614,39.6095306],[-77.8671651,39.6099161],[-77.8678164,39.6102037],[-77.8684233,39.610581],[-77.8690947,39.6110996],[-77.8703023,39.6117596],[-77.8716659,39.6124001],[-77.8713832,39.6125794],[-77.8724308,39.6132071],[-77.8730294,39.6135786],[-77.8738608,39.6138604],[-77.8749508,39.6141521],[-77.8759227,39.6143344],[-77.8768373,39.6143856],[-77.8774858,39.6142832],[-77.8775689,39.61436],[-77.8774027,39.6145906],[-77.8780678,39.6146674],[-77.8784669,39.6147571],[-77.879132,39.6147955],[-77.880296,39.6150133],[-77.8812937,39.6152311],[-77.8819089,39.6154104],[-77.8829066,39.6154873],[-77.8835385,39.6155129],[-77.8842369,39.6156794],[-77.8847249,39.6157878],[-77.8850351,39.6157691],[-77.8851348,39.615641],[-77.885085,39.6155001],[-77.8856004,39.6154104],[-77.886066,39.6152311],[-77.8865316,39.614834],[-77.886884,39.6143515],[-77.8869972,39.6138348],[-77.8869424,39.6134059],[-77.886648,39.6127972],[-77.8857834,39.6119261],[-77.8846859,39.610991],[-77.8835053,39.6099789],[-77.8829898,39.6094537],[-77.8825743,39.6089165],[-77.8820524,39.6081889],[-77.88111,39.606214],[-77.880878,39.6051108],[-77.8807616,39.6040218],[-77.8807602,39.6028776],[-77.8808614,39.6021],[-77.8809611,39.6017797],[-77.8811274,39.6009341],[-77.8814405,39.6001415],[-77.8818923,39.5993838],[-77.8824411,39.5988457],[-77.8829936,39.5985205],[-77.8837381,39.5982051],[-77.8843866,39.5979488],[-77.885077,39.5976807],[-77.8857168,39.5975388],[-77.8865815,39.5974619],[-77.8879948,39.5973814],[-77.8882776,39.5974235],[-77.8886767,39.5973851],[-77.8893252,39.5973466],[-77.8900735,39.5974363],[-77.89157,39.5976285],[-77.8930666,39.5978976],[-77.8942139,39.5982307],[-77.8952983,39.5984102],[-77.8963756,39.5987048],[-77.8970408,39.598961],[-77.897789,39.5993198],[-77.8987036,39.5996016],[-77.8996015,39.6000116],[-77.9002001,39.6002551],[-77.9007821,39.6004473],[-77.9020791,39.6005626],[-77.9031932,39.6006779],[-77.9044404,39.6007548],[-77.9052718,39.6007548],[-77.9060866,39.6009598],[-77.9072173,39.6011776],[-77.9072339,39.6013313],[-77.9072339,39.601421],[-77.9074002,39.6014466],[-77.9075665,39.601421],[-77.9080126,39.6016426],[-77.9100608,39.6022922],[-77.9108423,39.6025356],[-77.9117402,39.6026381],[-77.9128377,39.6027534],[-77.9137024,39.6027791],[-77.9144673,39.602715],[-77.9153292,39.6027007],[-77.9160969,39.6027662],[-77.9168365,39.6029421],[-77.9176267,39.6030737],[-77.9183251,39.6032018],[-77.9190567,39.6033043],[-77.9200877,39.6036246],[-77.9211851,39.6041371],[-77.9214346,39.6043549],[-77.9217671,39.6045086],[-77.9220498,39.604483],[-77.9222161,39.6044702],[-77.923298,39.604852],[-77.9236129,39.6049699],[-77.9239621,39.6055079],[-77.9246106,39.6063279],[-77.9252591,39.6069684],[-77.9256887,39.6075908],[-77.9261349,39.6082067],[-77.9265727,39.6089413],[-77.9270882,39.6101711],[-77.9274041,39.611324],[-77.9277201,39.6123489],[-77.9282236,39.6133293],[-77.9284684,39.6137708],[-77.9292166,39.6144241],[-77.9313617,39.6164223],[-77.9325922,39.6173958],[-77.9332622,39.617883],[-77.9346541,39.618459],[-77.9357516,39.6188305],[-77.9363835,39.6189329],[-77.9374005,39.6190162],[-77.9388445,39.619061],[-77.9398255,39.6190226],[-77.9410671,39.6189054],[-77.94222,39.6185615],[-77.9432757,39.6180077],[-77.943966,39.6175367],[-77.9446311,39.6166785],[-77.9447974,39.6160253],[-77.9447808,39.6154488],[-77.9443983,39.6149108],[-77.9440676,39.6145371],[-77.9435669,39.6141294],[-77.9430182,39.6138732],[-77.9427854,39.6136683],[-77.9422533,39.6136427],[-77.9407734,39.613553],[-77.9400786,39.6134294],[-77.9395211,39.6132819],[-77.9388611,39.6128741],[-77.938462,39.612541],[-77.9380463,39.6121439],[-77.9376472,39.6115418],[-77.9368159,39.6107514],[-77.9363336,39.6101071],[-77.935735,39.609095],[-77.9354024,39.6079677],[-77.9353192,39.6069812],[-77.9352679,39.605944],[-77.9353359,39.6042908],[-77.9354993,39.6026091],[-77.9357414,39.600195],[-77.9358347,39.5981154],[-77.9359511,39.5969366],[-77.9362006,39.5957578],[-77.9364666,39.5936436],[-77.9367327,39.592721],[-77.9369156,39.5915037],[-77.9371317,39.5904786],[-77.9375999,39.5894093],[-77.9382791,39.5880567],[-77.9389276,39.5870699],[-77.940075,39.5860447],[-77.94079,39.5854681],[-77.9415383,39.5850708],[-77.9423825,39.5847074],[-77.9433341,39.5844172],[-77.9443152,39.5844044],[-77.945396,39.584571],[-77.9462108,39.584712],[-77.9469893,39.5849652],[-77.9479402,39.5854681],[-77.9486219,39.5858782],[-77.9492372,39.5864676],[-77.9498026,39.5870187],[-77.9502848,39.5878773],[-77.95084,39.5889235],[-77.951216,39.5901326],[-77.9513157,39.5907092],[-77.951615,39.5915037],[-77.951931,39.5927338],[-77.9520884,39.5937724],[-77.9522137,39.5948481],[-77.952179,39.5958196],[-77.9521305,39.5965522],[-77.9520359,39.5969264],[-77.952018,39.5975238],[-77.9519809,39.5980641],[-77.9516982,39.5987304],[-77.9509499,39.6008829],[-77.9506173,39.6020103],[-77.9504141,39.6027761],[-77.9504677,39.6037015],[-77.9507504,39.6045343],[-77.9511328,39.6052901],[-77.9514238,39.6057552],[-77.9523301,39.6065072],[-77.9532347,39.6070274],[-77.9539929,39.6075065],[-77.9547578,39.6078652],[-77.9553065,39.608083],[-77.9560474,39.6082235],[-77.9569361,39.608352],[-77.9576179,39.6085313],[-77.9585657,39.6087363],[-77.95958,39.6088132],[-77.9605932,39.6088336],[-77.9625399,39.6085313],[-77.964236,39.608083],[-77.9658808,39.6074668],[-77.9672956,39.6069428],[-77.9685095,39.6062638],[-77.9691987,39.6058744],[-77.9696568,39.6056104],[-77.9697949,39.6053409],[-77.9699671,39.6047838],[-77.9702721,39.6043293],[-77.9712199,39.6034453],[-77.9720014,39.6027662],[-77.972467,39.6022666],[-77.9728495,39.6016772],[-77.9732153,39.6012032],[-77.9738173,39.600866],[-77.9747617,39.6002935],[-77.9756597,39.5999604],[-77.9766029,39.5996928],[-77.9772726,39.5995376],[-77.9781207,39.5994991],[-77.9806814,39.5994863],[-77.9821613,39.5994351],[-77.9829928,39.5994479],[-77.9839073,39.5993198],[-77.9845489,39.5992406],[-77.9851545,39.5992045],[-77.9860856,39.5993198],[-77.987233,39.5995248],[-77.987948,39.5996785],[-77.988979,39.599781],[-77.9895942,39.5998579],[-77.9904755,39.5998963],[-77.9913871,39.5999762],[-77.9921882,39.6001398],[-77.9932192,39.6002551],[-77.9943499,39.6003319],[-77.9951647,39.6004216],[-77.9967943,39.6003704],[-77.9972266,39.6004729],[-77.9976091,39.6006394],[-77.9979749,39.6007035],[-77.9985403,39.6007291],[-77.9990558,39.600806],[-77.9996544,39.6009213],[-78.0001366,39.6008188],[-78.0012507,39.6006266],[-78.0019143,39.6005521],[-78.0026807,39.6005241],[-78.0035288,39.6006523],[-78.0046429,39.6008957],[-78.0057322,39.6011375],[-78.0064846,39.601337],[-78.0068378,39.6016004],[-78.0072868,39.6019463],[-78.0081182,39.6022153],[-78.0090162,39.6024716],[-78.0097356,39.6027649],[-78.0104296,39.6032147],[-78.0111435,39.6038268],[-78.0118097,39.6047777],[-78.0123917,39.605572],[-78.0129571,39.606456],[-78.0146864,39.6091206],[-78.0151188,39.6099277],[-78.0160832,39.6111575],[-78.0163991,39.6118108],[-78.0167151,39.6123745],[-78.0172306,39.6129125],[-78.0178957,39.6137067],[-78.0184112,39.6145778],[-78.0191262,39.6155129],[-78.019808,39.6163583],[-78.0204066,39.6169347],[-78.0208389,39.6175496],[-78.0213211,39.6183309],[-78.0215539,39.6189457],[-78.0220482,39.619541],[-78.0223081,39.62013],[-78.0227412,39.620669],[-78.0233909,39.6212977],[-78.0234908,39.6215415],[-78.0235242,39.6216955],[-78.0237241,39.6218751],[-78.0241905,39.6221318],[-78.0246403,39.6225296],[-78.0248902,39.6230043],[-78.0253233,39.6235176],[-78.0257231,39.6238255],[-78.0263728,39.6242233],[-78.0269892,39.6247109],[-78.0272057,39.6249034],[-78.0275887,39.6252985],[-78.0278587,39.625539],[-78.0280584,39.62572],[-78.0283401,39.6259292],[-78.0285562,39.6260732],[-78.0286927,39.6262377],[-78.0289075,39.6264363],[-78.0291943,39.6266815],[-78.0294091,39.6269073],[-78.0296833,39.6271545],[-78.0298577,39.627355],[-78.0300649,39.6275554],[-78.0302898,39.627753],[-78.0304844,39.6279467],[-78.0306272,39.6281111],[-78.0306777,39.6282289],[-78.0307384,39.6283972],[-78.0307194,39.6285277],[-78.0307687,39.6286386],[-78.0309494,39.6288508],[-78.0310302,39.6289276],[-78.0310328,39.6289656],[-78.0310682,39.6289967],[-78.0311225,39.6290249],[-78.0311857,39.6290853],[-78.0313739,39.6292935],[-78.0315407,39.6293792],[-78.0316418,39.6294132],[-78.0317201,39.6294921],[-78.0317492,39.6295865],[-78.0317265,39.6296419],[-78.0316961,39.6297101],[-78.0317075,39.6297597],[-78.0317479,39.6298161],[-78.0318389,39.6299115],[-78.0319766,39.6300701],[-78.0321144,39.6302336],[-78.0322357,39.630328],[-78.0323456,39.6304244],[-78.0324555,39.6305003],[-78.0325882,39.6306005],[-78.0327285,39.630729],[-78.0327942,39.6308496],[-78.03287,39.6309265],[-78.0329925,39.6310783],[-78.0331151,39.6312155],[-78.0332541,39.6314335],[-78.0334221,39.6316262],[-78.0336155,39.6317868],[-78.0337292,39.6319318],[-78.033853,39.6321128],[-78.033944,39.6322617],[-78.0340299,39.6324057],[-78.0342018,39.6325993],[-78.0343281,39.6327832],[-78.0345315,39.6330236],[-78.0347527,39.6333389],[-78.0349422,39.6336007],[-78.0351595,39.6338673],[-78.0353806,39.6342108],[-78.0355702,39.6344813],[-78.0357344,39.6348229],[-78.0359707,39.6351099],[-78.0361388,39.6352861],[-78.036303,39.6355653],[-78.0363207,39.6356617],[-78.0363776,39.6357668],[-78.0364951,39.6358359],[-78.0366177,39.635868],[-78.0367175,39.6359205],[-78.0368186,39.6360081],[-78.0369702,39.6361151],[-78.0370384,39.6362017],[-78.0370549,39.6362796],[-78.0371016,39.6363856],[-78.0372115,39.6364713],[-78.0372671,39.6365472],[-78.0373568,39.6366805],[-78.0374781,39.6368119],[-78.0376639,39.6369442],[-78.0378054,39.6370318],[-78.0379987,39.6371281],[-78.0381832,39.6372634],[-78.0383487,39.6374006],[-78.0384915,39.6375066],[-78.0386949,39.6376088],[-78.0388276,39.6376769],[-78.0389186,39.6377616],[-78.0389944,39.637852],[-78.0391587,39.6379552],[-78.0393305,39.638069],[-78.0395175,39.6381722],[-78.0397045,39.6382753],[-78.0399294,39.638397],[-78.0400747,39.638503],[-78.0402782,39.6386402],[-78.0406332,39.6388484],[-78.0409895,39.6390596],[-78.0412802,39.639224],[-78.0415291,39.6393729],[-78.0418033,39.6395432],[-78.0420421,39.6396882],[-78.0423934,39.6399305],[-78.0427345,39.6401718],[-78.0431287,39.6404335],[-78.0435583,39.6407118],[-78.0437896,39.6408665],[-78.0440448,39.6410368],[-78.0442975,39.6411915],[-78.0443999,39.6412761],[-78.0444959,39.6413705],[-78.0446387,39.6414162],[-78.0447992,39.6414717],[-78.0449306,39.6415213],[-78.0450203,39.6415612],[-78.0451845,39.6416011],[-78.0453602,39.6416702],[-78.0455611,39.6417762],[-78.0456862,39.6418152],[-78.0458567,39.6419057],[-78.046021,39.6419893],[-78.0461929,39.6420526],[-78.0463167,39.6421246],[-78.0463963,39.6422014],[-78.0464557,39.6422715],[-78.0465365,39.6423377],[-78.0466856,39.6424175],[-78.0468221,39.6424642],[-78.0469093,39.6424982],[-78.0470306,39.6425566],[-78.0472037,39.6426879],[-78.0474172,39.6428222],[-78.0475676,39.6429341],[-78.0477495,39.6430791],[-78.0479403,39.6432445],[-78.0481185,39.6433982],[-78.0483068,39.6435344],[-78.0484698,39.6436833],[-78.0485999,39.6437893],[-78.0487528,39.6439431],[-78.0488691,39.64409],[-78.0490118,39.6442058],[-78.0491445,39.6443079],[-78.0492898,39.6444334],[-78.0494162,39.644559],[-78.0495615,39.6447409],[-78.0497017,39.6448975],[-78.0498647,39.6450474],[-78.0500189,39.6452274],[-78.0501692,39.645421],[-78.0504384,39.6457246],[-78.0506431,39.6460291],[-78.0508149,39.6462042],[-78.0510322,39.6464523],[-78.0512155,39.646679],[-78.0513684,39.6469086],[-78.0515415,39.6471042],[-78.0517032,39.6473698],[-78.0517967,39.6475498],[-78.0519875,39.647827],[-78.0521442,39.6480605],[-78.052311,39.6483582],[-78.052522,39.6486978],[-78.0526913,39.6489828],[-78.0528341,39.6492523],[-78.052992,39.6494839],[-78.0531247,39.6496717],[-78.0533231,39.6499343],[-78.0535038,39.6501532],[-78.0537261,39.6504052],[-78.0539877,39.6506465],[-78.0541456,39.650844],[-78.0542745,39.6509656],[-78.0544767,39.6511592],[-78.0546978,39.6513343],[-78.0548419,39.6514452],[-78.0550908,39.651632],[-78.0553346,39.6518022],[-78.0555419,39.6519452],[-78.055854,39.6521145],[-78.0561762,39.6523402],[-78.0564996,39.6525377],[-78.0568762,39.6527566],[-78.0572148,39.6529405],[-78.0576153,39.6531311],[-78.0580374,39.6533335],[-78.058376,39.6535057],[-78.0588145,39.6537469],[-78.0591152,39.653961],[-78.0593843,39.6541604],[-78.0595688,39.6543306],[-78.0597811,39.6545641],[-78.0599428,39.6547499],[-78.0601336,39.6549134],[-78.0603838,39.6551069],[-78.0606327,39.6552655],[-78.0608576,39.6554027],[-78.0611432,39.6555768],[-78.0614389,39.655749],[-78.0616789,39.6559202],[-78.0618773,39.6560856],[-78.0621224,39.6562519],[-78.0623991,39.6564076],[-78.0626746,39.6565836],[-78.0629096,39.6567714],[-78.0632596,39.6569815],[-78.0635641,39.657214],[-78.0638472,39.6574416],[-78.0640759,39.6576498],[-78.0643488,39.6579115],[-78.0645447,39.6581109],[-78.0646243,39.6582121],[-78.0647291,39.6582802],[-78.0649161,39.6584446],[-78.0651638,39.6587374],[-78.0652105,39.658858],[-78.0652712,39.6589776],[-78.0653887,39.6590457],[-78.0655656,39.6591644],[-78.0657059,39.6592996],[-78.0658777,39.6594903],[-78.066047,39.6596498],[-78.0662429,39.6598122],[-78.0663604,39.6598949],[-78.0665651,39.6600885],[-78.0666649,39.6601809],[-78.0669075,39.6603784],[-78.0670136,39.6604358],[-78.0671943,39.6605729],[-78.0672992,39.6606731],[-78.0673674,39.6607159],[-78.0675115,39.6607393],[-78.0676189,39.6607509],[-78.06772,39.6607996],[-78.0678387,39.6609153],[-78.0679916,39.6610846],[-78.0681167,39.6612237],[-78.0682848,39.6613589],[-78.0685173,39.6615709],[-78.0685943,39.6616857],[-78.0687106,39.6618248],[-78.0689001,39.6620369],[-78.0690694,39.6622217],[-78.0691996,39.6623199],[-78.0693221,39.662461],[-78.0694915,39.6626195],[-78.069633,39.6627129],[-78.0697808,39.6628452],[-78.0699388,39.6629609],[-78.070199,39.6631428],[-78.0704429,39.6633568],[-78.0705958,39.6635144],[-78.0707474,39.6636671],[-78.0709269,39.6638052],[-78.0710911,39.6639317],[-78.0713009,39.6641077],[-78.0715662,39.6643324],[-78.0718341,39.6645309],[-78.0721083,39.6647478],[-78.0723281,39.6649053],[-78.0725063,39.665059],[-78.0727603,39.6652331],[-78.0730534,39.665451],[-78.0733617,39.6657311],[-78.0736713,39.665984],[-78.0739619,39.6662379],[-78.0742159,39.6664966],[-78.0744597,39.6666814],[-78.0746202,39.6668633],[-78.074744,39.666982],[-78.0749096,39.6671308],[-78.0751004,39.6673088],[-78.0753139,39.6674741],[-78.0755653,39.6676609],[-78.0756705,39.6677513],[-78.0757511,39.6678077],[-78.0758059,39.6678429],[-78.0759416,39.6679302],[-78.0759886,39.6679604],[-78.0760465,39.6680052],[-78.0760641,39.6680188],[-78.0761753,39.6681049],[-78.0762085,39.6681306],[-78.076339,39.6682146],[-78.0764776,39.6683038],[-78.0768188,39.6685333],[-78.0771877,39.6687871],[-78.0774493,39.6689729],[-78.0776704,39.6690867],[-78.0778322,39.6691635],[-78.0780419,39.6693026],[-78.0783831,39.6694612],[-78.0787621,39.6696839],[-78.0791058,39.669858],[-78.0795417,39.6700379],[-78.0798475,39.6701819],[-78.0801533,39.6703083],[-78.0804047,39.670427],[-78.0807547,39.6705806],[-78.0809658,39.6706312],[-78.0811616,39.670711],[-78.0814611,39.6709103],[-78.0818755,39.6710825],[-78.0823873,39.6712721],[-78.082779,39.6714346],[-78.082942,39.6715094],[-78.0831037,39.6715386],[-78.0832686,39.6715249],[-78.0833261,39.6715201],[-78.0834663,39.6714676],[-78.0836483,39.6713704],[-78.0838795,39.6712313],[-78.0840248,39.6711311],[-78.0841474,39.6709823],[-78.0843587,39.6710381],[-78.0845378,39.6710854],[-78.0847109,39.6711146],[-78.0849257,39.6711029],[-78.0852656,39.6711068],[-78.0855992,39.6711622],[-78.085833,39.6712128],[-78.0861754,39.6712741],[-78.0867099,39.6713334],[-78.0869853,39.6713548],[-78.0872658,39.6713674],[-78.0874048,39.6712935],[-78.0874857,39.6711729],[-78.0875375,39.6711097],[-78.0876373,39.6710835],[-78.0878054,39.6710942],[-78.0881516,39.6711262],[-78.088355,39.671172],[-78.0886014,39.6711856],[-78.0888225,39.671242],[-78.0889956,39.6713091],[-78.0892117,39.6713888],[-78.0894657,39.6714725],[-78.089707,39.6716155],[-78.0899142,39.6717166],[-78.0901947,39.671881],[-78.0904715,39.6720521],[-78.0906863,39.6722291],[-78.0909187,39.6724237],[-78.0911816,39.6726435],[-78.0914027,39.672836],[-78.0917375,39.6731404],[-78.0920724,39.673439],[-78.0923592,39.6736792],[-78.0927357,39.6740459],[-78.0931211,39.6743532],[-78.0934016,39.6746012],[-78.093696,39.6748706],[-78.0939917,39.6751721],[-78.0941964,39.6753899],[-78.0944946,39.675704],[-78.0948181,39.6760755],[-78.095096,39.6763809],[-78.0953955,39.6767116],[-78.0956659,39.6770529],[-78.0959275,39.6773233],[-78.0961991,39.6775722],[-78.0964771,39.6778192],[-78.0968309,39.6781275],[-78.0971796,39.6783483],[-78.0975322,39.6785418],[-78.0978632,39.6786838],[-78.0983004,39.6789142],[-78.0987085,39.679098],[-78.0991078,39.6792779],[-78.09943,39.679453],[-78.0998078,39.6796621],[-78.1002172,39.6798031],[-78.1006102,39.6799596],[-78.1008679,39.6800666],[-78.1013178,39.6802718],[-78.1015907,39.6803836],[-78.1019104,39.6805276],[-78.1022098,39.6806306],[-78.1027355,39.6807989],[-78.1032207,39.6809622],[-78.1036996,39.6811577],[-78.1041835,39.6813211],[-78.1045853,39.6814485],[-78.1050212,39.6815768],[-78.105303,39.6816352],[-78.1055557,39.6816478],[-78.1059146,39.6816925],[-78.1061913,39.6817937],[-78.1065729,39.6819055],[-78.1069166,39.6819697],[-78.1073537,39.6820689],[-78.1076949,39.6821311],[-78.1080285,39.6821681],[-78.1083115,39.6822313],[-78.1086426,39.6822536],[-78.1089003,39.6823275],[-78.1091606,39.6823732],[-78.1094424,39.6824044],[-78.1096029,39.6824063],[-78.1098619,39.6824219],[-78.1101007,39.6824374],[-78.110433,39.6824812],[-78.110855,39.6825347],[-78.1112783,39.6825969],[-78.1118217,39.6827184],[-78.1123776,39.6828721],[-78.1127744,39.6829995],[-78.1134011,39.683159],[-78.11388,39.6832873],[-78.114398,39.6834215],[-78.1148314,39.6835742],[-78.1151334,39.6836481],[-78.1156136,39.683757],[-78.1161354,39.6838562],[-78.1166724,39.6839806],[-78.1172284,39.6841002],[-78.117639,39.6842072],[-78.1182847,39.6843881],[-78.1189304,39.6845281],[-78.1195698,39.6846963],[-78.12018,39.684847],[-78.1206337,39.6849384],[-78.121292,39.6851057],[-78.1218543,39.6852593],[-78.122227,39.6853605],[-78.1226212,39.6854392],[-78.1232492,39.6855802],[-78.1237003,39.6856493],[-78.1242019,39.6857348],[-78.1245797,39.6858],[-78.124931,39.6859011],[-78.12519,39.6859497],[-78.1254933,39.6859701],[-78.1258976,39.6860246],[-78.1261604,39.6860168],[-78.1264245,39.6860285],[-78.1267631,39.6860508],[-78.1270171,39.6860771],[-78.1271965,39.6860965],[-78.127678,39.6861578],[-78.1281695,39.6862346],[-78.1287608,39.6863698],[-78.1294052,39.6865108],[-78.1298449,39.6866041],[-78.1302101,39.6866741],[-78.1305298,39.6867276],[-78.130804,39.686751],[-78.1309417,39.6867257],[-78.1309923,39.6866683],[-78.1310289,39.6866002],[-78.1311186,39.6865137],[-78.1312374,39.6864923],[-78.1314888,39.6865273],[-78.1316986,39.6865856],[-78.1319387,39.6866907],[-78.1322368,39.6868462],[-78.1325881,39.686997],[-78.1330746,39.6871778],[-78.1336305,39.6873431],[-78.134069,39.6875201],[-78.1342825,39.6876387],[-78.1345441,39.6878235],[-78.1348233,39.6880043],[-78.1351455,39.6881648],[-78.1354551,39.6882892],[-78.1358632,39.6884302],[-78.1364836,39.6886636],[-78.1370712,39.6889193],[-78.1373896,39.6890535],[-78.1377472,39.6891419],[-78.1380239,39.6892149],[-78.138403,39.6893432],[-78.1387934,39.6894278],[-78.1391674,39.6894959],[-78.1395869,39.6896398],[-78.13987,39.6897156],[-78.1401745,39.689739],[-78.1404651,39.6897428],[-78.1408846,39.6897438],[-78.1410943,39.6897827],[-78.1414178,39.6898712],[-78.1420016,39.6899723],[-78.1423819,39.6900375],[-78.1426851,39.6900783],[-78.1432133,39.6901162],[-78.1436265,39.6901532],[-78.1441344,39.6902455],[-78.1445489,39.6902747],[-78.14489,39.6903116],[-78.1454207,39.6903379],[-78.1460424,39.6904099],[-78.1466615,39.6904886],[-78.1472175,39.6905489],[-78.1476977,39.6905538],[-78.1480135,39.6905314],[-78.148385,39.6904692],[-78.1488209,39.690439],[-78.1492392,39.6904468],[-78.1498103,39.6904478],[-78.1505343,39.6904342],[-78.1507605,39.6903953],[-78.1509538,39.6903525],[-78.1512369,39.6903068],[-78.1514769,39.6902747],[-78.1518939,39.6902698],[-78.1523235,39.6902601],[-78.1527784,39.6902961],[-78.1531625,39.6903204],[-78.1535327,39.6903748],[-78.1541102,39.6904653],[-78.154704,39.6905674],[-78.1552549,39.6907084],[-78.155605,39.6908396],[-78.1558956,39.6909699],[-78.1562064,39.6911663],[-78.1564023,39.6913316],[-78.1565602,39.6914755],[-78.1566828,39.6915844],[-78.1567687,39.6916408],[-78.1569254,39.6917254],[-78.1570125,39.6918284],[-78.1571351,39.6919636],[-78.1573474,39.6921561],[-78.1574813,39.6922504],[-78.1577239,39.6923311],[-78.1581093,39.6924546],[-78.1584201,39.6925324],[-78.158731,39.6925732],[-78.1590178,39.6926646],[-78.1593817,39.6927959],[-78.1597582,39.6929145],[-78.1599857,39.6929281],[-78.1603193,39.6930156],[-78.1606667,39.6931235],[-78.1611785,39.6933296],[-78.1617155,39.6935056],[-78.1620352,39.6936038],[-78.1624938,39.6937701],[-78.1629171,39.6938547],[-78.1633947,39.6939042],[-78.1639368,39.6939772],[-78.1643045,39.6940345],[-78.1648706,39.6941288],[-78.1653836,39.6942144],[-78.165841,39.6942825],[-78.1663628,39.6943738],[-78.1671639,39.6945139],[-78.1678538,39.6946587],[-78.1682771,39.6947384],[-78.1687989,39.6948201],[-78.1693473,39.6948998],[-78.1698515,39.6950155],[-78.1702305,39.695141],[-78.1706614,39.695278],[-78.1710139,39.69535],[-78.1713993,39.6953801],[-78.1716786,39.6954161],[-78.1719667,39.6954832],[-78.172112,39.6954637],[-78.1722421,39.6954093],[-78.1723382,39.6953762],[-78.1724183,39.6953784],[-78.1724797,39.6953801],[-78.1726363,39.6954112],[-78.1730584,39.6954628],[-78.1734134,39.6955143],[-78.1738557,39.6954948],[-78.1742095,39.6955221],[-78.174471,39.6955697],[-78.1746631,39.6956679],[-78.1749158,39.695734],[-78.1752216,39.6957924],[-78.1753871,39.6957836],[-78.1756777,39.6957399],[-78.1760416,39.6956689],[-78.1763967,39.6956417],[-78.1768124,39.6956417],[-78.1770449,39.6956475],[-78.1775339,39.6956767],[-78.1778561,39.695665],[-78.1783906,39.6956504],[-78.1788581,39.6956242],[-78.1794254,39.6955765],[-78.1798348,39.6955026],[-78.1800976,39.6954832],[-78.1801873,39.6955201],[-78.1803731,39.6956212],[-78.1804517,39.6956312],[-78.180563,39.6956002],[-78.1806368,39.6955662],[-78.180846,39.6955197],[-78.1810981,39.6954661],[-78.1813516,39.6954062],[-78.1816211,39.6953257],[-78.1819014,39.6952339],[-78.1821683,39.6951327],[-78.18247,39.6950089],[-78.1826806,39.6948552],[-78.1829005,39.6947097],[-78.1830937,39.6945951],[-78.1832761,39.6944744],[-78.1834517,39.6943227],[-78.1836596,39.694203],[-78.1838246,39.6941153],[-78.18396,39.693977],[-78.1841786,39.6938408],[-78.1843476,39.693782],[-78.1845219,39.6937376],[-78.1846775,39.6936499],[-78.1848666,39.6935302],[-78.1850329,39.6934094],[-78.1851992,39.6932309],[-78.1853816,39.6931267],[-78.1855988,39.6929935],[-78.1858925,39.6928264],[-78.1861165,39.692717],[-78.1862024,39.6926608],[-78.1863861,39.6925405],[-78.1865792,39.6924435],[-78.186783,39.6923125],[-78.1869037,39.6922072],[-78.18707,39.6921215],[-78.1873356,39.6919461],[-78.1875153,39.691846],[-78.1876615,39.6917727],[-78.1878747,39.6916757],[-78.1879753,39.691589],[-78.1880893,39.6914693],[-78.1882529,39.6913145],[-78.1884004,39.6912103],[-78.1885949,39.6911154],[-78.1887531,39.6910493],[-78.1888939,39.6909998],[-78.1890736,39.6909709],[-78.1892265,39.6909152],[-78.189429,39.6908512],[-78.1896061,39.6908182],[-78.1896973,39.6907759],[-78.189767,39.6907243],[-78.1898864,39.6906933],[-78.1900312,39.6906943],[-78.1901626,39.6907119],[-78.1903236,39.6907789],[-78.1903799,39.6907986],[-78.1904671,39.6907903],[-78.1904979,39.6907774],[-78.1907026,39.6905625],[-78.1909389,39.6903398],[-78.1911347,39.6901279],[-78.191371,39.6898342],[-78.191625,39.6895377],[-78.1919434,39.6892285],[-78.1922176,39.6889028],[-78.1924968,39.6885391],[-78.1926699,39.6882805],[-78.1928633,39.6879644],[-78.1930199,39.6876494],[-78.1932461,39.6874267],[-78.1935178,39.6870495],[-78.1937907,39.6866401],[-78.194123,39.6862142],[-78.1943075,39.6859721],[-78.1944579,39.6857232],[-78.1945931,39.6854898],[-78.1948167,39.6851689],[-78.1950454,39.6849073],[-78.1952868,39.6846039],[-78.1954674,39.6843288],[-78.195499,39.6841683],[-78.1955685,39.6839437],[-78.1956494,39.6836948],[-78.1957214,39.6834079],[-78.1958478,39.6831113],[-78.196012,39.6828167],[-78.1963684,39.6823791],[-78.1966577,39.6820465],[-78.1969546,39.6818073],[-78.197268,39.6815739],[-78.1975333,39.6812763],[-78.1978492,39.6810264],[-78.198174,39.6807366],[-78.1985543,39.6803943],[-78.19885,39.6800773],[-78.1990724,39.679805],[-78.1993983,39.679522],[-78.1996422,39.6792468],[-78.1999606,39.678853],[-78.2002702,39.6785058],[-78.2005267,39.6782257],[-78.2008438,39.6778659],[-78.2011522,39.677545],[-78.2014756,39.6772571],[-78.2017511,39.6770714],[-78.2020265,39.6768798],[-78.2023197,39.6767602],[-78.2026558,39.6766348],[-78.2029249,39.676521],[-78.2032661,39.6764208],[-78.2036995,39.6763138],[-78.2041531,39.6762049],[-78.2046257,39.6761047],[-78.2050666,39.6760415],[-78.2054647,39.675988],[-78.2057679,39.6759657],[-78.2060813,39.6759579],[-78.2065273,39.6759501],[-78.2070744,39.6759647],[-78.2076266,39.6759948],[-78.208065,39.6760114],[-78.2085869,39.6760104],[-78.208966,39.6760182],[-78.2094423,39.6759861],[-78.2099414,39.6759725],[-78.2105707,39.6759569],[-78.2111292,39.6760104],[-78.2116674,39.6760746],[-78.2120793,39.6760707],[-78.2126846,39.6761057],[-78.2133366,39.6761154],[-78.2139949,39.6761378],[-78.2146203,39.6761271],[-78.215314,39.6760522],[-78.2158157,39.675991],[-78.216129,39.6759569],[-78.2164247,39.6759277],[-78.2166964,39.6758363],[-78.2170034,39.6757877],[-78.2173711,39.6757653],[-78.2176706,39.6757624],[-78.218157,39.6757614],[-78.218531,39.6757702],[-78.2190706,39.6757634],[-78.2196467,39.675777],[-78.2201282,39.6757858],[-78.2205969,39.6758013],[-78.2210872,39.6757653],[-78.221508,39.6757537],[-78.2220285,39.6757751],[-78.2225352,39.6757848],[-78.2230962,39.6758159],[-78.2235587,39.6758354],[-78.2241652,39.6758869],[-78.2247982,39.6759102],[-78.2253378,39.6759355],[-78.2256928,39.6760124],[-78.2261389,39.676096],[-78.2265596,39.6761368],[-78.2270663,39.6762117],[-78.2272912,39.6762146],[-78.2275237,39.676167],[-78.22799,39.676096],[-78.2284069,39.6759696],[-78.228853,39.6758081],[-78.2291903,39.6756409],[-78.2295441,39.6754629],[-78.2299763,39.6752587],[-78.2305348,39.675068],[-78.230747,39.6749212],[-78.2310174,39.6747743],[-78.2312499,39.6746109],[-78.2315469,39.6744087],[-78.2318628,39.6741957],[-78.2321925,39.6739506],[-78.2324351,39.6737648],[-78.232631,39.673616],[-78.2327106,39.6734595],[-78.2328041,39.6732863],[-78.2329469,39.6731288],[-78.2329974,39.6729664],[-78.2331036,39.6728244],[-78.2332489,39.6726124],[-78.233312,39.6724081],[-78.2333474,39.67213],[-78.2333904,39.6717886],[-78.2333803,39.6715017],[-78.2333108,39.671243],[-78.233187,39.6709609],[-78.2329406,39.6706108],[-78.2326537,39.6702373],[-78.2323947,39.6699397],[-78.2320447,39.6695507],[-78.2317718,39.6693941],[-78.231466,39.6691986],[-78.2313068,39.669008],[-78.2310086,39.6687658],[-78.2290242,39.6668715],[-78.2279841,39.6660573],[-78.2276507,39.6657493],[-78.2270839,39.6651077],[-78.2266672,39.6646457],[-78.2263838,39.6645815],[-78.225567,39.6643121],[-78.2249002,39.6638886],[-78.2242802,39.6633695],[-78.2237806,39.6627867],[-78.2235166,39.662169],[-78.2235303,39.6614178],[-78.2235832,39.6608857],[-78.22395,39.6603339],[-78.2246082,39.659494],[-78.2254503,39.6585115],[-78.2262504,39.6576388],[-78.2268672,39.6572281],[-78.2275936,39.6567703],[-78.2285176,39.6562784],[-78.2292344,39.6559832],[-78.230468,39.6554699],[-78.2313348,39.655149],[-78.2322016,39.6548923],[-78.2327851,39.6545971],[-78.2337686,39.6540324],[-78.2347521,39.6535832],[-78.2359024,39.6529287],[-78.237186,39.6522998],[-78.2377089,39.6523249],[-78.2386529,39.6515553],[-78.2392197,39.6509264],[-78.2394266,39.650554],[-78.2398365,39.6500665],[-78.2403533,39.6496301],[-78.2411384,39.6490786],[-78.242387,39.6482439],[-78.2435539,39.6472427],[-78.2447875,39.6461645],[-78.2457377,39.6453558],[-78.246922,39.6444243],[-78.2479215,39.6437256],[-78.249055,39.6430324],[-78.2498385,39.6426473],[-78.2510221,39.6420569],[-78.2520223,39.6414664],[-78.2524224,39.6410941],[-78.2526057,39.6409786],[-78.2530058,39.640863],[-78.2536936,39.6404869],[-78.2542061,39.6400286],[-78.2546728,39.6394253],[-78.2548062,39.6389888],[-78.2556063,39.6380389],[-78.2572733,39.635972],[-78.2583736,39.6344186],[-78.2597738,39.6328524],[-78.2602239,39.6323517],[-78.2610574,39.6316712],[-78.2615575,39.6313374],[-78.2620243,39.6309009],[-78.2624057,39.6304512],[-78.2628078,39.629617],[-78.2627744,39.6289622],[-78.2629078,39.6283203],[-78.2630412,39.6273702],[-78.2630773,39.626417],[-78.2630578,39.6252773],[-78.2629245,39.624019],[-78.2628578,39.622979],[-78.2629078,39.6223498],[-78.2631209,39.6219575],[-78.2634912,39.6215922],[-78.2639413,39.6209758],[-78.264058,39.620565],[-78.2643247,39.6200256],[-78.2644748,39.6197175],[-78.2649713,39.6194666],[-78.2652916,39.6192552],[-78.2659584,39.6190241],[-78.2663329,39.6189079],[-78.2665752,39.6188571],[-78.2670086,39.6189855],[-78.2675587,39.6191396],[-78.2684422,39.6192552],[-78.2700718,39.6194751],[-78.2717929,39.6197431],[-78.272093,39.619756],[-78.2723097,39.6197046],[-78.2724931,39.6196276],[-78.2728931,39.6197046],[-78.2744268,39.62],[-78.2749269,39.620077],[-78.275677,39.620154],[-78.2784109,39.6202183],[-78.2796945,39.6203338],[-78.2810948,39.6204622],[-78.2825222,39.620547],[-78.283007,39.620703],[-78.283326,39.620785],[-78.283355,39.620774],[-78.285562,39.621137],[-78.28603,39.621192],[-78.28652,39.621335],[-78.287017,39.62144],[-78.287691,39.621692],[-78.287904,39.621703],[-78.288046,39.621786],[-78.287932,39.621934],[-78.287932,39.622033],[-78.287975,39.622066],[-78.288564,39.62234],[-78.289458,39.622615],[-78.289515,39.622648],[-78.289536,39.622725],[-78.289607,39.622796],[-78.28982,39.622906],[-78.290054,39.622983],[-78.290324,39.62301],[-78.290501,39.622999],[-78.290785,39.622906],[-78.291147,39.623049],[-78.292212,39.623395],[-78.292325,39.623455],[-78.29246,39.623615],[-78.292673,39.623686],[-78.2930639,39.6239933],[-78.2938807,39.6243785],[-78.2947975,39.6246995],[-78.2965979,39.6252645],[-78.2970647,39.6255084],[-78.2973147,39.6257139],[-78.2976981,39.6259835],[-78.2981982,39.6261247],[-78.3009988,39.626985],[-78.3029658,39.6276269],[-78.3046162,39.6282946],[-78.3054663,39.6285385],[-78.3061498,39.6289109],[-78.30705,39.6293859],[-78.3074167,39.6294629],[-78.3079853,39.6297216],[-78.3089504,39.630015],[-78.3097339,39.6302975],[-78.3104673,39.6304387],[-78.3110008,39.6306441],[-78.3114675,39.6306826],[-78.3120677,39.6308239],[-78.3125496,39.6309882],[-78.3134679,39.6311192],[-78.3142014,39.6310293],[-78.3150516,39.6310935],[-78.3160351,39.631453],[-78.3182022,39.632249],[-78.3193025,39.6326084],[-78.3199192,39.6328138],[-78.3203027,39.633122],[-78.3211195,39.6334429],[-78.321803,39.6335841],[-78.3226619,39.633594],[-78.3237033,39.6339051],[-78.3245202,39.6340078],[-78.3250536,39.6341619],[-78.3257537,39.6342389],[-78.3262372,39.6344957],[-78.3266539,39.634624],[-78.3279208,39.6348808],[-78.3294545,39.6352274],[-78.3308881,39.6356382],[-78.331934,39.636054],[-78.3331052,39.6364342],[-78.3339725,39.6367733],[-78.3347311,39.6373211],[-78.3349192,39.6373881],[-78.3353362,39.6375359],[-78.3358708,39.6376366],[-78.3361858,39.6376025],[-78.3366814,39.6377342],[-78.3374129,39.6378174],[-78.3382413,39.637808],[-78.3391303,39.6378742],[-78.3397428,39.6379283],[-78.340695,39.6382072],[-78.3412902,39.6383835],[-78.3417262,39.6384853],[-78.3424974,39.6385833],[-78.3431895,39.638667],[-78.3441176,39.6387174],[-78.3446902,39.6387414],[-78.3460752,39.6389544],[-78.3468893,39.6392349],[-78.3490912,39.6398657],[-78.3508956,39.6403484],[-78.3515877,39.6404319],[-78.3521789,39.6403947],[-78.3524953,39.6404368],[-78.3548866,39.6406534],[-78.3555583,39.6407067],[-78.3561202,39.6406252],[-78.3561289,39.6406239],[-78.3567368,39.6404339],[-78.357461,39.6401358],[-78.3581042,39.6397318],[-78.3584722,39.6393768],[-78.3588388,39.6389455],[-78.3590846,39.6383936],[-78.3592495,39.6377358],[-78.3592201,39.6372328],[-78.3590505,39.6366246],[-78.3588033,39.6360784],[-78.3585007,39.6357311],[-78.3581216,39.6355066],[-78.3577633,39.635343],[-78.3574251,39.6351943],[-78.3570077,39.6350314],[-78.3566274,39.6347459],[-78.3561047,39.6342334],[-78.35528,39.6334039],[-78.3547364,39.6328306],[-78.3541902,39.63212],[-78.3536837,39.6314242],[-78.353375,39.6307566],[-78.3532621,39.6300105],[-78.3532875,39.6292781],[-78.3533552,39.6286977],[-78.3535825,39.628207],[-78.3538934,39.6279594],[-78.3541248,39.6276822],[-78.3543149,39.627314],[-78.3545437,39.6268995],[-78.3547948,39.6266221],[-78.3555957,39.6262163],[-78.3563786,39.6259023],[-78.3573793,39.6256315],[-78.3583818,39.6254522],[-78.3593283,39.6254413],[-78.3607331,39.6256691],[-78.3622212,39.6261248],[-78.3635919,39.6266276],[-78.3650841,39.6272967],[-78.3656222,39.6275803],[-78.3661019,39.6279103],[-78.3668993,39.6283434],[-78.3680175,39.6290473],[-78.3688935,39.6294642],[-78.3698469,39.629804],[-78.3706004,39.6300087],[-78.3715303,39.6301505],[-78.3724592,39.6302464],[-78.3734865,39.630326],[-78.3741782,39.6303942],[-78.374809,39.6303716],[-78.375822,39.6301896],[-78.3768018,39.6299983],[-78.3778773,39.6298304],[-78.3785833,39.6296995],[-78.3798691,39.6294718],[-78.3804685,39.6292931],[-78.3808453,39.6290924],[-78.3812743,39.6288584],[-78.3815439,39.6285854],[-78.3819057,39.6281559],[-78.3821934,39.6277273],[-78.3823355,39.627423],[-78.382425,39.6271358],[-78.38255,39.6270362],[-78.3826088,39.6267983],[-78.3827067,39.6263964],[-78.3827139,39.6262246],[-78.3827099,39.6260202],[-78.3827576,39.625758],[-78.3828782,39.6254376],[-78.383041,39.6251086],[-78.383267,39.6247706],[-78.3833692,39.6245895],[-78.3834287,39.6243844],[-78.383475,39.6240486],[-78.3834687,39.6237297],[-78.3833678,39.6234365],[-78.3831906,39.6230296],[-78.3830147,39.6226882],[-78.3826785,39.6222587],[-78.3824743,39.6220894],[-78.3823564,39.622009],[-78.3821919,39.6217083],[-78.3820501,39.6214892],[-78.3818124,39.6212303],[-78.3814667,39.6208581],[-78.3813057,39.6207374],[-78.3812181,39.620583],[-78.3810679,39.6204703],[-78.3808612,39.6201783],[-78.3805702,39.6198955],[-78.3803557,39.6197426],[-78.3800543,39.6194681],[-78.3796875,39.6190962],[-78.3793958,39.6187806],[-78.3791051,39.6185142],[-78.3788572,39.6182717],[-78.3785663,39.6179971],[-78.3784276,39.6179333],[-78.3782235,39.6177721],[-78.3780613,39.6175859],[-78.377876,39.6173018],[-78.3777035,39.6171321],[-78.3772209,39.6167861],[-78.3767925,39.6165049],[-78.3766323,39.616425],[-78.3763648,39.6162645],[-78.3761715,39.6161114],[-78.375872,39.615935],[-78.3756577,39.6157903],[-78.3755924,39.6156929],[-78.3753262,39.6155979],[-78.3749929,39.6153155],[-78.3747885,39.615138],[-78.3746276,39.6150172],[-78.374519,39.6148712],[-78.3743801,39.6147993],[-78.3741008,39.6145735],[-78.3738963,39.6143878],[-78.3737426,39.6140952],[-78.3736649,39.613908],[-78.3736946,39.6138013],[-78.3736499,39.6136792],[-78.3735096,39.6135336],[-78.3732322,39.613406],[-78.3730186,39.613294],[-78.3725985,39.6128982],[-78.3723825,39.6126635],[-78.3722085,39.612412],[-78.3720472,39.6122749],[-78.3718656,39.6121789],[-78.3717665,39.6119756],[-78.3718128,39.6116397],[-78.3718489,39.6113204],[-78.3719181,39.6110742],[-78.3720189,39.6108195],[-78.372212,39.6104166],[-78.3724076,39.6101444],[-78.3726238,39.6098475],[-78.372892,39.6095009],[-78.3733083,39.6091608],[-78.3738205,39.6088604],[-78.3742704,39.608618],[-78.3749215,39.6083896],[-78.3754575,39.608228],[-78.3758891,39.608133],[-78.3765539,39.608068],[-78.3771776,39.6080607],[-78.3776017,39.6081212],[-78.3779827,39.6081413],[-78.3781097,39.608148],[-78.3782574,39.6081299],[-78.378437,39.6081278],[-78.3786494,39.6081744],[-78.3788821,39.6081798],[-78.3794013,39.6082392],[-78.3802721,39.6084335],[-78.3807714,39.6085585],[-78.3811223,39.6086607],[-78.3815365,39.608754],[-78.3818853,39.6087499],[-78.382491,39.6089064],[-78.3827772,39.6089439],[-78.3830852,39.6090139],[-78.3835951,39.6091387],[-78.384009,39.6092157],[-78.3846796,39.609445],[-78.3855425,39.6097783],[-78.386311,39.6101455],[-78.3868877,39.6104413],[-78.3873892,39.6106726],[-78.3881991,39.6109983],[-78.3886032,39.6111162],[-78.3890507,39.6112909],[-78.389296,39.6113943],[-78.389594,39.6114971],[-78.3902001,39.6116699],[-78.3907748,39.6118594],[-78.3909883,39.6119632],[-78.3912039,39.6121733],[-78.3914072,39.6122936],[-78.3917269,39.6124206],[-78.3920036,39.6125155],[-78.3922724,39.6127413],[-78.392551,39.6129261],[-78.3928199,39.6131601],[-78.3930652,39.6132635],[-78.3933024,39.6134979],[-78.3936774,39.613747],[-78.3940852,39.6140529],[-78.394536,39.6143911],[-78.3951053,39.6148423],[-78.3955982,39.6151718],[-78.3963487,39.6156945],[-78.3963713,39.6157678],[-78.3964363,39.6158488],[-78.3965759,39.6159535],[-78.3966934,39.6160175],[-78.3967159,39.6160827],[-78.396972,39.6162023],[-78.3981025,39.6166878],[-78.3986777,39.6169018],[-78.4008042,39.6174899],[-78.4026651,39.6180157],[-78.4042294,39.6185123],[-78.4051019,39.6187882],[-78.4060926,39.6191526],[-78.4068909,39.6194129],[-78.4072113,39.6195727],[-78.4081392,39.6199705],[-78.4087893,39.6202244],[-78.4091087,39.6203351],[-78.4093753,39.6204464],[-78.4095558,39.6204852],[-78.4096931,39.6204753],[-78.4098185,39.6204002],[-78.4099135,39.6203909],[-78.4101041,39.620405],[-78.4106902,39.620627],[-78.4117537,39.6209332],[-78.412349,39.6210897],[-78.4128076,39.6212804],[-78.4134569,39.6214935],[-78.4142991,39.621835],[-78.4143645,39.6219324],[-78.4146523,39.6220434],[-78.4149298,39.6221709],[-78.4152165,39.6222329],[-78.416721,39.6229018],[-78.4180217,39.623426],[-78.4185115,39.6235918],[-78.4191912,39.623739],[-78.4201794,39.6239725],[-78.4213582,39.62422],[-78.4218999,39.6243361],[-78.4226426,39.624458],[-78.4235221,39.6245456],[-78.4246005,39.6245325],[-78.4255301,39.6244804],[-78.4266056,39.6243284],[-78.4273849,39.6241636],[-78.4282896,39.6239319],[-78.4288359,39.6237535],[-78.4295491,39.6234587],[-78.4302508,39.623123],[-78.4310364,39.6227537],[-78.4316413,39.6223374],[-78.4321289,39.6218736],[-78.4326065,39.6214343],[-78.4330075,39.6208734],[-78.4331404,39.6206509],[-78.4332722,39.6203713],[-78.4333959,39.6202144],[-78.4334869,39.6200088],[-78.4335128,39.6197223],[-78.4334975,39.6194853],[-78.4335268,39.6193705],[-78.433545,39.6192231],[-78.4335195,39.6190107],[-78.4333938,39.6185461],[-78.4331385,39.6179522],[-78.4331783,39.6178291],[-78.4331312,39.6175925],[-78.4329559,39.617292],[-78.432815,39.617122],[-78.4327043,39.616878],[-78.4325631,39.6166916],[-78.4323721,39.6161378],[-78.4321963,39.6158128],[-78.4319797,39.6155619],[-78.4319226,39.61535],[-78.431762,39.6152538],[-78.4316949,39.6150747],[-78.4316389,39.61492],[-78.4315002,39.6148563],[-78.4313719,39.6147842],[-78.431262,39.6145811],[-78.4311837,39.6143694],[-78.431,39.6141754],[-78.4308292,39.6140957],[-78.4303317,39.6135456],[-78.4300702,39.6131644],[-78.4298223,39.6129303],[-78.4295629,39.6126553],[-78.4292395,39.6123485],[-78.4287749,39.6118553],[-78.4282492,39.6114773],[-78.4277741,39.6109923],[-78.4275143,39.6106929],[-78.4271262,39.6103214],[-78.4271021,39.6101745],[-78.4270041,39.6100366],[-78.4267465,39.6098435],[-78.4264104,39.6094305],[-78.4261172,39.6090496],[-78.4258214,39.608538],[-78.4255066,39.6081329],[-78.425353,39.6078567],[-78.4251811,39.6077197],[-78.4250215,39.6076726],[-78.4248494,39.6075275],[-78.4246234,39.6073258],[-78.4244513,39.6071806],[-78.4240551,39.6069319],[-78.4235175,39.6064886],[-78.4231078,39.6060928],[-78.4228833,39.6059728],[-78.4227535,39.6058272],[-78.4226331,39.6056242],[-78.4226188,39.6054363],[-78.4225835,39.6052568],[-78.4223883,39.6050138],[-78.4221194,39.6047881],[-78.421248,39.604038],[-78.4205626,39.6036046],[-78.4204756,39.603483],[-78.4201546,39.6032906],[-78.4198968,39.6030892],[-78.4195114,39.6028485],[-78.4188492,39.602513],[-78.4185828,39.6024099],[-78.4183706,39.6023716],[-78.4181252,39.60226],[-78.417749,39.6019538],[-78.4173526,39.6016887],[-78.4166334,39.6011494],[-78.4161617,39.6008198],[-78.4156688,39.6004904],[-78.414984,39.6000815],[-78.4139347,39.5994153],[-78.413388,39.5990375],[-78.412777,39.5986195],[-78.4122933,39.5982164],[-78.4117152,39.5978553],[-78.4112238,39.5975995],[-78.4105936,39.5972718],[-78.4100908,39.5969752],[-78.4095894,39.596744],[-78.4090044,39.5965629],[-78.4088123,39.5964752],[-78.408579,39.5964371],[-78.4084725,39.5963975],[-78.4082481,39.5962775],[-78.4079919,39.5961497],[-78.4077673,39.5960216],[-78.4074259,39.5958621],[-78.4064998,39.5955378],[-78.4061591,39.5954192],[-78.4055735,39.5952054],[-78.405254,39.5950865],[-78.4048272,39.5948871],[-78.4044102,39.5946468],[-78.4036317,39.5943044],[-78.4032162,39.5941376],[-78.402769,39.5939793],[-78.4025881,39.5939161],[-78.4022476,39.5938056],[-78.4019173,39.5936705],[-78.4013396,39.5933257],[-78.4008797,39.5930531],[-78.400623,39.5929008],[-78.3996165,39.5922503],[-78.3989847,39.5918407],[-78.3987277,39.591672],[-78.3983,39.5914236],[-78.3977857,39.591078],[-78.397378,39.5907721],[-78.3969484,39.5904255],[-78.3965717,39.5900865],[-78.3962484,39.5897714],[-78.3960311,39.5894714],[-78.3958113,39.5890487],[-78.3955155,39.5885206],[-78.3952823,39.5879509],[-78.3950537,39.5876183],[-78.3949205,39.5872928],[-78.3947963,39.5868935],[-78.3946815,39.5864287],[-78.3946514,39.5859793],[-78.3946635,39.5855212],[-78.3947192,39.585128],[-78.3948003,39.5849553],[-78.3949255,39.584872],[-78.3949343,39.584782],[-78.3949002,39.5846597],[-78.39495,39.5845037],[-78.3950822,39.5842405],[-78.395442,39.5837292],[-78.3956582,39.5834404],[-78.3958552,39.5832499],[-78.3960549,39.5831903],[-78.3961793,39.5830662],[-78.3963864,39.5828511],[-78.3965514,39.5826447],[-78.3966321,39.5824475],[-78.3969744,39.5821245],[-78.3972558,39.5819249],[-78.3976527,39.581683],[-78.3981025,39.5814487],[-78.3983658,39.5814047],[-78.3985655,39.5813451],[-78.3988888,39.5811286],[-78.3990853,39.5809136],[-78.3994202,39.5807461],[-78.3998294,39.580594],[-78.4002489,39.5804337],[-78.4003752,39.5804076],[-78.4004177,39.5804153],[-78.4004503,39.580464],[-78.4005984,39.5804704],[-78.4007132,39.5803955],[-78.4009021,39.5803278],[-78.4009643,39.5802698],[-78.4010165,39.5802365],[-78.4011423,39.5801859],[-78.4012973,39.5800041],[-78.4014007,39.5798884],[-78.4016421,39.5798038],[-78.401988,39.5796606],[-78.4024395,39.5795162],[-78.4025343,39.5794988],[-78.4026512,39.5795301],[-78.4027045,39.579554],[-78.4027783,39.5795449],[-78.4029453,39.5794366],[-78.4031754,39.5793194],[-78.4034173,39.5792593],[-78.4036283,39.5792404],[-78.4038598,39.5791886],[-78.4041975,39.5791682],[-78.4043551,39.5791173],[-78.4043747,39.5790434],[-78.4044159,39.5789857],[-78.4044258,39.5789529],[-78.4044992,39.5789274],[-78.4045633,39.5789594],[-78.4045014,39.5790337],[-78.4045451,39.5791068],[-78.4044724,39.5791731],[-78.4044628,39.5792223],[-78.4045261,39.5792134],[-78.4047244,39.5790883],[-78.4049224,39.5789469],[-78.4051732,39.5788049],[-78.4053412,39.5787539],[-78.4059749,39.57873],[-78.406661,39.5786891],[-78.4068934,39.5786863],[-78.4071888,39.5786582],[-78.407791,39.578651],[-78.4081296,39.5786715],[-78.4083632,39.578726],[-78.4086594,39.5787388],[-78.4091797,39.5788635],[-78.4101861,39.5789823],[-78.4104509,39.5790118],[-78.4108644,39.5790805],[-78.4111399,39.5791181],[-78.4116068,39.5792106],[-78.4124765,39.5793638],[-78.4130181,39.5794963],[-78.4142189,39.5798254],[-78.4151762,39.5801329],[-78.4157392,39.5802733],[-78.4163979,39.5804453],[-78.4173126,39.5807369],[-78.4180045,39.5809821],[-78.4185057,39.5812051],[-78.4193394,39.5816694],[-78.419907,39.5820388],[-78.4206256,39.5825617],[-78.4209587,39.5828357],[-78.4214428,39.5832552],[-78.4220028,39.5837718],[-78.4225723,39.5842393],[-78.4230235,39.5846019],[-78.4232388,39.5847955],[-78.423305,39.5849338],[-78.4235631,39.5851515],[-78.4236808,39.5852236],[-78.4242329,39.5853478],[-78.4244464,39.5854516],[-78.4247885,39.5856437],[-78.4251081,39.5857707],[-78.4253214,39.5858663],[-78.4254391,39.5859384],[-78.4257362,39.5859921],[-78.4263325,39.5862139],[-78.4270044,39.5865083],[-78.4282181,39.5869434],[-78.4290062,39.5872365],[-78.4293998,39.5873626],[-78.431292,39.5878957],[-78.4325033,39.5882082],[-78.43399,39.5885499],[-78.4346696,39.5887052],[-78.43537,39.5888439],[-78.4355716,39.5888824],[-78.435923,39.5890089],[-78.4364342,39.589199],[-78.4373084,39.5895645],[-78.4380972,39.5898902],[-78.4390433,39.5901567],[-78.4398084,39.5903519],[-78.4402653,39.5904689],[-78.441116,39.5907203],[-78.4419993,39.5910121],[-78.4425541,39.591267],[-78.4431593,39.5913986],[-78.4437326,39.5915224],[-78.444368,39.5915801],[-78.4450969,39.5915548],[-78.4461199,39.5914441],[-78.4465955,39.5914383],[-78.4468898,39.5913611],[-78.4471824,39.5911939],[-78.4476557,39.5910818],[-78.4485921,39.5908659],[-78.4494344,39.5907083],[-78.450928,39.5903465],[-78.4518208,39.5900738],[-78.4520417,39.590022],[-78.4525877,39.5898436],[-78.4531325,39.5896079],[-78.4537496,39.5892895],[-78.4546385,39.5888287],[-78.4553493,39.5884438],[-78.4556205,39.5882687],[-78.4566634,39.5875852],[-78.4570269,39.5872699],[-78.457139,39.5870723],[-78.4572537,39.586482],[-78.4573243,39.5863176],[-78.4574311,39.5858583],[-78.4574991,39.5855712],[-78.4575894,39.5853329],[-78.4577042,39.5847509],[-78.4577968,39.58412],[-78.4579057,39.5832518],[-78.457957,39.5826623],[-78.4579785,39.5816561],[-78.4579467,39.5811413],[-78.4578731,39.5806434],[-78.457812,39.5802434],[-78.4578285,39.5800224],[-78.4578144,39.5798508],[-78.4577557,39.5795653],[-78.4576342,39.5793133],[-78.4575599,39.5792978],[-78.4575276,39.5792655],[-78.4574942,39.5791842],[-78.4574821,39.5791107],[-78.4574158,39.5789725],[-78.4573197,39.5789246],[-78.4570711,39.5786578],[-78.4569732,39.57852],[-78.4566476,39.5781069],[-78.456343,39.5776854],[-78.456071,39.5773044],[-78.4559499,39.5770687],[-78.4557763,39.5768501],[-78.4554494,39.5763716],[-78.4551211,39.5758277],[-78.4549465,39.57556],[-78.4546406,39.575073],[-78.4542377,39.5744974],[-78.4539556,39.574141],[-78.4535801,39.5738676],[-78.4529923,39.5735477],[-78.4527267,39.5734774],[-78.4524059,39.5732932],[-78.4521693,39.5730917],[-78.4519189,39.5727349],[-78.4516789,39.5723698],[-78.4512363,39.5719173],[-78.4502922,39.5712256],[-78.4495864,39.5708172],[-78.4490602,39.5704066],[-78.4484503,39.5700379],[-78.4476596,39.5696141],[-78.4466991,39.5691516],[-78.4463457,39.5689187],[-78.4459409,39.5687601],[-78.4455564,39.5685604],[-78.4448533,39.5682828],[-78.4442151,39.568078],[-78.44364,39.567856],[-78.4432349,39.5676811],[-78.4427853,39.5674003],[-78.4423036,39.5670954],[-78.441973,39.5669441],[-78.4416871,39.5669149],[-78.4413576,39.5668208],[-78.4409721,39.566572],[-78.4407585,39.5664601],[-78.4405104,39.5662096],[-78.4403258,39.5659665],[-78.4401226,39.5658463],[-78.4399085,39.5657099],[-78.4393034,39.5650548],[-78.4388512,39.5646433],[-78.4385379,39.5643036],[-78.4382355,39.5639802],[-78.437957,39.5637955],[-78.4377658,39.5637487],[-78.4375729,39.563612],[-78.4373487,39.5635003],[-78.4371457,39.5633883],[-78.436836,39.5632285],[-78.4362598,39.5629493],[-78.4359519,39.5628794],[-78.435451,39.5626647],[-78.4348333,39.5624269],[-78.4342904,39.562229],[-78.4340021,39.5620771],[-78.4336182,39.5619019],[-78.4332879,39.5617669],[-78.4328086,39.5615764],[-78.4322979,39.5614027],[-78.4317238,39.5612297],[-78.4315334,39.5612157],[-78.4313741,39.5611767],[-78.4310656,39.5610742],[-78.4308961,39.5610517],[-78.4306531,39.5610546],[-78.4303671,39.5610172],[-78.4298149,39.5608767],[-78.4293682,39.5607349],[-78.4289946,39.5605432],[-78.4285882,39.5603027],[-78.4284047,39.5601087],[-78.4282002,39.5599231],[-78.4279754,39.5597786],[-78.4274414,39.5594988],[-78.4271749,39.5593794],[-78.4269527,39.5593657],[-78.4266992,39.5593688],[-78.426455,39.5593063],[-78.42606,39.5591066],[-78.4256416,39.5587927],[-78.4253401,39.5585101],[-78.4250922,39.5582678],[-78.4247603,39.558051],[-78.4244058,39.5577608],[-78.4241815,39.5576409],[-78.4239439,39.5573821],[-78.4236716,39.5569764],[-78.4232933,39.5565557],[-78.4230123,39.5562402],[-78.4226799,39.5559988],[-78.4225812,39.5558201],[-78.4225367,39.5557062],[-78.4223878,39.5556589],[-78.4223647,39.555561],[-78.4223415,39.555455],[-78.4220857,39.5553436],[-78.4217414,39.5550369],[-78.4213087,39.5545351],[-78.420885,39.5539514],[-78.4205695,39.5534972],[-78.4202787,39.5532227],[-78.4201056,39.5530203],[-78.4198918,39.552892],[-78.4195586,39.5526098],[-78.419203,39.5522624],[-78.4189444,39.552012],[-78.4187274,39.5517284],[-78.4184544,39.5512819],[-78.4183234,39.5510708],[-78.4180211,39.5507473],[-78.4179023,39.5506179],[-78.4175554,39.5501804],[-78.4173284,39.5499215],[-78.417189,39.5498168],[-78.4170598,39.5496957],[-78.4168978,39.5495177],[-78.4167979,39.5492818],[-78.4167708,39.5489795],[-78.4167553,39.5487343],[-78.4168019,39.548423],[-78.416943,39.548086],[-78.4170519,39.5477248],[-78.4172246,39.5473793],[-78.4175834,39.5468352],[-78.4180394,39.5463963],[-78.4186949,39.5458977],[-78.4192906,39.5455798],[-78.4195008,39.5455282],[-78.4196069,39.5455514],[-78.4199223,39.545474],[-78.4202253,39.5453068],[-78.4205063,39.545099],[-78.4209999,39.544954],[-78.4211992,39.5448861],[-78.4219277,39.5448692],[-78.4227102,39.5449088],[-78.423695,39.5450278],[-78.4241834,39.5451527],[-78.4247251,39.5453016],[-78.4250655,39.5454201],[-78.4255358,39.5456925],[-78.4260615,39.5460951],[-78.4263959,39.5464345],[-78.427085,39.5470804],[-78.4272366,39.5472667],[-78.4274317,39.5475097],[-78.427799,39.5479141],[-78.427972,39.5481083],[-78.4285113,39.5486579],[-78.4286969,39.5489583],[-78.4290473,39.5495674],[-78.4292468,39.5500311],[-78.4294448,39.5504213],[-78.4295997,39.5507629],[-78.4298388,39.5510953],[-78.4302264,39.5514586],[-78.4303885,39.5516366],[-78.4305699,39.5517243],[-78.4310587,39.5518656],[-78.4314312,39.5520001],[-78.4320268,39.5521973],[-78.4323674,39.552324],[-78.4327425,39.5525894],[-78.4330309,39.5527412],[-78.43386,39.5529929],[-78.434233,39.5531519],[-78.4347233,39.5533667],[-78.4351057,39.5534684],[-78.4352554,39.5535565],[-78.4354052,39.5536529],[-78.4355853,39.5536752],[-78.4357967,39.5536808],[-78.4362306,39.5537164],[-78.4366524,39.5536786],[-78.437072,39.5535344],[-78.4374173,39.5533667],[-78.4376781,39.5532081],[-78.4378954,39.5529846],[-78.4381562,39.5528179],[-78.4384057,39.5526186],[-78.4385716,39.5524693],[-78.4386528,39.5523048],[-78.4388668,39.5519178],[-78.4388931,39.5516558],[-78.4389217,39.5515],[-78.4389619,39.5514014],[-78.439067,39.5513756],[-78.439172,39.5513416],[-78.4391701,39.5512516],[-78.4391261,39.5511622],[-78.43905,39.5510568],[-78.4389826,39.5508614],[-78.4388941,39.5506662],[-78.4388266,39.5504625],[-78.4387384,39.5502837],[-78.4386169,39.5500235],[-78.4384319,39.5497559],[-78.438272,39.5496842],[-78.4381446,39.549653],[-78.4381104,39.5495308],[-78.4379072,39.5494106],[-78.4377257,39.5493147],[-78.4375851,39.5491528],[-78.4372966,39.5489928],[-78.4370949,39.5489462],[-78.4368814,39.5488343],[-78.4366791,39.5487549],[-78.4364107,39.5485456],[-78.4360467,39.5477894],[-78.435673,39.5470743],[-78.4353546,39.5464812],[-78.4351787,39.5461398],[-78.4349219,39.545456],[-78.4346875,39.5448373],[-78.4345729,39.5443971],[-78.4344456,39.5438507],[-78.4343614,39.5433446],[-78.4342991,39.5428792],[-78.4342587,39.5424463],[-78.434332,39.5418974],[-78.4343685,39.5416108],[-78.4345494,39.5411588],[-78.4346975,39.5406499],[-78.4348414,39.5404519],[-78.4352418,39.5398827],[-78.4355826,39.5395023],[-78.4358941,39.5392368],[-78.4363318,39.5389453],[-78.4367185,39.5387443],[-78.4371391,39.5386492],[-78.4374875,39.538645],[-78.4379627,39.5386392],[-78.4383968,39.5386911],[-78.438747,39.5387686],[-78.4391407,39.538911],[-78.4395042,39.5391274],[-78.4398255,39.5393443],[-78.4402656,39.5396906],[-78.4405899,39.5400546],[-78.4409568,39.5404345],[-78.4413877,39.5408464],[-78.4415078,39.5410412],[-78.4415417,39.5411471],[-78.4415963,39.5412364],[-78.4417138,39.5413003],[-78.4419054,39.5413716],[-78.442129,39.5414588],[-78.4424064,39.5415945],[-78.4426665,39.5419184],[-78.4431765,39.5425828],[-78.4435216,39.5429302],[-78.4437606,39.5432544],[-78.4438907,39.5434164],[-78.4439698,39.543669],[-78.4440585,39.5438723],[-78.4440622,39.5440522],[-78.4442162,39.5443529],[-78.4445638,39.544823],[-78.4449986,39.5454229],[-78.4453987,39.5458759],[-78.4457423,39.5461498],[-78.4460347,39.5464979],[-78.4464125,39.546894],[-78.4466386,39.5471038],[-78.4469962,39.5475411],[-78.4472455,39.5478488],[-78.4474723,39.5480913],[-78.4475591,39.5482048],[-78.4476763,39.5482524],[-78.4477723,39.5483003],[-78.4478697,39.5484136],[-78.4481918,39.5486632],[-78.4485341,39.5488716],[-78.4489302,39.5491284],[-78.4493148,39.5493364],[-78.4496787,39.549569],[-78.4500418,39.5497609],[-78.4502341,39.5498648],[-78.450565,39.5500325],[-78.4508541,39.550217],[-78.451238,39.5503922],[-78.4517377,39.5505496],[-78.4525226,39.5507035],[-78.4531908,39.5508343],[-78.4538063,39.5509658],[-78.4549059,39.5510095],[-78.4555627,39.5510995],[-78.4566021,39.5512993],[-78.4574407,39.5514934],[-78.4578122,39.5515788],[-78.4581502,39.5515746],[-78.4588464,39.5515251],[-78.4593833,39.5514366],[-78.4597721,39.5513337],[-78.4602435,39.5511398],[-78.4606428,39.5510367],[-78.4609777,39.5508853],[-78.4610711,39.5508024],[-78.4611113,39.5507037],[-78.4611941,39.5506209],[-78.4613905,39.550414],[-78.4615021,39.5501918],[-78.4616546,39.5499037],[-78.4617537,39.5495835],[-78.4617598,39.5493708],[-78.4617433,39.5490848],[-78.461702,39.5486191],[-78.4616765,39.5484068],[-78.4616954,39.5483003],[-78.4616174,39.548105],[-78.461494,39.5477548],[-78.4614366,39.5475347],[-78.4613276,39.5473725],[-78.4611962,39.5471451],[-78.4610786,39.5470812],[-78.4609484,39.546911],[-78.4606892,39.5466362],[-78.4605694,39.5464659],[-78.4605034,39.5463359],[-78.4604056,39.5462063],[-78.4603188,39.5460928],[-78.4600851,39.5460303],[-78.4599468,39.5459829],[-78.4598288,39.5458944],[-78.4595952,39.5458401],[-78.4594133,39.5457278],[-78.4592434,39.5456809],[-78.4588377,39.5454733],[-78.4585502,39.5453623],[-78.4584016,39.5453314],[-78.4582643,39.5453331],[-78.4582231,39.5453827],[-78.4581183,39.5454249],[-78.458055,39.5454257],[-78.4580327,39.5453687],[-78.4580732,39.5452864],[-78.4580405,39.5452378],[-78.4578484,39.545142],[-78.4569983,39.544899],[-78.4564891,39.5447908],[-78.455841,39.5446107],[-78.4553946,39.5444772],[-78.45514,39.5444231],[-78.4550127,39.5444001],[-78.4549695,39.5443516],[-78.4549055,39.5443196],[-78.4548322,39.5443533],[-78.4547056,39.544363],[-78.4544726,39.5443332],[-78.454133,39.5442556],[-78.4539431,39.5442661],[-78.4537413,39.5442113],[-78.4535628,39.5442626],[-78.4533623,39.5442733],[-78.4531192,39.5442681],[-78.4528223,39.5442145],[-78.4526307,39.5441432],[-78.4524301,39.5441457],[-78.4521029,39.5441579],[-78.4517433,39.5441378],[-78.451393,39.5440522],[-78.4512647,39.5439801],[-78.4509682,39.5439429],[-78.4506189,39.5439063],[-78.4503217,39.5438364],[-78.4499705,39.5437098],[-78.4496713,39.5435418],[-78.4493724,39.54339],[-78.4490388,39.5430915],[-78.4487488,39.5428579],[-78.4484996,39.5425502],[-78.4483239,39.5422253],[-78.4483202,39.5420454],[-78.4484039,39.5420035],[-78.4483807,39.5419056],[-78.4482699,39.5416534],[-78.4482242,39.5414823],[-78.4482195,39.5412533],[-78.4482656,39.5409256],[-78.4483234,39.540655],[-78.4483859,39.5406134],[-78.4484486,39.5405799],[-78.4484461,39.5404572],[-78.448451,39.5401791],[-78.4485373,39.5397528],[-78.4487291,39.539317],[-78.4488097,39.5391279],[-78.4489503,39.5387745],[-78.4491992,39.5385506],[-78.449419,39.5384498],[-78.4497968,39.5383306],[-78.4502372,39.538178],[-78.450521,39.5381091],[-78.450953,39.5380547],[-78.4515021,39.538048],[-78.4520939,39.5380652],[-78.4524638,39.538077],[-78.4529509,39.5381364],[-78.4535003,39.538146],[-78.4540288,39.538164],[-78.4545156,39.5382071],[-78.4549808,39.538277],[-78.4553208,39.538328],[-78.4555652,39.5383986],[-78.4556829,39.5384707],[-78.4563728,39.538634],[-78.4568691,39.5386278],[-78.4576924,39.5386013],[-78.4580926,39.5385473],[-78.4586392,39.5384179],[-78.4592572,39.5381649],[-78.4597075,39.5379794],[-78.4605147,39.5376831],[-78.4609543,39.5374896],[-78.4610373,39.5374149],[-78.4612364,39.5373389],[-78.4614038,39.5372632],[-78.4615493,39.5371469],[-78.4616218,39.5370806],[-78.4617789,39.5370132],[-78.4619129,39.5368561],[-78.4621601,39.5365505],[-78.4622303,39.5363697],[-78.4623223,39.5362213],[-78.4623618,39.53609],[-78.4624974,39.5360065],[-78.4626217,39.5358905],[-78.462796,39.5356348],[-78.4628553,39.5354378],[-78.4629529,39.5350522],[-78.4629579,39.5347822],[-78.4629521,39.5345043],[-78.4629244,39.5341856],[-78.4628397,39.5336633],[-78.4627364,39.5332638],[-78.4626874,39.5329373],[-78.4626724,39.5327248],[-78.462584,39.5325378],[-78.4624437,39.5323924],[-78.4623886,39.5322786],[-78.4623027,39.5322142],[-78.4621044,39.5318159],[-78.4620058,39.5316454],[-78.4618006,39.5314271],[-78.461543,39.5312259],[-78.4613935,39.5311459],[-78.4612295,39.5308781],[-78.4610639,39.5305285],[-78.4609749,39.5303088],[-78.4607869,39.5299022],[-78.4606906,39.5293309],[-78.4605712,39.5286617],[-78.4605112,39.5278038],[-78.4604841,39.5270026],[-78.4605075,39.5266016],[-78.4605383,39.5260451],[-78.4605828,39.5256438],[-78.4607179,39.5250287],[-78.4609057,39.5244049],[-78.461113,39.5237071],[-78.4614118,39.5228365],[-78.4616019,39.5223271],[-78.4617832,39.5218996],[-78.4620393,39.5215202],[-78.462175,39.5214449],[-78.4622663,39.5212639],[-78.4622949,39.5211163],[-78.4623557,39.5209929],[-78.4624906,39.5208767],[-78.4627592,39.5205871],[-78.4631032,39.5203702],[-78.4633657,39.5203015],[-78.4634289,39.5202926],[-78.4634704,39.5202593],[-78.4635644,39.5202091],[-78.4636491,39.5202162],[-78.463796,39.5201735],[-78.4638892,39.5200824],[-78.4640663,39.5199657],[-78.4640859,39.5198918],[-78.4640416,39.5197943],[-78.4640615,39.5197368],[-78.4640918,39.5196709],[-78.4642073,39.5196368],[-78.4642807,39.5196114],[-78.4643735,39.5195039],[-78.4644144,39.5194379],[-78.464476,39.5193554],[-78.4645057,39.5192569],[-78.464513,39.5191014],[-78.4646576,39.5189442],[-78.4652718,39.5185195],[-78.4661163,39.5180019],[-78.4668049,39.5176008],[-78.4673796,39.5173074],[-78.4678816,39.5170722],[-78.4687087,39.5167347],[-78.4695788,39.5164295],[-78.4701148,39.5163083],[-78.4708406,39.5161765],[-78.4713671,39.5161045],[-78.4721688,39.51607],[-78.4726226,39.5160561],[-78.4732679,39.5161135],[-78.4739668,39.5162111],[-78.4746031,39.5163422],[-78.4752504,39.5164976],[-78.476238,39.5167633],[-78.4769293,39.517],[-78.4774736,39.5172794],[-78.478263,39.5176621],[-78.4792865,39.5181318],[-78.4801818,39.5185295],[-78.4806933,39.518752],[-78.4814058,39.5189884],[-78.4817147,39.5191154],[-78.482161,39.5192488],[-78.4827656,39.5193802],[-78.4834772,39.5195757],[-78.4841113,39.5196005],[-78.4847125,39.5195684],[-78.4850083,39.5195728],[-78.4852717,39.519545],[-78.485703,39.5194659],[-78.4862068,39.5193205],[-78.4865335,39.5192919],[-78.486827,39.51919],[-78.4869944,39.5191143],[-78.4871811,39.5189566],[-78.4872724,39.5187755],[-78.4875533,39.5185757],[-78.4878446,39.5183675],[-78.4881789,39.5181998],[-78.4884512,39.51809],[-78.4887867,39.5179794],[-78.4895333,39.517831],[-78.4898073,39.517803],[-78.4901561,39.5178231],[-78.4906132,39.5179645],[-78.4909335,39.5181322],[-78.4912735,39.5182342],[-78.4916875,39.5183353],[-78.4921956,39.5183943],[-78.4927982,39.5184276],[-78.4928619,39.5184431],[-78.4929366,39.5184831],[-78.4930529,39.5184898],[-78.4932531,39.5184709],[-78.4933784,39.5184039],[-78.4934508,39.5183293],[-78.4936083,39.5182865],[-78.4937876,39.518276],[-78.4947084,39.5183788],[-78.4957772,39.5184879],[-78.4963281,39.5185709],[-78.4974301,39.5187532],[-78.4985008,39.5189522],[-78.4995181,39.5191192],[-78.5003225,39.5192071],[-78.5007015,39.5191532],[-78.5012256,39.5189748],[-78.5017083,39.5188296],[-78.5022237,39.5187331],[-78.5025819,39.5186958],[-78.5030476,39.5187471],[-78.5032914,39.5187931],[-78.5039283,39.5189485],[-78.5048627,39.5191901],[-78.5058623,39.5195209],[-78.506182,39.5196558],[-78.5066421,39.5199362],[-78.5071656,39.5202239],[-78.5078582,39.5205176],[-78.5080822,39.5206211],[-78.5092105,39.5210401],[-78.5095305,39.5211914],[-78.5102543,39.5214602],[-78.5108409,39.5217307],[-78.5115119,39.5220002],[-78.5118851,39.5221672],[-78.5126716,39.5224024],[-78.5131304,39.5226255],[-78.5134167,39.5226791],[-78.5137894,39.5228215],[-78.5142792,39.5230115],[-78.5149383,39.5232157],[-78.5156588,39.5233291],[-78.5160514,39.523414],[-78.516625,39.5235702],[-78.5175376,39.5237793],[-78.518069,39.523936],[-78.5188027,39.5241719],[-78.5194828,39.5243676],[-78.5198967,39.5244604],[-78.5209156,39.5247008],[-78.5213393,39.5247608],[-78.5217094,39.5247805],[-78.5220268,39.5248091],[-78.5223977,39.5248698],[-78.5226416,39.5249157],[-78.5228003,39.52493],[-78.5228651,39.5249946],[-78.5228974,39.5250269],[-78.5229925,39.5250256],[-78.523087,39.5249999],[-78.5232868,39.5249646],[-78.5234767,39.524954],[-78.523551,39.5249694],[-78.5236778,39.5249759],[-78.5238242,39.5249086],[-78.5239907,39.5247919],[-78.5241907,39.5247648],[-78.5252157,39.5247924],[-78.5258277,39.5247682],[-78.5264722,39.5247844],[-78.5268528,39.524804],[-78.5270758,39.5248583],[-78.5272132,39.5248647],[-78.5274761,39.5248122],[-78.5276546,39.524769],[-78.5278445,39.5247584],[-78.5280238,39.5247479],[-78.5284973,39.5246681],[-78.5287702,39.524591],[-78.528959,39.5245313],[-78.5290102,39.524457],[-78.5290193,39.5243915],[-78.5290177,39.5243179],[-78.5291008,39.5242514],[-78.5292375,39.5242251],[-78.5293737,39.5241742],[-78.5293834,39.5241332],[-78.5292347,39.5240943],[-78.5292012,39.5240129],[-78.5292742,39.5239711],[-78.52939,39.5239532],[-78.5294622,39.5238705],[-78.5295021,39.5237637],[-78.5294801,39.5237231],[-78.5293201,39.5236515],[-78.5293295,39.5235942],[-78.5294961,39.5234857],[-78.529526,39.5234035],[-78.5295768,39.5233129],[-78.5297228,39.5232292],[-78.530017,39.5231599],[-78.5303438,39.5231312],[-78.5310302,39.5231304],[-78.5323412,39.5232034],[-78.5340019,39.523329],[-78.5347949,39.5233759],[-78.5354924,39.5233995],[-78.5360827,39.5233509],[-78.536704,39.5232692],[-78.5373554,39.5231135],[-78.5385414,39.5227791],[-78.5401883,39.5222751],[-78.5412061,39.5219755],[-78.5422028,39.5216762],[-78.5426128,39.5215891],[-78.5430869,39.521542],[-78.5436357,39.5215266],[-78.5440582,39.5215292],[-78.5442799,39.5215263],[-78.5444178,39.5215572],[-78.5446606,39.5215541],[-78.5447866,39.5215197],[-78.5450614,39.5215325],[-78.5453466,39.5215369],[-78.5455462,39.5214852],[-78.545704,39.5214586],[-78.5459259,39.5214639],[-78.546094,39.521429],[-78.5463329,39.5212459],[-78.546478,39.5211213],[-78.5468017,39.5209535],[-78.5471589,39.520867],[-78.5475595,39.5208372],[-78.5480345,39.520831],[-78.5486587,39.52088],[-78.5493044,39.5209533],[-78.5495272,39.5209995],[-78.5496744,39.520973],[-78.5498317,39.5209219],[-78.5501905,39.520909],[-78.5505286,39.5209209],[-78.5508989,39.5209487],[-78.5511862,39.5210513],[-78.5515071,39.5212351],[-78.5520186,39.5214492],[-78.5522845,39.5215357],[-78.5528151,39.5216514],[-78.5532914,39.5217023],[-78.5538316,39.521777],[-78.5541807,39.5218051],[-78.5545801,39.5217181],[-78.5550739,39.5216052],[-78.5554314,39.5215351],[-78.5556746,39.5215482],[-78.556119,39.5215914],[-78.5564891,39.5216111],[-78.5569002,39.5215811],[-78.5575322,39.5215073],[-78.5581744,39.5214171],[-78.558964,39.5213085],[-78.5594589,39.5212447],[-78.5601005,39.5211299],[-78.5608566,39.5209399],[-78.5614652,39.5207601],[-78.5618099,39.520592],[-78.5621252,39.5205224],[-78.562503,39.5204192],[-78.5627025,39.5203675],[-78.5632477,39.5201885],[-78.5637413,39.5200675],[-78.5642765,39.5199132],[-78.564591,39.5198109],[-78.5648091,39.5196444],[-78.5649765,39.5195767],[-78.5651136,39.5195667],[-78.5654184,39.5195055],[-78.5657776,39.5195089],[-78.5662229,39.5195929],[-78.5668498,39.5197645],[-78.5676589,39.5200645],[-78.5683828,39.5203248],[-78.5689272,39.5205874],[-78.5696117,39.5209791],[-78.5704659,39.5214011],[-78.571171,39.521768],[-78.5717041,39.521998],[-78.5721959,39.5222695],[-78.5726245,39.5225501],[-78.5733433,39.5230557],[-78.5738816,39.5235147],[-78.5743748,39.5238516],[-78.5746528,39.5240033],[-78.5749646,39.5242527],[-78.5754046,39.5245657],[-78.5756215,39.5248246],[-78.5758178,39.5251],[-78.5760883,39.5253908],[-78.5764325,39.5256725],[-78.5768735,39.5260346],[-78.5773878,39.526363],[-78.5780386,39.5266569],[-78.5786464,39.5269187],[-78.5794229,39.52717],[-78.5803147,39.5273789],[-78.5811734,39.5275227],[-78.5822221,39.5276641],[-78.5835884,39.527842],[-78.5845738,39.5279841],[-78.5850192,39.5280681],[-78.5859918,39.5281123],[-78.586298,39.5281082],[-78.5866247,39.5280792],[-78.5867722,39.5280609],[-78.5868466,39.5280844],[-78.5868061,39.5281586],[-78.5867338,39.5282331],[-78.5866721,39.5283076],[-78.5866734,39.5283648],[-78.5867588,39.5284046],[-78.586917,39.5283942],[-78.5870526,39.5283188],[-78.5872309,39.5282673],[-78.5872611,39.5282015],[-78.5872487,39.5281199],[-78.587224,39.5279567],[-78.587254,39.5278826],[-78.5874105,39.5277987],[-78.5879669,39.5281184],[-78.5883638,39.5283911],[-78.5882702,39.5284578],[-78.5881765,39.5285163],[-78.5882196,39.5285566],[-78.5885732,39.5287809],[-78.5890012,39.5290286],[-78.5893779,39.5293425],[-78.5896912,39.5296573],[-78.58996,39.5298663],[-78.5903256,39.5301558],[-78.5906919,39.530478],[-78.5909708,39.5306705],[-78.5913568,39.530927],[-78.5915393,39.5310554],[-78.5918091,39.5313134],[-78.5920039,39.5315235],[-78.5920506,39.5317191],[-78.5920973,39.5319148],[-78.5920713,39.5321686],[-78.5919953,39.5325459],[-78.5918026,39.5329002],[-78.5911699,39.533882],[-78.5906155,39.5345928],[-78.5903402,39.53503],[-78.5901349,39.5352944],[-78.5900217,39.5354268],[-78.5899189,39.5355509],[-78.5898471,39.53565],[-78.5898091,39.5358386],[-78.5898025,39.5360105],[-78.5898713,39.5362549],[-78.589991,39.5364087],[-78.590153,39.53657],[-78.5905372,39.5367448],[-78.5908997,39.5368953],[-78.5912078,39.5369729],[-78.5915049,39.5370343],[-78.5919073,39.537078],[-78.5923404,39.5370803],[-78.5927094,39.5370508],[-78.5930986,39.5369801],[-78.5937924,39.5368317],[-78.5947366,39.536549],[-78.59483,39.5364741],[-78.5949759,39.5363904],[-78.5953018,39.5363205],[-78.5957005,39.5362007],[-78.5961404,39.5360393],[-78.5966729,39.5357622],[-78.5970806,39.5355768],[-78.5975715,39.5353329],[-78.5980422,39.5351303],[-78.5982399,39.5349967],[-78.5984674,39.534781],[-78.5986741,39.5345819],[-78.5990379,39.5343234],[-78.5994745,39.5340149],[-78.6000669,39.5335898],[-78.6005858,39.533182],[-78.6010843,39.5328072],[-78.6013651,39.5326153],[-78.6016148,39.5324483],[-78.601908,39.532338],[-78.602149,39.5322529],[-78.6023283,39.5322423],[-78.6026032,39.5322549],[-78.6031026,39.5323872],[-78.6037423,39.5326484],[-78.6040837,39.5327991],[-78.6043306,39.5329757],[-78.6047709,39.5332968],[-78.6050953,39.5336277],[-78.605367,39.5339675],[-78.6055534,39.5342676],[-78.6057494,39.5345266],[-78.6059004,39.5346636],[-78.6059336,39.5347286],[-78.6059665,39.5347854],[-78.6061588,39.5348809],[-78.6064256,39.535],[-78.6069997,39.5351639],[-78.6073933,39.5352894],[-78.6077542,39.5353662],[-78.6080078,39.535371],[-78.6082293,39.5353598],[-78.6083658,39.5353252],[-78.6084933,39.5353562],[-78.6085991,39.5353629],[-78.6088521,39.5353431],[-78.6091696,39.5353715],[-78.6097005,39.5354951],[-78.6099249,39.5356065],[-78.6104256,39.535796],[-78.6110966,39.5360403],[-78.6116528,39.5363435],[-78.6119092,39.5364708],[-78.61204,39.536649],[-78.6121695,39.5367699],[-78.6123929,39.5368404],[-78.6125013,39.5369616],[-78.612726,39.5370894],[-78.6129606,39.5371844],[-78.613357,39.537173],[-78.613648,39.537268],[-78.614315,39.537542],[-78.61518,39.537838],[-78.616144,39.538112],[-78.617137,39.538435],[-78.617194,39.538435],[-78.617967,39.538665],[-78.618747,39.53894],[-78.61991,39.539236],[-78.620477,39.539301],[-78.621385,39.539498],[-78.621796,39.539542],[-78.621981,39.539531],[-78.622335,39.539564],[-78.623101,39.539695],[-78.623895,39.539695],[-78.624207,39.539673],[-78.624737,39.539526],[-78.624818,39.53951],[-78.624971,39.539471],[-78.626148,39.53951],[-78.626531,39.539533],[-78.626786,39.539615],[-78.627069,39.539637],[-78.627885,39.539539],[-78.628651,39.53939],[-78.62875,39.539324],[-78.628779,39.539247],[-78.62863,39.538303],[-78.628645,39.538116],[-78.628719,39.537916],[-78.6287829,39.5378406],[-78.6292691,39.5375669],[-78.629732,39.5373508],[-78.6303435,39.5371707],[-78.630933,39.5371054],[-78.63145,39.5370982],[-78.6317948,39.537103],[-78.6321287,39.5371651],[-78.6324013,39.5372376],[-78.6327477,39.5373091],[-78.6334115,39.5372617],[-78.634308,39.5371635],[-78.6353254,39.5369682],[-78.6362569,39.5367837],[-78.6372251,39.5365891],[-78.6378139,39.5364952],[-78.6388221,39.5364335],[-78.6394371,39.5364058],[-78.6399055,39.5364279],[-78.6406561,39.536408],[-78.641259,39.53639],[-78.6420087,39.5363319],[-78.6426848,39.5362844],[-78.6433255,39.536304],[-78.6438666,39.5362774],[-78.6445906,39.536172],[-78.6453887,39.5360751],[-78.6454979,39.5360068],[-78.6456816,39.5359661],[-78.646161,39.5359308],[-78.6467635,39.5358938],[-78.6472184,39.5358684],[-78.6477338,39.5357944],[-78.6480892,39.5357227],[-78.6484206,39.5356799],[-78.6486901,39.535619],[-78.649082,39.5355277],[-78.6496587,39.5354434],[-78.6500517,39.5353997],[-78.6502495,39.5354351],[-78.6506798,39.53541],[-78.6512069,39.5353073],[-78.6515743,39.5352259],[-78.6518789,39.5350881],[-78.6522343,39.5350164],[-78.652405,39.5349473],[-78.6525644,39.5349164],[-78.6526629,39.5349151],[-78.6527855,39.5348943],[-78.6528945,39.5348165],[-78.653052,39.5347094],[-78.6531722,39.5345838],[-78.6532329,39.5345448],[-78.6538234,39.534527],[-78.654391,39.5345762],[-78.6549838,39.5346537],[-78.6558256,39.5348516],[-78.6567546,39.5350864],[-78.6571999,39.5351755],[-78.6574599,39.5352386],[-78.6575,39.5352474],[-78.6577446,39.5353013],[-78.6587118,39.5355928],[-78.6597153,39.5358551],[-78.6605193,39.5360154],[-78.6609152,39.5360957],[-78.6623517,39.5364472],[-78.663393,39.5367472],[-78.6636536,39.5368293],[-78.6641763,39.5370698],[-78.6646383,39.5373397],[-78.6649028,39.5375934],[-78.6652423,39.5378937],[-78.6657329,39.5383349],[-78.6659223,39.5385324],[-78.6661627,39.5388055],[-78.6665033,39.5391534],[-78.6668319,39.539511],[-78.6671589,39.539802],[-78.6673724,39.5399801],[-78.6675472,39.5400825],[-78.6676475,39.5401573],[-78.6680081,39.5403048],[-78.6685897,39.54043],[-78.6691582,39.5405173],[-78.6699975,39.5406008],[-78.6707005,39.540648],[-78.6715145,39.5407032],[-78.6720563,39.5407051],[-78.6725361,39.5406887],[-78.6731746,39.5406129],[-78.6737507,39.5404999],[-78.6740199,39.5404293],[-78.6746579,39.5403344],[-78.6750388,39.5403004],[-78.6752976,39.5403063],[-78.6755695,39.5403501],[-78.675918,39.5405072],[-78.6761438,39.5406851],[-78.6765564,39.5409462],[-78.6771444,39.5413383],[-78.6777331,39.5417589],[-78.6783472,39.5422078],[-78.6788356,39.5425536],[-78.6793861,39.5429176],[-78.6796849,39.5430563],[-78.6799087,39.5431485],[-78.6803571,39.5433614],[-78.6806188,39.5434911],[-78.6807952,39.5436602],[-78.6810705,39.5438469],[-78.6811337,39.5439128],[-78.6812089,39.5439689],[-78.6814193,39.5440136],[-78.6816044,39.54403],[-78.6819374,39.5440539],[-78.6821971,39.5440978],[-78.682456,39.5441132],[-78.6826286,39.5441203],[-78.6827166,39.5441953],[-78.6828768,39.5442025],[-78.6830113,39.5441625],[-78.6832454,39.5441687],[-78.6835429,39.5442502],[-78.684646,39.5445491],[-78.6854887,39.5447754],[-78.6864058,39.5450197],[-78.6867653,39.5451194],[-78.6870144,39.5452398],[-78.6873865,39.5453489],[-78.68766,39.5454593],[-78.6883043,39.5456217],[-78.6888614,39.5457472],[-78.689246,39.5458657],[-78.6895444,39.5459853],[-78.6898683,39.5461427],[-78.6900685,39.5462734],[-78.6901453,39.5463962],[-78.6903106,39.5466131],[-78.6904772,39.5468872],[-78.6910054,39.5478616],[-78.691173,39.5481738],[-78.6912279,39.5484114],[-78.6914611,39.5488942],[-78.6916814,39.5493487],[-78.6917468,39.5495098],[-78.6917397,39.5497292],[-78.6917555,39.549872],[-78.6917625,39.5501674],[-78.6916973,39.5505307],[-78.6917186,39.5509022],[-78.6918246,39.5512153],[-78.6920138,39.5514032],[-78.6922897,39.551609],[-78.6926419,39.5519186],[-78.6928578,39.552192],[-78.6932105,39.5525206],[-78.6934248,39.5527272],[-78.6937009,39.5529425],[-78.6938663,39.5531594],[-78.6941175,39.5533656],[-78.6944579,39.5536944],[-78.6948332,39.5539369],[-78.6953932,39.5541767],[-78.6959011,39.5543028],[-78.6961107,39.5543094],[-78.6963346,39.5544015],[-78.6964212,39.5544193],[-78.6966902,39.5543392],[-78.6969109,39.5542979],[-78.6975021,39.5542989],[-78.6978965,39.5543123],[-78.6982916,39.5543542],[-78.6989469,39.5544592],[-78.6996774,39.5546203],[-78.7005573,39.554846],[-78.7009426,39.5549929],[-78.7014775,39.555214],[-78.7019618,39.5553786],[-78.7025945,39.5555697],[-78.7030902,39.555696],[-78.7034251,39.5557961],[-78.703869,39.5558183],[-78.7041887,39.5557946],[-78.7048291,39.5557948],[-78.7052477,39.5557888],[-78.7054951,39.5558329],[-78.7055692,39.5558413],[-78.7058633,39.5557799],[-78.7062185,39.5556985],[-78.706428,39.555705],[-78.7067133,39.5557867],[-78.7069372,39.5558788],[-78.7072101,39.5559606],[-78.7074336,39.5560336],[-78.7077971,39.5562953],[-78.7083749,39.5567636],[-78.7087528,39.5571109],[-78.7089953,39.5574602],[-78.7090982,39.5576398],[-78.7091897,39.5578578],[-78.7092584,39.5581523],[-78.709361,39.5583224],[-78.7096102,39.5584428],[-78.7100219,39.5586561],[-78.7104846,39.5589449],[-78.7109865,39.5593285],[-78.7111881,39.5595162],[-78.7114304,39.559856],[-78.7116051,39.5599488],[-78.711754,39.5599943],[-78.7119042,39.560097],[-78.712012,39.5604767],[-78.7121952,39.5609222],[-78.7123805,39.5614534],[-78.7125247,39.5618136],[-78.7127034,39.5620684],[-78.7127935,39.5622291],[-78.7130813,39.5624156],[-78.7133691,39.5626021],[-78.7138052,39.5628055],[-78.7143385,39.5629599],[-78.7147602,39.5630777],[-78.7150822,39.5631493],[-78.7152183,39.5631759],[-78.7154279,39.5631824],[-78.7157866,39.5632439],[-78.7160472,39.5633259],[-78.7162819,39.5633511],[-78.7166408,39.5634221],[-78.7169616,39.5634461],[-78.7172197,39.5634232],[-78.7174665,39.5634387],[-78.7190955,39.5635675],[-78.7199237,39.5636889],[-78.7206395,39.5637452],[-78.721267,39.563717],[-78.7219926,39.5636683],[-78.7228294,39.563637],[-78.7234216,39.563676],[-78.7236567,39.5637202],[-78.7240047,39.5638486],[-78.7242287,39.5639406],[-78.7243932,39.5641194],[-78.7245965,39.5643738],[-78.7247998,39.5646283],[-78.7249817,39.5650165],[-78.7252191,39.5656613],[-78.7254422,39.5662205],[-78.7254617,39.5665158],[-78.7254903,39.5666775],[-78.7256081,39.5669618],[-78.7257617,39.5671979],[-78.7259759,39.5673949],[-78.7261186,39.5676884],[-78.7263628,39.5681043],[-78.7265585,39.5685495],[-78.7267632,39.5688611],[-78.727033,39.5693148],[-78.7273271,39.5697586],[-78.7276608,39.5703067],[-78.7282225,39.5711088],[-78.7285524,39.5715044],[-78.7289314,39.5718897],[-78.7293104,39.572275],[-78.7298762,39.5727434],[-78.7304288,39.5731739],[-78.7307312,39.5734459],[-78.730961,39.5737762],[-78.7312053,39.5741921],[-78.7314788,39.5747983],[-78.7315583,39.5750259],[-78.7316641,39.5753199],[-78.731722,39.5756718],[-78.7317532,39.5759383],[-78.7317994,39.576319],[-78.7318204,39.5766714],[-78.7318528,39.5769856],[-78.7318867,39.5773664],[-78.7320149,39.57807],[-78.7320521,39.5785843],[-78.7320887,39.57907],[-78.7321134,39.5795749],[-78.732149,39.5800225],[-78.7322267,39.5806792],[-78.7323434,39.5814211],[-78.7324526,39.5823538],[-78.7325307,39.5830295],[-78.7326521,39.5834568],[-78.7327259,39.5839514],[-78.7328107,39.5843983],[-78.7328966,39.5848832],[-78.7329461,39.5853973],[-78.7329764,39.5856257],[-78.7330392,39.5861777],[-78.7331194,39.586434],[-78.7332461,39.5865751],[-78.7335452,39.5867137],[-78.7339417,39.5868032],[-78.7343496,39.5868544],[-78.7348423,39.5868472],[-78.7351009,39.5868434],[-78.7353717,39.5868299],[-78.7355929,39.5868075],[-78.7357898,39.5867951],[-78.7359717,39.586678],[-78.7361309,39.5866376],[-78.7362787,39.5866354],[-78.7365144,39.5866986],[-78.7367614,39.5867236],[-78.7370196,39.5867007],[-78.7371669,39.5866795],[-78.7374519,39.586742],[-78.7377349,39.5867283],[-78.7381902,39.5867026],[-78.7387191,39.5866662],[-78.7390881,39.5866417],[-78.7394179,39.5865224],[-78.7397469,39.5863745],[-78.7398919,39.586258],[-78.7400613,39.5861316],[-78.7403901,39.5859742],[-78.7406185,39.585742],[-78.740848,39.5855575],[-78.7409282,39.5853084],[-78.7410699,39.5850584],[-78.7412125,39.5848466],[-78.7413179,39.5846257],[-78.7414701,39.5842994],[-78.7416347,39.5839823],[-78.7417158,39.5837714],[-78.7417625,39.5836658],[-78.7419188,39.583511],[-78.742282,39.5832482],[-78.7425347,39.5830061],[-78.7427105,39.5826412],[-78.7428686,39.5820573],[-78.742945,39.5816558],[-78.7429405,39.5814747],[-78.7429505,39.5813792],[-78.7429962,39.5812355],[-78.7430782,39.5810627],[-78.7432682,39.5807739],[-78.7437284,39.5804525],[-78.7440683,39.5802473],[-78.7444828,39.5800695],[-78.7447519,39.5799893],[-78.7451545,39.5798308],[-78.7456084,39.5797478],[-78.7459274,39.5796954],[-78.7462592,39.5796619],[-78.7465804,39.5796953],[-78.7469029,39.5797858],[-78.7474372,39.5799686],[-78.7479227,39.5801711],[-78.7483346,39.5803843],[-78.7487467,39.580607],[-78.7490844,39.5808117],[-78.7495962,39.5810806],[-78.7502835,39.5814709],[-78.7506468,39.5817133],[-78.751008,39.5818701],[-78.7512193,39.5819432],[-78.7513796,39.5819503],[-78.7516996,39.5819361],[-78.7520558,39.5818926],[-78.7521908,39.5818716],[-78.7525089,39.581781],[-78.7527538,39.5817202],[-78.7532299,39.5815415],[-78.753656,39.581335],[-78.7539973,39.5811869],[-78.7543769,39.5810954],[-78.7549515,39.5809153],[-78.7555273,39.5807828],[-78.7557116,39.580761],[-78.7558968,39.5807773],[-78.7561192,39.5808026],[-78.7563672,39.5808656],[-78.7567757,39.5809453],[-78.7571732,39.5810729],[-78.7576097,39.5812857],[-78.7578719,39.5814248],[-78.757986,39.5815565],[-78.7582729,39.5816953],[-78.758797,39.5819639],[-78.759059,39.5820935],[-78.7592963,39.5822234],[-78.7597305,39.5823409],[-78.7599055,39.5824431],[-78.760117,39.5825258],[-78.7604666,39.5827113],[-78.7606791,39.582832],[-78.7609804,39.5830563],[-78.7612443,39.5832621],[-78.7614937,39.5833824],[-78.7617566,39.58355],[-78.7619215,39.5837383],[-78.7622979,39.5840091],[-78.7625871,39.5842431],[-78.763076,39.584579],[-78.763252,39.5847194],[-78.7635275,39.5848964],[-78.7638139,39.5850161],[-78.7642748,39.5852189],[-78.764519,39.5854091],[-78.7642547,39.5853353],[-78.7639717,39.5852885],[-78.7636589,39.5850624],[-78.7633403,39.585015],[-78.7633141,39.5852759],[-78.7637131,39.5855862],[-78.7640273,39.5857711],[-78.7644169,39.5858199],[-78.7648252,39.5858415],[-78.7652198,39.5860533],[-78.7656862,39.5864754],[-78.7661911,39.586954],[-78.7663685,39.5871516],[-78.7666307,39.5872907],[-78.7667307,39.5873464],[-78.7668321,39.5874593],[-78.7672515,39.5879678],[-78.7675083,39.5883834],[-78.7677777,39.5888084],[-78.767959,39.5891584],[-78.7680287,39.5894816],[-78.768247,39.5903268],[-78.7682271,39.5905178],[-78.7681577,39.5906999],[-78.7681784,39.5910333],[-78.7682834,39.5912892],[-78.768419,39.5917829],[-78.7686557,39.59238],[-78.7689877,39.5928421],[-78.7693503,39.5935422],[-78.7696972,39.594109],[-78.7700956,39.5947609],[-78.7705026,39.5952696],[-78.7709554,39.5956346],[-78.7712694,39.5958682],[-78.7716219,39.596168],[-78.7719231,39.5963828],[-78.7722133,39.5966549],[-78.7727256,39.5969332],[-78.7730746,39.5970901],[-78.7735577,39.5971877],[-78.7739943,39.5974004],[-78.7742692,39.5975488],[-78.7743959,39.5976899],[-78.7745273,39.5980121],[-78.7746313,39.5982298],[-78.7747714,39.5984088],[-78.7750117,39.5986531],[-78.7751866,39.5987458],[-78.7752288,39.5987885],[-78.7756418,39.5992061],[-78.7760574,39.5995621],[-78.7763117,39.5998729],[-78.7766892,39.6001818],[-78.7768686,39.6004556],[-78.7771215,39.6007092],[-78.777386,39.600934],[-78.7776511,39.6011874],[-78.7779035,39.601422],[-78.7780231,39.6017634],[-78.777958,39.6021171],[-78.7778809,39.6024806],[-78.7776905,39.6027504],[-78.7774689,39.6032495],[-78.7772195,39.6036251],[-78.7769443,39.6039533],[-78.7766665,39.6041768],[-78.7762415,39.6044311],[-78.7758149,39.6046186],[-78.7751549,39.6048383],[-78.7744105,39.6051355],[-78.7738735,39.6053438],[-78.7733721,39.6055039],[-78.7730182,39.6056427],[-78.77248,39.6058033],[-78.7717209,39.6060054],[-78.7714143,39.6060672],[-78.7712039,39.6060322],[-78.7710681,39.6060247],[-78.770935,39.606122],[-78.770691,39.606221],[-78.7705943,39.6062988],[-78.7704854,39.6063767],[-78.77028,39.6065418],[-78.7699431,39.606871],[-78.7697025,39.6071034],[-78.7694727,39.6072785],[-78.7692585,39.6075868],[-78.7690906,39.6077704],[-78.7689129,39.6080591],[-78.7686367,39.6083493],[-78.7682987,39.6086308],[-78.7679459,39.6088172],[-78.7676161,39.6089366],[-78.7670401,39.6090691],[-78.7665625,39.6091907],[-78.7661583,39.6092921],[-78.7658038,39.6094118],[-78.7655344,39.6094826],[-78.765215,39.6095255],[-78.764712,39.6096188],[-78.7643936,39.6096998],[-78.7640498,39.6097526],[-78.763706,39.6098055],[-78.7633143,39.6099162],[-78.7629219,39.6099983],[-78.7624305,39.6100628],[-78.7618157,39.6101197],[-78.7612494,39.6101472],[-78.7606584,39.6101751],[-78.7598706,39.6102155],[-78.7594645,39.6102406],[-78.759119,39.6102267],[-78.7587001,39.6102329],[-78.7581572,39.6102124],[-78.7576026,39.6102111],[-78.7572329,39.6102166],[-78.7569133,39.61025],[-78.7564726,39.610371],[-78.7561174,39.610462],[-78.7556873,39.6105161],[-78.7553051,39.6105123],[-78.7550592,39.610535],[-78.7545031,39.6104765],[-78.7540702,39.6104162],[-78.7533904,39.6103405],[-78.7530935,39.6102973],[-78.7527355,39.610274],[-78.7525765,39.610324],[-78.7523296,39.6103086],[-78.7518979,39.610296],[-78.7515887,39.6102529],[-78.7509918,39.6100425],[-78.7504412,39.6097074],[-78.7500761,39.6093982],[-78.7497565,39.6089358],[-78.7495077,39.6083484],[-78.7493327,39.6077504],[-78.7492434,39.607132],[-78.749153,39.606466],[-78.749099,39.6062761],[-78.7489094,39.6060883],[-78.7485853,39.6059405],[-78.7482245,39.6058029],[-78.7480397,39.6058056],[-78.747767,39.6057429],[-78.7474817,39.6056709],[-78.7471614,39.6056756],[-78.74677,39.6057958],[-78.746638,39.6059408],[-78.7462264,39.6062424],[-78.7456615,39.6068228],[-78.7454672,39.6069401],[-78.7448788,39.6075684],[-78.7444804,39.607908],[-78.7441416,39.6081609],[-78.7437188,39.6085104],[-78.7435022,39.6087233],[-78.7428117,39.6092102],[-78.7423131,39.6094845],[-78.7418361,39.6096345],[-78.7414412,39.6096118],[-78.7410957,39.6095978],[-78.7406152,39.6096049],[-78.7400854,39.6096127],[-78.7396792,39.6096377],[-78.7393478,39.6096903],[-78.7389928,39.6097909],[-78.738397,39.6101238],[-78.7377195,39.6106391],[-78.7370064,39.611212],[-78.7365352,39.6116003],[-78.7358327,39.6121064],[-78.7352284,39.612592],[-78.7346117,39.6130777],[-78.7341026,39.6134284],[-78.733524,39.6139613],[-78.733309,39.6142409],[-78.7331949,39.6146144],[-78.7332178,39.6150431],[-78.7332799,39.6155665],[-78.7333667,39.6160896],[-78.7335389,39.6165733],[-78.7336594,39.6169624],[-78.7337176,39.6173238],[-78.7337771,39.6177424],[-78.733819,39.617942],[-78.7338848,39.6181126],[-78.7340355,39.6182248],[-78.7342111,39.6183462],[-78.7344657,39.6186761],[-78.7345211,39.6189232],[-78.7346248,39.6191314],[-78.7347414,39.6193585],[-78.734919,39.6195656],[-78.7350607,39.6198114],[-78.7351424,39.6201248],[-78.7353221,39.6204177],[-78.7354526,39.6207113],[-78.7356947,39.6210319],[-78.7359247,39.6213622],[-78.7361559,39.6217401],[-78.7364227,39.6220604],[-78.7367056,39.6223487],[-78.7371014,39.6226518],[-78.7373822,39.6227935],[-78.7375746,39.6229451],[-78.7384831,39.6233436],[-78.739257,39.623684],[-78.7397497,39.6238655],[-78.7401314,39.6240486],[-78.7404695,39.6242582],[-78.7408967,39.6244835],[-78.7414676,39.6246896],[-78.7419726,39.6249224],[-78.742634,39.6251958],[-78.7430938,39.6253949],[-78.74352,39.6255774],[-78.7439913,39.6257935],[-78.7442383,39.62591],[-78.7445192,39.6260517],[-78.7447882,39.6261593],[-78.7452365,39.6263414],[-78.7456503,39.6264726],[-78.7460521,39.6265696],[-78.7464663,39.6267179],[-78.7469121,39.6267971],[-78.7470574,39.6268379],[-78.7471917,39.6268874],[-78.7473916,39.626893],[-78.747658,39.6268976],[-78.7480782,39.6268399],[-78.7482557,39.6268373],[-78.7483649,39.626767],[-78.7484411,39.6267058],[-78.7485831,39.6266179],[-78.7487152,39.6265731],[-78.7488372,39.6265713],[-78.7489585,39.6265437],[-78.7491134,39.6265243],[-78.7491891,39.6264459],[-78.7493636,39.6263232],[-78.7495057,39.6262353],[-78.7498254,39.6261533],[-78.7500562,39.6260641],[-78.7503945,39.625836],[-78.7507885,39.6256157],[-78.7512934,39.6253937],[-78.7518968,39.6251187],[-78.7528059,39.6246419],[-78.7534641,39.6243404],[-78.7541799,39.6241238],[-78.7544768,39.6240165],[-78.7546748,39.6239449],[-78.7548381,39.6238223],[-78.7551779,39.6236542],[-78.7554817,39.6235612],[-78.756054,39.6232762],[-78.7564898,39.6229551],[-78.7570103,39.622566],[-78.7576904,39.6221555],[-78.758307,39.6216696],[-78.7587928,39.6213764],[-78.7595706,39.6209262],[-78.7600694,39.6206614],[-78.7606393,39.6202811],[-78.760967,39.620076],[-78.761563,39.6197525],[-78.7623421,39.6193595],[-78.7629033,39.6191223],[-78.7634189,39.6190383],[-78.7637507,39.6189953],[-78.7640464,39.6189908],[-78.7641945,39.6189981],[-78.7644929,39.6190986],[-78.7646434,39.6192012],[-78.7654672,39.6196083],[-78.7660397,39.6198286],[-78.7664983,39.6199266],[-78.7669557,39.6199769],[-78.7672753,39.6199436],[-78.7676801,39.6198612],[-78.7680467,39.6197318],[-78.7684862,39.6195631],[-78.7687566,39.6195305],[-78.7692142,39.6195904],[-78.7698614,39.6198381],[-78.7700262,39.6200167],[-78.7702533,39.6202231],[-78.7705163,39.6203907],[-78.7709263,39.6205181],[-78.7711527,39.6206958],[-78.7713165,39.6208363],[-78.7713457,39.621017],[-78.7713471,39.6210742],[-78.7713983,39.6211497],[-78.7715595,39.6211854],[-78.7717069,39.6211642],[-78.7719173,39.6211991],[-78.7721778,39.621262],[-78.7722408,39.6213182],[-78.7725134,39.6213713],[-78.7728231,39.6214334],[-78.7730696,39.6214297],[-78.7733059,39.621512],[-78.7734685,39.6216049],[-78.773704,39.6216585],[-78.773964,39.6217023],[-78.7743728,39.6217819],[-78.77467,39.6218347],[-78.7750291,39.621896],[-78.7751651,39.621913],[-78.7754357,39.6218899],[-78.7757665,39.6218086],[-78.7760983,39.6217655],[-78.776368,39.6217043],[-78.7765639,39.6216536],[-78.7768218,39.6216116],[-78.777008,39.621666],[-78.777282,39.6217763],[-78.7775425,39.6218391],[-78.7777327,39.6219564],[-78.7780672,39.6224153],[-78.7784467,39.6228259],[-78.7785763,39.6230856],[-78.7785968,39.6232876],[-78.7785721,39.6235258],[-78.7786103,39.6238227],[-78.7784993,39.6243002],[-78.7783581,39.6248019],[-78.7781602,39.6254948],[-78.7779318,39.6262001],[-78.7776954,39.6265843],[-78.7774309,39.627076],[-78.7770175,39.6277701],[-78.7769733,39.6278442],[-78.776603,39.6284089],[-78.7764853,39.6286248],[-78.7764898,39.6288032],[-78.7764615,39.6288987],[-78.776324,39.6289365],[-78.7758598,39.6294431],[-78.7754747,39.6300318],[-78.7751513,39.6306314],[-78.7750502,39.6308946],[-78.7747679,39.6312914],[-78.7742606,39.6319176],[-78.7739487,39.6323625],[-78.773191,39.6334325],[-78.7724487,39.6345024],[-78.7719286,39.6352358],[-78.7713642,39.6360413],[-78.7711567,39.6363537],[-78.7710085,39.6365819],[-78.7707401,39.636919],[-78.7703678,39.6374123],[-78.7700085,39.6378103],[-78.7698459,39.6380744],[-78.7696827,39.6383148],[-78.7692942,39.6387726],[-78.7691286,39.6389179],[-78.7690118,39.6391694],[-78.768622,39.6395797],[-78.7683083,39.6399532],[-78.7678636,39.640626],[-78.7674475,39.6412151],[-78.7671648,39.6416],[-78.7669268,39.6419247],[-78.7664377,39.6426695],[-78.7659604,39.6432715],[-78.7658554,39.6433801],[-78.7656037,39.6437764],[-78.7653264,39.6443753],[-78.7651983,39.6447936],[-78.7651038,39.6453184],[-78.7651021,39.6458656],[-78.7651125,39.6462818],[-78.7651913,39.6469705],[-78.7652877,39.6471356],[-78.7653655,39.6471702],[-78.7655196,39.6471798],[-78.7655528,39.6472744],[-78.7655087,39.6473584],[-78.7653747,39.6475388],[-78.7653674,39.6478601],[-78.7654985,39.6481793],[-78.7656233,39.6482488],[-78.7658703,39.6482808],[-78.7659951,39.6483503],[-78.7661351,39.6484077],[-78.7663049,39.6484289],[-78.7665655,39.6483893],[-78.766916,39.6482533],[-78.7671272,39.6480835],[-78.7672783,39.6479742],[-78.7675453,39.6475777],[-78.7678422,39.647145],[-78.7681406,39.6467718],[-78.7685488,39.6464802],[-78.7690061,39.6463068],[-78.7697553,39.6461171],[-78.7706601,39.6459965],[-78.771583,39.6459827],[-78.7725686,39.6460154],[-78.7735367,39.6459652],[-78.7742575,39.6458711],[-78.775023,39.6457169],[-78.7754962,39.645567],[-78.7759053,39.6453111],[-78.7762799,39.6449129],[-78.7769315,39.6439038],[-78.7773291,39.643196],[-78.7775708,39.6424073],[-78.7777878,39.6418568],[-78.7780231,39.641425],[-78.7782908,39.6409902],[-78.7783187,39.6409448],[-78.7787503,39.6403673],[-78.7793168,39.639645],[-78.7795654,39.6391298],[-78.7803146,39.6377267],[-78.7806552,39.6371981],[-78.7809881,39.636979],[-78.7813847,39.6368422],[-78.781875,39.6367634],[-78.782489,39.6367065],[-78.7830577,39.6366861],[-78.7835351,39.6367026],[-78.7843999,39.6368323],[-78.7856058,39.6370639],[-78.7867511,39.6373321],[-78.7875563,39.637534],[-78.7884549,39.6377821],[-78.7889817,39.6379287],[-78.7895559,39.6381223],[-78.7900215,39.6382817],[-78.7905631,39.6384044],[-78.7909015,39.6383992],[-78.7912377,39.6383109],[-78.7917865,39.6381122],[-78.7922114,39.6378798],[-78.7927889,39.6375974],[-78.7930024,39.6375228],[-78.7932955,39.637554],[-78.7935268,39.6375743],[-78.7937883,39.6375703],[-78.7939098,39.637509],[-78.7940452,39.637388],[-78.7943344,39.6372646],[-78.7946254,39.6372126],[-78.7947949,39.6372219],[-78.7949167,39.6371725],[-78.7951284,39.6370265],[-78.7952336,39.6369298],[-78.7953364,39.6367379],[-78.7953795,39.6366183],[-78.7953457,39.6364998],[-78.7951708,39.6362765],[-78.7949365,39.6361373],[-78.7947498,39.6360568],[-78.7946518,39.6358323],[-78.7945375,39.6355724],[-78.7943765,39.6352893],[-78.7942317,39.6350417],[-78.7940906,39.6349368],[-78.7940414,39.6348186],[-78.7940532,39.6346757],[-78.7941861,39.6344595],[-78.7945465,39.6341091],[-78.7950735,39.6336609],[-78.7955864,39.6332606],[-78.79607,39.6329201],[-78.7963857,39.6326298],[-78.7967002,39.632292],[-78.7968147,39.6319571],[-78.7969245,39.6314321],[-78.7970989,39.6304302],[-78.7971248,39.6302395],[-78.7972517,39.6297855],[-78.7975767,39.6292571],[-78.7978601,39.6289078],[-78.7983938,39.6287213],[-78.7989154,39.6286658],[-78.7993158,39.6286834],[-78.7997805,39.6288072],[-78.8001532,39.6289443],[-78.8003998,39.6289643],[-78.8005841,39.6289496],[-78.8007981,39.6288987],[-78.8011479,39.6287388],[-78.8013722,39.6284855],[-78.8015639,39.6281614],[-78.8015979,39.6276851],[-78.8015909,39.6274116],[-78.8015218,39.6271153],[-78.8013522,39.6264993],[-78.8012614,39.6259535],[-78.8010313,39.6253741],[-78.8008063,39.6249969],[-78.800568,39.6247031],[-78.8003747,39.6243611],[-78.8001796,39.6239477],[-78.7999932,39.6232725],[-78.7995734,39.6224938],[-78.7992635,39.6220436],[-78.7989694,39.6216286],[-78.7985745,39.6211293],[-78.7982176,39.6206676],[-78.7979726,39.6202423],[-78.7977149,39.6198077],[-78.7975549,39.6193335],[-78.7973521,39.6186311],[-78.7972412,39.6181465],[-78.7972641,39.6175932],[-78.7971864,39.6169652],[-78.7970622,39.6164427],[-78.7969897,39.6160148],[-78.7968807,39.6156065],[-78.7966987,39.6152375],[-78.796494,39.614945],[-78.7962517,39.6146246],[-78.7960115,39.6143899],[-78.795823,39.6142498],[-78.7957457,39.6140573],[-78.7956783,39.6138897],[-78.7955127,39.6131962],[-78.7953334,39.6124458],[-78.7952058,39.6117899],[-78.7951748,39.6115425],[-78.7950958,39.6108573],[-78.7950525,39.6096376],[-78.795084,39.6089412],[-78.7951198,39.6084067],[-78.7952789,39.60788],[-78.7955482,39.6073229],[-78.7957499,39.6070147],[-78.7958176,39.6067658],[-78.7960291,39.6063622],[-78.7963642,39.6059662],[-78.7968598,39.6055869],[-78.7972357,39.6053428],[-78.7976988,39.6051355],[-78.7979679,39.6050551],[-78.7981655,39.6050712],[-78.7983032,39.6051549],[-78.7987467,39.6051481],[-78.7990675,39.6051623],[-78.7995473,39.6051264],[-78.7998949,39.605226],[-78.8001568,39.6053459],[-78.8004709,39.6055795],[-78.8006871,39.6058431],[-78.800841,39.6060791],[-78.8009085,39.6063069],[-78.8011013,39.6066186],[-78.8013168,39.6068536],[-78.8015294,39.6069743],[-78.8017408,39.6070474],[-78.8022344,39.6070684],[-78.8028775,39.6071539],[-78.8035196,39.6072013],[-78.8038899,39.6072243],[-78.80421,39.6072098],[-78.8044932,39.607196],[-78.8047263,39.6071543],[-78.8051582,39.6071763],[-78.8057281,39.6072915],[-78.806162,39.6073897],[-78.8065112,39.6075465],[-78.8069731,39.6077777],[-78.8074476,39.6080183],[-78.8079843,39.6082771],[-78.8082454,39.6083684],[-78.8084682,39.6084031],[-78.8088738,39.6083588],[-78.809015,39.6082804],[-78.8090682,39.6082509],[-78.8092595,39.6080192],[-78.8093433,39.6079225],[-78.8094251,39.6077497],[-78.8094227,39.6076544],[-78.8093705,39.6075408],[-78.8093552,39.6074266],[-78.8094102,39.6071684],[-78.8094867,39.6067858],[-78.8095637,39.6064224],[-78.8097414,39.6061432],[-78.8098201,39.6058464],[-78.809861,39.6055216],[-78.8099178,39.6053301],[-78.8100452,39.6050135],[-78.8102927,39.6045712],[-78.8104211,39.6042927],[-78.8104882,39.6040247],[-78.8106166,39.6037463],[-78.8107069,39.6034207],[-78.8109142,39.6028551],[-78.8110801,39.6025951],[-78.8111211,39.6022703],[-78.8111164,39.6020893],[-78.8111369,39.6019269],[-78.8112806,39.6017626],[-78.8113765,39.6016562],[-78.8115327,39.6015013],[-78.8114916,39.6013399],[-78.8115985,39.6011857],[-78.811707,39.6010887],[-78.8118164,39.6010298],[-78.8118903,39.6010287],[-78.8120212,39.6008455],[-78.8120631,39.6005588],[-78.8121139,39.6001386],[-78.8120273,39.5996441],[-78.8119187,39.5992549],[-78.811749,39.5988857],[-78.8116828,39.5987056],[-78.811641,39.5985156],[-78.8116723,39.5982958],[-78.8118135,39.5980362],[-78.8121245,39.5976692],[-78.8125841,39.5973284],[-78.8131798,39.5970142],[-78.8134834,39.5968379],[-78.8138338,39.5965656],[-78.8142697,39.5962633],[-78.8149381,39.5959003],[-78.8154979,39.5956247],[-78.8161676,39.5953093],[-78.8164711,39.595133],[-78.8169947,39.5948866],[-78.8173108,39.5947197],[-78.817909,39.5945007],[-78.8181275,39.5943734],[-78.8182478,39.5942572],[-78.8183158,39.5940273],[-78.8183478,39.5938361],[-78.8183289,39.593579],[-78.8180858,39.59323],[-78.8178919,39.5928802],[-78.8177476,39.5925392],[-78.8177521,39.5922341],[-78.817758,39.5919861],[-78.8178499,39.5917273],[-78.8180037,39.591477],[-78.8181091,39.5912657],[-78.8182892,39.5910817],[-78.8184563,39.5908694],[-78.8185876,39.5907053],[-78.8187914,39.5904829],[-78.818899,39.5903573],[-78.8190185,39.5902124],[-78.8191518,39.5901246],[-78.8192976,39.5900461],[-78.8194703,39.5900529],[-78.8196563,39.5900977],[-78.8200281,39.5901778],[-78.8204247,39.590267],[-78.820721,39.5902911],[-78.8212982,39.5902154],[-78.8220356,39.5901373],[-78.8227266,39.5901743],[-78.8231954,39.5901956],[-78.8234806,39.5902675],[-78.8238775,39.5903662],[-78.8241372,39.5904004],[-78.8243956,39.5903868],[-78.8247008,39.5902772],[-78.824908,39.5901882],[-78.8254132,39.5897133],[-78.825579,39.5894533],[-78.8257165,39.5890507],[-78.8258404,39.5886007],[-78.825836,39.5884292],[-78.8258461,39.5883432],[-78.8258803,39.5882378],[-78.8259266,39.5881227],[-78.8259313,39.5878271],[-78.8259099,39.5874746],[-78.8258995,39.5870744],[-78.8258889,39.5866646],[-78.8258793,39.5862929],[-78.8258717,39.5859975],[-78.8259475,39.5855959],[-78.826117,39.5850021],[-78.8261456,39.5846775],[-78.8261843,39.584267],[-78.8262498,39.5839418],[-78.8263259,39.5835498],[-78.826327,39.583511],[-78.8263239,39.5829968],[-78.8262389,39.5825691],[-78.8261803,39.5822077],[-78.826083,39.5817802],[-78.8259369,39.5813725],[-78.8258714,39.581221],[-78.825813,39.5808691],[-78.8257613,39.5802979],[-78.8257975,39.579792],[-78.8258453,39.5792574],[-78.8259665,39.5787025],[-78.8260547,39.5783008],[-78.82613,39.5778801],[-78.8261482,39.5776319],[-78.8260808,39.5774042],[-78.8259271,39.5771777],[-78.8256758,39.5769909],[-78.8253635,39.5768242],[-78.8249305,39.5767546],[-78.8244483,39.5766858],[-78.8239298,39.5766461],[-78.8233882,39.576664],[-78.8231419,39.5766678],[-78.8227744,39.5767498],[-78.8223601,39.5769278],[-78.8220549,39.5770374],[-78.8217594,39.577042],[-78.8213269,39.5769914],[-78.8205949,39.576793],[-78.8201582,39.5765804],[-78.819807,39.576338],[-78.8195301,39.5761134],[-78.8192393,39.5758224],[-78.8188931,39.5752938],[-78.818586,39.5748505],[-78.8182308,39.5744555],[-78.8177243,39.5739199],[-78.8174231,39.5737052],[-78.8169914,39.5732066],[-78.8165767,39.5728888],[-78.8159738,39.5724405],[-78.8155099,39.5721235],[-78.815156,39.5717762],[-78.8149876,39.5714546],[-78.8146953,39.5711063],[-78.8145272,39.5707943],[-78.8144853,39.5706043],[-78.8144432,39.5704047],[-78.8144591,39.5700612],[-78.8144273,39.5697852],[-78.8143082,39.5694629],[-78.8140093,39.5688573],[-78.8136383,39.5683196],[-78.8134218,39.5680465],[-78.8132672,39.5677819],[-78.8132118,39.5675444],[-78.8132161,39.5672297],[-78.8132747,39.5671144],[-78.8134134,39.5667595],[-78.8135531,39.5664427],[-78.8137773,39.5660579],[-78.8140359,39.5655772],[-78.8144495,39.564894],[-78.8148054,39.5643641],[-78.8151244,39.5638349],[-78.8155289,39.5632757],[-78.8158872,39.5628411],[-78.8163069,39.5623961],[-78.8167076,39.5621706],[-78.8167911,39.5620645],[-78.8169223,39.5619004],[-78.8171762,39.5617153],[-78.8174432,39.5615587],[-78.8176129,39.5614512],[-78.8179566,39.5614077],[-78.818325,39.5613639],[-78.8189751,39.5612585],[-78.819478,39.5611745],[-78.8199912,39.5610141],[-78.8203074,39.5608566],[-78.8205524,39.5608052],[-78.8208834,39.5607429],[-78.8211281,39.5606819],[-78.8213367,39.5606501],[-78.821597,39.5607128],[-78.8218838,39.5608514],[-78.8220599,39.5609916],[-78.8221732,39.5610852],[-78.8226713,39.5612968],[-78.823119,39.5614615],[-78.8236418,39.5616727],[-78.8239779,39.5618105],[-78.8245384,39.5620497],[-78.8253106,39.562381],[-78.8260826,39.5627027],[-78.8265458,39.5629911],[-78.8269322,39.5631663],[-78.8272068,39.563305],[-78.827517,39.5633956],[-78.827754,39.5635063],[-78.8278815,39.5636759],[-78.8279623,39.5639416],[-78.8280305,39.564198],[-78.8281953,39.5643766],[-78.8284196,39.564478],[-78.8288686,39.5646903],[-78.8292439,39.5649133],[-78.8296172,39.5650601],[-78.8300649,39.5652247],[-78.8305112,39.5653322],[-78.8311185,39.5654753],[-78.8316132,39.5655535],[-78.8326899,39.5657465],[-78.8335696,39.5659425],[-78.8344502,39.5661767],[-78.8353075,39.5664589],[-78.8359422,39.5667065],[-78.8366017,39.5669632],[-78.837298,39.5672097],[-78.837744,39.5673077],[-78.8380774,39.5673406],[-78.8383237,39.5673368],[-78.8385325,39.5673144],[-78.8388995,39.5672134],[-78.8390819,39.5671247],[-78.8392274,39.5670367],[-78.839471,39.566928],[-78.8397377,39.5667617],[-78.8399176,39.5665778],[-78.8401828,39.5663544],[-78.840434,39.5660644],[-78.8407582,39.5657447],[-78.8412622,39.5652316],[-78.8415736,39.564893],[-78.841808,39.5644317],[-78.841949,39.5641721],[-78.8421863,39.5638252],[-78.8423412,39.5636225],[-78.8425086,39.5634292],[-78.842857,39.5630901],[-78.8433425,39.5628156],[-78.8437931,39.5626178],[-78.8442215,39.5625158],[-78.8444183,39.5625032],[-78.844666,39.5625565],[-78.8449653,39.5626949],[-78.8453258,39.5628227],[-78.8455861,39.5628854],[-78.8458816,39.5628807],[-78.8463362,39.5628355],[-78.8469476,39.5626638],[-78.8472655,39.562573],[-78.8474228,39.5624657],[-78.8476291,39.5623481],[-78.8478616,39.5622872],[-78.8481061,39.5622166],[-78.8483969,39.5620309],[-78.8486482,39.5617505],[-78.8488171,39.5616144],[-78.849824,39.5610266],[-78.8502487,39.5607815],[-78.8505023,39.5605869],[-78.8507669,39.5603444],[-78.8509195,39.560056],[-78.8509743,39.5597977],[-78.8509592,39.559693],[-78.8509774,39.5594449],[-78.8509324,39.5591405],[-78.8508102,39.5587038],[-78.850726,39.5583143],[-78.8506909,39.5579144],[-78.8505983,39.5572008],[-78.8506359,39.5567521],[-78.85065,39.5563514],[-78.8507368,39.555902],[-78.8508949,39.555356],[-78.8509804,39.5548589],[-78.8510325,39.5544958],[-78.8511348,39.5541701],[-78.8511667,39.5539789],[-78.8513414,39.5535948],[-78.8514545,39.5532116],[-78.8515548,39.5528096],[-78.8516446,39.5524745],[-78.8517114,39.5522065],[-78.851831,39.5520712],[-78.8518881,39.5518986],[-78.8518595,39.5517465],[-78.8518178,39.5515661],[-78.8518266,39.5514324],[-78.8520523,39.5511143],[-78.852397,39.5506417],[-78.852685,39.5503511],[-78.8530076,39.5499742],[-78.8540622,39.5488612],[-78.854674,39.5482414],[-78.8552629,39.5476887],[-78.8556948,39.5472529],[-78.8558742,39.5470498],[-78.8570224,39.5457542],[-78.8576447,39.5450675],[-78.8580055,39.5447376],[-78.8584356,39.5442351],[-78.8586863,39.5439356],[-78.8589378,39.5436646],[-78.8592126,39.5433457],[-78.8594656,39.5431319],[-78.8597173,39.5428705],[-78.8600665,39.5425695],[-78.8603795,39.5422976],[-78.8606812,39.542064],[-78.8609078,39.5417839],[-78.8611219,39.5414945],[-78.8613489,39.5412335],[-78.8614818,39.5411361],[-78.8616521,39.5410571],[-78.8618112,39.5410165],[-78.8620819,39.5410122],[-78.8622796,39.5410377],[-78.8625507,39.5410429],[-78.8627097,39.5410023],[-78.8628574,39.5409999],[-78.8631408,39.541005],[-78.8633256,39.5410116],[-78.8636452,39.5409875],[-78.8639255,39.5408782],[-78.8642679,39.540787],[-78.8649531,39.5406236],[-78.865441,39.5404442],[-78.8658057,39.5402669],[-78.866196,39.5401272],[-78.8667346,39.5400043],[-78.8672008,39.5399397],[-78.8675183,39.5398393],[-78.8678238,39.5397486],[-78.868142,39.5396769],[-78.8684728,39.5396144],[-78.8689891,39.5395776],[-78.8693814,39.5395142],[-78.8696999,39.539452],[-78.8700418,39.5393417],[-78.8702138,39.5392678],[-78.8705266,39.5389453],[-78.8707248,39.5384788],[-78.8707987,39.5379199],[-78.8708185,39.5374133],[-78.8708494,39.5369065],[-78.8708275,39.536495],[-78.8708263,39.5360317],[-78.870741,39.5357413],[-78.8706551,39.5354252],[-78.8706169,39.535237],[-78.8705685,39.5350833],[-78.870566,39.5349889],[-78.8706311,39.5349364],[-78.87071,39.5349867],[-78.8707565,39.5350717],[-78.8708454,39.5350789],[-78.8708097,39.5349851],[-78.8706835,39.5348241],[-78.8704904,39.5346469],[-78.870331,39.5344864],[-78.8700448,39.5343362],[-78.8698185,39.5341586],[-78.8696527,39.5339419],[-78.8694926,39.5334773],[-78.8693203,39.5330129],[-78.8692276,39.5327664],[-78.8691278,39.5327204],[-78.8690648,39.5326641],[-78.8690231,39.5324837],[-78.8691032,39.5322536],[-78.8692205,39.5320324],[-78.8693842,39.5317057],[-78.8695733,39.5314071],[-78.8697888,39.5311749],[-78.8699543,39.5309148],[-78.8701552,39.530597],[-78.8702616,39.5304332],[-78.8704495,39.5301684],[-78.8707822,39.5297598],[-78.8708332,39.529596],[-78.8708585,39.5292952],[-78.8710192,39.5290868],[-78.8713494,39.5285838],[-78.8716041,39.5281593],[-78.8719026,39.527717],[-78.872193,39.5273863],[-78.8725682,39.5269084],[-78.8728794,39.5265259],[-78.8731754,39.5259892],[-78.8732039,39.5258085],[-78.8733191,39.5255578],[-78.8734999,39.5252718],[-78.8736181,39.5251326],[-78.8737453,39.5249161],[-78.8739686,39.5245607],[-78.8740201,39.524414],[-78.8741882,39.5240681],[-78.8742706,39.5238351],[-78.8744679,39.5233343],[-78.8746701,39.5230222],[-78.8748403,39.5227535],[-78.8751449,39.5225427],[-78.8756145,39.5222864],[-78.876227,39.5219849],[-78.8765669,39.5218507],[-78.8771043,39.5216448],[-78.8776883,39.521524],[-78.8782737,39.5214546],[-78.8787723,39.5214552],[-78.879515,39.5214691],[-78.8798274,39.5215499],[-78.880019,39.5216756],[-78.8801671,39.5218277],[-78.880605,39.5220438],[-78.880951,39.5221412],[-78.8812962,39.5222044],[-78.8817087,39.5223008],[-78.8828563,39.5225399],[-78.8836585,39.5227072],[-78.8840034,39.5227618],[-78.8842353,39.5227323],[-78.8848329,39.5227056],[-78.8852216,39.5227423],[-78.8856337,39.5228215],[-78.8860905,39.5229172],[-78.8865487,39.5230643],[-78.8871739,39.5232431],[-78.8873657,39.5233687],[-78.8875027,39.523521],[-78.8877184,39.5237149],[-78.8879908,39.5239594],[-78.8880835,39.5241123],[-78.888111,39.5243093],[-78.8882944,39.524538],[-78.8884325,39.5247332],[-78.8886607,39.5249783],[-78.8888639,39.525121],[-78.8890984,39.5251859],[-78.8893637,39.5251644],[-78.8896297,39.5251687],[-78.8900188,39.525214],[-78.8903732,39.5252083],[-78.890771,39.5251676],[-78.8913658,39.5250379],[-78.8917945,39.5249109],[-78.892211,39.5247412],[-78.8926243,39.5244514],[-78.8930131,39.5240762],[-78.8932379,39.5237808],[-78.8933217,39.5235993],[-78.8933826,39.5233923],[-78.893331,39.5231186],[-78.8932032,39.5228975],[-78.8930156,39.5225144],[-78.8928489,39.5220795],[-78.892752,39.5217721],[-78.8927435,39.5214548],[-78.8926381,39.5212419],[-78.89249,39.5210899],[-78.8924406,39.5209019],[-78.8923142,39.5207323],[-78.8922457,39.5206562],[-78.8921659,39.5205716],[-78.8921634,39.5204773],[-78.8920478,39.5202989],[-78.8918884,39.5201385],[-78.8917027,39.5198239],[-78.8915066,39.5195353],[-78.8912538,39.5191962],[-78.8911095,39.5187694],[-78.8909868,39.5183252],[-78.8910067,39.5178272],[-78.8911263,39.5173276],[-78.8912874,39.5167243],[-78.8914377,39.5161298],[-78.8914956,39.5158114],[-78.8916069,39.5154149],[-78.8918882,39.5147497],[-78.8920991,39.5143516],[-78.8922431,39.5139374],[-78.8925214,39.5135725],[-78.8928354,39.5133015],[-78.8932706,39.5130027],[-78.8937629,39.5127717],[-78.8941477,39.5126625],[-78.8944469,39.5126663],[-78.8952451,39.5126878],[-78.8957432,39.5126712],[-78.8961511,39.512596],[-78.8969449,39.5124545],[-78.8974294,39.5123437],[-78.8977387,39.512313],[-78.8982163,39.5123568],[-78.8986599,39.5123754],[-78.8993824,39.5124667],[-78.9000053,39.5125597],[-78.9013618,39.5127437],[-78.9018841,39.5128039],[-78.9020409,39.5128701],[-78.9021632,39.5128852],[-78.9023178,39.5128656],[-78.902605,39.5128352],[-78.9033561,39.5127544],[-78.9036092,39.5126903],[-78.9039926,39.5125296],[-78.9049527,39.5119821],[-78.9051924,39.5118323],[-78.9053523,39.5115981],[-78.9053583,39.5114092],[-78.9052844,39.5111358],[-78.905212,39.5109139],[-78.9050592,39.5105903],[-78.9048971,39.5103269],[-78.9047097,39.5099523],[-78.904407,39.5094081],[-78.9040564,39.5087272],[-78.903899,39.5082321],[-78.9037712,39.5075992],[-78.9036932,39.5071714],[-78.9035433,39.5061269],[-78.9034782,39.5057676],[-78.90346,39.5055019],[-78.903472,39.5051241],[-78.9035919,39.5046417],[-78.9039572,39.503812],[-78.9042511,39.5032066],[-78.9046388,39.5023851],[-78.9050313,39.5017438],[-78.9053817,39.5011803],[-78.9057968,39.5005558],[-78.9060847,39.5001393],[-78.9061693,39.499992],[-78.9064046,39.4996793],[-78.9067484,39.4992876],[-78.9070773,39.4987502],[-78.9074747,39.498289],[-78.9077231,39.4980533],[-78.9080549,39.4976275],[-78.9085999,39.4968893],[-78.9089778,39.4965313],[-78.9093563,39.4961905],[-78.9096273,39.4959716],[-78.9099778,39.4958286],[-78.9106035,39.4956211],[-78.9108782,39.4955394],[-78.9113289,39.495412],[-78.9117689,39.4953019],[-78.9119991,39.4952123],[-78.9124686,39.4949644],[-78.912883,39.494726],[-78.9130979,39.4944823],[-78.9133663,39.494169],[-78.913533,39.4937801],[-78.9136773,39.4933831],[-78.9138041,39.4931579],[-78.9138777,39.4930108],[-78.9139399,39.4928554],[-78.9139796,39.4926831],[-78.9139712,39.4923743],[-78.9139165,39.4919891],[-78.9138643,39.4916982],[-78.9138906,39.4914403],[-78.9139154,39.491131],[-78.9140498,39.490777],[-78.9141222,39.490587],[-78.914302,39.4902752],[-78.9144291,39.4900586],[-78.914554,39.4897648],[-78.9146704,39.4895656],[-78.9147755,39.4893579],[-78.9149572,39.4891147],[-78.915117,39.4888804],[-78.9152313,39.4886039],[-78.9155179,39.4881445],[-78.9157805,39.4876168],[-78.9160854,39.4870197],[-78.9162657,39.486725],[-78.9164506,39.4866019],[-78.9166102,39.486359],[-78.9166959,39.4862547],[-78.9168151,39.4861583],[-78.9169699,39.4861472],[-78.9172549,39.4860396],[-78.9175309,39.4860094],[-78.9177747,39.486014],[-78.9181529,39.4860765],[-78.9185311,39.486139],[-78.9191877,39.486257],[-78.9197658,39.486342],[-78.9204118,39.4864773],[-78.9208006,39.4865225],[-78.9214018,39.4866414],[-78.9220591,39.4867851],[-78.9226848,39.4869894],[-78.9234212,39.4871919],[-78.9239438,39.4872692],[-78.9243991,39.4873133],[-78.9247872,39.4873327],[-78.925042,39.4873371],[-78.9252973,39.4873587],[-78.9255067,39.4873209],[-78.9257048,39.4872748],[-78.9259488,39.4872879],[-78.9260821,39.4873029],[-78.9262938,39.4873509],[-78.9264926,39.4873305],[-78.926758,39.4873176],[-78.9271553,39.4872682],[-78.9275423,39.4872447],[-78.9278522,39.4872396],[-78.9281396,39.4872178],[-78.9285588,39.4871594],[-78.9289227,39.487102],[-78.9295619,39.4869885],[-78.9296936,39.4869435],[-78.9299025,39.4868886],[-78.9302341,39.486866],[-78.9307993,39.4868825],[-78.9312089,39.4868757],[-78.9315954,39.4868351],[-78.931914,39.486744],[-78.9323761,39.4866335],[-78.9327843,39.4865753],[-78.9335108,39.4864175],[-78.9338735,39.4863172],[-78.9344447,39.4861447],[-78.9347167,39.4859686],[-78.9350926,39.485542],[-78.9354283,39.4852619],[-78.9356398,39.484898],[-78.9358887,39.484688],[-78.9362576,39.4844073],[-78.9367298,39.4842623],[-78.9373226,39.4840723],[-78.9379026,39.4838225],[-78.9383824,39.4835486],[-78.9388517,39.4833006],[-78.9391355,39.48315],[-78.9395611,39.4829199],[-78.9398336,39.482761],[-78.9400719,39.4825683],[-78.9403093,39.4823413],[-78.9405773,39.4820193],[-78.940968,39.4817297],[-78.9412084,39.4816142],[-78.9414503,39.4815502],[-78.9415264,39.4815256],[-78.9417027,39.4814688],[-78.9418756,39.4813115],[-78.9422649,39.4809704],[-78.9423423,39.4808633],[-78.9423716,39.4808227],[-78.9424982,39.4805975],[-78.9425232,39.4802968],[-78.9424587,39.4799632],[-78.9423487,39.4795874],[-78.9422105,39.4793924],[-78.9420835,39.4792057],[-78.9419531,39.4788903],[-78.9418725,39.4786185],[-78.9418188,39.4784377],[-78.9417536,39.4780784],[-78.9417595,39.4778895],[-78.9416698,39.4774448],[-78.9414941,39.4770958],[-78.9411866,39.4767834],[-78.9410046,39.4766062],[-78.9407922,39.4765325],[-78.9405261,39.4765197],[-78.9404243,39.4764442],[-78.9403,39.4763518],[-78.9402599,39.4763412],[-78.9401773,39.4763195],[-78.9399383,39.4760832],[-78.9398145,39.476008],[-78.9396129,39.4759255],[-78.9394137,39.4759288],[-78.9392799,39.4758967],[-78.9391653,39.4757527],[-78.9390609,39.4755828],[-78.9390353,39.4754545],[-78.9389562,39.4753957],[-78.9389305,39.4752674],[-78.9388394,39.4751745],[-78.9387247,39.4750305],[-78.9385976,39.4748352],[-78.9385922,39.474638],[-78.9385983,39.4746121],[-78.9387014,39.4741814],[-78.9388821,39.4739038],[-78.9392812,39.4735197],[-78.9398407,39.4729269],[-78.9402318,39.4722512],[-78.9404407,39.4717929],[-78.940631,39.4714637],[-78.9408806,39.4712794],[-78.9410729,39.4710274],[-78.9416771,39.4704511],[-78.9418711,39.4702591],[-78.9429721,39.4692283],[-78.9436653,39.4686677],[-78.9444922,39.4681392],[-78.9449014,39.4677205],[-78.9453756,39.4672493],[-78.9458406,39.4668469],[-78.9461961,39.4664892],[-78.9463917,39.4663573],[-78.946622,39.4662762],[-78.9469521,39.4662021],[-78.9476125,39.4660625],[-78.9484377,39.4658772],[-78.9487118,39.4657783],[-78.9488954,39.4656948],[-78.9491819,39.4655645],[-78.9494579,39.4655342],[-78.9497204,39.4654183],[-78.9500702,39.4652581],[-78.950878,39.4648414],[-78.9517267,39.4643039],[-78.9520662,39.4641695],[-78.9522206,39.4641498],[-78.9525519,39.4641186],[-78.9528151,39.4640284],[-78.9532664,39.4639351],[-78.9534971,39.4638712],[-78.9539044,39.4637872],[-78.9541596,39.4638087],[-78.9545917,39.4638187],[-78.954979,39.4638123],[-78.955366,39.4637973],[-78.9556547,39.4638268],[-78.9560667,39.4639144],[-78.9564674,39.4639935],[-78.957,39.4640362],[-78.9573094,39.4640138],[-78.9576253,39.463918],[-78.9581489,39.4636347],[-78.9586288,39.4631996],[-78.9590075,39.4626593],[-78.9590919,39.4621545],[-78.9591981,39.4617256],[-78.9592001,39.4610848],[-78.9591263,39.4605521],[-78.9588977,39.4601135],[-78.9586075,39.4595844],[-78.9583399,39.4591617],[-78.9580117,39.458679],[-78.9577672,39.4583779],[-78.9573017,39.4579128],[-78.9568798,39.4575994],[-78.9565353,39.457239],[-78.9562271,39.4567712],[-78.9560028,39.4564851],[-78.9559027,39.4564257],[-78.9557052,39.4563985],[-78.9555449,39.4562944],[-78.9552841,39.4561156],[-78.9551623,39.4559803],[-78.9552162,39.4557964],[-78.9552133,39.4556896],[-78.9550137,39.4555862],[-78.9546541,39.4553938],[-78.9542138,39.4551265],[-78.954107,39.4548232],[-78.9541384,39.4545328],[-78.9542095,39.4542571],[-78.9544379,39.4539787],[-78.9547254,39.4536993],[-78.9550128,39.4534199],[-78.9553443,39.4533076],[-78.9555757,39.453136],[-78.9563895,39.45268],[-78.9564268,39.4526031],[-78.9565239,39.4525558],[-78.9567783,39.4525058],[-78.9572089,39.4524223],[-78.9587727,39.4520455],[-78.9592816,39.4519455],[-78.9595364,39.4519107],[-78.9599863,39.4518117],[-78.960159,39.4516562],[-78.9604293,39.4514687],[-78.9605427,39.451299],[-78.9605397,39.4511922],[-78.9605137,39.4509638],[-78.9604091,39.4507368],[-78.9602282,39.4506025],[-78.9599482,39.4504393],[-78.9596469,39.4502155],[-78.9591873,39.4499638],[-78.9584871,39.4495483],[-78.9581841,39.4492635],[-78.9579037,39.4490851],[-78.9575446,39.448908],[-78.9573856,39.4488496],[-78.9572048,39.4487153],[-78.9568662,39.4485684],[-78.9565293,39.4484825],[-78.9562313,39.4483806],[-78.9560308,39.4482467],[-78.9559069,39.4480351],[-78.9558826,39.4478677],[-78.9558588,39.4477156],[-78.955852,39.4474716],[-78.9558795,39.447044],[-78.955725,39.4464363],[-78.9556031,39.4455841],[-78.9555004,39.4447162],[-78.9554015,39.4439856],[-78.9554876,39.4435417],[-78.9555327,39.4430376],[-78.955518,39.4425039],[-78.9553781,39.4417129],[-78.9555052,39.4413294],[-78.9557516,39.4409897],[-78.9562126,39.4405854],[-78.9564234,39.4403835],[-78.9567732,39.4402252],[-78.9573401,39.4400937],[-78.9576744,39.4400882],[-78.9582435,39.4400329],[-78.9583689,39.4400174],[-78.9588121,39.4399624],[-78.9594962,39.4397985],[-78.9599677,39.4397754],[-78.9605355,39.4396744],[-78.9610259,39.4396205],[-78.9613781,39.4395536],[-78.9618706,39.4395759],[-78.9624016,39.439567],[-78.9628342,39.4395598],[-78.963048,39.4394647],[-78.9631818,39.4393252],[-78.9635149,39.4392739],[-78.9635923,39.4392268],[-78.9636291,39.4391347],[-78.9636642,39.4389815],[-78.9637574,39.4387969],[-78.9637925,39.4386438],[-78.9639264,39.4385042],[-78.9642958,39.4383455],[-78.9646485,39.4382938],[-78.9649238,39.4382892],[-78.9651401,39.4382856],[-78.9655569,39.438416],[-78.9657783,39.4385953],[-78.9661834,39.4390157],[-78.9665044,39.4392392],[-78.9668635,39.4394163],[-78.9670883,39.4397176],[-78.9671515,39.4398691],[-78.9672348,39.4400356],[-78.9675734,39.4401825],[-78.9678538,39.4403608],[-78.9680769,39.4406012],[-78.9687048,39.4412467],[-78.9690121,39.4416839],[-78.9690855,39.4422014],[-78.9691388,39.442704],[-78.9691682,39.4430543],[-78.9692738,39.4433119],[-78.9694576,39.4435529],[-78.9697363,39.4436703],[-78.9701347,39.4438467],[-78.9707692,39.4440192],[-78.971522,39.4442049],[-78.9720786,39.4444091],[-78.9727763,39.4447331],[-78.9735958,39.4451922],[-78.9742986,39.4456992],[-78.9750224,39.4462515],[-78.9755867,39.4467302],[-78.976452,39.4474174],[-78.9769996,39.4480032],[-78.9774425,39.4483619],[-78.9779222,39.4486284],[-78.9783989,39.4487882],[-78.978853,39.4488416],[-78.9793665,39.4489093],[-78.979762,39.4489789],[-78.9799227,39.4490982],[-78.979927,39.4492507],[-78.9799907,39.4494175],[-78.9801921,39.4495819],[-78.9805311,39.449744],[-78.9809493,39.44992],[-78.9814641,39.4500334],[-78.98212,39.4502664],[-78.9825005,39.4505041],[-78.9828408,39.450712],[-78.9833184,39.4509022],[-78.9838965,39.4511671],[-78.9849475,39.4514545],[-78.9857197,39.4516246],[-78.9863329,39.4517363],[-78.9869635,39.4517714],[-78.9875767,39.4518831],[-78.9882497,39.4520243],[-78.9890035,39.4522404],[-78.9894421,39.4523481],[-78.9898754,39.4524545],[-78.9904488,39.4525516],[-78.9910376,39.4524958],[-78.9921369,39.452401],[-78.9930408,39.4523552],[-78.9937506,39.4524042],[-78.9944074,39.4526676],[-78.9952083,39.4531575],[-78.9955351,39.4535791],[-78.9958156,39.4537574],[-78.9960354,39.4538758],[-78.9963133,39.4539626],[-78.99641,39.4538999],[-78.996389,39.4538545],[-78.9963283,39.4537945],[-78.9963471,39.4537637],[-78.9964455,39.453762],[-78.9966242,39.45382],[-78.997364,39.4542346],[-78.9979028,39.4545001],[-78.9988838,39.4550936],[-78.9991862,39.4553479],[-78.9993098,39.4555441],[-78.9993749,39.4557566],[-78.9994378,39.4558928],[-78.9995631,39.45615],[-78.9995687,39.4563482],[-78.9995747,39.4565617],[-78.9996966,39.4566969],[-79.0000379,39.4569352],[-79.0006196,39.457322],[-79.0013043,39.4578748],[-79.0018637,39.4581704],[-79.0025005,39.4584189],[-79.0031416,39.4588199],[-79.0034003,39.4589223],[-79.0038558,39.4590214],[-79.0042745,39.4592126],[-79.0045033,39.4592302],[-79.0046241,39.4593273],[-79.0047834,39.4593933],[-79.0049729,39.4594816],[-79.0052113,39.4595614],[-79.005577,39.4596162],[-79.0058737,39.4596722],[-79.0061598,39.4596978],[-79.0062971,39.4596802],[-79.0063061,39.4596496],[-79.0062554,39.459597],[-79.0062145,39.4595444],[-79.0063415,39.4595117],[-79.0063911,39.4595261],[-79.0064919,39.4596083],[-79.0066418,39.4596896],[-79.0069093,39.4597537],[-79.0072187,39.4599086],[-79.0076567,39.4600842],[-79.0078861,39.4601947],[-79.0082043,39.4603114],[-79.008611,39.4604265],[-79.0090278,39.460549],[-79.0094448,39.4606792],[-79.0099711,39.4608457],[-79.0105076,39.4610272],[-79.0108074,39.4611899],[-79.0109899,39.4613775],[-79.0110757,39.4616277],[-79.0112135,39.4619762],[-79.0113501,39.462279],[-79.0115,39.4623604],[-79.0116908,39.4624944],[-79.0118914,39.4626283],[-79.0120236,39.4627786],[-79.0122753,39.4629802],[-79.0125057,39.4631212],[-79.0128272,39.4633522],[-79.0132299,39.4636733],[-79.0136821,39.4640012],[-79.0139168,39.4642947],[-79.0140184,39.4644073],[-79.0140251,39.4646437],[-79.0140677,39.4647574],[-79.0143184,39.4649209],[-79.0147691,39.4651954],[-79.0149487,39.4652839],[-79.0152379,39.4654162],[-79.0156485,39.4656685],[-79.0159589,39.4658539],[-79.0161324,39.4660722],[-79.0162565,39.4662836],[-79.0164176,39.4664105],[-79.0165299,39.4665535],[-79.0166128,39.466697],[-79.0167839,39.4668314],[-79.0168855,39.4669441],[-79.0171303,39.467245],[-79.0173917,39.4674389],[-79.0176214,39.467557],[-79.0178701,39.4676519],[-79.0179615,39.4677495],[-79.0181114,39.4678308],[-79.0182699,39.4678662],[-79.018419,39.4679171],[-79.0186535,39.4678596],[-79.0188385,39.4677878],[-79.0191305,39.467676],[-79.019491,39.4675478],[-79.0197627,39.4674135],[-79.0199452,39.4672578],[-79.0201105,39.4671863],[-79.0203433,39.4670679],[-79.0208587,39.4668531],[-79.0212491,39.4667396],[-79.021405,39.4666835],[-79.0216264,39.4665119],[-79.0219357,39.4663159],[-79.0223449,39.4661716],[-79.0229402,39.4659936],[-79.0238285,39.4657418],[-79.0242781,39.4656349],[-79.0247188,39.4655587],[-79.0255409,39.4653996],[-79.0261571,39.465267],[-79.0268117,39.4651032],[-79.0273212,39.4650258],[-79.0275568,39.4650064],[-79.0276838,39.4649737],[-79.0279092,39.4649394],[-79.028086,39.4649287],[-79.028537,39.4648675],[-79.0289691,39.4648372],[-79.0293735,39.4648684],[-79.0299566,39.4649575],[-79.0304331,39.4651018],[-79.0309118,39.4653224],[-79.0312939,39.4656057],[-79.0314655,39.4657553],[-79.0317261,39.4659186],[-79.0321156,39.4661178],[-79.0327558,39.4664805],[-79.0333362,39.4668137],[-79.0337489,39.4671346],[-79.0341035,39.467487],[-79.0343919,39.4679321],[-79.0344456,39.4680913],[-79.0344677,39.4681748],[-79.0345873,39.4682262],[-79.0347742,39.4685662],[-79.0349334,39.4689677],[-79.0352038,39.4694741],[-79.0355193,39.470178],[-79.0357898,39.4706844],[-79.0359846,39.4709557],[-79.0360266,39.4710465],[-79.0360395,39.471153],[-79.0360124,39.4712374],[-79.0360546,39.4713358],[-79.0361469,39.4714639],[-79.0361294,39.4715405],[-79.0360271,39.4717482],[-79.0358606,39.4721172],[-79.0357721,39.472462],[-79.0357529,39.4728209],[-79.0357721,39.4731485],[-79.0358388,39.4734143],[-79.0360205,39.4739146],[-79.0360888,39.4742338],[-79.0361699,39.4746596],[-79.036221,39.47495],[-79.0362288,39.4749942],[-79.0362358,39.4752382],[-79.036278,39.4753366],[-79.0363814,39.4755102],[-79.0365362,39.4757593],[-79.0366045,39.4760785],[-79.036774,39.4764951],[-79.0369895,39.4768041],[-79.0372195,39.4769298],[-79.0374572,39.4769791],[-79.0376459,39.4770368],[-79.0378958,39.4771698],[-79.0381894,39.4774546],[-79.0385604,39.4776922],[-79.0385651,39.477697],[-79.0387126,39.4778498],[-79.0387961,39.4780162],[-79.0390063,39.4781346],[-79.0393145,39.4782436],[-79.0395924,39.4783227],[-79.0400295,39.4784601],[-79.0402168,39.4784721],[-79.040604,39.4785874],[-79.0409005,39.4786281],[-79.0412374,39.4787061],[-79.0415153,39.4787852],[-79.041733,39.4788272],[-79.0418832,39.4789162],[-79.042242,39.4790701],[-79.0431461,39.4793596],[-79.043952,39.4796583],[-79.0442019,39.4797913],[-79.0444433,39.4799702],[-79.0447302,39.4803618],[-79.0449669,39.4807162],[-79.0452508,39.4813444],[-79.0454186,39.4817],[-79.0454604,39.4817832],[-79.0455428,39.4819114],[-79.0456277,39.4821235],[-79.0456826,39.4823209],[-79.045867,39.4825694],[-79.0460509,39.4828027],[-79.0462744,39.4830429],[-79.0465377,39.4832976],[-79.0467181,39.4834089],[-79.0469869,39.4835111],[-79.0471747,39.4835383],[-79.047805,39.4835502],[-79.0484537,39.4835161],[-79.0488855,39.4834704],[-79.0492289,39.4834339],[-79.049591,39.483359],[-79.0498059,39.4833018],[-79.0501286,39.4832276],[-79.0503822,39.4831469],[-79.0507516,39.4829879],[-79.0511103,39.4827986],[-79.0513928,39.4826945],[-79.0515755,39.4825464],[-79.0517607,39.4824821],[-79.0517886,39.4824283],[-79.0518752,39.4823581],[-79.0521838,39.4821391],[-79.0524714,39.4818748],[-79.0528257,39.481533],[-79.0530626,39.4812161],[-79.0531937,39.480985],[-79.053366,39.4804786],[-79.053397,39.4801882],[-79.0534199,39.4796233],[-79.0534585,39.4793498],[-79.0535575,39.4788938],[-79.0536176,39.478438],[-79.0536291,39.4783514],[-79.0536581,39.4780968],[-79.0536589,39.4780899],[-79.053704,39.4779248],[-79.0537765,39.4778462],[-79.0538499,39.4777966],[-79.0538848,39.4777091],[-79.0539404,39.4774761],[-79.0539719,39.4772726],[-79.0539796,39.4771082],[-79.0540097,39.4768564],[-79.0539658,39.4766349],[-79.0539902,39.4764358],[-79.0540061,39.4763056],[-79.0540254,39.4760802],[-79.0540434,39.4758701],[-79.0541191,39.4754725],[-79.0542919,39.4745514],[-79.054411,39.4739308],[-79.0545095,39.4734555],[-79.0546254,39.4731539],[-79.0546932,39.4729111],[-79.0547717,39.4726101],[-79.0549242,39.4722789],[-79.0549945,39.472123],[-79.0551362,39.47185],[-79.0552004,39.4717782],[-79.055426,39.471526],[-79.0555841,39.4713879],[-79.0558513,39.4711417],[-79.0560235,39.4710613],[-79.0561097,39.4710212],[-79.0562448,39.4709511],[-79.0564422,39.4708801],[-79.0568627,39.470762],[-79.0572162,39.4706956],[-79.0572217,39.4706961],[-79.0572327,39.470691],[-79.0576162,39.4707015],[-79.058316,39.4708958],[-79.0590963,39.4711835],[-79.0596063,39.4714426],[-79.059637,39.4714452],[-79.0597329,39.4714952],[-79.0602405,39.4715724],[-79.06069,39.4717539],[-79.0609236,39.4719564],[-79.0612115,39.472498],[-79.0614306,39.4733463],[-79.0614194,39.4733563],[-79.0619759,39.4743353],[-79.0623016,39.4748375],[-79.0625492,39.4753325],[-79.0625394,39.4753325],[-79.0627329,39.4759189],[-79.0632236,39.4767453],[-79.0633926,39.4770178],[-79.0633809,39.4770188],[-79.0637974,39.4777596],[-79.0640714,39.4782024],[-79.0644184,39.4786741],[-79.0645554,39.4788008],[-79.0645435,39.4788016],[-79.064813,39.4790632],[-79.0654211,39.4795389],[-79.0657542,39.4797224],[-79.066019,39.4798512],[-79.0661975,39.4798782],[-79.0662926,39.4798804],[-79.0662955,39.4798829],[-79.0666852,39.4799137],[-79.0677475,39.4801855],[-79.0679649,39.4800767],[-79.0682757,39.4797041],[-79.0682508,39.4795259],[-79.0683339,39.4792179],[-79.0683173,39.4789998],[-79.0683506,39.4786662],[-79.0681677,39.4783582],[-79.0678518,39.4779989],[-79.0677687,39.4776652],[-79.0677354,39.4773444],[-79.0677354,39.4768696],[-79.0677354,39.4764461],[-79.067752,39.47592],[-79.067885,39.4755735],[-79.0679682,39.4752912],[-79.0680846,39.4750345],[-79.0683838,39.4746752],[-79.0686664,39.4743672],[-79.0690654,39.4743928],[-79.0694977,39.4743672],[-79.0697304,39.4743287],[-79.0700796,39.4741619],[-79.0707113,39.4739565],[-79.0711768,39.4738282],[-79.0716756,39.4738282],[-79.0724237,39.4738282],[-79.0730056,39.4737897],[-79.0735875,39.4735972],[-79.0745185,39.4733662],[-79.0750693,39.4732122],[-79.0756656,39.4730454],[-79.076314,39.4728272],[-79.0777937,39.4725449],[-79.0788909,39.472301],[-79.0802708,39.4720187],[-79.0813681,39.4717107],[-79.0830372,39.4714047],[-79.083679,39.4713642],[-79.0850755,39.4715053],[-79.085807,39.4715695],[-79.086605,39.4715823],[-79.0878519,39.4716978],[-79.0888827,39.4718518],[-79.0898968,39.4721342],[-79.0909466,39.472407],[-79.0919085,39.4727245],[-79.0926899,39.473071],[-79.0934055,39.4734707],[-79.0941362,39.4740464],[-79.0948179,39.474611],[-79.0955328,39.4750088],[-79.0965831,39.475571],[-79.0977273,39.4761253],[-79.0990906,39.4766001],[-79.0999373,39.4769114],[-79.1003541,39.4770108],[-79.1009858,39.4768824],[-79.1016841,39.4766258],[-79.1026317,39.4762408],[-79.1034962,39.4758558],[-79.1040622,39.475545],[-79.1045104,39.4750858],[-79.1048429,39.474765],[-79.1051255,39.4742902],[-79.1054414,39.4740207],[-79.1055736,39.4736342],[-79.1055744,39.4730967],[-79.1054913,39.4725705],[-79.1052585,39.4720058],[-79.1048928,39.471377],[-79.1043607,39.47053],[-79.1036791,39.4699524],[-79.1031305,39.4695931],[-79.1022327,39.4692594],[-79.1013682,39.4689385],[-79.1010357,39.4687332],[-79.1006034,39.468669],[-79.0999218,39.4686305],[-79.0993099,39.4686584],[-79.0983399,39.4687272],[-79.0978104,39.4686562],[-79.0972285,39.4682583],[-79.0965469,39.4678476],[-79.0958985,39.4672444],[-79.0954995,39.4665385],[-79.0951063,39.4660168],[-79.0947514,39.4653962],[-79.0945851,39.4649727],[-79.0945685,39.4647545],[-79.0947878,39.4643624],[-79.0949841,39.4640101],[-79.0951171,39.4637405],[-79.0951454,39.4634469],[-79.0952501,39.4630603],[-79.0956159,39.462688],[-79.0960481,39.4624698],[-79.0967797,39.4623158],[-79.0974945,39.4623158],[-79.0983757,39.46238],[-79.0992901,39.4624442],[-79.0998387,39.4625083],[-79.1004206,39.4628164],[-79.1008196,39.4628677],[-79.101468,39.4628677],[-79.102133,39.4629319],[-79.1027647,39.4630346],[-79.1035794,39.4630859],[-79.1044106,39.4630603],[-79.1051255,39.4629576],[-79.1060233,39.4627265],[-79.1065719,39.4624698],[-79.1071039,39.4619821],[-79.1076359,39.4615329],[-79.1079352,39.4612248],[-79.1080349,39.4609039],[-79.1081513,39.4604547],[-79.1083009,39.4598642],[-79.1084505,39.4591326],[-79.1086168,39.4586576],[-79.1087498,39.4581955],[-79.1087664,39.4577078],[-79.1086833,39.4573612],[-79.108517,39.4571045],[-79.1082178,39.4569633],[-79.107719,39.4569889],[-79.1067548,39.4572072],[-79.1054913,39.4574767],[-79.104394,39.4576051],[-79.1034796,39.4576564],[-79.1028645,39.4576821],[-79.1022992,39.4575409],[-79.1019667,39.45722],[-79.1018836,39.4569633],[-79.1019501,39.4563471],[-79.1020498,39.4558337],[-79.102133,39.4556026],[-79.1023657,39.4553587],[-79.102653,39.4551948],[-79.1027481,39.4551405],[-79.1030307,39.4548837],[-79.1030806,39.4546142],[-79.1029476,39.4543318],[-79.1026483,39.4536642],[-79.1024987,39.4531764],[-79.1024655,39.4526886],[-79.1026151,39.4521495],[-79.1027148,39.4517772],[-79.1027148,39.4514049],[-79.1027647,39.4509042],[-79.1029144,39.4504549],[-79.10318,39.4498817],[-79.1033606,39.4495132],[-79.1036957,39.4490043],[-79.103813,39.448885],[-79.1041671,39.4485249],[-79.1049593,39.4479002],[-79.10599,39.4472583],[-79.106655,39.4468346],[-79.107135,39.4464798],[-79.1075694,39.4459745],[-79.1080682,39.4456664],[-79.1086833,39.4454353],[-79.1091488,39.4453839],[-79.1096143,39.4454096],[-79.1101297,39.4453454],[-79.1107947,39.4451015],[-79.1121912,39.444421],[-79.1131556,39.4439373],[-79.1138537,39.4435095],[-79.1142527,39.44315],[-79.1146019,39.4427776],[-79.1150508,39.442431],[-79.1155994,39.4420201],[-79.1159534,39.441599],[-79.1162145,39.440993],[-79.116414,39.4402868],[-79.1165803,39.4397476],[-79.116813,39.4393239],[-79.1168899,39.4389439],[-79.1168629,39.4384636],[-79.1167133,39.4381298],[-79.1163309,39.4378473],[-79.1156326,39.4373979],[-79.1148014,39.436987],[-79.1139701,39.4366403],[-79.1130225,39.4361396],[-79.1123408,39.4355746],[-79.1117611,39.4349919],[-79.1113101,39.4343291],[-79.1109942,39.4336742],[-79.1106783,39.4328139],[-79.1106451,39.4323131],[-79.1107282,39.4320049],[-79.111094,39.431671],[-79.1118753,39.431106],[-79.1122411,39.4308621],[-79.1125071,39.4308235],[-79.1131389,39.4309391],[-79.11617,39.431754],[-79.1176277,39.4321975],[-79.1187914,39.4324415],[-79.1199654,39.4327629],[-79.1207372,39.4330369],[-79.1214769,39.4331966],[-79.1221677,39.4332399],[-79.1238199,39.4333196],[-79.1241614,39.4332248],[-79.1246269,39.4327754],[-79.124843,39.4323259],[-79.1250092,39.4320178],[-79.1250924,39.4317224],[-79.125508,39.4314784],[-79.1260566,39.4311446],[-79.1268546,39.4307465],[-79.127636,39.430464],[-79.1282656,39.430107],[-79.1288497,39.429655],[-79.1291655,39.4293339],[-79.1294482,39.4286533],[-79.1294734,39.4278945],[-79.129404,39.426637],[-79.1292819,39.4258924],[-79.1291822,39.4256227],[-79.128966,39.4254172],[-79.1289328,39.4250319],[-79.1286502,39.4244925],[-79.1284174,39.423889],[-79.1282922,39.423407],[-79.1279353,39.423234],[-79.1275862,39.4231056],[-79.1273534,39.4227845],[-79.1271871,39.4223093],[-79.1270375,39.4216543],[-79.1270375,39.421192],[-79.1272204,39.4206783],[-79.1272703,39.4201389],[-79.1273534,39.419715],[-79.1276028,39.4193297],[-79.1278712,39.419002],[-79.1278522,39.4187518],[-79.1276028,39.4185078],[-79.1274033,39.4183151],[-79.1274199,39.4181225],[-79.1275363,39.4178142],[-79.1278854,39.4175702],[-79.1282013,39.4173775],[-79.1286169,39.4172106],[-79.1293484,39.4171335],[-79.1299303,39.4171207],[-79.1305122,39.4173647],[-79.1311107,39.417583],[-79.1314117,39.4176583],[-79.1317425,39.4176216],[-79.132075,39.4176729],[-79.1327706,39.4179655],[-79.1339037,39.4181995],[-79.1347849,39.4184564],[-79.1357325,39.4186747],[-79.1365139,39.4187133],[-79.1370789,39.4187025],[-79.1380434,39.4184564],[-79.138592,39.4182894],[-79.1389578,39.4180968],[-79.1392737,39.4179426],[-79.1396062,39.4178656],[-79.1401548,39.4177885],[-79.1406702,39.4176216],[-79.1411484,39.4174449],[-79.1417342,39.4170693],[-79.1421498,39.4167097],[-79.1422496,39.4161317],[-79.1422163,39.4157721],[-79.1419171,39.4150039],[-79.1418398,39.4143972],[-79.1417176,39.4135115],[-79.1416345,39.4128436],[-79.1415846,39.4120986],[-79.1413544,39.4113411],[-79.1411024,39.4105572],[-79.1410027,39.409915],[-79.1409861,39.4092856],[-79.1410193,39.4087846],[-79.1412188,39.4080524],[-79.1414682,39.407423],[-79.1419503,39.4066908],[-79.1425799,39.4059226],[-79.1429312,39.4054833],[-79.1432637,39.4052521],[-79.1442446,39.4049566],[-79.1449876,39.404761],[-79.1455414,39.4045455],[-79.1463726,39.4044942],[-79.1467883,39.4044685],[-79.1476029,39.4045712],[-79.148351,39.4047768],[-79.1490493,39.4049951],[-79.1495314,39.4053548],[-79.1498639,39.4058173],[-79.1500315,39.4063667],[-79.1499471,39.4070119],[-79.1497057,39.4074586],[-79.1494149,39.4078954],[-79.149282,39.4083992],[-79.1491823,39.4089387],[-79.1491887,39.4094869],[-79.1493818,39.4103003],[-79.1495314,39.4111738],[-79.1494982,39.4120729],[-79.149511,39.4132146],[-79.1496644,39.4140638],[-79.1498806,39.4149372],[-79.1500634,39.4155794],[-79.1505954,39.4163629],[-79.1512604,39.4169152],[-79.1521915,39.4174417],[-79.1532056,39.4176858],[-79.1538872,39.4179426],[-79.1547351,39.4180454],[-79.155184,39.4181481],[-79.1555328,39.4181455],[-79.1562314,39.417917],[-79.15678,39.41775],[-79.1576944,39.4174803],[-79.1586919,39.4171335],[-79.1595065,39.4167867],[-79.1599055,39.4164014],[-79.1600718,39.4161317],[-79.1601383,39.4156821],[-79.1599949,39.4151658],[-79.1595564,39.4143977],[-79.1592229,39.4136364],[-79.1590743,39.4129206],[-79.1589959,39.4120234],[-79.1588748,39.4111866],[-79.1589413,39.4105058],[-79.1591242,39.4099792],[-79.1593735,39.4093883],[-79.1597892,39.4086818],[-79.1602382,39.4079986],[-79.1605373,39.4077313],[-79.1610361,39.4074101],[-79.1614184,39.4072046],[-79.1617177,39.4071789],[-79.1621998,39.407089],[-79.1629313,39.4067165],[-79.1636462,39.4062412],[-79.1642281,39.4057531],[-79.1645274,39.4053805],[-79.1647499,39.4049816],[-79.1648931,39.4044942],[-79.165076,39.404006],[-79.1655082,39.4033637],[-79.1658075,39.4026828],[-79.1661067,39.4019891],[-79.166364,39.4014789],[-79.166539,39.4008972],[-79.166539,39.4003191],[-79.1663581,39.3993051],[-79.165986,39.3980812],[-79.1655914,39.3965163],[-79.1654251,39.3955913],[-79.1653087,39.3954371],[-79.1648765,39.3952701],[-79.164411,39.395026],[-79.1641616,39.3946534],[-79.1634966,39.3938697],[-79.1624492,39.3925463],[-79.1617509,39.39139],[-79.1614838,39.3908404],[-79.1613793,39.3903425],[-79.1613187,39.3900537],[-79.1613519,39.389437],[-79.1614849,39.388923],[-79.1618174,39.3885119],[-79.1622996,39.3880236],[-79.162948,39.387651],[-79.1637127,39.3873169],[-79.1643112,39.3871627],[-79.1647934,39.3870985],[-79.1654251,39.387137],[-79.1662896,39.3874839],[-79.1675531,39.3882163],[-79.1689995,39.3892957],[-79.17013,39.3901565],[-79.1716912,39.3914476],[-79.1723146,39.3922111],[-79.1727381,39.3929097],[-79.1733387,39.3936513],[-79.1739705,39.3945892],[-79.174303,39.3951416],[-79.1747851,39.3954757],[-79.1754335,39.3958996],[-79.1759987,39.3961951],[-79.176431,39.3964264],[-79.1769298,39.3966191],[-79.1773121,39.3966833],[-79.1781101,39.3966063],[-79.178692,39.3965035],[-79.1794873,39.39628],[-79.1801218,39.3960795],[-79.1807203,39.3957455],[-79.1812024,39.3953729],[-79.1814186,39.3950003],[-79.1814186,39.3947305],[-79.1812468,39.3945135],[-79.1811193,39.3941652],[-79.1801384,39.3931759],[-79.179305,39.3921686],[-79.1785503,39.3916216],[-79.1780104,39.3910816],[-79.1775948,39.3905677],[-79.1771791,39.3901308],[-79.1769963,39.3897582],[-79.1768965,39.3893727],[-79.177096,39.3891158],[-79.1773454,39.3889873],[-79.1780935,39.3887688],[-79.1785092,39.3885504],[-79.1788693,39.3882908],[-79.1794734,39.3877923],[-79.1809863,39.3865588],[-79.1817511,39.3860191],[-79.1824659,39.3856079],[-79.1830146,39.3853767],[-79.1836962,39.3852482],[-79.1843945,39.3851839],[-79.1854585,39.3851325],[-79.1862232,39.3851839],[-79.1871875,39.385428],[-79.1879523,39.3857107],[-79.1885508,39.3858521],[-79.1889826,39.3859608],[-79.1894265,39.3862606],[-79.189732,39.3864614],[-79.1902632,39.38697],[-79.1903342,39.3870229],[-79.1907287,39.3873169],[-79.1914436,39.3876381],[-79.1920254,39.3879851],[-79.1924909,39.3882806],[-79.1932161,39.3884879],[-79.1939872,39.3886532],[-79.1948019,39.3887175],[-79.1955426,39.388702],[-79.1963812,39.3885633],[-79.1970463,39.3884476],[-79.1974619,39.3883191],[-79.1978609,39.3881007],[-79.1981269,39.3876124],[-79.1984191,39.3868902],[-79.1987088,39.3863275],[-79.1990413,39.3858135],[-79.1992052,39.3852965],[-79.1993405,39.3846314],[-79.19954,39.3838861],[-79.1997229,39.3831793],[-79.2000554,39.3824212],[-79.2003713,39.3818558],[-79.2005874,39.3815731],[-79.2009199,39.3812647],[-79.2013023,39.3807121],[-79.2016016,39.3800182],[-79.2020671,39.37926],[-79.2027102,39.3783475],[-79.2035633,39.3773838],[-79.2045941,39.3763428],[-79.2055085,39.3754304],[-79.2061901,39.3746593],[-79.2069382,39.3740296],[-79.2076033,39.373387],[-79.2084345,39.3728858],[-79.2096149,39.3720504],[-79.2103963,39.3717034],[-79.2111777,39.3714207],[-79.2118759,39.3709965],[-79.2125243,39.3702768],[-79.2129399,39.3696213],[-79.2131394,39.3690044],[-79.2131561,39.3683746],[-79.2131438,39.367215],[-79.2131228,39.3662796],[-79.2132291,39.3653455],[-79.2133556,39.3646601],[-79.2135218,39.3641074],[-79.2138377,39.3636575],[-79.2141536,39.3634262],[-79.214536,39.3633362],[-79.215068,39.3633491],[-79.215467,39.3633876],[-79.2160489,39.3633233],[-79.2170962,39.3632719],[-79.2182101,39.3632719],[-79.2186424,39.3633105],[-79.219324,39.3633233],[-79.2196587,39.3632855],[-79.2199558,39.3631563],[-79.2202883,39.3630791],[-79.2208702,39.3631434],[-79.2218012,39.3633233],[-79.2226491,39.3635547],[-79.2237131,39.3638889],[-79.2243448,39.3640174],[-79.2253257,39.364146],[-79.226556,39.3642617],[-79.2277845,39.3643691],[-79.2288669,39.3643902],[-79.2292991,39.3644545],[-79.2299475,39.3646601],[-79.230413,39.3648272],[-79.2308619,39.36493],[-79.231211,39.3647758],[-79.2315934,39.364583],[-79.2318594,39.3640689],[-79.2319986,39.3635274],[-79.2320257,39.3627835],[-79.2319688,39.3620874],[-79.2319758,39.3616009],[-79.2321421,39.3610868],[-79.2323369,39.3605463],[-79.2326408,39.3600713],[-79.2330066,39.35957],[-79.2334056,39.3592101],[-79.2338212,39.358953],[-79.2346192,39.3587345],[-79.2351796,39.3584836],[-79.2358994,39.3583874],[-79.2364812,39.3583103],[-79.2371251,39.3583681],[-79.238044,39.3585159],[-79.2385095,39.3587345],[-79.239108,39.3591201],[-79.2394239,39.3593386],[-79.2397231,39.3594672],[-79.2401388,39.3595057],[-79.2412194,39.3594543],[-79.2423832,39.3593001],[-79.2437132,39.3588887],[-79.2445278,39.3586702],[-79.24501,39.358426],[-79.2456583,39.3581174],[-79.2461022,39.3579802],[-79.2465727,39.3579503],[-79.2470549,39.357719],[-79.2477697,39.357359],[-79.248335,39.3569862],[-79.2484181,39.3566906],[-79.2484348,39.3564463],[-79.2485678,39.3561635],[-79.2488338,39.3558679],[-79.2492328,39.3554951],[-79.2499809,39.3553794],[-79.2509452,39.3553408],[-79.2518376,39.3554807],[-79.2524451,39.3557452],[-79.2531397,39.3561378],[-79.2538047,39.3564978],[-79.2544863,39.3568448],[-79.2549685,39.3571662],[-79.2555568,39.3572471],[-79.2559327,39.3571919],[-79.2562652,39.3570248],[-79.2565645,39.3567934],[-79.2567806,39.3563563],[-79.2568305,39.3557393],[-79.2567474,39.3550708],[-79.2564315,39.3543638],[-79.2560158,39.3536696],[-79.255567,39.3529626],[-79.2548853,39.3519084],[-79.2542868,39.3509185],[-79.2537714,39.3499415],[-79.2534998,39.349081],[-79.2534556,39.3483859],[-79.2534968,39.3476025],[-79.2537714,39.3465345],[-79.2541538,39.3457374],[-79.2547025,39.3451203],[-79.2551513,39.3446446],[-79.2557831,39.344336],[-79.2563791,39.3439782],[-79.2568471,39.3434103],[-79.2572129,39.342806],[-79.2573292,39.3422145],[-79.2572794,39.3415845],[-79.2570466,39.3409159],[-79.2564814,39.3403373],[-79.2558995,39.3399387],[-79.2552345,39.3395658],[-79.2545861,39.3392573],[-79.2542203,39.3389872],[-79.25386,39.3384309],[-79.2536439,39.3380311],[-79.2536749,39.3374663],[-79.2537826,39.3370528],[-79.2541595,39.3367038],[-79.254774,39.3362083],[-79.255434,39.3357598],[-79.2567972,39.3351683],[-79.2577615,39.3347311],[-79.2589361,39.3343557],[-79.2597079,39.3342337],[-79.2604049,39.3341653],[-79.2610533,39.334371],[-79.2615853,39.3345125],[-79.2623002,39.3346025],[-79.2629984,39.3348082],[-79.2636634,39.3349754],[-79.2642287,39.3351811],[-79.2649436,39.3354897],[-79.2656086,39.3357855],[-79.2662403,39.3360427],[-79.2667391,39.3361584],[-79.2674374,39.3362098],[-79.2678862,39.3362098],[-79.2683019,39.3361455],[-79.2686344,39.3359141],[-79.2691331,39.335374],[-79.2692828,39.3348082],[-79.2692495,39.3342682],[-79.2693326,39.3335095],[-79.2692495,39.3332137],[-79.2692661,39.3327379],[-79.2692486,39.3318765],[-79.2692163,39.3310405],[-79.2692163,39.3304747],[-79.2693493,39.3299603],[-79.2697483,39.329343],[-79.2703135,39.3287643],[-79.2708954,39.3282499],[-79.2719105,39.3278171],[-79.2729026,39.3276416],[-79.2739477,39.3274877],[-79.2746445,39.3272438],[-79.275109,39.3270514],[-79.2754407,39.3267691],[-79.275872,39.3264739],[-79.2766517,39.3259991],[-79.2773485,39.3254986],[-79.2781281,39.324934],[-79.2785595,39.3245619],[-79.2791898,39.3242795],[-79.2798036,39.3240357],[-79.2804113,39.323818],[-79.2813132,39.3234454],[-79.2818109,39.3231503],[-79.2820929,39.3228166],[-79.2821924,39.3224701],[-79.2821427,39.3218798],[-79.2820265,39.3211996],[-79.2817445,39.3208018],[-79.2817279,39.3205195],[-79.2817777,39.3203783],[-79.2819934,39.3201088],[-79.2821758,39.3196724],[-79.2823162,39.3191188],[-79.2824413,39.3182607],[-79.2826735,39.317542],[-79.2829555,39.3170415],[-79.2833868,39.316387],[-79.2837186,39.3156939],[-79.2839011,39.3150522],[-79.2838513,39.3143335],[-79.2837352,39.3138971],[-79.2834532,39.3131784],[-79.2833371,39.3127163],[-79.28342,39.3124596],[-79.2835195,39.3120746],[-79.2834366,39.3116125],[-79.2833039,39.3111761],[-79.2834034,39.3105087],[-79.2835405,39.3098582],[-79.283702,39.309469],[-79.2840338,39.3090198],[-79.2847803,39.3083138],[-79.2860577,39.3071458],[-79.2879322,39.3055284],[-79.2889441,39.3045529],[-79.2896077,39.3038854],[-79.2899229,39.3034233],[-79.2899561,39.3029355],[-79.2898731,39.3025247],[-79.289674,39.3019727],[-79.2894916,39.3015106],[-79.2895061,39.3008249],[-79.2895745,39.3003039],[-79.2897736,39.2997519],[-79.2901385,39.2992641],[-79.290603,39.2989688],[-79.2912832,39.2988405],[-79.2921792,39.2987675],[-79.2930748,39.2987506],[-79.2938379,39.2988276],[-79.2949327,39.2991357],[-79.2958949,39.2994823],[-79.2966414,39.2997262],[-79.2973381,39.2998033],[-79.2981012,39.2998418],[-79.2999426,39.2998161],[-79.3009673,39.2996952],[-79.301983,39.2994952],[-79.3026466,39.2994181],[-79.3031277,39.2994181],[-79.3036253,39.2995722],[-79.3041894,39.2997776],[-79.3052676,39.3003553],[-79.3060639,39.3008431],[-79.3074076,39.3015876],[-79.307756,39.3018572],[-79.3083698,39.3020754],[-79.3088674,39.3021909],[-79.3100121,39.3024477],[-79.3108581,39.3026659],[-79.3114113,39.3029008],[-79.3117892,39.3032209],[-79.3122184,39.3037827],[-79.3125057,39.3042049],[-79.3128488,39.3044245],[-79.3133745,39.3045094],[-79.314375,39.3044758],[-79.3157236,39.30425],[-79.3164026,39.3041395],[-79.3168633,39.3038469],[-79.3173278,39.3033206],[-79.3180577,39.3026145],[-79.3184392,39.3023193],[-79.3188871,39.3021781],[-79.3193516,39.3019214],[-79.3196336,39.301639],[-79.3198161,39.3011126],[-79.3200484,39.3005478],[-79.3204465,39.3001884],[-79.3207617,39.2999701],[-79.3212096,39.2997904],[-79.3217404,39.2997134],[-79.3223376,39.2997391],[-79.3231173,39.3000215],[-79.3242785,39.3004451],[-79.3251246,39.3007275],[-79.3259872,39.3008559],[-79.3264185,39.3008045],[-79.3272148,39.3006248],[-79.3277788,39.3004066],[-79.3282433,39.3000472],[-79.3288073,39.2998033],[-79.329305,39.2997006],[-79.3302008,39.2997391],[-79.3311696,39.2999236],[-79.3316556,39.299985],[-79.3322141,39.299919],[-79.3326228,39.2996749],[-79.3329214,39.2993539],[-79.3334522,39.2988533],[-79.3340494,39.2984682],[-79.3345471,39.2982756],[-79.3350614,39.2981472],[-79.3356751,39.2979547],[-79.3363553,39.2976594],[-79.3374833,39.2969277],[-79.3382962,39.2961831],[-79.3387939,39.2955925],[-79.3391588,39.2948993],[-79.3395072,39.2941418],[-79.3397892,39.2937695],[-79.340121,39.2935384],[-79.3406186,39.2934742],[-79.3417633,39.2935127],[-79.3427254,39.2935384],[-79.343306,39.2934614],[-79.3440288,39.2933799],[-79.3446663,39.2933073],[-79.3449484,39.2934614],[-79.345529,39.2936796],[-79.3459271,39.2937695],[-79.3463584,39.2934614],[-79.3467565,39.2930762],[-79.3469556,39.2926269],[-79.3470386,39.2917667],[-79.3470883,39.2909964],[-79.3468727,39.290624],[-79.3465741,39.2905085],[-79.3460266,39.2902774],[-79.3456654,39.2900411],[-79.3450811,39.2890577],[-79.3444507,39.2880819],[-79.3437909,39.2874048],[-79.3434858,39.2871103],[-79.3433558,39.2867979],[-79.3434554,39.2865026],[-79.3438701,39.2860147],[-79.3441355,39.2856039],[-79.3444175,39.2851801],[-79.3446498,39.2848591],[-79.3450811,39.2846409],[-79.3456119,39.2844226],[-79.346375,39.2843455],[-79.3470717,39.2843584],[-79.3480671,39.284628],[-79.3490956,39.2849619],[-79.3499582,39.2851416],[-79.3504061,39.2851545],[-79.3508208,39.2851159],[-79.3510863,39.2848463],[-79.3511858,39.2844868],[-79.3511692,39.2838705],[-79.3511692,39.2830102],[-79.3512521,39.2823296],[-79.3513683,39.2818802],[-79.3514678,39.2815335],[-79.3516669,39.2811611],[-79.3517498,39.2807759],[-79.3518493,39.2803778],[-79.3521148,39.2800311],[-79.3528115,39.2794661],[-79.353276,39.278914],[-79.3536339,39.2782059],[-79.35384,39.2778482],[-79.3541386,39.2776941],[-79.3544372,39.2776299],[-79.3548519,39.2777711],[-79.3552003,39.2778739],[-79.3555487,39.2778995],[-79.3559136,39.2778739],[-79.356262,39.2775913],[-79.3565274,39.2772318],[-79.3566933,39.2767823],[-79.3567431,39.276487],[-79.3569753,39.2762302],[-79.3574027,39.2760626],[-79.3578082,39.2759694],[-79.3583902,39.2758358],[-79.3593191,39.2755926],[-79.3600443,39.2753826],[-79.3606912,39.2751386],[-79.3610562,39.2748689],[-79.361388,39.2747148],[-79.3621179,39.2746378],[-79.3639988,39.2745703],[-79.365021,39.2745351],[-79.3657343,39.2743681],[-79.3663647,39.2741113],[-79.366796,39.2739957],[-79.3673268,39.2739315],[-79.3682226,39.2739443],[-79.3696824,39.2739186],[-79.370711,39.273893],[-79.3718888,39.2738801],[-79.3725689,39.2738801],[-79.3728343,39.2738801],[-79.3734315,39.2737902],[-79.3740287,39.2736233],[-79.374768,39.2733687],[-79.3755236,39.2730769],[-79.3759894,39.2728864],[-79.3767659,39.2724161],[-79.3774792,39.2720694],[-79.3780599,39.2718767],[-79.3786405,39.2715685],[-79.3789472,39.2712602],[-79.3790552,39.2709264],[-79.3791713,39.2704769],[-79.379387,39.2700274],[-79.3798349,39.2694752],[-79.3804155,39.2688202],[-79.3807141,39.2684606],[-79.3808468,39.2680239],[-79.3809795,39.2676772],[-79.3812781,39.2674974],[-79.3812947,39.2673047],[-79.3813942,39.2669451],[-79.3814772,39.2667525],[-79.3819085,39.2665598],[-79.3825057,39.2666882],[-79.3832688,39.2668937],[-79.3842973,39.2671891],[-79.3848281,39.2674845],[-79.3853922,39.267857],[-79.3857571,39.2680368],[-79.3864539,39.2679597],[-79.3870511,39.2677285],[-79.3875653,39.2672148],[-79.387499,39.2669708],[-79.3871838,39.266547],[-79.3869732,39.2658226],[-79.3869681,39.2652112],[-79.3869018,39.2648645],[-79.3870511,39.2644535],[-79.3870676,39.2640553],[-79.3871506,39.2636828],[-79.3872335,39.2634003],[-79.3878473,39.262848],[-79.3881127,39.2625397],[-79.3884114,39.2623342],[-79.3887431,39.2622058],[-79.3892242,39.2619874],[-79.389473,39.2617434],[-79.3895892,39.2615507],[-79.3898878,39.2612939],[-79.3903688,39.2610883],[-79.3908997,39.2609342],[-79.3914637,39.2609342],[-79.3920111,39.2610627],[-79.3923927,39.2613195],[-79.3925586,39.261525],[-79.3927411,39.2616021],[-79.3930231,39.2615122],[-79.3932885,39.261281],[-79.3935373,39.2608571],[-79.3937038,39.260134],[-79.3939023,39.2594186],[-79.3940516,39.2588277],[-79.3941345,39.2582497],[-79.3942507,39.2577359],[-79.3944995,39.2573249],[-79.3950137,39.2567211],[-79.395528,39.2562202],[-79.39581,39.2560147],[-79.3961252,39.2558348],[-79.3964902,39.2558091],[-79.3970542,39.2558862],[-79.3975021,39.2560403],[-79.3977177,39.2560789],[-79.3979666,39.2560275],[-79.398597,39.2554109],[-79.3988292,39.2552054],[-79.3992107,39.2550513],[-79.3994098,39.2549485],[-79.3994098,39.2546916],[-79.3991444,39.2546145],[-79.3987628,39.2544218],[-79.3985804,39.254242],[-79.3984974,39.2539594],[-79.3983979,39.2535098],[-79.3983647,39.2531501],[-79.3983647,39.2528932],[-79.3987794,39.2524179],[-79.3991942,39.2517499],[-79.3995757,39.2513003],[-79.3999904,39.2507479],[-79.4003056,39.2505167],[-79.4006042,39.2504653],[-79.4010853,39.2503882],[-79.4014171,39.2503111],[-79.4019645,39.2500157],[-79.4025119,39.24999],[-79.4032916,39.2500028],[-79.4036068,39.2498872],[-79.4040215,39.2493091],[-79.404486,39.2488466],[-79.4050335,39.2484741],[-79.4054316,39.2481915],[-79.4055809,39.2478575],[-79.4056307,39.2476519],[-79.4057302,39.2473436],[-79.4059956,39.2471252],[-79.4063772,39.2469325],[-79.4069744,39.2468169],[-79.4074057,39.2466113],[-79.4078536,39.24647],[-79.4085337,39.2464058],[-79.4090646,39.2463287],[-79.4093798,39.246136],[-79.4094295,39.2459433],[-79.4093466,39.2457506],[-79.4090812,39.245545],[-79.4086333,39.245545],[-79.4083015,39.2454422],[-79.4082517,39.2451981],[-79.4083678,39.2449155],[-79.4084342,39.2446971],[-79.4088323,39.2442346],[-79.409092,39.2437799],[-79.4091475,39.243438],[-79.4091973,39.2430783],[-79.4094627,39.2426415],[-79.4099438,39.242346],[-79.4105576,39.2418835],[-79.4109059,39.2416137],[-79.411387,39.2415623],[-79.4118017,39.2413567],[-79.4121008,39.2410599],[-79.4122165,39.2407785],[-79.4121335,39.2405087],[-79.4121335,39.2402389],[-79.4122662,39.2400205],[-79.4125814,39.2399177],[-79.412963,39.2399691],[-79.4133611,39.2400462],[-79.4137261,39.2401875],[-79.4140226,39.2403134],[-79.4145057,39.2402261],[-79.4147048,39.2400205],[-79.4148043,39.2397764],[-79.4149868,39.2395708],[-79.4152522,39.2395323],[-79.4155674,39.2396222],[-79.4160319,39.239725],[-79.4170107,39.2397507],[-79.4178401,39.2396608],[-79.4184373,39.2394937],[-79.4187359,39.2393395],[-79.4190013,39.2390697],[-79.4191672,39.2389413],[-79.4197478,39.2388513],[-79.4203002,39.2387515],[-79.4208261,39.2383502],[-79.4208759,39.2379776],[-79.4208095,39.2372195],[-79.4207598,39.2369112],[-79.4204778,39.2365771],[-79.4203119,39.2361659],[-79.420428,39.2357162],[-79.4205773,39.2353436],[-79.4209257,39.2351252],[-79.4215063,39.234971],[-79.4218546,39.2348297],[-79.4221532,39.2344442],[-79.4226177,39.2342771],[-79.4233145,39.2341486],[-79.4236794,39.2340073],[-79.4241632,39.2339815],[-79.4244757,39.2342257],[-79.4246084,39.2344699],[-79.424778,39.2345702],[-79.4250729,39.2345084],[-79.4252554,39.2342514],[-79.4253051,39.2339559],[-79.425189,39.2334676],[-79.4248738,39.2329151],[-79.424625,39.2324397],[-79.4245586,39.2320028],[-79.4244757,39.2313989],[-79.4245586,39.2307178],[-79.4243927,39.2302809],[-79.4242932,39.2299597],[-79.4244093,39.2295228],[-79.4246084,39.2288546],[-79.4246913,39.2283662],[-79.4245918,39.227955],[-79.4242269,39.2276338],[-79.4239946,39.2273768],[-79.4240278,39.2270169],[-79.4242269,39.2267085],[-79.4246084,39.2264387],[-79.425272,39.2261174],[-79.4255374,39.2257062],[-79.4257033,39.225295],[-79.4259355,39.2250251],[-79.4263668,39.2249351],[-79.4267981,39.2249223],[-79.4273787,39.224858],[-79.4278598,39.2246653],[-79.4282082,39.2244339],[-79.4285234,39.2240099],[-79.4288883,39.2236886],[-79.4294358,39.2235087],[-79.4298339,39.2233801],[-79.430177,39.2233795],[-79.4301491,39.22365],[-79.4302984,39.2239713],[-79.4305472,39.224254],[-79.4309454,39.2244211],[-79.431443,39.2243568],[-79.4318909,39.2242026],[-79.4325545,39.2239842],[-79.4329692,39.2237657],[-79.4332844,39.223393],[-79.4336991,39.2229047],[-79.4344622,39.2221721],[-79.4348604,39.2216709],[-79.4355239,39.2207713],[-79.4360548,39.2201673],[-79.4361543,39.219846],[-79.4363202,39.2195632],[-79.4365524,39.2193833],[-79.4369008,39.2191006],[-79.4371828,39.219062],[-79.437498,39.2188949],[-79.4374814,39.218715],[-79.4374151,39.2185608],[-79.4375644,39.2184708],[-79.4378795,39.2184323],[-79.4381284,39.2185094],[-79.4383606,39.2185351],[-79.438709,39.2183551],[-79.4387588,39.218021],[-79.4388583,39.217674],[-79.4393821,39.2173825],[-79.4397873,39.2170442],[-79.4402518,39.2165944],[-79.4406001,39.2164016],[-79.440849,39.216453],[-79.4410646,39.2166586],[-79.4413134,39.2168129],[-79.4415955,39.2168386],[-79.4416784,39.2166715],[-79.4417448,39.2164144],[-79.4418775,39.2162602],[-79.4422756,39.2162217],[-79.4429558,39.2163373],[-79.4435032,39.2165173],[-79.4439511,39.2165944],[-79.4447142,39.2164016],[-79.4452118,39.2162345],[-79.4455602,39.2160417],[-79.4461076,39.215759],[-79.4465556,39.2156947],[-79.4469869,39.215669],[-79.4474182,39.2155533],[-79.4478661,39.215232],[-79.4479656,39.2149235],[-79.4481149,39.2146022],[-79.4483472,39.2144094],[-79.4485628,39.2142552],[-79.4491932,39.214101],[-79.4495747,39.2139339],[-79.4501553,39.2138439],[-79.450371,39.2138825],[-79.4505701,39.2137282],[-79.4504705,39.2135226],[-79.4504042,39.2131241],[-79.4505369,39.2128156],[-79.4508023,39.2125714],[-79.451018,39.2126486],[-79.4511507,39.2127771],[-79.4512502,39.2128671],[-79.4514825,39.2126871],[-79.4516152,39.2125457],[-79.4518806,39.2125586],[-79.4520963,39.2125586],[-79.4521958,39.2123786],[-79.452146,39.2120702],[-79.4521873,39.2119118],[-79.4525442,39.2118131],[-79.4528096,39.2114661],[-79.4530584,39.2113247],[-79.4529423,39.2111833],[-79.4527764,39.2111704],[-79.4525276,39.2112347],[-79.4524944,39.2111319],[-79.4525607,39.2109519],[-79.4526105,39.210682],[-79.4529755,39.2104506],[-79.4532077,39.2103092],[-79.4535229,39.2103092],[-79.4537054,39.2102835],[-79.4541367,39.2101936],[-79.4545348,39.2100907],[-79.455132,39.2100265],[-79.4553311,39.210155],[-79.4551154,39.2103349],[-79.4552316,39.2105406],[-79.455132,39.2108876],[-79.4554804,39.2109134],[-79.4556961,39.2110419],[-79.4560942,39.2109005],[-79.4566416,39.2109519],[-79.4568573,39.2107848],[-79.4570232,39.2109776],[-79.4570895,39.2111833],[-79.4572886,39.2110033],[-79.4575208,39.2111833],[-79.4576867,39.2113504],[-79.4580683,39.2113118],[-79.4584664,39.2115046],[-79.4589475,39.2113118],[-79.459694,39.2112218],[-79.459976,39.2113889],[-79.460341,39.2113375],[-79.4604405,39.2114403],[-79.4607059,39.2112347],[-79.4611372,39.2112733],[-79.4612533,39.211029],[-79.4615519,39.2108362],[-79.4619335,39.2108234],[-79.4626468,39.2107591],[-79.4628293,39.2104378],[-79.4630615,39.2102707],[-79.4636421,39.2102193],[-79.4640071,39.2098594],[-79.4643057,39.2095766],[-79.4646873,39.2095123],[-79.4652181,39.2093966],[-79.4653674,39.2092038],[-79.4654835,39.2089982],[-79.4659212,39.2088425],[-79.4661968,39.208921],[-79.4666945,39.2086768],[-79.4672088,39.2086768],[-79.4675405,39.2083555],[-79.4677064,39.2079956],[-79.4677728,39.207777],[-79.4681046,39.2074814],[-79.4688559,39.2076016],[-79.4691073,39.2074214],[-79.4694151,39.2072115],[-79.4695146,39.2070701],[-79.4694483,39.2068901],[-79.4689506,39.2066587],[-79.4686354,39.2064145],[-79.4686852,39.206196],[-79.4689672,39.205926],[-79.4690336,39.2057461],[-79.4689174,39.2055275],[-79.4689672,39.2053219],[-79.4692326,39.2050519],[-79.4693487,39.2046534],[-79.469299,39.2043449],[-79.4696473,39.2043706],[-79.4698464,39.2044349],[-79.4699791,39.2043192],[-79.4697137,39.204075],[-79.469581,39.203805],[-79.4697469,39.2035865],[-79.4702445,39.2035736],[-79.4703773,39.2033937],[-79.4703441,39.203188],[-79.4704602,39.203098],[-79.4708417,39.2033037],[-79.4710906,39.2031366],[-79.4718205,39.2032265],[-79.4722684,39.2030209],[-79.4724177,39.2028537],[-79.4721191,39.2028152],[-79.4721025,39.2025966],[-79.4725172,39.2024938],[-79.4726168,39.2022239],[-79.4728822,39.2020182],[-79.4730978,39.2019282],[-79.473496,39.2021467],[-79.4738941,39.2024681],[-79.4745908,39.2027766],[-79.4750387,39.2031237],[-79.4757882,39.2034066],[-79.4764488,39.2037022],[-79.4772285,39.2039078],[-79.4777262,39.2039593],[-79.478257,39.2039078],[-79.4795178,39.2041392],[-79.480032,39.2042935],[-79.4805463,39.2043063],[-79.4808283,39.204512],[-79.4807785,39.2047305],[-79.4811601,39.204782],[-79.4814587,39.2048977],[-79.4820061,39.2050648],[-79.4826365,39.2050776],[-79.4830014,39.2051805],[-79.4830346,39.2055275],[-79.4831673,39.2056047],[-79.4834991,39.2055018],[-79.4839138,39.2054504],[-79.4841461,39.2056689],[-79.4849921,39.2057589],[-79.4855229,39.2056818],[-79.4861367,39.2057075],[-79.4870169,39.2058766],[-79.4869503,39.2091932],[-79.4869141,39.2113043],[-79.4864652,39.2363712],[-79.4864569,39.2367144],[-79.4861307,39.2550342],[-79.4859554,39.2648835],[-79.4873055,39.2652307],[-79.4872024,39.2752662],[-79.4869906,39.2963065],[-79.4869739,39.2979203],[-79.4869127,39.301684],[-79.4867986,39.3089613],[-79.4866399,39.3187579],[-79.4865787,39.3225799],[-79.4863449,39.3370762],[-79.4862308,39.344273],[-79.4845252,39.3442563],[-79.4844194,39.3511308],[-79.4843721,39.3543918],[-79.4842301,39.3635107],[-79.4841744,39.3673187],[-79.4838572,39.387923],[-79.4837014,39.396278],[-79.4835037,39.4107577],[-79.4834778,39.4124485],[-79.4833776,39.418999],[-79.4833757,39.4191211],[-79.4832754,39.4257262],[-79.4831279,39.4354367],[-79.4830136,39.4488192],[-79.4829746,39.4535244],[-79.4828046,39.4735149],[-79.4827015,39.4855613],[-79.4826952,39.4862947],[-79.4826011,39.4973717],[-79.4825433,39.5034436],[-79.4823698,39.5247618],[-79.4823448,39.5273839],[-79.4823086,39.5316808],[-79.4788668,39.5317086],[-79.4787329,39.5524463],[-79.478544,39.5524491],[-79.4785051,39.55641],[-79.4784717,39.5597459],[-79.4784048,39.5671538],[-79.4783045,39.5777782],[-79.4782795,39.5803919],[-79.4782544,39.5832501],[-79.4780817,39.6018046],[-79.4779648,39.61449],[-79.4779007,39.6214479],[-79.4778227,39.6298752],[-79.4778088,39.6314362],[-79.4777308,39.639658],[-79.4777085,39.64238],[-79.4764751,39.6423884],[-79.4765305,39.6497518],[-79.4765638,39.6538516],[-79.4766136,39.6604707],[-79.4766312,39.6635183],[-79.4766939,39.6711423],[-79.476716,39.6739699],[-79.4768185,39.6873525],[-79.4768044,39.6957825],[-79.4767932,39.7018794],[-79.4767707,39.7143676],[-79.4767594,39.7211311],[-79.5237486,39.7210617],[-79.71911,39.7207731],[-79.7638076,39.7207071],[-79.8081566,39.7208347],[-79.8536283,39.7206632],[-79.854551,39.7206628],[-79.8556292,39.7206623],[-79.8580325,39.7206611],[-79.9149322,39.7207282],[-79.9165126,39.7207318],[-79.9180782,39.7207383],[-79.9243914,39.7207509],[-79.9364482,39.7207727],[-79.9500961,39.7208365],[-79.9722627,39.7209308],[-80.0062921,39.7210895],[-80.0418765,39.7212329],[-80.0614753,39.7212975],[-80.0621791,39.7212935],[-80.0747053,39.721289],[-80.0837276,39.7212664],[-80.1409523,39.7212215],[-80.1742052,39.721239],[-80.2014224,39.7212264],[-80.20201,39.7212246],[-80.2073832,39.7212227],[-80.2095094,39.7212243],[-80.2125338,39.7212229],[-80.2202967,39.7212163],[-80.2218072,39.7212155],[-80.2433548,39.7211714],[-80.2584381,39.7211965],[-80.2588096,39.7211965],[-80.2890591,39.7212883],[-80.4035082,39.7211246],[-80.4213929,39.7211879],[-80.4525382,39.7210585],[-80.5191235,39.7212492],[-80.5195215,39.7916179],[-80.5190439,39.8552181],[-80.5191035,39.8782156],[-80.519091,39.9622],[-80.519097,39.962247],[-80.519173,39.962848],[-80.519211,39.963425],[-80.519163,39.965887],[-80.519131,39.970029],[-80.519056,40.000074],[-80.519024,40.003018],[-80.5191185,40.016199],[-80.51912,40.01641],[-80.519088,40.016826],[-80.51909,40.017031],[-80.51928,40.02577],[-80.518992,40.036169],[-80.519024,40.036522],[-80.519264,40.045402],[-80.519056,40.064073],[-80.519008,40.065065],[-80.51896,40.068201],[-80.5189391,40.0740579],[-80.519008,40.077001],[-80.51896,40.077337],[-80.51896,40.078089],[-80.5189757,40.0954248],[-80.5189797,40.0990252],[-80.5189834,40.1026605],[-80.5189851,40.1035388],[-80.5190082,40.1173836],[-80.5190162,40.1216858],[-80.5190321,40.1345027],[-80.5190409,40.1441954],[-80.519072,40.150467],[-80.5191005,40.1597303],[-80.519138,40.171889],[-80.519134,40.172319],[-80.519065,40.172624],[-80.51909,40.172636],[-80.519057,40.172755],[-80.518927,40.182695],[-80.518861,40.195897],[-80.518861,40.19598],[-80.519078,40.202691],[-80.519072,40.203489],[-80.51909,40.203553],[-80.51911,40.244436],[-80.519071,40.256973],[-80.519167,40.262198],[-80.519151,40.268101],[-80.519215,40.268295],[-80.519135,40.28159],[-80.519118,40.281706],[-80.519116,40.281725],[-80.519072,40.283707],[-80.519071,40.288612],[-80.519019,40.290833],[-80.518991,40.294183],[-80.5189975,40.2942173],[-80.519055,40.294518],[-80.519023,40.299494],[-80.518991,40.300535],[-80.519008,40.330951],[-80.519043,40.340004],[-80.519039,40.342109],[-80.51898,40.343787],[-80.518988,40.3484],[-80.518975,40.349789],[-80.5191009,40.363741],[-80.5191317,40.3684431],[-80.5191333,40.3686645],[-80.5191345,40.3688372],[-80.5191352,40.3689356],[-80.5191358,40.369013],[-80.5190509,40.3809982],[-80.5190751,40.3934361],[-80.5190675,40.3991031],[-80.5190702,40.3996772],[-80.5190746,40.408466],[-80.5190444,40.4117948],[-80.5189964,40.4132384],[-80.5189859,40.4147491],[-80.5189994,40.4169671],[-80.5190203,40.420435],[-80.5190376,40.423318],[-80.5190431,40.4242302],[-80.5190443,40.4244245],[-80.5190304,40.4335107],[-80.5189974,40.4445115],[-80.5189554,40.4577005],[-80.5189618,40.4631466],[-80.5189787,40.4685543],[-80.51899,40.473667],[-80.5190355,40.4771693],[-80.5190257,40.5185454],[-80.5190141,40.5596109],[-80.5189939,40.6374466],[-80.518991,40.638801],[-80.520322,40.638026],[-80.521441,40.637218],[-80.521917,40.636992],[-80.522435,40.636822],[-80.523852,40.63661],[-80.52566,40.636068],[-80.52676,40.635969],[-80.527606,40.635992],[-80.529543,40.63624],[-80.530093,40.636255],[-80.531056,40.636092],[-80.532737,40.63559],[-80.533719,40.635113],[-80.53484,40.6347],[-80.535177,40.634184],[-80.535377,40.634063],[-80.536297,40.633876],[-80.537354,40.633205],[-80.537956,40.63293],[-80.539267,40.632582],[-80.539309,40.63255],[-80.539224,40.632445],[-80.539108,40.632445],[-80.539055,40.632364],[-80.539129,40.632235],[-80.542289,40.631296],[-80.54343,40.630681],[-80.545892,40.629702],[-80.547361,40.629305],[-80.549963,40.629147],[-80.550576,40.629042],[-80.551126,40.628847],[-80.551707,40.62858],[-80.553364,40.627377],[-80.554399,40.62677],[-80.555219,40.626484],[-80.556418,40.626227],[-80.557051,40.625911],[-80.558285,40.624946],[-80.56069,40.623708],[-80.5612394,40.6230917],[-80.563559,40.621361],[-80.565408,40.619744],[-80.566186,40.618694],[-80.566912,40.618094],[-80.567614,40.617678],[-80.570591,40.616057],[-80.571832,40.615484],[-80.573412,40.614974],[-80.574307,40.614821],[-80.576704,40.614223],[-80.577591,40.614143],[-80.5798239,40.6141791],[-80.5809622,40.6143616],[-80.5822755,40.6147541],[-80.5834728,40.6153079],[-80.5853772,40.6166265],[-80.5876978,40.61866],[-80.5887707,40.6197049],[-80.588955,40.620056],[-80.589265,40.620256],[-80.591105,40.62104],[-80.591617,40.621696],[-80.592049,40.622496],[-80.594065,40.623664],[-80.596913,40.624688],[-80.598345,40.625064],[-80.5989441,40.6252894],[-80.600266,40.625389],[-80.601494,40.625387],[-80.602636,40.625288],[-80.603876,40.625064],[-80.605906,40.624464],[-80.609234,40.623712],[-80.609698,40.623536],[-80.609778,40.623392],[-80.61019,40.623278],[-80.6105797,40.6232021],[-80.6125082,40.6228002],[-80.6139405,40.6224061],[-80.616002,40.621696],[-80.6168996,40.6212025],[-80.6225858,40.6201422],[-80.6242209,40.6200005],[-80.6251618,40.6202057],[-80.6259193,40.6201601],[-80.6266728,40.6200145],[-80.627171,40.619936],[-80.6274428,40.6197907],[-80.6281015,40.6195086],[-80.6291562,40.6187138],[-80.6301443,40.6181087],[-80.6324949,40.6172499],[-80.6329588,40.6170266],[-80.6337158,40.6165655],[-80.6340547,40.6162636],[-80.6344514,40.6158135],[-80.6350429,40.6150284],[-80.6356415,40.6143806],[-80.6357857,40.6142433],[-80.6360886,40.6139963],[-80.6363194,40.6137932],[-80.6364276,40.6136065],[-80.6365648,40.6132001],[-80.6366587,40.6130024],[-80.6369902,40.6127389],[-80.6373507,40.6124864],[-80.6380789,40.6118496],[-80.6383241,40.6116629],[-80.638533,40.6115862],[-80.6392177,40.6113887],[-80.6394629,40.6112624],[-80.6396936,40.6109988],[-80.6399244,40.6106035],[-80.6401696,40.6100599],[-80.6402778,40.6098512],[-80.6405375,40.6095382],[-80.6410855,40.6089068],[-80.6416623,40.6081765],[-80.642715,40.6068256],[-80.6437532,40.6054035],[-80.6445176,40.6042557],[-80.6448708,40.6037615],[-80.6452241,40.6034376],[-80.645815,40.6030808],[-80.6462114,40.6027788],[-80.6464854,40.6025482],[-80.6468818,40.602087],[-80.6474803,40.6013733],[-80.6477974,40.6011427],[-80.6483596,40.6007255],[-80.6489003,40.6002753],[-80.6496643,40.599677],[-80.6501617,40.5993421],[-80.6504067,40.5991994],[-80.650695,40.5990292],[-80.6508463,40.598914],[-80.6510338,40.5987547],[-80.6511996,40.5985297],[-80.6513871,40.5982332],[-80.651726,40.5977115],[-80.6519205,40.5975962],[-80.6522449,40.59747],[-80.6528501,40.5972835],[-80.6531385,40.5971133],[-80.6534123,40.5969158],[-80.6537654,40.5966632],[-80.6542195,40.5963284],[-80.6546591,40.5960978],[-80.6547528,40.5961088],[-80.6547815,40.5961692],[-80.6547383,40.5962626],[-80.6539454,40.5969763],[-80.6530732,40.5978438],[-80.6531308,40.5979152],[-80.6532749,40.5978878],[-80.6534119,40.5978439],[-80.6538226,40.5976023],[-80.6573468,40.595088],[-80.6591485,40.5938858],[-80.6600494,40.593216],[-80.6609501,40.5926176],[-80.6621175,40.5918325],[-80.6628814,40.591278],[-80.663321,40.5908552],[-80.6643587,40.5897186],[-80.6648632,40.5890487],[-80.6653821,40.5882965],[-80.6656921,40.5878132],[-80.6659227,40.5873959],[-80.6662759,40.586693],[-80.6664777,40.5862647],[-80.666658,40.5857211],[-80.6668382,40.585139],[-80.6674364,40.5842494],[-80.6676167,40.5838101],[-80.6677897,40.5832115],[-80.6678615,40.5825512],[-80.667862,40.5825469],[-80.6680203,40.5812873],[-80.6676899,40.5780287],[-80.6667296,40.5747211],[-80.6667897,40.5736584],[-80.6665311,40.5736095],[-80.6661715,40.5738287],[-80.6658102,40.5739086],[-80.6653574,40.5737929],[-80.6649722,40.5734816],[-80.664026,40.5724865],[-80.6627406,40.5705608],[-80.6625186,40.5699903],[-80.6626913,40.5698436],[-80.6629477,40.5698599],[-80.6638575,40.5702389],[-80.6642427,40.5703367],[-80.6641515,40.5701052],[-80.6614682,40.5686382],[-80.6561971,40.5659308],[-80.655316,40.565184],[-80.652436,40.562544],[-80.6416034,40.5487025],[-80.64138,40.548417],[-80.6407015,40.5480035],[-80.6402026,40.5475975],[-80.6398678,40.5469078],[-80.638494,40.545029],[-80.6381693,40.5446479],[-80.6370966,40.5432277],[-80.6362823,40.5426023],[-80.6352963,40.5420153],[-80.6345013,40.5407776],[-80.6334906,40.5398033],[-80.6334016,40.5390809],[-80.633107,40.538705],[-80.6324381,40.5384466],[-80.631112,40.5382957],[-80.630483,40.537921],[-80.6299887,40.5374673],[-80.6294995,40.53659],[-80.6292173,40.536422],[-80.6290693,40.536453],[-80.6290446,40.5365843],[-80.6291572,40.5368338],[-80.6290703,40.5369316],[-80.6288558,40.5368966],[-80.627507,40.535793],[-80.6268173,40.5345963],[-80.6260178,40.5315048],[-80.6258667,40.5308124],[-80.6250384,40.5270167],[-80.6245042,40.5253841],[-80.6235772,40.5236587],[-80.6235139,40.523541],[-80.6223519,40.5206237],[-80.6222017,40.5192649],[-80.6222007,40.5169804],[-80.6220998,40.5161175],[-80.6214314,40.5146192],[-80.6211771,40.5133786],[-80.6210194,40.5123981],[-80.6210613,40.511549],[-80.6215172,40.5103613],[-80.6214754,40.5098695],[-80.621182,40.5093625],[-80.6200136,40.5087621],[-80.6196794,40.5084098],[-80.6195962,40.5080602],[-80.619708,40.5071302],[-80.6195549,40.5064622],[-80.6182739,40.5035797],[-80.618275,40.5031877],[-80.6184308,40.5028118],[-80.6182975,40.5022985],[-80.6180186,40.5018518],[-80.6177064,40.5016626],[-80.6172799,40.5015157],[-80.61673,40.5015345],[-80.6159892,40.5019065],[-80.615714,40.5018588],[-80.615604,40.501727],[-80.6145832,40.4999538],[-80.6141326,40.4994317],[-80.613903,40.4990385],[-80.6139191,40.4986607],[-80.6139674,40.4983809],[-80.6141186,40.4983205],[-80.6143107,40.4984143],[-80.6150327,40.4993795],[-80.6153557,40.4996234],[-80.6156797,40.4997034],[-80.6159404,40.4996242],[-80.6160831,40.4994586],[-80.6161775,40.499116],[-80.616155,40.4988549],[-80.6160241,40.4986093],[-80.6146765,40.4972558],[-80.6144373,40.4966366],[-80.6140242,40.495824],[-80.612402,40.4940608],[-80.6120126,40.4933453],[-80.6098861,40.4904031],[-80.609058,40.489506],[-80.6082993,40.4891122],[-80.607809,40.4887557],[-80.606734,40.4876108],[-80.6054229,40.4868153],[-80.6045185,40.4861127],[-80.6043039,40.4857341],[-80.6035153,40.4850494],[-80.6031323,40.4844995],[-80.6026989,40.4841078],[-80.6021356,40.4838311],[-80.6009619,40.4837952],[-80.6006765,40.4835994],[-80.6005038,40.4831485],[-80.6001497,40.4821917],[-80.5998825,40.481476],[-80.5983247,40.4789177],[-80.5973752,40.477279],[-80.5965995,40.4761054],[-80.5965663,40.4753072],[-80.5965008,40.4747074],[-80.5961972,40.4735468],[-80.5962573,40.4725136],[-80.5963485,40.4714028],[-80.5962594,40.4705923],[-80.5964107,40.4697565],[-80.5969686,40.4674907],[-80.597077,40.4669806],[-80.5969031,40.4662631],[-80.5969439,40.4654632],[-80.5975233,40.4643351],[-80.5983043,40.4633287],[-80.5990468,40.4606178],[-80.5997345,40.459359],[-80.6011314,40.4572047],[-80.6028491,40.4545107],[-80.6048049,40.4518827],[-80.6054261,40.4512288],[-80.6061578,40.4501144],[-80.606234,40.4494955],[-80.6061289,40.4481059],[-80.6067286,40.4469531],[-80.608251,40.4446457],[-80.609325,40.4434528],[-80.6105556,40.4418377],[-80.6114354,40.440532],[-80.6122937,40.4389659],[-80.6127185,40.4377745],[-80.6129172,40.437087],[-80.6132957,40.4357771],[-80.6134148,40.434894],[-80.6136197,40.4333746],[-80.6138579,40.4323995],[-80.6137238,40.431502],[-80.6139899,40.430647],[-80.6143332,40.4300443],[-80.6143321,40.429297],[-80.6140307,40.4284983],[-80.61383,40.4271858],[-80.6138547,40.4265357],[-80.6142688,40.4256561],[-80.6141959,40.4253098],[-80.6133655,40.4237245],[-80.6133601,40.423009],[-80.6136637,40.4217667],[-80.6136391,40.4208642],[-80.6130833,40.4183492],[-80.6130146,40.4175038],[-80.6135307,40.4156847],[-80.6133247,40.41476],[-80.6136015,40.4136785],[-80.6138515,40.4114737],[-80.6137721,40.4093301],[-80.6142849,40.4068621],[-80.6150596,40.4052004],[-80.6161721,40.4033385],[-80.6176731,40.4015027],[-80.6187074,40.4005214],[-80.6210216,40.399362],[-80.62356,40.3981855],[-80.6244591,40.3981422],[-80.625105,40.3980082],[-80.6287302,40.3970939],[-80.629625,40.3966812],[-80.6309779,40.39595],[-80.6320347,40.3952285],[-80.6327621,40.3946712],[-80.6333866,40.3938426],[-80.6337288,40.3931726],[-80.6340646,40.3911477],[-80.6340732,40.3899482],[-80.6338575,40.3892462],[-80.6331087,40.3881716],[-80.6322718,40.3871076],[-80.6315423,40.386404],[-80.6312118,40.386373],[-80.6310841,40.3864351],[-80.6312107,40.3868453],[-80.6311346,40.3870611],[-80.6307912,40.3870627],[-80.6303515,40.3867893],[-80.6300102,40.3864024],[-80.6295864,40.3857184],[-80.6292613,40.3853915],[-80.6286648,40.3851341],[-80.6270544,40.3845947],[-80.6256629,40.384218],[-80.6243958,40.3836107],[-80.623148,40.3830534],[-80.621941,40.3826464],[-80.621028,40.3826268],[-80.6205956,40.3825639],[-80.6191816,40.3818152],[-80.6188082,40.3814687],[-80.6176141,40.380752],[-80.6148407,40.3788526],[-80.613638,40.3781644],[-80.6120587,40.3771673],[-80.6117076,40.3768597],[-80.6111489,40.3763868],[-80.6104633,40.3756136],[-80.6095449,40.3745903],[-80.609045,40.3739298],[-80.6085965,40.3734084],[-80.6082328,40.372479],[-80.6078519,40.369686],[-80.6076545,40.3679204],[-80.6077382,40.367031],[-80.6081051,40.3656274],[-80.6085536,40.3641723],[-80.6086019,40.3631742],[-80.6092413,40.361016],[-80.6103399,40.3586157],[-80.6108978,40.3575325],[-80.6114525,40.3567304],[-80.6119257,40.3556692],[-80.6121596,40.3548574],[-80.6124235,40.3538754],[-80.6125887,40.3524822],[-80.6126166,40.3518314],[-80.6123934,40.3512926],[-80.6122293,40.3507783],[-80.6122271,40.3500653],[-80.6125694,40.3494243],[-80.6126928,40.3491111],[-80.612796,40.347668],[-80.6126949,40.3452283],[-80.6124739,40.3433104],[-80.6120619,40.3414925],[-80.6117596,40.3406788],[-80.6116424,40.3403632],[-80.6111183,40.3393391],[-80.6108313,40.3387784],[-80.6092166,40.3365229],[-80.6075467,40.3340428],[-80.6061978,40.331781],[-80.6061364,40.331678],[-80.6052974,40.3300774],[-80.6048489,40.3291139],[-80.6046503,40.3284697],[-80.6040722,40.3265939],[-80.6027225,40.3221238],[-80.6023373,40.321224],[-80.6018631,40.3206244],[-80.6017343,40.3203552],[-80.6016271,40.3201139],[-80.6015863,40.319817],[-80.6014779,40.3189883],[-80.601243,40.317695],[-80.6013427,40.3161072],[-80.6015659,40.3148588],[-80.602141,40.3130909],[-80.602701,40.3117378],[-80.6032106,40.3108182],[-80.6033211,40.3101981],[-80.6036623,40.30951],[-80.6037664,40.3085144],[-80.6042685,40.3081241],[-80.6041837,40.3075448],[-80.6050184,40.3062219],[-80.6055978,40.3055166],[-80.6064318,40.3050514],[-80.6069797,40.3047407],[-80.6094741,40.3016882],[-80.6108957,40.2999543],[-80.6117798,40.2986099],[-80.6120995,40.2977745],[-80.612313,40.297403],[-80.6134717,40.2961567],[-80.6148407,40.2939792],[-80.615788,40.2924742],[-80.6163663,40.2909734],[-80.6166882,40.2896452],[-80.6167912,40.287717],[-80.6171141,40.2865966],[-80.6176162,40.2859247],[-80.6181301,40.2851889],[-80.6181656,40.2848493],[-80.6180787,40.2843558],[-80.6180583,40.2824119],[-80.6177568,40.2798918],[-80.6175293,40.2785626],[-80.6173995,40.2775836],[-80.6173555,40.2770876],[-80.6177632,40.2744519],[-80.6178469,40.2735359],[-80.6177235,40.2730578],[-80.617334,40.2726197],[-80.6171013,40.272358],[-80.6170508,40.2720993],[-80.6172075,40.2717178],[-80.617701,40.2706544],[-80.6180196,40.2691015],[-80.6188847,40.2671697],[-80.6189155,40.2671008],[-80.6189503,40.2670545],[-80.6198854,40.2658089],[-80.6201461,40.2654503],[-80.6205629,40.264589],[-80.6207491,40.2642043],[-80.6216063,40.2635469],[-80.6221582,40.2630703],[-80.6232562,40.262122],[-80.6234463,40.2619578],[-80.624325,40.2614494],[-80.625783,40.2606814],[-80.6285532,40.2594517],[-80.6314951,40.2580811],[-80.6330647,40.2573573],[-80.6349025,40.2563256],[-80.6350135,40.2562488],[-80.6366878,40.2550794],[-80.6378004,40.2544129],[-80.6384431,40.2541796],[-80.6385707,40.2543171],[-80.6383776,40.2548387],[-80.6385568,40.254905],[-80.6390299,40.2547372],[-80.6396683,40.2543662],[-80.6405877,40.2536228],[-80.641431,40.253346],[-80.6420683,40.2531012],[-80.6427839,40.2526287],[-80.6445231,40.2517886],[-80.6466613,40.2505644],[-80.649218,40.2486507],[-80.6530203,40.2450238],[-80.65387,40.2439666],[-80.6542166,40.2430969],[-80.6544322,40.2423426],[-80.6559729,40.240396],[-80.6569181,40.2389201],[-80.6578698,40.2375729],[-80.6583547,40.2367359],[-80.6587709,40.2353657],[-80.6600359,40.2335449],[-80.6605927,40.2323482],[-80.6615562,40.2308452],[-80.6617289,40.2301998],[-80.6616456,40.2295259],[-80.6616399,40.2294798],[-80.6616603,40.2288474],[-80.6619381,40.2281888],[-80.6620755,40.2275679],[-80.6622654,40.2270273],[-80.6627535,40.2263695],[-80.6630421,40.2258781],[-80.6632352,40.2250597],[-80.6634198,40.2243716],[-80.6636816,40.2238342],[-80.6637502,40.2230929],[-80.6639552,40.2221566],[-80.6643693,40.220519],[-80.6645216,40.2197497],[-80.6643907,40.2189616],[-80.6643071,40.2187011],[-80.6639562,40.2182251],[-80.6638146,40.2180015],[-80.6638554,40.2176041],[-80.6642824,40.216798],[-80.6643886,40.216426],[-80.6644583,40.21498],[-80.664497,40.2148317],[-80.6646697,40.2148317],[-80.6648424,40.2149833],[-80.6649733,40.2150136],[-80.6648585,40.2142918],[-80.6647126,40.2137355],[-80.6645635,40.2133767],[-80.6646869,40.213144],[-80.6650806,40.2128867],[-80.6653298,40.2125219],[-80.6654432,40.212278],[-80.6655216,40.2115078],[-80.6659936,40.2104607],[-80.666662,40.2090154],[-80.6667672,40.2082829],[-80.6668165,40.2077257],[-80.6664947,40.2070161],[-80.6665333,40.2067375],[-80.6671545,40.2051151],[-80.6674764,40.203904],[-80.6680364,40.2014007],[-80.6685954,40.2003354],[-80.6687434,40.1994602],[-80.6693056,40.1983654],[-80.6706714,40.1962044],[-80.6719256,40.1943973],[-80.6727528,40.1932032],[-80.6733386,40.1924198],[-80.6745842,40.1914191],[-80.6763405,40.1898594],[-80.6773919,40.1888267],[-80.678379,40.1869252],[-80.6788511,40.1864662],[-80.6793661,40.1860728],[-80.6797308,40.185745],[-80.6798167,40.1855482],[-80.6797952,40.1851712],[-80.6800098,40.1848925],[-80.6802512,40.184545],[-80.6812726,40.183727],[-80.6816867,40.1832024],[-80.6824141,40.1823983],[-80.6826684,40.182109],[-80.6828422,40.1820753],[-80.6829044,40.1821549],[-80.6827768,40.182386],[-80.6826019,40.1829081],[-80.6819378,40.1839278],[-80.6812168,40.1848393],[-80.6808423,40.1851884],[-80.6807361,40.185413],[-80.6808048,40.185595],[-80.681014,40.1857736],[-80.6813967,40.1858441],[-80.6817457,40.1857417],[-80.6821759,40.1853966],[-80.6831447,40.1844204],[-80.6838539,40.1838409],[-80.6841297,40.1833024],[-80.6844043,40.1824639],[-80.6852701,40.1814803],[-80.6862143,40.1805335],[-80.6870962,40.1790523],[-80.6882957,40.1772563],[-80.6890263,40.1758119],[-80.6902204,40.174092],[-80.690847,40.1731689],[-80.6923941,40.1716794],[-80.6932674,40.1706259],[-80.6948563,40.1685288],[-80.6962146,40.1663357],[-80.6972671,40.1647287],[-80.6988518,40.1626289],[-80.6999147,40.1611247],[-80.7020951,40.1578913],[-80.702477,40.1571041],[-80.7027506,40.1561341],[-80.7032313,40.1554756],[-80.7041078,40.1547261],[-80.7044672,40.1542776],[-80.7048824,40.1531812],[-80.705155,40.1522619],[-80.7051786,40.1512262],[-80.7051989,40.1506185],[-80.7058201,40.1494581],[-80.7062053,40.148734],[-80.7062772,40.1483256],[-80.7065079,40.1467658],[-80.7068147,40.1452248],[-80.7071988,40.1439306],[-80.707496,40.1429481],[-80.7079466,40.1419811],[-80.7087416,40.1405163],[-80.7091976,40.1398158],[-80.7094497,40.1390424],[-80.7096053,40.1381541],[-80.7096287,40.1374082],[-80.7096471,40.1369566],[-80.7095602,40.1358116],[-80.7095098,40.1347945],[-80.7096246,40.1339767],[-80.7099894,40.1328553],[-80.7101149,40.1320342],[-80.7100495,40.1290016],[-80.7100334,40.1257555],[-80.7099904,40.1247875],[-80.7097544,40.123442],[-80.7091042,40.120834],[-80.7088092,40.119879],[-80.7082899,40.1184153],[-80.7078629,40.1178976],[-80.7067932,40.1171083],[-80.7065787,40.1167432],[-80.7065089,40.1162838],[-80.7064489,40.1159613],[-80.7064907,40.1152557],[-80.7065272,40.1142481],[-80.7066806,40.113385],[-80.7069821,40.1124118],[-80.7069585,40.1119228],[-80.7069606,40.1112943],[-80.7069145,40.1106206],[-80.7069638,40.1095235],[-80.7070711,40.1087867],[-80.7074713,40.1073072],[-80.7078415,40.1065071],[-80.7079691,40.1053197],[-80.7081451,40.1047633],[-80.7084455,40.1043514],[-80.7085914,40.1038959],[-80.708659,40.1032575],[-80.7087598,40.1015358],[-80.7087641,40.1007734],[-80.7088736,40.1002514],[-80.7089948,40.1001037],[-80.7091976,40.0999273],[-80.7098402,40.0994833],[-80.7114066,40.098542],[-80.7120085,40.0981209],[-80.7123293,40.097837],[-80.7127746,40.0971952],[-80.713075,40.0967545],[-80.7134172,40.0965115],[-80.7138271,40.096395],[-80.7143378,40.0962629],[-80.7164481,40.0952961],[-80.7168751,40.0950137],[-80.7175993,40.0942915],[-80.7188503,40.0935372],[-80.7193814,40.093126],[-80.7205272,40.0926533],[-80.7222009,40.0919474],[-80.7243821,40.0907811],[-80.7249894,40.0903994],[-80.7258917,40.0896788],[-80.7273508,40.0887455],[-80.7286372,40.087859],[-80.7291408,40.0873904],[-80.730704,40.086472],[-80.7312132,40.0862978],[-80.7315972,40.086068],[-80.7322635,40.0852611],[-80.7325124,40.0849751],[-80.7333729,40.0839863],[-80.7343363,40.0829495],[-80.7353105,40.0819358],[-80.736174,40.0810426],[-80.7366205,40.0805993],[-80.7371333,40.0799286],[-80.7375346,40.0793565],[-80.7379884,40.0783073],[-80.7384605,40.0773173],[-80.7388875,40.0759414],[-80.7390431,40.0749554],[-80.7389497,40.074136],[-80.7386332,40.0736714],[-80.7385256,40.0723804],[-80.738504,40.071472],[-80.7383961,40.0711291],[-80.7383537,40.0707334],[-80.7381279,40.0701098],[-80.7380335,40.0697637],[-80.7379761,40.069086],[-80.737946,40.0686332],[-80.7380227,40.067705],[-80.7378286,40.0665243],[-80.7375603,40.0657085],[-80.7372887,40.0650356],[-80.7368066,40.0640573],[-80.7356388,40.0619721],[-80.7349978,40.0608557],[-80.734471,40.0601405],[-80.7339866,40.0599024],[-80.7336781,40.0595349],[-80.7333777,40.0589207],[-80.733183,40.0581356],[-80.7330564,40.0576758],[-80.7326462,40.0556552],[-80.7326034,40.0554459],[-80.732536,40.0551161],[-80.7325553,40.0538703],[-80.7321981,40.0528462],[-80.7315972,40.0504851],[-80.7313504,40.049688],[-80.7310157,40.0488081],[-80.7309256,40.0483523],[-80.7308012,40.0476131],[-80.7306907,40.0468862],[-80.7307743,40.045867],[-80.7308902,40.0447163],[-80.7309696,40.043913],[-80.7309063,40.04349],[-80.7307829,40.0429249],[-80.73071,40.0418103],[-80.7305458,40.0411565],[-80.7304578,40.0403672],[-80.7306456,40.0396263],[-80.7306713,40.039154],[-80.7309728,40.0381946],[-80.7314417,40.0369452],[-80.7319416,40.0356506],[-80.7321948,40.0350772],[-80.7329898,40.0340553],[-80.7333493,40.0333825],[-80.7337838,40.0326153],[-80.7340241,40.0322637],[-80.7342998,40.0319856],[-80.7344382,40.0319141],[-80.734924,40.031686],[-80.735131,40.031516],[-80.735353,40.031349],[-80.73551,40.031206],[-80.7355304,40.0310906],[-80.7358115,40.030822],[-80.736009,40.030648],[-80.736067,40.030572],[-80.7361409,40.0303767],[-80.7363271,40.0299569],[-80.7365389,40.0295958],[-80.7368608,40.0288836],[-80.7371113,40.0283496],[-80.737265,40.027989],[-80.737286,40.027894],[-80.737329,40.02779],[-80.737365,40.027718],[-80.737408,40.02766],[-80.737443,40.027597],[-80.737522,40.027412],[-80.73755,40.027322],[-80.737592,40.027231],[-80.737613,40.027185],[-80.737657,40.027088],[-80.737686,40.026994],[-80.737707,40.026818],[-80.737735,40.026643],[-80.737764,40.026512],[-80.737771,40.026188],[-80.73777,40.025987],[-80.73777,40.025814],[-80.737763,40.025751],[-80.737713,40.025611],[-80.737692,40.025516],[-80.737663,40.025431],[-80.737613,40.02534],[-80.737563,40.025277],[-80.737506,40.025187],[-80.73742,40.024993],[-80.737391,40.024935],[-80.737327,40.024808],[-80.737313,40.024741],[-80.737312,40.024623],[-80.737327,40.024538],[-80.737355,40.024457],[-80.737505,40.02425],[-80.737619,40.023984],[-80.737669,40.023732],[-80.737633,40.0233],[-80.737626,40.023106],[-80.737626,40.022939],[-80.737618,40.022804],[-80.737661,40.022435],[-80.737732,40.022057],[-80.737753,40.021999],[-80.737775,40.02194],[-80.737802,40.021875],[-80.737832,40.021805],[-80.737992,40.021386],[-80.738039,40.021264],[-80.738065,40.021184],[-80.738089,40.021111],[-80.738131,40.020886],[-80.738138,40.020792],[-80.738167,40.02063],[-80.738202,40.020341],[-80.738238,40.020229],[-80.738256,40.020188],[-80.738295,40.020103],[-80.7383328,40.0198638],[-80.7383135,40.0194653],[-80.7385002,40.0190734],[-80.7389583,40.0180562],[-80.7393585,40.0171976],[-80.7397683,40.0163923],[-80.7401353,40.0156569],[-80.7403756,40.0151434],[-80.7405408,40.0144507],[-80.7406899,40.0136298],[-80.7408627,40.0129584],[-80.7411202,40.0119921],[-80.7412543,40.0114769],[-80.7413551,40.0107406],[-80.7413809,40.0098556],[-80.7414474,40.0092409],[-80.7416802,40.0088489],[-80.7419366,40.0086163],[-80.7419763,40.0084725],[-80.7418551,40.0082753],[-80.7416748,40.0081093],[-80.7414013,40.0077354],[-80.7411202,40.0073853],[-80.7410139,40.0070434],[-80.7411266,40.0054475],[-80.7414442,40.0043175],[-80.7417617,40.0031275],[-80.7418272,40.0026508],[-80.741874,40.002222],[-80.74186,40.00192],[-80.74186,40.00185],[-80.741859,40.001641],[-80.741838,40.001447],[-80.741802,40.001217],[-80.741787,40.000748],[-80.741773,40.000577],[-80.741773,40.000447],[-80.741759,40.00032],[-80.741708,40.000149],[-80.741694,40.000073],[-80.741657,39.999924],[-80.7415053,39.9996625],[-80.7413197,39.9993823],[-80.7411384,39.9990667],[-80.7409689,39.9986565],[-80.7408873,39.9977541],[-80.7408434,39.9967226],[-80.7408037,39.9958982],[-80.7406256,39.9954199],[-80.7403949,39.9948609],[-80.7399239,39.9943686],[-80.739293,39.9939609],[-80.7393016,39.9936428],[-80.7393242,39.9933198],[-80.7394068,39.9926778],[-80.7394647,39.9921477],[-80.7394711,39.991555],[-80.7394229,39.9912756],[-80.7392941,39.9909796],[-80.7391707,39.9904273],[-80.7391235,39.9899439],[-80.7392319,39.989274],[-80.7393853,39.9888622],[-80.7393574,39.9882177],[-80.7392523,39.9876102],[-80.7390409,39.9869214],[-80.7390001,39.9864487],[-80.7388306,39.9860171],[-80.7385034,39.985477],[-80.7383285,39.9851967],[-80.7381558,39.9849164],[-80.7382255,39.9844741],[-80.7384787,39.9837293],[-80.7385699,39.9832402],[-80.738571,39.982317],[-80.7386547,39.9817621],[-80.7388714,39.9810888],[-80.7390227,39.9803982],[-80.7391246,39.9794865],[-80.7391707,39.978768],[-80.7392127,39.9776777],[-80.7397458,39.9764322],[-80.740072,39.9752656],[-80.7404121,39.974413],[-80.7407103,39.9733038],[-80.7408165,39.9730465],[-80.740693,39.972637],[-80.740543,39.972331],[-80.74015,39.971775],[-80.740053,39.971311],[-80.740139,39.970795],[-80.740603,39.9705642],[-80.7415246,39.9701523],[-80.7421319,39.9697354],[-80.7426876,39.9692437],[-80.7431597,39.9686509],[-80.7438056,39.9679487],[-80.744386,39.9672407],[-80.7452615,39.9665302],[-80.746182,39.9658387],[-80.7472335,39.965083],[-80.7478128,39.9647105],[-80.748427,39.9645021],[-80.7491255,39.9642969],[-80.7495863,39.9640144],[-80.7501651,39.9636863],[-80.7509934,39.9630067],[-80.7518619,39.962774],[-80.7525346,39.9625203],[-80.7535045,39.9620248],[-80.7552731,39.9610397],[-80.7563674,39.960397],[-80.7573534,39.959765],[-80.7580825,39.9592642],[-80.7585003,39.9589682],[-80.758782,39.9586622],[-80.7589123,39.9583501],[-80.7589402,39.9579961],[-80.7591044,39.9578493],[-80.7596612,39.957594],[-80.7599187,39.957281],[-80.7604889,39.9565968],[-80.7610999,39.955832],[-80.7617421,39.9550211],[-80.7621498,39.9544108],[-80.7626229,39.9538183],[-80.7628825,39.9532253],[-80.7631347,39.9525715],[-80.7633739,39.951874],[-80.7635348,39.9514579],[-80.7636094,39.9510968],[-80.7639002,39.9503965],[-80.7640933,39.9495752],[-80.7641158,39.9491455],[-80.7641153,39.9484649],[-80.7640359,39.9477082],[-80.7640144,39.9471554],[-80.7639763,39.9462848],[-80.7638862,39.9455622],[-80.7637714,39.9447652],[-80.7636867,39.9440718],[-80.7634994,39.9431526],[-80.7634506,39.9427306],[-80.7634056,39.9416859],[-80.7632757,39.9412759],[-80.763073,39.9401748],[-80.7628149,39.939736],[-80.7629775,39.9394579],[-80.7628343,39.9390548],[-80.7626744,39.9384194],[-80.7625161,39.9377378],[-80.7623836,39.9366935],[-80.7622672,39.9362427],[-80.7621503,39.9357392],[-80.7620773,39.9351963],[-80.7620199,39.9346871],[-80.7617297,39.9331643],[-80.7615269,39.9325868],[-80.7614298,39.9315769],[-80.7613231,39.9307554],[-80.7610881,39.9298015],[-80.7605506,39.9283992],[-80.7596816,39.9265661],[-80.7586527,39.9248366],[-80.7579462,39.9236535],[-80.7573116,39.9225279],[-80.7564415,39.9206271],[-80.7559286,39.9190786],[-80.7556728,39.9177665],[-80.7555413,39.9166676],[-80.7555724,39.9158595],[-80.7554979,39.9147712],[-80.7554986,39.913967],[-80.7554987,39.9138804],[-80.7554989,39.9136084],[-80.7555859,39.9128472],[-80.75631,39.9116128],[-80.7568722,39.9104311],[-80.7575557,39.909688],[-80.7593002,39.9087045],[-80.7605179,39.908228],[-80.7612893,39.9079803],[-80.7620693,39.9079581],[-80.7631379,39.9080791],[-80.7644908,39.9083391],[-80.7656699,39.9083737],[-80.7674477,39.9083753],[-80.7685463,39.9085539],[-80.7696138,39.9089127],[-80.7715901,39.9098213],[-80.7728958,39.9105636],[-80.7736521,39.911338],[-80.7747497,39.9119939],[-80.7761402,39.9127049],[-80.7782677,39.9138389],[-80.7805821,39.9153133],[-80.7818661,39.9158969],[-80.7827963,39.9165495],[-80.7839486,39.9170769],[-80.784985,39.9175229],[-80.7860536,39.9177064],[-80.7867209,39.9176538],[-80.7877037,39.9173617],[-80.7880953,39.9173789],[-80.7883936,39.9174744],[-80.7887841,39.9179179],[-80.7890362,39.9181664],[-80.7898259,39.9184125],[-80.7926229,39.9189876],[-80.7940981,39.9192839],[-80.7947225,39.9191876],[-80.7956044,39.9188733],[-80.7961623,39.9189407],[-80.7970217,39.9192024],[-80.7976601,39.9192345],[-80.8000472,39.9191325],[-80.8011416,39.9190518],[-80.8022295,39.918791],[-80.8027455,39.9186264],[-80.8031135,39.9184643],[-80.8035159,39.9180808],[-80.8041896,39.9171099],[-80.8046821,39.9168326],[-80.8051263,39.9167988],[-80.805682,39.9167807],[-80.8061208,39.9166869],[-80.8064191,39.9163742],[-80.8069909,39.9156501],[-80.8075359,39.9146006],[-80.8076003,39.9144766],[-80.8084082,39.9127205],[-80.8086882,39.9117305],[-80.8089951,39.9107734],[-80.8091581,39.9099217],[-80.8095015,39.9071186],[-80.8093738,39.906331],[-80.8089919,39.9056734],[-80.8086228,39.9053302],[-80.8085809,39.9048677],[-80.8091185,39.9036455],[-80.8089296,39.90322],[-80.806179,39.897306],[-80.8046499,39.8951436],[-80.8041908,39.8943536],[-80.8037481,39.8936961],[-80.8030078,39.8929063],[-80.8024628,39.8918679],[-80.8019827,39.891325],[-80.7997892,39.889218],[-80.7972153,39.8866743],[-80.7964858,39.8861466],[-80.7960984,39.8857777],[-80.7956291,39.8851076],[-80.7950797,39.8843449],[-80.7945047,39.883282],[-80.794105,39.8826645],[-80.7938813,39.8823525],[-80.7938277,39.8822179],[-80.7938057,39.8818314],[-80.7936786,39.8813732],[-80.7933342,39.8803593],[-80.7931051,39.8796253],[-80.7930515,39.8791251],[-80.7928948,39.8786221],[-80.7926679,39.8780437],[-80.792507,39.8774846],[-80.7916567,39.8759038],[-80.7915306,39.8754423],[-80.7914255,39.874975],[-80.7911465,39.8741661],[-80.7907367,39.8733048],[-80.7904803,39.8722903],[-80.7904379,39.8713438],[-80.7905431,39.8692597],[-80.790761,39.86728],[-80.7911884,39.866203],[-80.791834,39.865305],[-80.793131,39.863751],[-80.7942794,39.8627632],[-80.795773,39.86166],[-80.7971327,39.8607554],[-80.7983708,39.8600464],[-80.7991014,39.8596865],[-80.7998128,39.8595209],[-80.8002205,39.8595382],[-80.8004544,39.8596189],[-80.800478,39.8594814],[-80.7998342,39.8590441],[-80.799898,39.858912],[-80.8009307,39.8583992],[-80.801406,39.8582485],[-80.8019832,39.8581974],[-80.8023619,39.858036],[-80.8026044,39.8580196],[-80.8028437,39.8581513],[-80.8030357,39.8581176],[-80.807085,39.856191],[-80.808246,39.85544],[-80.809801,39.85484],[-80.812253,39.854385],[-80.812489,39.854309],[-80.8141079,39.8537895],[-80.8161421,39.8530128],[-80.8166989,39.8526677],[-80.8173426,39.8523489],[-80.8177342,39.8521043],[-80.819267,39.851248],[-80.821279,39.849982],[-80.824276,39.847159],[-80.826124,39.844238],[-80.826372,39.8436226],[-80.8266746,39.8430304],[-80.8268248,39.8424883],[-80.826964,39.841656],[-80.8269106,39.8411686],[-80.8265286,39.8403778],[-80.8263817,39.8399651],[-80.8265018,39.8391907],[-80.8263741,39.8384649],[-80.8261456,39.8377095],[-80.8257165,39.8370273],[-80.8255008,39.8366517],[-80.8254955,39.8363575],[-80.8256038,39.8360115],[-80.8255609,39.835551],[-80.825651,39.8353821],[-80.8258452,39.8354315],[-80.8261832,39.8357141],[-80.8263108,39.8357306],[-80.826313,39.8355807],[-80.82621,39.835121],[-80.8256714,39.8335737],[-80.8247895,39.831561],[-80.8243807,39.8303441],[-80.8241222,39.8299107],[-80.8237617,39.8294353],[-80.8236544,39.8291491],[-80.8236329,39.828697],[-80.8235246,39.8283633],[-80.8232413,39.8279522],[-80.82303,39.827484],[-80.82248,39.824971],[-80.8223648,39.8238983],[-80.8224474,39.8230215],[-80.8224362,39.8225463],[-80.8225128,39.8216084],[-80.8224495,39.8207646],[-80.8224077,39.8201103],[-80.82256,39.8195326],[-80.8230707,39.817325],[-80.8232016,39.8165833],[-80.8232059,39.8160196],[-80.8230372,39.8153099],[-80.8227532,39.8142915],[-80.8226405,39.8136775],[-80.8222317,39.8121785],[-80.822181,39.811708],[-80.8232516,39.8076314],[-80.8245535,39.8037578],[-80.8247874,39.8031412],[-80.8248775,39.8017318],[-80.824969,39.801092],[-80.8251736,39.8003124],[-80.8254515,39.7996843],[-80.826079,39.798584],[-80.8268097,39.7977901],[-80.8275736,39.7972097],[-80.8296153,39.7957433],[-80.8311882,39.7942941],[-80.835311,39.79069],[-80.8368734,39.7897452],[-80.8377714,39.7894006],[-80.8393196,39.7887699],[-80.840135,39.7883453],[-80.8407722,39.7878647],[-80.8415286,39.7873165],[-80.8428086,39.7866561],[-80.8445735,39.7856676],[-80.845494,39.7853543],[-80.84706,39.784457],[-80.847938,39.784035],[-80.849485,39.783294],[-80.850544,39.782713],[-80.851693,39.782085],[-80.851701,39.782076],[-80.852296,39.781509],[-80.8524,39.781316],[-80.852565,39.781011],[-80.8528164,39.7804428],[-80.852981,39.78024],[-80.8532413,39.7802095],[-80.853784,39.780295],[-80.854772,39.779762],[-80.855434,39.779349],[-80.856026,39.778982],[-80.8595531,39.777458],[-80.860583,39.776912],[-80.863048,39.775197],[-80.8643177,39.7742769],[-80.8649368,39.773679],[-80.8657683,39.7727258],[-80.8662876,39.7721172],[-80.8664206,39.7716398],[-80.8664399,39.7713413],[-80.8664002,39.7709628],[-80.8663948,39.7706972],[-80.866485,39.7705463],[-80.8667865,39.7703187],[-80.8672574,39.7701183],[-80.8675525,39.7698578],[-80.8679226,39.7691799],[-80.8682863,39.7684171],[-80.8691221,39.7667356],[-80.8695899,39.7655522],[-80.8698678,39.7644916],[-80.8700866,39.7635226],[-80.87021,39.7633081],[-80.870195,39.7628826],[-80.8698688,39.7627927],[-80.8694522,39.762704],[-80.8688625,39.7623655],[-80.8685428,39.7619424],[-80.8682885,39.7612991],[-80.8681962,39.7607696],[-80.8683711,39.7601766],[-80.8684591,39.7592339],[-80.8683228,39.7584776],[-80.868178,39.7578978],[-80.8677724,39.7569039],[-80.8670171,39.7555545],[-80.8659485,39.7539742],[-80.8653638,39.7531823],[-80.8649625,39.7528037],[-80.8642276,39.7522247],[-80.8634195,39.7514063],[-80.8626655,39.7503605],[-80.8622803,39.7497616],[-80.861584,39.7489755],[-80.8606893,39.747984],[-80.8602966,39.7477646],[-80.8599799,39.747471],[-80.8595112,39.7467656],[-80.8586744,39.7459366],[-80.8581304,39.7456412],[-80.8574459,39.7455084],[-80.8570629,39.7453781],[-80.8568768,39.7451571],[-80.8567207,39.7446818],[-80.8564782,39.7441712],[-80.8561392,39.7436465],[-80.8542938,39.7417623],[-80.8535878,39.7411518],[-80.8530096,39.7408903],[-80.8524313,39.7407237],[-80.8518272,39.7407591],[-80.85125,39.7408524],[-80.8507919,39.7408202],[-80.8504271,39.7407393],[-80.8501332,39.7405727],[-80.849719,39.7404786],[-80.8491472,39.7404456],[-80.8486043,39.7403772],[-80.8480496,39.7400282],[-80.8468673,39.7391058],[-80.846009,39.7383806],[-80.8457054,39.7379838],[-80.8456464,39.7377338],[-80.8456903,39.737601],[-80.84595,39.737573],[-80.8467579,39.7377693],[-80.8473147,39.7381505],[-80.8476011,39.7381967],[-80.847687,39.7380812],[-80.8476237,39.7378543],[-80.8474295,39.73762],[-80.8470239,39.7372949],[-80.8467782,39.7369798],[-80.8466559,39.7365994],[-80.8463383,39.7361992],[-80.845641,39.7357051],[-80.8444619,39.7345054],[-80.8436765,39.7336102],[-80.8432,39.7329583],[-80.8429019,39.7324865],[-80.840813,39.7291869],[-80.8404622,39.728749],[-80.8400641,39.7282314],[-80.8394183,39.7274904],[-80.8386082,39.7266322],[-80.8383035,39.726204],[-80.8376469,39.7250149],[-80.8371041,39.7242392],[-80.8365215,39.7236401],[-80.8360719,39.7233266],[-80.8356063,39.7229032],[-80.8352437,39.722338],[-80.8348113,39.7217092],[-80.8344047,39.721238],[-80.8340839,39.7210193],[-80.8338403,39.7208716],[-80.8335078,39.7208104],[-80.8328973,39.7203962],[-80.8323823,39.7200117],[-80.8319531,39.7197006],[-80.8316946,39.7192855],[-80.831613,39.7189397],[-80.8314156,39.7179164],[-80.8311656,39.7169467],[-80.830671,39.7159894],[-80.830245,39.7148781],[-80.8299404,39.7139245],[-80.8297838,39.7128128],[-80.829831,39.7119065],[-80.8300128,39.7111089],[-80.830287,39.7104383],[-80.8304071,39.7098135],[-80.8306206,39.7083229],[-80.8311152,39.7070732],[-80.831871,39.705655],[-80.8333039,39.7040192],[-80.833882,39.703497],[-80.8347244,39.7030782],[-80.8355827,39.7027274],[-80.8360591,39.7025499],[-80.8366148,39.7024509],[-80.8371008,39.7021867],[-80.8375148,39.7019493],[-80.8383894,39.7013893],[-80.839112,39.701033],[-80.8398077,39.7006473],[-80.8408227,39.7003204],[-80.8424084,39.6998738],[-80.8439297,39.6995634],[-80.8450423,39.6993471],[-80.8463727,39.6991011],[-80.8479466,39.6990186],[-80.8492105,39.6988518],[-80.850322,39.6988147],[-80.8510076,39.6986702],[-80.8526019,39.6982071],[-80.8528529,39.6979933],[-80.8533872,39.6976474],[-80.853885,39.6974774],[-80.8547229,39.6972949],[-80.8559696,39.6968005],[-80.8563097,39.6965908],[-80.857256,39.6958965],[-80.8579234,39.6955828],[-80.8594694,39.6949868],[-80.861718,39.693625],[-80.8633352,39.6920723],[-80.8636086,39.6917836],[-80.8636955,39.6914831],[-80.8636708,39.6909779],[-80.8636665,39.6906295],[-80.8637802,39.6903843],[-80.8644036,39.6894026],[-80.864895,39.6883665],[-80.8651278,39.6875871],[-80.8654138,39.6871212],[-80.865735,39.6865179],[-80.865926,39.6856213],[-80.8659893,39.6844398],[-80.86633,39.683167],[-80.8664195,39.6823252],[-80.8663959,39.6817943],[-80.8661985,39.6813501],[-80.8658606,39.6810049],[-80.8654743,39.6807853],[-80.8653016,39.6806069],[-80.8653005,39.6803881],[-80.8653649,39.6801759],[-80.8656481,39.6797771],[-80.865793,39.6794319],[-80.8658176,39.6787424],[-80.8659067,39.6785591],[-80.8660108,39.6784939],[-80.8660955,39.6786723],[-80.8661159,39.6792164],[-80.8662489,39.6794162],[-80.8663981,39.6793997],[-80.8665214,39.6793147],[-80.8665719,39.6791058],[-80.8665247,39.6780918],[-80.8664775,39.6767912],[-80.8663691,39.6761636],[-80.8661341,39.6757169],[-80.8659636,39.6752726],[-80.8659522,39.6749063],[-80.8660773,39.6743486],[-80.8662039,39.6736888],[-80.8662436,39.6730736],[-80.8661815,39.6721148],[-80.8659249,39.6704442],[-80.8658573,39.6692104],[-80.8659035,39.6685786],[-80.8658541,39.6679691],[-80.8656181,39.666931],[-80.8652576,39.6659069],[-80.8652812,39.6652256],[-80.8654314,39.6647622],[-80.8654475,39.6636745],[-80.8656041,39.6621598],[-80.8656674,39.6611984],[-80.8657307,39.660484],[-80.8658327,39.6596308],[-80.8661427,39.657584],[-80.8661374,39.6570042],[-80.8660719,39.6554628],[-80.8661996,39.6545088],[-80.8664646,39.6531186],[-80.866647,39.652616],[-80.8673063,39.6514207],[-80.8675793,39.6506768],[-80.8677445,39.6500316],[-80.8681758,39.6493724],[-80.8693828,39.6478028],[-80.869802,39.646896],[-80.8699107,39.6460787],[-80.8701338,39.6449783],[-80.8705579,39.6437672],[-80.870771,39.642885],[-80.8707529,39.6428169],[-80.8707272,39.6424115],[-80.8704772,39.6420025],[-80.8704085,39.6416027],[-80.8705759,39.6410409],[-80.8708173,39.6401321],[-80.8712067,39.6388424],[-80.8713516,39.638678],[-80.8717593,39.6386003],[-80.8719341,39.6384499],[-80.8719073,39.6380219],[-80.8721466,39.6368743],[-80.8724255,39.6363298],[-80.8730682,39.6352086],[-80.8734115,39.634584],[-80.8735177,39.6340849],[-80.8736282,39.633376],[-80.8738396,39.6322184],[-80.876068,39.6268779],[-80.8764574,39.6267465],[-80.8766924,39.6264622],[-80.8767611,39.6260713],[-80.8768415,39.6257226],[-80.8769724,39.6254259],[-80.8774842,39.6250103],[-80.8776,39.6246492],[-80.8782867,39.6238567],[-80.8792083,39.6223187],[-80.8794443,39.6221039],[-80.8792931,39.6219741],[-80.8793134,39.6217568],[-80.8797458,39.6214741],[-80.880602,39.6207312],[-80.8811341,39.6205981],[-80.8822564,39.6203651],[-80.8828346,39.620137],[-80.8834344,39.6197196],[-80.8841822,39.6194577],[-80.8866723,39.6186494],[-80.8886711,39.6178527],[-80.8902944,39.6174279],[-80.8912611,39.6172783],[-80.8922524,39.6169477],[-80.8943574,39.6170824],[-80.8961341,39.6169593],[-80.8977413,39.6169981],[-80.898944,39.6171783],[-80.9004299,39.6175386],[-80.9027023,39.6178742],[-80.9040284,39.6181056],[-80.9056205,39.6182651],[-80.9066956,39.6185354],[-80.90841,39.6186444],[-80.9123819,39.618718],[-80.9144847,39.6188626],[-80.9173096,39.6188932],[-80.9178493,39.6188461],[-80.9184072,39.6185659],[-80.9190359,39.618232],[-80.9194353,39.618183],[-80.9198416,39.6183378],[-80.9207042,39.6184048],[-80.9253133,39.6177882],[-80.9259206,39.6176229],[-80.9265182,39.6173262],[-80.9270739,39.6170262],[-80.9277692,39.6168155],[-80.9286607,39.616699],[-80.9295416,39.6164824],[-80.9304718,39.6161659],[-80.9317753,39.615689],[-80.933081,39.6150972],[-80.9335391,39.6147319],[-80.9339468,39.614236],[-80.9342022,39.6138748],[-80.9345348,39.61372],[-80.9354199,39.6134773],[-80.9363737,39.613112],[-80.9368661,39.6128161],[-80.9375539,39.6122218],[-80.9379143,39.6117879],[-80.9384261,39.6112234],[-80.9390977,39.6107622],[-80.9397565,39.6099563],[-80.9406191,39.6093446],[-80.9438753,39.6069459],[-80.9455147,39.6058722],[-80.946992,39.6049918],[-80.9483406,39.6040693],[-80.9499757,39.6027971],[-80.9506194,39.6024301],[-80.9517975,39.6020044],[-80.9522717,39.6017737],[-80.9527405,39.6013596],[-80.9534669,39.6008743],[-80.9547844,39.6002138],[-80.9603848,39.5966773],[-80.9627613,39.5953388],[-80.9636013,39.5947899],[-80.9646495,39.5940011],[-80.9656838,39.593324],[-80.967439,39.5923162],[-80.9698176,39.5904783],[-80.970436,39.590127],[-80.9717552,39.5896168],[-80.972649,39.5890537],[-80.9735985,39.5882749],[-80.9764555,39.5854686],[-80.9780423,39.5840164],[-80.9785734,39.5836677],[-80.9794779,39.5830352],[-80.9808061,39.5820272],[-80.9818564,39.5811846],[-80.9842608,39.5795953],[-80.9864677,39.5779721],[-80.987732,39.577262],[-80.988386,39.5767325],[-80.9892175,39.5757269],[-80.9896692,39.5751646],[-80.9901434,39.574718],[-80.9907903,39.5743343],[-80.9917109,39.5733278],[-80.9925048,39.5724322],[-80.9930219,39.5718268],[-80.993695,39.571253],[-80.9957181,39.5699694],[-80.996804,39.56912],[-80.9986653,39.568197],[-81.00003,39.5672748],[-81.0015499,39.5665893],[-81.0028871,39.5658523],[-81.0043484,39.5653097],[-81.0059545,39.5644123],[-81.007346,39.5636018],[-81.00866,39.562798],[-81.0090852,39.5623462],[-81.009584,39.5617697],[-81.010158,39.5612685],[-81.0110442,39.5604554],[-81.0118553,39.5598971],[-81.0127608,39.5595505],[-81.0133272,39.559229],[-81.0142768,39.5585207],[-81.0154141,39.5581451],[-81.0186392,39.5563758],[-81.0201852,39.5554171],[-81.0214051,39.5542681],[-81.0231271,39.5530438],[-81.0239,39.552313],[-81.0243855,39.5516077],[-81.0259155,39.5497869],[-81.0265099,39.5490291],[-81.026662,39.548547],[-81.0265785,39.5480372],[-81.0266579,39.5477551],[-81.0268553,39.5475044],[-81.0272158,39.5472877],[-81.0277093,39.5472107],[-81.0282554,39.5471057],[-81.028573,39.54686],[-81.0290462,39.5463164],[-81.0295558,39.5457323],[-81.030169,39.545211],[-81.0311061,39.5445948],[-81.0324322,39.5436301],[-81.0344127,39.5424743],[-81.0367688,39.5411679],[-81.0388266,39.5397804],[-81.0413639,39.5383076],[-81.0435075,39.5371989],[-81.044603,39.5365824],[-81.0464419,39.5353454],[-81.0477808,39.5340538],[-81.0484192,39.5332064],[-81.0489599,39.5327778],[-81.0497904,39.5322681],[-81.0503504,39.5316855],[-81.0507849,39.5310409],[-81.0509737,39.5301307],[-81.0512323,39.529798],[-81.0516502,39.529526],[-81.0535487,39.5285046],[-81.0545979,39.5278153],[-81.0549917,39.5273792],[-81.055253,39.527048],[-81.055303,39.526966],[-81.055495,39.526553],[-81.055677,39.526173],[-81.055986,39.525896],[-81.05641,39.52581],[-81.056484,39.525795],[-81.056754,39.525705],[-81.056909,39.525654],[-81.057374,39.5254],[-81.057766,39.525122],[-81.058115,39.52474],[-81.058444,39.524342],[-81.058731,39.524033],[-81.058864,39.523886],[-81.059266,39.523584],[-81.059709,39.523218],[-81.0601,39.5229],[-81.060379,39.522744],[-81.061061,39.522375],[-81.061579,39.522128],[-81.061867,39.5219],[-81.062237,39.521558],[-81.063587,39.520497],[-81.06651,39.51885],[-81.067084,39.518473],[-81.067284,39.518343],[-81.067573,39.518131],[-81.070171,39.516309],[-81.070594,39.515991],[-81.071025,39.515608],[-81.071237,39.515362],[-81.0715527,39.5149675],[-81.071896,39.5145867],[-81.072411,39.5141895],[-81.0727973,39.5136266],[-81.0731835,39.5132955],[-81.0736127,39.5128982],[-81.0740633,39.5121698],[-81.0745568,39.5112262],[-81.0749645,39.5105475],[-81.07595,39.50966],[-81.0796275,39.5066473],[-81.0804319,39.5058483],[-81.0811486,39.505037],[-81.081463,39.5042407],[-81.0818052,39.5039725],[-81.0823009,39.5037258],[-81.0838887,39.5030329],[-81.0848801,39.5023383],[-81.0856118,39.5017274],[-81.0862705,39.5010113],[-81.0878176,39.4998523],[-81.0890858,39.4987264],[-81.0895321,39.4982007],[-81.0897091,39.4978671],[-81.090123,39.4976529],[-81.091032,39.4971907],[-81.091433,39.496975],[-81.0921746,39.4964787],[-81.0927078,39.495847],[-81.0928999,39.4953196],[-81.0935265,39.4946233],[-81.0942507,39.4937275],[-81.095198,39.4929823],[-81.0973698,39.4907855],[-81.0987149,39.4894353],[-81.1006064,39.4872005],[-81.1009476,39.4866739],[-81.10116,39.4859453],[-81.1015742,39.4853988],[-81.1018949,39.4847993],[-81.1027114,39.4841865],[-81.1031631,39.4835448],[-81.1039731,39.4824467],[-81.1047874,39.4813562],[-81.105429,39.480297],[-81.1058818,39.4791509],[-81.1069096,39.4775667],[-81.1079063,39.4762864],[-81.1143656,39.4663786],[-81.114433,39.466275],[-81.1152631,39.4652257],[-81.1154551,39.4652191],[-81.1155452,39.4653565],[-81.1154133,39.4657359],[-81.115133,39.466275],[-81.1152599,39.4660879],[-81.1153028,39.4663165],[-81.1156482,39.4659869],[-81.1160763,39.4653358],[-81.1167673,39.4645233],[-81.1173638,39.4637853],[-81.1179442,39.4625743],[-81.1187145,39.4613617],[-81.1194441,39.4602989],[-81.1200846,39.45971],[-81.1205427,39.4592229],[-81.1214722,39.4577567],[-81.1235704,39.4547066],[-81.124733,39.453375],[-81.128128,39.4498013],[-81.128533,39.449375],[-81.1306922,39.447659],[-81.1319507,39.4464809],[-81.1328562,39.4459738],[-81.1332863,39.4457998],[-81.1337371,39.4455364],[-81.1344216,39.4448744],[-81.1353904,39.4446308],[-81.1364418,39.4443442],[-81.1372153,39.4440451],[-81.138134,39.443775],[-81.1381788,39.4437004],[-81.1394019,39.4435181],[-81.1412708,39.4434195],[-81.1449423,39.4435223],[-81.1475212,39.4434777],[-81.1491222,39.4434502],[-81.1500846,39.4432505],[-81.1507541,39.442939],[-81.1514193,39.4427915],[-81.1522507,39.4429348],[-81.1533676,39.4429588],[-81.1545113,39.4428404],[-81.1577922,39.4424551],[-81.1594262,39.4421228],[-81.1596601,39.4418983],[-81.1601493,39.4419314],[-81.1608349,39.4418146],[-81.1633712,39.4412785],[-81.1660491,39.4405527],[-81.167072,39.4401819],[-81.1682378,39.4397407],[-81.1696958,39.4394772],[-81.170634,39.439175],[-81.1712676,39.4387986],[-81.1718234,39.4382285],[-81.1721871,39.4379029],[-81.1725462,39.4377739],[-81.1732181,39.4377811],[-81.1738168,39.4376659],[-81.1751954,39.4370072],[-81.1763906,39.4366376],[-81.1794215,39.4356988],[-81.1805545,39.4351676],[-81.1815898,39.434252],[-81.1828514,39.4335351],[-81.1828865,39.4335151],[-81.1829781,39.4334631],[-81.1844791,39.4323842],[-81.1856442,39.4312522],[-81.185946,39.430731],[-81.1861345,39.4299097],[-81.1863985,39.4293968],[-81.1867772,39.4290007],[-81.1875561,39.4284512],[-81.1877482,39.4281048],[-81.1878715,39.4277103],[-81.1882374,39.4274443],[-81.1884337,39.4270938],[-81.1887803,39.4262509],[-81.1894809,39.4252879],[-81.1904078,39.4241932],[-81.1927918,39.4218759],[-81.1962195,39.4188734],[-81.1983279,39.4170803],[-81.2001035,39.4158901],[-81.2003824,39.4156588],[-81.2004071,39.415445],[-81.2001958,39.4152444],[-81.2002312,39.4150471],[-81.2003846,39.4148101],[-81.2008781,39.4146004],[-81.2013877,39.4142962],[-81.2019113,39.4138991],[-81.2026602,39.4131672],[-81.2052136,39.4109955],[-81.2071384,39.4089588],[-81.2084516,39.4073199],[-81.2102959,39.4049814],[-81.2109611,39.403786],[-81.2115168,39.4026237],[-81.2117368,39.4018444],[-81.2119471,39.4009001],[-81.2118816,39.3999757],[-81.2115394,39.3988814],[-81.2113012,39.3980639],[-81.2111596,39.3973832],[-81.2111563,39.396128],[-81.2114986,39.3942683],[-81.2116477,39.3933936],[-81.2121445,39.3923961],[-81.2132989,39.3907693],[-81.2141776,39.3897262],[-81.2152279,39.3887967],[-81.2160744,39.3882818],[-81.2171313,39.3877225],[-81.2171834,39.3876849],[-81.217315,39.38759],[-81.2189626,39.3869078],[-81.2201932,39.3866109],[-81.2216717,39.3863423],[-81.2226555,39.3862917],[-81.2243077,39.3863282],[-81.2266863,39.3867594],[-81.2298245,39.3874567],[-81.2366223,39.389446],[-81.2393968,39.3899393],[-81.2420286,39.3903705],[-81.2438739,39.3906383],[-81.2448277,39.3906507],[-81.2455766,39.3904716],[-81.246047,39.3904074],[-81.2468201,39.3904037],[-81.2473769,39.3903556],[-81.2482749,39.390193],[-81.249088,39.389992],[-81.2520107,39.3891159],[-81.2530224,39.3886831],[-81.2538957,39.3881491],[-81.2547379,39.3877992],[-81.2559975,39.3873887],[-81.2572249,39.3869907],[-81.258728,39.3866424],[-81.260553,39.3863555],[-81.2621773,39.3862453],[-81.265013,39.3862113],[-81.2669409,39.3862793],[-81.2681522,39.3862428],[-81.2693109,39.3860736],[-81.2708891,39.3855819],[-81.2730413,39.3847966],[-81.2742215,39.384202],[-81.2755036,39.3834035],[-81.2766205,39.3825079],[-81.278085,39.3812383],[-81.279086,39.3803567],[-81.2810204,39.3792455],[-81.2820514,39.3785771],[-81.2830631,39.3782122],[-81.2847819,39.3775686],[-81.2890219,39.376658],[-81.295058,39.3751768],[-81.296865,39.3745755],[-81.297517,39.374378],[-81.2987412,39.3734858],[-81.3018783,39.3719995],[-81.3047536,39.3704361],[-81.3097801,39.3673034],[-81.3126125,39.3653625],[-81.319598,39.36129],[-81.326174,39.358186],[-81.327753,39.3573602],[-81.3293001,39.3567297],[-81.3328439,39.3548391],[-81.3337033,39.3540982],[-81.335599,39.352794],[-81.3365925,39.3519711],[-81.3378006,39.3512767],[-81.3389582,39.3503119],[-81.3404646,39.3493146],[-81.3422362,39.3483037],[-81.342623,39.348042],[-81.3430631,39.3478398],[-81.3443473,39.3471127],[-81.3469741,39.3460424],[-81.347567,39.34577],[-81.3481777,39.3456006],[-81.3518586,39.344422],[-81.3538466,39.3438603],[-81.356911,39.343178],[-81.3606723,39.3427799],[-81.3636163,39.3425626],[-81.3645648,39.3425406],[-81.3701094,39.3424132],[-81.3706104,39.3423958],[-81.371384,39.3424008],[-81.3749417,39.3420116],[-81.3771357,39.3422663],[-81.3803512,39.3429301],[-81.3826267,39.3435923],[-81.384426,39.3443705],[-81.3860954,39.345221],[-81.3876468,39.3463925],[-81.3895544,39.3479258],[-81.3910585,39.3493486],[-81.3923878,39.3508304],[-81.3935197,39.3525386],[-81.3942986,39.3540593],[-81.3948973,39.3551203],[-81.3953222,39.3563365],[-81.3958887,39.3575601],[-81.3961665,39.3587447],[-81.3967234,39.3602685],[-81.3972984,39.3611619],[-81.3974915,39.3617957],[-81.3976621,39.3628408],[-81.3979883,39.3633684],[-81.3983488,39.3639341],[-81.3986535,39.3645114],[-81.399147,39.3658419],[-81.3996201,39.3672188],[-81.4000482,39.3680971],[-81.4007145,39.3695063],[-81.4012531,39.3707853],[-81.4016093,39.3722467],[-81.4020599,39.3736367],[-81.4022777,39.3750474],[-81.4027755,39.3760269],[-81.4028345,39.3764101],[-81.40277,39.376914],[-81.402812,39.3773057],[-81.4035877,39.3784311],[-81.4038462,39.379112],[-81.4047024,39.3815691],[-81.4055843,39.3837708],[-81.4058418,39.3847974],[-81.4061401,39.3865098],[-81.406689,39.38809],[-81.4080552,39.3895256],[-81.4091924,39.3904393],[-81.4094939,39.3909202],[-81.4095915,39.3913713],[-81.4099461,39.3917409],[-81.4106891,39.3921946],[-81.4107331,39.3926614],[-81.412706,39.394618],[-81.4148926,39.3964563],[-81.416329,39.3976383],[-81.4168099,39.3980341],[-81.4181542,39.3989925],[-81.4205564,39.4004674],[-81.4224715,39.4016521],[-81.4277672,39.4049946],[-81.4306651,39.4064039],[-81.4320159,39.406922],[-81.4348482,39.4081225],[-81.435642,39.408474],[-81.4374275,39.409142],[-81.4395046,39.4095233],[-81.4408639,39.4098847],[-81.4425999,39.4102387],[-81.444147,39.4103663],[-81.4456469,39.4104335],[-81.4480362,39.4102712],[-81.4511186,39.4101682],[-81.4533899,39.4098549],[-81.4553618,39.409544],[-81.4566096,39.4091784],[-81.457808,39.4083934],[-81.4600621,39.4070397],[-81.4612841,39.4064735],[-81.4642077,39.405347],[-81.4657988,39.4046622],[-81.4667773,39.4041176],[-81.4676152,39.4035397],[-81.4692921,39.4025773],[-81.473188,39.40017],[-81.476518,39.3967913],[-81.4773119,39.3958312],[-81.4787335,39.3937576],[-81.4804512,39.3922278],[-81.4809159,39.3917432],[-81.4829,39.389674],[-81.4832304,39.3893729],[-81.4832937,39.3893152],[-81.4846537,39.3878382],[-81.4858993,39.3866557],[-81.4890375,39.3838712],[-81.4970809,39.3776681],[-81.4984735,39.3764076],[-81.5003028,39.3752282],[-81.5033004,39.3734567],[-81.5046951,39.3723114],[-81.5071027,39.3707048],[-81.5104007,39.3687267],[-81.513493,39.36705],[-81.5151529,39.3662151],[-81.520341,39.3634704],[-81.5235747,39.3620611],[-81.525429,39.3612379],[-81.5261661,39.360993],[-81.5287481,39.3601159],[-81.5304723,39.359799],[-81.5331019,39.3589919],[-81.5345041,39.3583772],[-81.5389169,39.35703],[-81.5413245,39.3562892],[-81.544306,39.3549278],[-81.5464292,39.3535955],[-81.5480579,39.3520176],[-81.5494837,39.3501127],[-81.5504408,39.3482394],[-81.5512851,39.3461179],[-81.553771,39.3436213],[-81.5542656,39.3428803],[-81.5555048,39.3416639],[-81.5563416,39.3406865],[-81.5575862,39.3395057],[-81.557893,39.3390768],[-81.5580432,39.3385922],[-81.5581022,39.3380677],[-81.558379,39.337335],[-81.5591612,39.3364729],[-81.5595463,39.3357609],[-81.5596944,39.3341792],[-81.5597799,39.3331291],[-81.5598231,39.3326034],[-81.5600399,39.3315287],[-81.5600109,39.3307262],[-81.5599068,39.3299519],[-81.5596257,39.3287718],[-81.55963,39.3285054],[-81.5598607,39.3278614],[-81.5598167,39.3273568],[-81.5600613,39.3270597],[-81.5601042,39.3268315],[-81.5598875,39.326185],[-81.5599261,39.3256688],[-81.5599969,39.3247218],[-81.5599283,39.3244404],[-81.5599068,39.3239765],[-81.5599701,39.3236595],[-81.5597781,39.3230461],[-81.5598231,39.3228121],[-81.5600592,39.3225008],[-81.5600643,39.3222307],[-81.560012,39.3220003],[-81.5602973,39.321455],[-81.5603628,39.3208226],[-81.5600195,39.3202408],[-81.5599937,39.3198075],[-81.5600753,39.3192788],[-81.5604014,39.3184778],[-81.5604186,39.3180678],[-81.5603392,39.3175855],[-81.5601643,39.3172336],[-81.5603199,39.3168535],[-81.5604701,39.3164725],[-81.5604636,39.3160408],[-81.5607029,39.315327],[-81.5611084,39.3148256],[-81.5614561,39.3139483],[-81.5619442,39.3136353],[-81.5625257,39.312269],[-81.5626502,39.3116597],[-81.5630568,39.3106461],[-81.5636415,39.3093022],[-81.5639041,39.3083886],[-81.5645406,39.3061742],[-81.5650331,39.3032021],[-81.5650824,39.3020465],[-81.5651436,39.2995209],[-81.5653335,39.2982597],[-81.5654461,39.2939937],[-81.5653603,39.2906201],[-81.565401,39.2894891],[-81.5653584,39.2883586],[-81.5651865,39.2840392],[-81.5653356,39.2822845],[-81.565268,39.2808345],[-81.5654461,39.2778315],[-81.565488,39.2764861],[-81.5657197,39.2754753],[-81.5659772,39.274644],[-81.566386,39.2734156],[-81.5667711,39.2726822],[-81.5679116,39.270418],[-81.5684223,39.2696871],[-81.5689577,39.2689396],[-81.56989,39.2682144],[-81.570612,39.2678789],[-81.5715326,39.2675308],[-81.572864,39.2671321],[-81.5742159,39.2671853],[-81.5760408,39.2672983],[-81.5817717,39.2684818],[-81.5850101,39.268874],[-81.5862118,39.2690891],[-81.5879295,39.2697436],[-81.5892577,39.2702876],[-81.5905441,39.2710842],[-81.5917092,39.2717652],[-81.5929355,39.272384],[-81.5941511,39.2730817],[-81.5950319,39.2734422],[-81.5972882,39.2739961],[-81.5991797,39.2745435],[-81.6002623,39.2749206],[-81.600559,39.2749972],[-81.6012232,39.2751636],[-81.6017742,39.2753023],[-81.6031128,39.2756393],[-81.6032245,39.2756675],[-81.6033157,39.2756904],[-81.6051224,39.2759878],[-81.6068186,39.2761547],[-81.6092348,39.2762859],[-81.6106596,39.2761854],[-81.611961,39.2759886],[-81.6134394,39.2757735],[-81.6151796,39.2752909],[-81.6163888,39.2750069],[-81.6173511,39.2748582],[-81.6180185,39.2748234],[-81.6185753,39.2746946],[-81.6196203,39.2741456],[-81.6205215,39.2739596],[-81.6218605,39.2738458],[-81.6226973,39.2739421],[-81.6233175,39.2740775],[-81.6239623,39.2743234],[-81.6255705,39.2743117],[-81.6278,39.2744754],[-81.629236,39.2747293],[-81.6303094,39.2751041],[-81.6317256,39.2754728],[-81.6336375,39.2757901],[-81.6355934,39.2761381],[-81.6389343,39.2762826],[-81.6431218,39.2771139],[-81.6449865,39.2773133],[-81.6473661,39.2773996],[-81.64969,39.2773839],[-81.6511663,39.27728],[-81.6541232,39.277378],[-81.656138,39.277355],[-81.6578021,39.2771987],[-81.6592591,39.2769188],[-81.6606077,39.2766198],[-81.6616763,39.2765533],[-81.6635678,39.2763723],[-81.6655236,39.2760692],[-81.6666823,39.2759163],[-81.6678582,39.2759529],[-81.6688002,39.2760334],[-81.670187,39.275963],[-81.6717496,39.2756846],[-81.6738707,39.2750709],[-81.6755014,39.274688],[-81.6768093,39.2744612],[-81.6778339,39.2740784],[-81.679337,39.273247],[-81.6806069,39.2725638],[-81.6829419,39.2714156],[-81.683627,39.270939],[-81.6843366,39.2704222],[-81.6849889,39.2697602],[-81.689483,39.266043],[-81.6899005,39.2655868],[-81.6906012,39.2649044],[-81.6911333,39.2642396],[-81.6914262,39.2638237],[-81.6919412,39.2635147],[-81.692174,39.2631948],[-81.6921923,39.2625511],[-81.6923253,39.2616207],[-81.6924691,39.2610841],[-81.6927534,39.2608216],[-81.6930088,39.2607726],[-81.6932695,39.2609487],[-81.6931761,39.2612519],[-81.6929015,39.2616647],[-81.6927952,39.2620286],[-81.6927974,39.2622637],[-81.6929691,39.2623127],[-81.6931643,39.2621523],[-81.6932834,39.2619189],[-81.693734,39.2614188],[-81.6940183,39.2610517],[-81.6940398,39.2604577],[-81.6941267,39.2600723],[-81.6942941,39.2597915],[-81.6950923,39.2591277],[-81.6962285,39.2575136],[-81.696546,39.256962],[-81.6967413,39.2564469],[-81.696914,39.2559003],[-81.6968904,39.2552714],[-81.6966791,39.254655],[-81.6966765,39.2543391],[-81.6969377,39.2535949],[-81.6969988,39.2530457],[-81.6968754,39.252578],[-81.6967209,39.2515777],[-81.6967692,39.2510662],[-81.696914,39.2501703],[-81.6971243,39.2497233],[-81.6971544,39.2488227],[-81.6969377,39.2474767],[-81.6968529,39.2462977],[-81.6967445,39.2455358],[-81.6965267,39.2444706],[-81.6961029,39.2430896],[-81.6956298,39.2420443],[-81.6950934,39.2410646],[-81.6932641,39.2377258],[-81.6924916,39.2363289],[-81.6920657,39.2351589],[-81.6917686,39.2338152],[-81.691682,39.2333612],[-81.6916103,39.2329855],[-81.691067,39.230139],[-81.691339,39.227947],[-81.6913747,39.2278962],[-81.6913832,39.2278841],[-81.6914549,39.227782],[-81.692395,39.226443],[-81.6933793,39.2254017],[-81.6945319,39.2241822],[-81.694603,39.224107],[-81.6951931,39.2236435],[-81.6964184,39.2228489],[-81.6984129,39.2217684],[-81.6997207,39.2212173],[-81.700908,39.220844],[-81.702537,39.2203687],[-81.7053426,39.2198392],[-81.7067889,39.2196572],[-81.7102436,39.2193688],[-81.7114795,39.2190546],[-81.7145726,39.2185899],[-81.7171744,39.218023],[-81.7192279,39.2174919],[-81.7224873,39.2168153],[-81.7237533,39.2164471],[-81.7250257,39.2159982],[-81.7257392,39.2157467],[-81.726458,39.215364],[-81.726973,39.215068],[-81.7282905,39.2140556],[-81.7295565,39.2126208],[-81.7310157,39.2108227],[-81.7315221,39.2097445],[-81.7331947,39.2066902],[-81.7337333,39.2056386],[-81.7344682,39.2036308],[-81.7348501,39.2014476],[-81.7353029,39.1994696],[-81.7356248,39.197455],[-81.7358812,39.1965437],[-81.7365421,39.1950271],[-81.7372158,39.1940626],[-81.7385398,39.1925867],[-81.7395934,39.1913402],[-81.7405171,39.1905062],[-81.7419966,39.1895266],[-81.7432165,39.1889271],[-81.7446348,39.188493],[-81.7460071,39.1879151],[-81.7499006,39.1865142],[-81.7511237,39.185982],[-81.7523789,39.1850465],[-81.752754,39.184676],[-81.752879,39.1845218],[-81.7532319,39.1842481],[-81.7536396,39.1837367],[-81.7538514,39.1835043],[-81.754154,39.1835056],[-81.7543852,39.1833708],[-81.7545998,39.1828635],[-81.7548949,39.1823645],[-81.7558122,39.1811254],[-81.7561501,39.1803103],[-81.7562284,39.1794459],[-81.7563046,39.1786791],[-81.756254,39.177276],[-81.756178,39.1765525],[-81.7555353,39.1745547],[-81.7548744,39.1734593],[-81.7546996,39.1729586],[-81.7545719,39.1720644],[-81.7541599,39.1706172],[-81.7533037,39.1690825],[-81.7522716,39.1668874],[-81.7512867,39.1646107],[-81.7493394,39.1591511],[-81.7490734,39.1579731],[-81.7489886,39.157355],[-81.7488007,39.1569703],[-81.7484382,39.156241],[-81.7482451,39.1551536],[-81.7479586,39.1545763],[-81.7477097,39.1540887],[-81.7468064,39.1528774],[-81.745948,39.1515612],[-81.7449985,39.1495477],[-81.7446756,39.1491184],[-81.7440158,39.1486375],[-81.7436735,39.1479693],[-81.7433495,39.1468403],[-81.7429837,39.1450397],[-81.7427648,39.1440769],[-81.7427669,39.1434429],[-81.7428517,39.1423736],[-81.743032,39.1421415],[-81.7432615,39.1425118],[-81.7436102,39.143576],[-81.7437154,39.1442284],[-81.7438613,39.1444381],[-81.7440169,39.1442916],[-81.7440496,39.1439397],[-81.7441166,39.1427065],[-81.7440533,39.1412961],[-81.7440973,39.1406636],[-81.7443967,39.1398332],[-81.7447657,39.1390027],[-81.7447883,39.1385176],[-81.7446327,39.1381864],[-81.7445479,39.137752],[-81.7447604,39.1373192],[-81.7447861,39.1369514],[-81.7445469,39.13617],[-81.7444846,39.1354535],[-81.7441445,39.1349417],[-81.7441764,39.1347557],[-81.7445093,39.134489],[-81.7445415,39.1341369],[-81.7445887,39.1336212],[-81.7445115,39.1332906],[-81.7446531,39.1330243],[-81.7447464,39.1315271],[-81.7446177,39.1280999],[-81.7442239,39.1267341],[-81.7442915,39.1261532],[-81.7434568,39.1223178],[-81.743283,39.1209736],[-81.7429193,39.1182101],[-81.7423582,39.1172454],[-81.7422101,39.1165786],[-81.7421887,39.1160076],[-81.7426833,39.1146632],[-81.7426833,39.1142303],[-81.7425073,39.1133821],[-81.7423432,39.1121192],[-81.7424043,39.11135],[-81.7425567,39.1106824],[-81.7429654,39.1098024],[-81.7430534,39.1089708],[-81.7430247,39.1082868],[-81.7428571,39.1072874],[-81.742953,39.106578],[-81.7432379,39.105709],[-81.7433485,39.1050254],[-81.7433946,39.1039589],[-81.7437583,39.1023562],[-81.7439922,39.1014579],[-81.7449127,39.0997944],[-81.745453,39.098078],[-81.7459427,39.0970933],[-81.7466519,39.0959826],[-81.7471261,39.0954122],[-81.7481292,39.0941657],[-81.7496313,39.0924537],[-81.752353,39.089878],[-81.754102,39.0884874],[-81.7558615,39.0873241],[-81.760753,39.084078],[-81.764854,39.081978],[-81.7675956,39.0810923],[-81.7692019,39.0804946],[-81.7705106,39.0798555],[-81.7714634,39.0795898],[-81.7734278,39.0792434],[-81.7740534,39.0789888],[-81.7747668,39.0787245],[-81.7763976,39.0783256],[-81.7789671,39.0780282],[-81.781454,39.078078],[-81.7840526,39.0782731],[-81.785554,39.078578],[-81.7885222,39.0790768],[-81.790754,39.079778],[-81.7946119,39.0813738],[-81.797189,39.0823374],[-81.7984968,39.0827904],[-81.8007456,39.0833567],[-81.8021889,39.0836825],[-81.8034535,39.0837889],[-81.8051938,39.0839363],[-81.8067591,39.0839264],[-81.808112,39.0837581],[-81.8091398,39.0835041],[-81.8107663,39.0830086],[-81.8116235,39.0824748],[-81.8123381,39.0818585],[-81.8126106,39.0814246],[-81.8127404,39.0808749],[-81.8129797,39.0804227],[-81.8135848,39.0796232],[-81.8137039,39.0793417],[-81.8137135,39.0785255],[-81.8139056,39.0774602],[-81.8139281,39.0762917],[-81.8137682,39.0743294],[-81.8139624,39.0736122],[-81.8138112,39.0728459],[-81.8137315,39.071629],[-81.8136213,39.0709144],[-81.8138208,39.0691835],[-81.8137757,39.0687945],[-81.8132801,39.0677832],[-81.8132618,39.0667853],[-81.8124679,39.0632675],[-81.812101,39.0612032],[-81.8118016,39.0605867],[-81.8111568,39.0593337],[-81.8108597,39.0586164],[-81.8102803,39.0580358],[-81.8094982,39.0568019],[-81.808955,39.055178],[-81.8084296,39.0546358],[-81.8076099,39.0533852],[-81.8062237,39.0515998],[-81.8046745,39.0497667],[-81.8042636,39.0492901],[-81.803355,39.047678],[-81.8023163,39.0466738],[-81.800355,39.044978],[-81.7975537,39.04302],[-81.7957749,39.0418559],[-81.793304,39.040353],[-81.7914587,39.0392401],[-81.7895254,39.0379376],[-81.787916,39.0371368],[-81.786554,39.036579],[-81.7858153,39.0362726],[-81.7851437,39.0358376],[-81.7834485,39.0344067],[-81.7819959,39.0334575],[-81.7810946,39.0326907],[-81.7803822,39.0318573],[-81.7800164,39.0314873],[-81.779201,39.0310706],[-81.7788233,39.0307489],[-81.7782848,39.0297904],[-81.7778696,39.0293871],[-81.7772076,39.028972],[-81.7762699,39.0286053],[-81.7758836,39.0283211],[-81.7749781,39.027566],[-81.772854,39.026179],[-81.7722431,39.0255027],[-81.7715063,39.0245546],[-81.7688799,39.0218357],[-81.767253,39.019979],[-81.7662427,39.0187716],[-81.7652353,39.0170202],[-81.7645648,39.0157675],[-81.7641678,39.0146845],[-81.7641034,39.0138525],[-81.7639446,39.0113991],[-81.7639736,39.0088823],[-81.7641152,39.0076159],[-81.764253,39.006579],[-81.765153,39.002579],[-81.7653119,39.0023866],[-81.7654215,39.0012309],[-81.7654687,39.0000986],[-81.7662154,38.9991331],[-81.7671606,38.9983802],[-81.7706604,38.9968468],[-81.7717923,38.9959637],[-81.77354,38.9937991],[-81.7738962,38.9932496],[-81.774217,38.9926975],[-81.7749487,38.9909147],[-81.7753403,38.9899123],[-81.7756997,38.988513],[-81.7759379,38.9870795],[-81.7763713,38.9849379],[-81.7761568,38.982089],[-81.7760688,38.981205],[-81.7762812,38.9797571],[-81.7779345,38.9766854],[-81.7788641,38.9751234],[-81.7796339,38.9732511],[-81.779883,38.972773],[-81.7804612,38.971559],[-81.7812197,38.9693469],[-81.7816692,38.9677128],[-81.7818414,38.9661014],[-81.7819407,38.9646563],[-81.781989,38.9635527],[-81.7818838,38.9625333],[-81.7818817,38.9614688],[-81.780736,38.958975],[-81.7799901,38.9577589],[-81.778845,38.955892],[-81.7762195,38.9533539],[-81.7747442,38.9523193],[-81.7725695,38.9509835],[-81.7709259,38.9496152],[-81.7693541,38.9485813],[-81.7659412,38.944688],[-81.7629753,38.9412481],[-81.7625054,38.9406956],[-81.7623799,38.9403259],[-81.7622897,38.9396442],[-81.7618653,38.939001],[-81.7610736,38.9381624],[-81.7605152,38.9377223],[-81.7595861,38.9373526],[-81.7587245,38.9372399],[-81.7580422,38.9370513],[-81.7578963,38.936937],[-81.7577622,38.9369028],[-81.7576302,38.9369746],[-81.7576763,38.9372683],[-81.7580175,38.9376388],[-81.7580465,38.93784],[-81.7578705,38.9379434],[-81.7576087,38.9379092],[-81.7572912,38.9376539],[-81.7566882,38.9370513],[-81.7560917,38.9354699],[-81.7559232,38.9342873],[-81.7559844,38.9336706],[-81.7561354,38.9333334],[-81.7563932,38.9329178],[-81.7564972,38.9323186],[-81.7573158,38.9313471],[-81.7578952,38.9303306],[-81.7583898,38.9293632],[-81.7587331,38.9284585],[-81.7594638,38.9273401],[-81.7602781,38.9265539],[-81.7607223,38.9262058],[-81.7611278,38.9256399],[-81.7616063,38.925286],[-81.7630386,38.9245064],[-81.7653367,38.9234539],[-81.7667315,38.9231868],[-81.7685543,38.9228162],[-81.7694341,38.922832],[-81.7711571,38.9226701],[-81.7716421,38.9227144],[-81.772509,38.9229865],[-81.7743286,38.9233704],[-81.7771996,38.9240832],[-81.7781051,38.9243553],[-81.7791136,38.9244897],[-81.7809139,38.924983],[-81.7843075,38.9259554],[-81.7855102,38.9264879],[-81.7875046,38.9272775],[-81.7897995,38.9283717],[-81.7916867,38.9295644],[-81.7932553,38.9304925],[-81.7946436,38.9315265],[-81.7961757,38.932846],[-81.7974374,38.9339694],[-81.79911,38.9357228],[-81.8014918,38.9385268],[-81.802819,38.9399596],[-81.8039133,38.9410294],[-81.8060441,38.9424639],[-81.8080858,38.9436438],[-81.8101157,38.9445951],[-81.81252,38.9457007],[-81.8144727,38.9463824],[-81.816494,38.9469874],[-81.8181848,38.9472869],[-81.820204,38.9473395],[-81.8212346,38.9473131],[-81.8217704,38.9472994],[-81.823958,38.9469164],[-81.8257658,38.9467153],[-81.8268795,38.9463807],[-81.8278612,38.9459335],[-81.8284212,38.9454662],[-81.8296003,38.9445333],[-81.8300584,38.9442504],[-81.8303964,38.9440977],[-81.8307783,38.9440276],[-81.8311077,38.9439676],[-81.8313148,38.9437489],[-81.8320712,38.9425448],[-81.8330754,38.9413148],[-81.8335281,38.9408784],[-81.8341322,38.9405796],[-81.8343274,38.9406789],[-81.8343049,38.9408784],[-81.8340463,38.9412297],[-81.8340281,38.9413916],[-81.8341536,38.9414316],[-81.8342641,38.9414099],[-81.834409,38.9412088],[-81.8349905,38.940225],[-81.8353778,38.9395098],[-81.8356514,38.9389749],[-81.8361941,38.9385384],[-81.8365944,38.9381421],[-81.8373755,38.937638],[-81.8377585,38.9371899],[-81.8391897,38.9355383],[-81.8397294,38.9347154],[-81.8404622,38.9339184],[-81.8419825,38.9320498],[-81.8428386,38.9307662],[-81.8439834,38.9287414],[-81.8441347,38.9281923],[-81.8442119,38.9277391],[-81.8441947,38.9272733],[-81.8440821,38.9268234],[-81.8441733,38.9263744],[-81.8444072,38.9258903],[-81.8452269,38.9244697],[-81.8454822,38.9239547],[-81.8455477,38.9234856],[-81.8455466,38.9229831],[-81.8453105,38.9224122],[-81.8452514,38.9218983],[-81.845523,38.9210641],[-81.845611,38.9204089],[-81.8456356,38.919413],[-81.8455412,38.9175908],[-81.8456549,38.9148377],[-81.8457365,38.9141014],[-81.8460197,38.9126789],[-81.8459972,38.9122315],[-81.8458635,38.9118232],[-81.8453545,38.9108323],[-81.8452033,38.9104082],[-81.8451571,38.9097461],[-81.8458051,38.9071597],[-81.8460777,38.9060744],[-81.8470282,38.903851],[-81.847672,38.902551],[-81.848143,38.9019766],[-81.8483125,38.9016301],[-81.8486987,38.9012611],[-81.8496064,38.9006591],[-81.8505409,38.8995778],[-81.8509925,38.8988046],[-81.8519195,38.8973551],[-81.8524109,38.8968708],[-81.8530171,38.896384],[-81.8534634,38.8958345],[-81.8538904,38.8951172],[-81.8544032,38.8944651],[-81.855971,38.892734],[-81.8574148,38.8913078],[-81.8588074,38.8903199],[-81.8599833,38.8897387],[-81.8618586,38.8884498],[-81.8635291,38.8878152],[-81.8643284,38.8874477],[-81.8657693,38.8865892],[-81.8691798,38.884557],[-81.8697529,38.8841197],[-81.8701617,38.8837681],[-81.8721412,38.8827208],[-81.8738588,38.8819625],[-81.875377,38.8812175],[-81.8764552,38.8805652],[-81.8781799,38.8797155],[-81.880059,38.8784931],[-81.8824591,38.8771851],[-81.884607,38.8760701],[-81.8862549,38.8754019],[-81.8884944,38.8746333],[-81.889233,38.874279],[-81.8899688,38.8741953],[-81.8922585,38.8739348],[-81.892837,38.873869],[-81.8934769,38.873949],[-81.8956169,38.8741131],[-81.8971973,38.8743687],[-81.8986993,38.8747529],[-81.9019909,38.8759013],[-81.9046474,38.8768009],[-81.9088112,38.8785591],[-81.9101395,38.8792089],[-81.9111265,38.8799438],[-81.9121272,38.880911],[-81.9154181,38.8838859],[-81.9169845,38.8851219],[-81.9181432,38.8861073],[-81.9189586,38.8865416],[-81.9205679,38.8875604],[-81.9219412,38.8885125],[-81.9241943,38.8900824],[-81.9259709,38.891735],[-81.9270867,38.8926536],[-81.9278421,38.8935396],[-81.9282068,38.8941575],[-81.9283785,38.8948422],[-81.9284858,38.8955938],[-81.9283957,38.8960271],[-81.9281639,38.8966459],[-81.9279279,38.8971469],[-81.9277991,38.8975477],[-81.9277777,38.8979819],[-81.9277348,38.8984996],[-81.9275846,38.8988335],[-81.9272627,38.8993512],[-81.927134,38.899585],[-81.927134,38.9000693],[-81.9270481,38.9004033],[-81.9269194,38.9007874],[-81.926619,38.9012549],[-81.9263615,38.9014386],[-81.9256319,38.9021066],[-81.9249453,38.9029415],[-81.924559,38.9034091],[-81.9241299,38.9037764],[-81.9222631,38.9049286],[-81.9208683,38.9058971],[-81.9204821,38.9062645],[-81.9200958,38.9069825],[-81.919774,38.9073331],[-81.9186367,38.9079509],[-81.9169416,38.9090696],[-81.9166841,38.90927],[-81.9166626,38.9094036],[-81.9168128,38.9094537],[-81.9170703,38.9093702],[-81.9186367,38.9085019],[-81.9189371,38.9083684],[-81.9191302,38.9084017],[-81.9191732,38.9085186],[-81.9190863,38.908704],[-81.9175606,38.9107569],[-81.9162088,38.9117428],[-81.9133583,38.9143521],[-81.911936,38.915564],[-81.9113196,38.9160512],[-81.9105279,38.9165204],[-81.9093058,38.9169661],[-81.9085731,38.9172992],[-81.9075828,38.9178051],[-81.9065957,38.9185572],[-81.9027999,38.9218727],[-81.9006799,38.9241823],[-81.8997497,38.92533],[-81.8991703,38.9263491],[-81.8989214,38.927147],[-81.8986382,38.9282187],[-81.8985716,38.9297678],[-81.8986414,38.931477],[-81.8987283,38.9327564],[-81.8988538,38.9334425],[-81.8997786,38.93635],[-81.9001788,38.9372313],[-81.9010446,38.9389646],[-81.901815,38.9401212],[-81.9029984,38.9416341],[-81.9045594,38.9433556],[-81.9056934,38.9445881],[-81.9065818,38.9457471],[-81.9076515,38.947159],[-81.9084465,38.9485007],[-81.9095408,38.950081],[-81.9104163,38.9516154],[-81.911104,38.9528886],[-81.9112596,38.9533675],[-81.9114312,38.9536571],[-81.9119891,38.9541735],[-81.9124312,38.9546716],[-81.9126522,38.9550904],[-81.9127198,38.9555043],[-81.9127165,38.955989],[-81.9126296,38.9563035],[-81.9127616,38.9566564],[-81.9139182,38.9590909],[-81.9163193,38.9642823],[-81.9177569,38.9670185],[-81.9184651,38.9680028],[-81.9204198,38.9704343],[-81.9224079,38.9728233],[-81.9237233,38.9747584],[-81.9244893,38.9757226],[-81.9259302,38.9775442],[-81.9271801,38.9792806],[-81.9284461,38.9814774],[-81.9292776,38.9827151],[-81.9302281,38.9844998],[-81.9318707,38.9866506],[-81.9325445,38.9874503],[-81.9331872,38.9880049],[-81.9343663,38.9887738],[-81.9351602,38.9893525],[-81.9359928,38.9901356],[-81.9365507,38.9904858],[-81.9373693,38.9908852],[-81.9399907,38.9921187],[-81.9406727,38.9924863],[-81.941829,38.993295],[-81.9426082,38.9936262],[-81.9441499,38.9939572],[-81.9454803,38.9943074],[-81.9466819,38.9947744],[-81.9481002,38.9953214],[-81.9487204,38.995675],[-81.9512524,38.9962253],[-81.9518532,38.9962586],[-81.9550075,38.9961586],[-81.9560589,38.9960085],[-81.9589128,38.9954915],[-81.9593634,38.9954415],[-81.9597496,38.995258],[-81.9608225,38.9947077],[-81.9625606,38.9941073],[-81.9634832,38.9938738],[-81.9647042,38.9936904],[-81.9673456,38.9933068],[-81.970972,38.9929899],[-81.972474,38.9929232],[-81.9735898,38.9927398],[-81.9749846,38.9924563],[-81.9757785,38.9923228],[-81.9769801,38.9922728],[-81.9777741,38.9923562],[-81.9783534,38.9925563],[-81.9789113,38.9929232],[-81.9801773,38.9941073],[-81.9811215,38.9951413],[-81.9815077,38.9956583],[-81.982087,38.9973259],[-81.9821729,38.9980097],[-81.9822158,38.9987601],[-81.9821085,38.9992937],[-81.982087,38.9996606],[-81.9823016,39.0004944],[-81.9841277,39.0059671],[-81.9842371,39.0061972],[-81.984986,39.0079772],[-81.9858657,39.0097829],[-81.9862509,39.0106783],[-81.986827,39.0118988],[-81.9872573,39.0129166],[-81.9875416,39.0132467],[-81.9878967,39.0137002],[-81.9889127,39.0150857],[-81.9900436,39.0169163],[-81.99108,39.0183817],[-81.9925745,39.0202031],[-81.9942408,39.0217915],[-81.994961,39.022478],[-81.995924,39.0235022],[-81.9968703,39.0242215],[-81.9999645,39.026286],[-82.0014547,39.0272541],[-82.0020309,39.0275521],[-82.0026553,39.0278713],[-82.0033822,39.0282197],[-82.0039068,39.0285214],[-82.0040711,39.0285948],[-82.0046509,39.0288535],[-82.005261,39.029078],[-82.0053951,39.0291353],[-82.005509,39.029184],[-82.006258,39.0293778],[-82.0069039,39.0294436],[-82.0070363,39.0294538],[-82.0084247,39.0295611],[-82.0091001,39.029639],[-82.0094,39.029678],[-82.0102604,39.0297961],[-82.010707,39.029818],[-82.0112169,39.0298536],[-82.0126202,39.0299191],[-82.01347,39.0299191],[-82.0136023,39.0299191],[-82.0143352,39.0299191],[-82.0156656,39.029877],[-82.0170319,39.029847],[-82.0180415,39.0298278],[-82.0186069,39.0297536],[-82.0191997,39.029687],[-82.0198821,39.0295974],[-82.0199617,39.0295936],[-82.0204727,39.029569],[-82.0210563,39.0295532],[-82.0214313,39.0295361],[-82.021637,39.029536],[-82.021884,39.029491],[-82.022414,39.029402],[-82.022562,39.029378],[-82.023716,39.029119],[-82.0241956,39.0290115],[-82.024518,39.028981],[-82.024862,39.028878],[-82.024888,39.028873],[-82.025962,39.028678],[-82.026026,39.028662],[-82.0263173,39.0285956],[-82.026403,39.028576],[-82.02646,39.028562],[-82.026631,39.028522],[-82.026689,39.02851],[-82.027262,39.028378],[-82.027717,39.028321],[-82.0281974,39.0281459],[-82.0293274,39.0276811],[-82.0294345,39.0276371],[-82.0302247,39.0273858],[-82.0306978,39.0272279],[-82.031263,39.027078],[-82.0318989,39.0267853],[-82.0319772,39.0267557],[-82.0328645,39.0264202],[-82.0334543,39.0262268],[-82.0342635,39.0259614],[-82.0355794,39.0253684],[-82.0362237,39.0249891],[-82.03678,39.0246616],[-82.0373829,39.0242707],[-82.0379827,39.0237114],[-82.0383035,39.0233442],[-82.03862,39.022849],[-82.038763,39.022678],[-82.0392197,39.021976],[-82.0401419,39.0206607],[-82.0404814,39.0199251],[-82.0407743,39.0194449],[-82.0409444,39.0192103],[-82.0411085,39.0189181],[-82.0411504,39.0187035],[-82.041263,39.018278],[-82.041301,39.018228],[-82.041324,39.018195],[-82.0413531,39.0181399],[-82.0415044,39.0178528],[-82.0415365,39.0177488],[-82.0416954,39.0172347],[-82.0417442,39.0171326],[-82.0419513,39.0166991],[-82.0420376,39.0162778],[-82.042063,39.015679],[-82.042063,39.014978],[-82.042146,39.014642],[-82.042162,39.014579],[-82.042463,39.013979],[-82.042554,39.013766],[-82.042635,39.013572],[-82.0426603,39.0135049],[-82.042762,39.013277],[-82.042946,39.012971],[-82.042989,39.0129001],[-82.043063,39.012778],[-82.043281,39.012057],[-82.043936,39.009895],[-82.044063,39.009478],[-82.044163,39.009178],[-82.044201,39.008947],[-82.044263,39.008578],[-82.044365,39.008269],[-82.044439,39.008048],[-82.044463,39.007978],[-82.044563,39.007378],[-82.044663,39.006378],[-82.044683,39.006317],[-82.044863,39.005778],[-82.045063,39.005278],[-82.045463,39.004278],[-82.045663,39.003778],[-82.045963,39.003378],[-82.046263,39.002678],[-82.046463,39.002478],[-82.046663,39.001878],[-82.046912,39.001628],[-82.046963,39.001578],[-82.047163,39.001078],[-82.047263,39.000878],[-82.047363,39.000578],[-82.047563,39.000278],[-82.047563,39.000178],[-82.047663,39.000078],[-82.047768,38.999955],[-82.048082,38.999587],[-82.048188,38.999465],[-82.048204,38.999427],[-82.048266,38.999318],[-82.048332,38.999206],[-82.048534,38.998894],[-82.048625,38.998755],[-82.048663,38.998678],[-82.048763,38.998578],[-82.048863,38.998278],[-82.048963,38.997978],[-82.048963,38.997678],[-82.049063,38.997478],[-82.049163,38.997278],[-82.049363,38.997178],[-82.049463,38.996978],[-82.049506,38.996934],[-82.049663,38.996778],[-82.049763,38.996678],[-82.049963,38.996378],[-82.050163,38.996178],[-82.050228,38.996047],[-82.050263,38.995978],[-82.050463,38.995678],[-82.050663,38.995378],[-82.050863,38.995178],[-82.051063,38.994878],[-82.051263,38.994678],[-82.051563,38.994378],[-82.051863,38.994178],[-82.052063,38.993978],[-82.052563,38.993878],[-82.053063,38.993578],[-82.053563,38.993378],[-82.053963,38.993178],[-82.05423,38.992999],[-82.054263,38.992978],[-82.054763,38.992678],[-82.055163,38.992378],[-82.055563,38.992078],[-82.055986,38.991824],[-82.056063,38.991778],[-82.056563,38.991478],[-82.057063,38.991178],[-82.057463,38.990878],[-82.057963,38.990578],[-82.058157,38.990481],[-82.058364,38.990378],[-82.058764,38.990078],[-82.059164,38.989878],[-82.059764,38.989578],[-82.060264,38.989278],[-82.060864,38.988978],[-82.061564,38.988778],[-82.061964,38.988478],[-82.062464,38.988278],[-82.062864,38.988078],[-82.063364,38.987878],[-82.063864,38.987578],[-82.064464,38.987278],[-82.064943,38.98699],[-82.064964,38.986978],[-82.065464,38.986778],[-82.065964,38.986478],[-82.066464,38.986178],[-82.067064,38.985778],[-82.067162,38.985738],[-82.067564,38.985578],[-82.068064,38.985278],[-82.068119,38.98525],[-82.068464,38.985077],[-82.068864,38.984877],[-82.069264,38.984777],[-82.069764,38.984477],[-82.070364,38.984277],[-82.070864,38.984176],[-82.071111,38.984093],[-82.071464,38.983976],[-82.071964,38.983776],[-82.072114,38.983702],[-82.072123,38.983697],[-82.072153,38.983682],[-82.072163,38.983678],[-82.072364,38.983578],[-82.072864,38.983378],[-82.073464,38.983078],[-82.073503,38.983062],[-82.073964,38.982878],[-82.074364,38.982678],[-82.074764,38.982478],[-82.075264,38.982378],[-82.075764,38.982278],[-82.076264,38.982078],[-82.076864,38.981978],[-82.077364,38.981778],[-82.077672,38.981654],[-82.077864,38.981578],[-82.078264,38.981478],[-82.078564,38.981378],[-82.078864,38.981278],[-82.079072,38.981193],[-82.079364,38.981078],[-82.079864,38.980778],[-82.080363,38.980577],[-82.080437,38.980532],[-82.080864,38.980278],[-82.081364,38.980078],[-82.081764,38.979778],[-82.082264,38.979578],[-82.082664,38.979378],[-82.083165,38.979178],[-82.083565,38.978878],[-82.083965,38.978578],[-82.084399,38.978317],[-82.084465,38.978278],[-82.084865,38.977978],[-82.085265,38.977778],[-82.085665,38.977578],[-82.085711,38.977555],[-82.085768,38.977526],[-82.085854,38.977484],[-82.085939,38.97744],[-82.085996,38.977412],[-82.0877532,38.976731],[-82.089065,38.975978],[-82.0899317,38.9753272],[-82.0903533,38.9749498],[-82.0906532,38.9745995],[-82.0913613,38.9739072],[-82.0924626,38.972498],[-82.0927443,38.9719412],[-82.0928966,38.9714979],[-82.0930323,38.9703376],[-82.0933107,38.9693858],[-82.093742,38.9679607],[-82.0941701,38.9669315],[-82.0948994,38.9651952],[-82.0953565,38.9639105],[-82.0957398,38.9632453],[-82.0965133,38.9621337],[-82.0970683,38.9613147],[-82.0978934,38.9600025],[-82.0987871,38.958454],[-82.0996465,38.957639],[-82.1002301,38.9567112],[-82.1009854,38.9552668],[-82.1014395,38.9548188],[-82.1033334,38.9524245],[-82.1037481,38.9520242],[-82.1042502,38.9515194],[-82.104497,38.9512854],[-82.1048105,38.9508398],[-82.1051531,38.9502939],[-82.1056578,38.9497516],[-82.1059765,38.9492852],[-82.1063987,38.9486097],[-82.1067302,38.9481725],[-82.1073959,38.9475813],[-82.1077484,38.9472488],[-82.1079747,38.9468788],[-82.1085772,38.9462283],[-82.1087907,38.9459563],[-82.1090026,38.9451031],[-82.1092386,38.9447214],[-82.1093781,38.9444009],[-82.1095932,38.9435949],[-82.1099703,38.9427066],[-82.1105985,38.9409646],[-82.1108442,38.9401502],[-82.1109697,38.9388425],[-82.1109236,38.9383927],[-82.1107068,38.9372786],[-82.1105373,38.9364775],[-82.110565,38.935279],[-82.1107133,38.9347917],[-82.111136,38.9337059],[-82.1115222,38.9330207],[-82.1118055,38.9322179],[-82.1121735,38.9317989],[-82.1123644,38.9316679],[-82.1122979,38.9320868],[-82.1118259,38.9332669],[-82.1109032,38.9354702],[-82.1108083,38.9359332],[-82.1109278,38.9362546],[-82.111166,38.936495],[-82.1113999,38.9365751],[-82.1116789,38.9364266],[-82.111887,38.9360226],[-82.1123183,38.9346723],[-82.112447,38.9340047],[-82.1123601,38.9334389],[-82.1124728,38.9326894],[-82.1128365,38.9315035],[-82.113609,38.9301639],[-82.1145252,38.9291123],[-82.1156045,38.9277277],[-82.1172139,38.925606],[-82.1180228,38.9247363],[-82.1186762,38.9239191],[-82.1194605,38.9230686],[-82.120966,38.921079],[-82.1235428,38.9174943],[-82.124016,38.9165635],[-82.1243196,38.9160902],[-82.1253217,38.9147871],[-82.1268205,38.9125824],[-82.1276219,38.9117342],[-82.1282399,38.9110029],[-82.1285446,38.9105821],[-82.1287774,38.9101013],[-82.1289501,38.9088932],[-82.1290746,38.9084491],[-82.1292382,38.90806],[-82.1298589,38.907479],[-82.1300348,38.9073617],[-82.1301625,38.9073788],[-82.1301925,38.9075282],[-82.1298728,38.9083088],[-82.1299383,38.90851],[-82.1301754,38.9085609],[-82.1303857,38.9083956],[-82.1306657,38.9080308],[-82.1309285,38.9074088],[-82.1311195,38.9070757],[-82.1314403,38.9068778],[-82.1319789,38.9067067],[-82.132878,38.9065956],[-82.1331719,38.9064429],[-82.1333264,38.9062241],[-82.1335464,38.9061064],[-82.1339916,38.9059545],[-82.1342888,38.9057724],[-82.1344412,38.9053074],[-82.1370397,38.9034831],[-82.1372113,38.903054],[-82.1372768,38.9027158],[-82.1371266,38.9023476],[-82.1371513,38.9021297],[-82.1372714,38.9019702],[-82.137486,38.9018366],[-82.1375708,38.901668],[-82.1375708,38.9015177],[-82.1373841,38.9014993],[-82.1372146,38.9016287],[-82.1365075,38.9020003],[-82.136352,38.9019034],[-82.1363724,38.9017156],[-82.1369571,38.9011303],[-82.13725,38.9010117],[-82.1381136,38.900995],[-82.1386748,38.9009816],[-82.1392026,38.9008138],[-82.1394902,38.9008481],[-82.139723,38.9010793],[-82.1399987,38.9011845],[-82.1403656,38.901101],[-82.1406875,38.9008664],[-82.1412454,38.900029],[-82.1415469,38.8996758],[-82.141887,38.8994754],[-82.1423129,38.8993251],[-82.1424696,38.8990763],[-82.1425371,38.8986963],[-82.1426852,38.8984751],[-82.143095,38.8982438],[-82.1432388,38.898025],[-82.1433289,38.8974105],[-82.1435864,38.8969546],[-82.1437141,38.8965538],[-82.1437133,38.8959519],[-82.1441797,38.8941355],[-82.1444651,38.893202],[-82.144567,38.891679],[-82.1448331,38.8894567],[-82.1452365,38.8869881],[-82.1454296,38.8844844],[-82.1454522,38.8837662],[-82.145346,38.8831974],[-82.1449619,38.882409],[-82.1445692,38.8815922],[-82.1425307,38.8780343],[-82.142167,38.87708],[-82.1409396,38.8736885],[-82.1408173,38.8733719],[-82.1404686,38.8722008],[-82.1402176,38.8712327],[-82.139988,38.870345],[-82.139697,38.868518],[-82.139279,38.866407],[-82.1391436,38.8652008],[-82.1391458,38.8647672],[-82.1391372,38.8644832],[-82.1391629,38.8641206],[-82.1392681,38.8635801],[-82.1395041,38.8630271],[-82.139698,38.862542],[-82.139841,38.861958],[-82.140131,38.85998],[-82.140138,38.859925],[-82.140234,38.859226],[-82.140247,38.859132],[-82.14026,38.859039],[-82.140361,38.858299],[-82.140596,38.856837],[-82.140711,38.856123],[-82.140892,38.854994],[-82.141616,38.851394],[-82.142533,38.847475],[-82.142862,38.846508],[-82.143066,38.84588],[-82.143115,38.845716],[-82.143366,38.84488],[-82.143556,38.84418],[-82.143666,38.84378],[-82.143966,38.84278],[-82.1443085,38.84189],[-82.144567,38.8411563],[-82.1449149,38.8404789],[-82.145467,38.83968],[-82.145774,38.839417],[-82.145896,38.839312],[-82.146167,38.83908],[-82.1468662,38.8380652],[-82.1470561,38.8376649],[-82.1473801,38.8370314],[-82.1481129,38.8363612],[-82.149374,38.835549],[-82.1512766,38.8338509],[-82.1519418,38.833082],[-82.1536155,38.8313603],[-82.1546455,38.830324],[-82.1559115,38.8287359],[-82.1570273,38.8276828],[-82.1615119,38.8243896],[-82.1632285,38.8234033],[-82.1650739,38.8225507],[-82.1667261,38.8217817],[-82.1691938,38.8208623],[-82.1786781,38.8177025],[-82.1798582,38.8172511],[-82.1807595,38.8170003],[-82.1816821,38.8168331],[-82.1821569,38.8167913],[-82.1827856,38.8168064],[-82.1832609,38.8167997],[-82.1844175,38.8166342],[-82.1862982,38.8163073],[-82.1873378,38.8161895],[-82.1879928,38.816031],[-82.1888393,38.8158731],[-82.1894836,38.8157543],[-82.1902008,38.8155629],[-82.1908338,38.8153117],[-82.1915956,38.8149104],[-82.192926,38.8140912],[-82.1939988,38.8132218],[-82.1949215,38.8121517],[-82.1966548,38.8104367],[-82.197739,38.8096102],[-82.2026652,38.8068735],[-82.2089842,38.8030984],[-82.2109315,38.8017964],[-82.2133512,38.7998747],[-82.2146647,38.7987523],[-82.216082,38.7971538],[-82.2170015,38.7960152],[-82.2193833,38.7921519],[-82.2197051,38.7915163],[-82.220639,38.789229],[-82.220934,38.788564],[-82.221566,38.787187],[-82.221684,38.786576],[-82.221713,38.785456],[-82.221566,38.781931],[-82.221518,38.77981],[-82.221241,38.777363],[-82.220871,38.774947],[-82.220489,38.773812],[-82.219644,38.772283],[-82.218481,38.770701],[-82.217367,38.769265],[-82.216967,38.768831],[-82.216614,38.76835],[-82.215398,38.767847],[-82.214349,38.76746],[-82.213132,38.76682],[-82.211563,38.765884],[-82.210491,38.765206],[-82.209955,38.764842],[-82.209178,38.764669],[-82.207894,38.764254],[-82.207141,38.763943],[-82.206251,38.763341],[-82.204813,38.762504],[-82.203395,38.761667],[-82.201537,38.760372],[-82.199999,38.759057],[-82.198882,38.757725],[-82.1975823,38.7558669],[-82.1963806,38.7536916],[-82.1955867,38.7519178],[-82.1951361,38.7505456],[-82.1949644,38.749575],[-82.1947713,38.7447888],[-82.1942134,38.740839],[-82.1939141,38.7404524],[-82.1935482,38.739952],[-82.1934849,38.7395653],[-82.1935922,38.7390465],[-82.1934409,38.7387636],[-82.1928841,38.7382598],[-82.191617,38.7373075],[-82.1912737,38.7372071],[-82.1911235,38.737341],[-82.1910806,38.7376255],[-82.1909529,38.7378749],[-82.1908344,38.7379084],[-82.1906622,38.7377343],[-82.1904154,38.7373326],[-82.1903296,38.7369978],[-82.1897824,38.7363367],[-82.1891285,38.7354814],[-82.1887846,38.7348219],[-82.1886028,38.7343432],[-82.1884735,38.7332988],[-82.1884198,38.732512],[-82.1881951,38.7312215],[-82.1881843,38.7294806],[-82.1882165,38.7287859],[-82.1882911,38.7283105],[-82.1884949,38.7271639],[-82.188452,38.7265612],[-82.1880878,38.7246763],[-82.1877868,38.7235563],[-82.1872611,38.7225184],[-82.1870144,38.7220413],[-82.1869715,38.7218739],[-82.186972,38.7217466],[-82.1870251,38.7216897],[-82.1872187,38.7216964],[-82.1874011,38.7217634],[-82.1875508,38.721899],[-82.1884097,38.7234207],[-82.1887739,38.7240083],[-82.1894182,38.7247432],[-82.1898682,38.7255484],[-82.1908344,38.7275472],[-82.1913064,38.7282503],[-82.1917672,38.7292396],[-82.1920462,38.7301351],[-82.192293,38.7310641],[-82.1923471,38.7315563],[-82.1924324,38.7318592],[-82.1927436,38.7326376],[-82.1929689,38.7336],[-82.1930982,38.7344269],[-82.1931196,38.7349291],[-82.1929801,38.7357492],[-82.1926363,38.7370648],[-82.192669,38.7373644],[-82.192905,38.7376322],[-82.193398,38.7381527],[-82.1936555,38.7383034],[-82.1938492,38.7383017],[-82.1939135,38.7381845],[-82.193913,38.7380021],[-82.1937413,38.7375083],[-82.1936346,38.7370129],[-82.1936024,38.7349039],[-82.1934844,38.733272],[-82.1933551,38.7327045],[-82.1930547,38.7318174],[-82.1929689,38.7310809],[-82.1926041,38.7290471],[-82.1924861,38.7286704],[-82.1920462,38.7280511],[-82.1916492,38.7274568],[-82.1910591,38.7264775],[-82.1903188,38.7250713],[-82.189268,38.7236132],[-82.1886666,38.7225937],[-82.187347,38.7207103],[-82.1866603,38.7197979],[-82.1862848,38.7189023],[-82.1856202,38.7173854],[-82.1850939,38.7166002],[-82.1846873,38.7159456],[-82.1844942,38.7152926],[-82.1841927,38.7139716],[-82.1839137,38.7122806],[-82.1838279,38.7114601],[-82.1837206,38.711276],[-82.1834631,38.711209],[-82.1832067,38.7111906],[-82.183034,38.7110918],[-82.1828408,38.7109243],[-82.1828408,38.7107234],[-82.1829052,38.7095681],[-82.1827979,38.7091662],[-82.1823484,38.707892],[-82.1823473,38.7073913],[-82.1824557,38.7069376],[-82.183785,38.7035065],[-82.1840639,38.7028367],[-82.184344,38.7017298],[-82.1845585,38.7010265],[-82.1848364,38.7004588],[-82.1852656,38.6991358],[-82.1855456,38.6982466],[-82.1857602,38.6971413],[-82.1858235,38.6967411],[-82.1860391,38.696304],[-82.187112,38.6947967],[-82.1880336,38.6933246],[-82.1892352,38.6907789],[-82.1897298,38.6893033],[-82.1908242,38.6854678],[-82.1910162,38.6845315],[-82.1913595,38.6827225],[-82.1913821,38.6822685],[-82.1911675,38.6817158],[-82.191146,38.6813305],[-82.1911675,38.6807442],[-82.1909733,38.6802769],[-82.1909304,38.6797409],[-82.1904809,38.6786671],[-82.1899433,38.6780992],[-82.1896215,38.6770439],[-82.1882493,38.6741776],[-82.1879692,38.6730904],[-82.1876055,38.6712459],[-82.1873051,38.6696041],[-82.186667,38.668583],[-82.186067,38.666783],[-82.185767,38.665383],[-82.185767,38.663783],[-82.185667,38.662783],[-82.185567,38.661683],[-82.185567,38.659583],[-82.185267,38.658983],[-82.184867,38.658283],[-82.1844,38.657629],[-82.1836348,38.6564197],[-82.1819611,38.6536046],[-82.1811886,38.6524818],[-82.1800514,38.650605],[-82.1793862,38.6492811],[-82.1789141,38.6480243],[-82.1783347,38.6457786],[-82.1777983,38.6440692],[-82.1766181,38.640734],[-82.1759529,38.6387395],[-82.1753736,38.6367282],[-82.1748586,38.6355549],[-82.1744509,38.6343649],[-82.1742578,38.6337615],[-82.173614,38.6323702],[-82.1732064,38.6311801],[-82.1727987,38.6286657],[-82.1725412,38.6276432],[-82.1721978,38.6255645],[-82.1720691,38.6242905],[-82.1722193,38.6227482],[-82.1722837,38.6207532],[-82.1722193,38.6201496],[-82.1720476,38.6194958],[-82.1720476,38.6189929],[-82.1727557,38.6160254],[-82.1729703,38.6153212],[-82.1730991,38.614835],[-82.173142,38.6142649],[-82.1732278,38.6128398],[-82.1733566,38.6122529],[-82.1736784,38.6116326],[-82.174408,38.6108445],[-82.1745582,38.6103415],[-82.1745796,38.6099726],[-82.1745153,38.6095534],[-82.1745796,38.6094193],[-82.1748801,38.6093522],[-82.1750732,38.6091678],[-82.1751375,38.6087989],[-82.175159,38.6076755],[-82.1753092,38.6072898],[-82.1756311,38.6068874],[-82.1764465,38.6059819],[-82.176704,38.6056298],[-82.1768542,38.605177],[-82.1769185,38.6047243],[-82.1770044,38.6043218],[-82.1772833,38.6039529],[-82.1810813,38.5999451],[-82.1820898,38.5993414],[-82.1829911,38.5988215],[-82.1839996,38.5981507],[-82.1862097,38.5969097],[-82.1867676,38.596524],[-82.1872611,38.5961551],[-82.1878619,38.5956016],[-82.1887632,38.5951656],[-82.1915741,38.5939581],[-82.1929474,38.5935724],[-82.1959944,38.5928344],[-82.1979685,38.5925661],[-82.2002859,38.5922139],[-82.2029467,38.5920462],[-82.2033115,38.5920462],[-82.2037406,38.5918449],[-82.2041483,38.5917946],[-82.2045989,38.5918785],[-82.2050495,38.5918449],[-82.206058,38.5916604],[-82.2073455,38.5916101],[-82.2114654,38.5915933],[-82.2123666,38.5916604],[-82.2129245,38.5916269],[-82.2139974,38.5914927],[-82.2146411,38.591543],[-82.2158427,38.5917275],[-82.2168083,38.5919455],[-82.217216,38.591912],[-82.2183318,38.5917946],[-82.2189833,38.5916182],[-82.2205838,38.5913443],[-82.2214647,38.5912914],[-82.22228,38.5914256],[-82.2230525,38.5916269],[-82.2237177,38.5918114],[-82.2243829,38.5922474],[-82.225091,38.592868],[-82.2257777,38.5931698],[-82.2265716,38.5933208],[-82.227859,38.5935053],[-82.2285671,38.5935891],[-82.2296186,38.5938407],[-82.2345968,38.5947799],[-82.2365494,38.5953501],[-82.2390385,38.5961551],[-82.2421713,38.5969936],[-82.2438665,38.5972116],[-82.2441347,38.5972284],[-82.244242,38.5971864],[-82.2442634,38.597111],[-82.2441669,38.5970355],[-82.2435875,38.5968594],[-82.2434588,38.596784],[-82.2435017,38.596742],[-82.2439952,38.5966917],[-82.2450252,38.5965827],[-82.2456689,38.5965995],[-82.2461624,38.5966833],[-82.2473855,38.597002],[-82.2477825,38.5971948],[-82.2479327,38.5973877],[-82.2479756,38.5975805],[-82.2478576,38.5976812],[-82.2475357,38.5977399],[-82.2469349,38.5977482],[-82.24598,38.5979663],[-82.2456904,38.5981172],[-82.2456904,38.5982346],[-82.2458406,38.59831],[-82.2462161,38.5983603],[-82.2470851,38.5984442],[-82.2486623,38.5986119],[-82.2496815,38.5986706],[-82.2510119,38.5987544],[-82.2524066,38.5988215],[-82.2533078,38.5988215],[-82.2540803,38.5986035],[-82.2549172,38.5986035],[-82.2560759,38.5986874],[-82.2577925,38.5987377],[-82.2585435,38.5986371],[-82.2615905,38.5982681],[-82.2621484,38.598201],[-82.2624488,38.5980501],[-82.2629638,38.5974799],[-82.2632213,38.5970607],[-82.2635217,38.59696],[-82.2637363,38.5970439],[-82.2644444,38.5974631],[-82.2648306,38.5974631],[-82.2649152,38.5974421],[-82.2674699,38.5968091],[-82.2683497,38.5964234],[-82.2697659,38.5959203],[-82.2709031,38.5955345],[-82.2722335,38.5947966],[-82.273006,38.5943271],[-82.27337,38.594183],[-82.27427,38.593683],[-82.27507,38.593083],[-82.27557,38.592583],[-82.2761592,38.5919321],[-82.27687,38.591383],[-82.278148,38.590005],[-82.27917,38.589183],[-82.27987,38.588183],[-82.27997,38.587783],[-82.28017,38.587583],[-82.28067,38.587283],[-82.28097,38.586983],[-82.28157,38.586683],[-82.28197,38.586283],[-82.28247,38.585983],[-82.282771,38.585683],[-82.284671,38.584483],[-82.2852798,38.5841153],[-82.2873365,38.5828238],[-82.2884598,38.582017],[-82.2902601,38.5803689],[-82.2917471,38.5787879],[-82.2922197,38.5780142],[-82.292739,38.577217],[-82.2932084,38.5763229],[-82.2934541,38.575599],[-82.293593,38.5749792],[-82.293585,38.5743828],[-82.2934991,38.5741337],[-82.2933715,38.5740062],[-82.2931966,38.5740209],[-82.2929428,38.5741819],[-82.2927267,38.574499],[-82.2925534,38.5751285],[-82.2921902,38.5754589],[-82.2920287,38.5755407],[-82.2918587,38.5755143],[-82.291804,38.575391],[-82.2918775,38.5751893],[-82.2924906,38.5745912],[-82.2926934,38.5742478],[-82.2929096,38.5736707],[-82.2930694,38.573453],[-82.2932003,38.5733838],[-82.2933387,38.5734098],[-82.293445,38.5735352],[-82.2935823,38.5736183],[-82.2937024,38.5735365],[-82.2937727,38.5733108],[-82.293871,38.572683],[-82.2939744,38.5721818],[-82.2939025,38.5709932],[-82.2938628,38.5700856],[-82.2939669,38.5689012],[-82.2940184,38.5669156],[-82.2938596,38.5663108],[-82.2938199,38.5653108],[-82.2937523,38.5645365],[-82.2935678,38.5602027],[-82.2933951,38.5594686],[-82.2934326,38.5589333],[-82.293409,38.5574509],[-82.2935249,38.5566144],[-82.2941968,38.5528296],[-82.2945506,38.5507069],[-82.2948756,38.5481393],[-82.2950001,38.5466273],[-82.2956224,38.541214],[-82.2958595,38.5387258],[-82.2960944,38.5378833],[-82.2963562,38.5366102],[-82.2981351,38.5327211],[-82.300271,38.529383],[-82.3012021,38.5271626],[-82.302871,38.523183],[-82.3033404,38.5211813],[-82.303491,38.519958],[-82.303971,38.517683],[-82.303971,38.517283],[-82.303371,38.505484],[-82.303271,38.505184],[-82.303271,38.504984],[-82.303171,38.504784],[-82.303171,38.504484],[-82.303071,38.504384],[-82.30353,38.500084],[-82.303663,38.499124],[-82.303967,38.497652],[-82.304223,38.496308],[-82.304735,38.494804],[-82.304927,38.49394],[-82.305087,38.493476],[-82.305567,38.492532],[-82.305983,38.491892],[-82.306303,38.491444],[-82.306351,38.490692],[-82.307007,38.489684],[-82.307839,38.4885],[-82.308479,38.487236],[-82.309071,38.486196],[-82.309567,38.485396],[-82.310191,38.48418],[-82.310639,38.483172],[-82.311071,38.481876],[-82.311375,38.48066],[-82.311551,38.479908],[-82.311695,38.478436],[-82.311839,38.476612],[-82.312175,38.476468],[-82.312511,38.476116],[-82.312639,38.47546],[-82.312831,38.474228],[-82.312927,38.473044],[-82.312927,38.472148],[-82.313087,38.471812],[-82.313359,38.47058],[-82.313935,38.468084],[-82.314783,38.465236],[-82.315055,38.464596],[-82.315615,38.46338],[-82.316335,38.461988],[-82.316639,38.46146],[-82.316991,38.460484],[-82.317327,38.459636],[-82.318111,38.457876],[-82.318495,38.457476],[-82.319295,38.455924],[-82.320223,38.454516],[-82.320767,38.453812],[-82.321535,38.452916],[-82.322399,38.451988],[-82.323039,38.451124],[-82.323551,38.450196],[-82.323999,38.449268],[-82.3248801,38.4483035],[-82.325674,38.4478162],[-82.3272404,38.4465222],[-82.3292789,38.4450433],[-82.3306307,38.4443542],[-82.3320899,38.4438669],[-82.334064,38.4431274],[-82.3359308,38.4423879],[-82.3368535,38.4420182],[-82.3374972,38.4418501],[-82.3382911,38.4417493],[-82.3407373,38.4410266],[-82.3424613,38.4407427],[-82.3440953,38.440541],[-82.3451735,38.4403208],[-82.3483278,38.4399334],[-82.3529188,38.4393921],[-82.3602852,38.4385896],[-82.3650596,38.4381106],[-82.3665938,38.437808],[-82.3678705,38.4374803],[-82.3693082,38.4372534],[-82.3723445,38.4365727],[-82.3728402,38.4364791],[-82.3742278,38.4362276],[-82.375606,38.4360348],[-82.376636,38.4357491],[-82.3779449,38.4356482],[-82.3789427,38.4354381],[-82.3809168,38.4353625],[-82.3813352,38.4352617],[-82.3818931,38.4350432],[-82.3823437,38.4350432],[-82.382966,38.4351272],[-82.3835239,38.4352785],[-82.3846504,38.4352785],[-82.3851547,38.4353625],[-82.3854122,38.4352953],[-82.385777,38.4350768],[-82.3862919,38.4350516],[-82.387161,38.4350179],[-82.3877511,38.4348247],[-82.388781,38.4344465],[-82.3893282,38.4344044],[-82.3895433,38.4344339],[-82.3897574,38.4344633],[-82.390562,38.4348162],[-82.3918495,38.4355138],[-82.3924181,38.4356819],[-82.3928365,38.4357155],[-82.393094,38.4355558],[-82.3933193,38.4357239],[-82.3935983,38.435892],[-82.394521,38.4361609],[-82.3953042,38.4364298],[-82.3959157,38.4367071],[-82.3963127,38.4367912],[-82.3969564,38.4370853],[-82.3990163,38.4377492],[-82.4001214,38.4382198],[-82.4018166,38.4388669],[-82.4025139,38.4391946],[-82.4030718,38.4393459],[-82.4036297,38.4393459],[-82.4047026,38.439119],[-82.4052391,38.4390602],[-82.4055395,38.4390938],[-82.4055824,38.4391988],[-82.4054322,38.4392703],[-82.405062,38.4393417],[-82.4049869,38.4394425],[-82.4051103,38.439556],[-82.4054858,38.439598],[-82.4065855,38.4396988],[-82.4068538,38.4396778],[-82.4071273,38.4395266],[-82.4074278,38.4395812],[-82.4086723,38.4393249],[-82.4097559,38.4390392],[-82.4108878,38.4385476],[-82.4128244,38.4377408],[-82.4141762,38.437203],[-82.4153671,38.4365811],[-82.4170086,38.4358331],[-82.4188218,38.4350516],[-82.4210748,38.4342952],[-82.4216756,38.4340095],[-82.422255,38.4338918],[-82.4233386,38.4337237],[-82.4244759,38.4333455],[-82.4251625,38.4330934],[-82.4268577,38.4324799],[-82.4296364,38.4316647],[-82.4311063,38.4312696],[-82.432414,38.4307798],[-82.4335739,38.4305132],[-82.4349674,38.4301688],[-82.4355875,38.4300881],[-82.4371979,38.4296451],[-82.4380605,38.4292115],[-82.4395604,38.4288047],[-82.4411247,38.4285542],[-82.4424315,38.4282869],[-82.4449688,38.4277146],[-82.4477186,38.4269094],[-82.4489578,38.4265219],[-82.4497099,38.4263883],[-82.4513407,38.4263883],[-82.4535905,38.4260176],[-82.4550765,38.4257159],[-82.4567513,38.4253452],[-82.4602424,38.4246694],[-82.4617702,38.4241878],[-82.4630997,38.4238481],[-82.4651704,38.4233186],[-82.4681744,38.4227638],[-82.4701271,38.4221922],[-82.4711356,38.4218224],[-82.4727342,38.4217888],[-82.4736676,38.4216207],[-82.4768755,38.4207801],[-82.4796006,38.4202673],[-82.4809525,38.419805],[-82.4839995,38.4189897],[-82.4853942,38.4182163],[-82.4857053,38.4181575],[-82.4863491,38.4181743],[-82.4871323,38.418065],[-82.4884519,38.4177119],[-82.4912951,38.4167621],[-82.492958,38.4159214],[-82.4945503,38.4154191],[-82.4946103,38.4154002],[-82.496284,38.4150304],[-82.4968955,38.414753],[-82.497904,38.4143158],[-82.4985585,38.4142402],[-82.4990842,38.4140804],[-82.4996743,38.413803],[-82.5012514,38.4130128],[-82.5025603,38.4125673],[-82.5058005,38.4115248],[-82.50828,38.411198],[-82.5178597,38.4080191],[-82.5205235,38.4074097],[-82.5242346,38.4063117],[-82.5283501,38.405476],[-82.5317857,38.4047739],[-82.5359163,38.4040592],[-82.5374505,38.4038658],[-82.5387809,38.4038154],[-82.540199,38.403666],[-82.5427055,38.4033647],[-82.5465636,38.4032622],[-82.5490151,38.4031419],[-82.5516898,38.4031554],[-82.5540157,38.4033758],[-82.5559082,38.4037104],[-82.5564865,38.4037096],[-82.5569577,38.4036002],[-82.5601782,38.4042289],[-82.560664,38.404338],[-82.5641845,38.4050867],[-82.5667604,38.4055046],[-82.569368,38.406258],[-82.5705993,38.4066941],[-82.572655,38.4073155],[-82.577176,38.40877],[-82.578052,38.4091955],[-82.5789614,38.4096372],[-82.579976,38.41013],[-82.5839961,38.4127341],[-82.5871636,38.4147859],[-82.588008,38.4154675],[-82.5888342,38.4161709],[-82.5901945,38.4175295],[-82.5927513,38.4208459],[-82.5934207,38.4218619],[-82.5957418,38.4181882],[-82.5958952,38.4178275],[-82.5960508,38.4167507],[-82.5964655,38.415942],[-82.5965926,38.4138346],[-82.5967611,38.4127165],[-82.5970196,38.4108636],[-82.5970068,38.4101802],[-82.5968217,38.4093306],[-82.5960471,38.4063616],[-82.595781,38.4052094],[-82.5950815,38.4025618],[-82.5948497,38.4012493],[-82.5946126,38.3999856],[-82.5945323,38.3996626],[-82.5944109,38.3991742],[-82.5944517,38.398462],[-82.5945879,38.3979348],[-82.5948379,38.3975354],[-82.5952885,38.397073],[-82.596499,38.3961485],[-82.5972133,38.3955384],[-82.5977444,38.3949902],[-82.5981757,38.3944739],[-82.5989352,38.3935914],[-82.599241,38.39317],[-82.599737,38.39037],[-82.599273,38.388738],[-82.595369,38.382722],[-82.595382,38.382712],[-82.5948196,38.3809044],[-82.593008,38.375082],[-82.593952,38.371847],[-82.5955264,38.3692196],[-82.5955287,38.3692159],[-82.596654,38.367338],[-82.597524,38.364843],[-82.5975932,38.3641187],[-82.598189,38.357885],[-82.5980952,38.3520858],[-82.5980386,38.348591],[-82.5979906,38.345624],[-82.597979,38.344909],[-82.596525,38.342849],[-82.5948064,38.3423358],[-82.592543,38.34166],[-82.591536,38.3411617],[-82.5901813,38.3404913],[-82.589724,38.340265],[-82.5891784,38.3397511],[-82.5881706,38.3388019],[-82.587951,38.338595],[-82.585363,38.334064],[-82.576936,38.328275],[-82.5758189,38.3257818],[-82.572691,38.318801],[-82.571877,38.315781],[-82.571964,38.313606],[-82.572893,38.311981],[-82.5772608,38.3067619],[-82.578352,38.305458],[-82.58146,38.300445],[-82.5826791,38.297683],[-82.583056,38.296829],[-82.582823,38.295478],[-82.579743,38.291726],[-82.57948,38.284928],[-82.578782,38.281747],[-82.57672,38.277513],[-82.5746,38.274721],[-82.574656,38.263873],[-82.5781171,38.2551538],[-82.578254,38.254809],[-82.5791809,38.2531821],[-82.5813977,38.249291],[-82.581796,38.248592],[-82.584001,38.246371],[-82.586104,38.245705],[-82.587319,38.245638],[-82.588789,38.245652],[-82.590006,38.245595],[-82.590447,38.245557],[-82.591261,38.245475],[-82.592134,38.245436],[-82.593603,38.245469],[-82.594509,38.245503],[-82.596026,38.245718],[-82.596893,38.245854],[-82.598423,38.246199],[-82.599612,38.246483],[-82.601,38.246724],[-82.60251,38.247145],[-82.603905,38.247639],[-82.604625,38.247662],[-82.604828,38.247579],[-82.605314,38.247368],[-82.605978,38.246924],[-82.606483,38.24648],[-82.606893,38.246008],[-82.607364,38.245616],[-82.608128,38.24483],[-82.608672,38.243968],[-82.608971,38.242786],[-82.609681,38.241222],[-82.610157,38.240272],[-82.610501,38.239466],[-82.611373,38.23798],[-82.612216,38.236297],[-82.612479,38.235293],[-82.612389,38.234329],[-82.611257,38.230236],[-82.610629,38.228282],[-82.610416,38.227466],[-82.609963,38.226495],[-82.60965,38.225668],[-82.609427,38.225124],[-82.609116,38.224265],[-82.608615,38.223499],[-82.60819,38.22319],[-82.607858,38.222808],[-82.607668,38.222518],[-82.606583,38.221807],[-82.605355,38.221143],[-82.604278,38.220695],[-82.600353,38.218949],[-82.598437,38.217393],[-82.5988456,38.201712],[-82.598864,38.201007],[-82.5990349,38.1996099],[-82.5992972,38.1974666],[-82.599326,38.197231],[-82.5998266,38.1962558],[-82.6005781,38.1947918],[-82.6016897,38.1926264],[-82.60425,38.187639],[-82.611343,38.171548],[-82.6132295,38.1703989],[-82.613487,38.170242],[-82.6145776,38.170019],[-82.6162441,38.1696782],[-82.619429,38.169027],[-82.625457,38.170491],[-82.6365227,38.170998],[-82.6385629,38.1710915],[-82.639054,38.171114],[-82.640319,38.1706154],[-82.642997,38.16956],[-82.644739,38.165487]]]}}]}